Census tract,Census tract code,Population (2020),Housing units (2020),Land area,County,Municipality,Longitude,Latitude,Atlas ID
Census Tract 111,34017011100,4715,1834,0.11,Hudson County,Bayonne City; Elizabeth City,-74.129638,40.666455,34017011100
Census Tract 7001.02,34005700102,2569,1114,0.54,Burlington County,Palmyra Borough,-75.021872,39.999132,34005700102
Census Tract 7312.06,34029731206,2415,1639,0.67,Ocean County,Berkeley Township,-74.249318,39.972752,34029731206
Census Tract 7004.02,34005700402,3352,1342,0.69,Burlington County,Maple Shade Township,-75.009296,39.957711,34005700402
Census Tract 7005.03,34005700503,3835,1417,1.74,Burlington County,Moorestown Township,-74.949707,39.973431,34005700503
Census Tract 7011.02,34005701102,5715,2222,4.15,Burlington County,Burlington Township,-74.826733,40.053802,34005701102
Census Tract 8001.01,34025800101,3461,2193,0.48,Monmouth County,Highlands Borough,-73.994392,40.409307,34025800101
Census Tract 7360.02,34029736002,1722,797,16.1,Ocean County,Eagleswood Township,-74.288984,39.652679,34029736002
Census Tract 7392,34029739200,1909,2827,1.56,Ocean County,Bay Head Borough; Brick Township; Mantoloking Borough,-74.049788,40.040429,34029739200
Census Tract 7280.02,34029728002,1083,1915,0.51,Ocean County,Berkeley Township; Seaside Park Borough,-74.082615,39.928507,34029728002
Census Tract 527.02,34035052702,3617,1310,3.63,Somerset County,Bernardsville Borough,-74.567958,40.732358,34035052702
Census Tract 543.01,34035054301,3457,1773,2.76,Somerset County,Franklin Township,-74.533933,40.521554,34035054301
Census Tract 526.05,34035052605,5935,1958,2.3,Somerset County,Bernards Township,-74.609941,40.655158,34035052605
Census Tract 1246.01,34031124601,4710,1649,0.62,Passaic County,Clifton City,-74.159466,40.88629,34031124601
Census Tract 543.02,34035054302,5803,2546,2.66,Somerset County,Franklin Township,-74.526039,40.513943,34035054302
Census Tract 8105.03,34025810503,4261,2450,2.36,Monmouth County,Freehold Township,-74.313514,40.24117,34025810503
Census Tract 8107,34025810700,2011,753,0.45,Monmouth County,Freehold Borough,-74.272486,40.267352,34025810700
Census Tract 8109,34025810900,2941,1029,0.57,Monmouth County,Freehold Borough,-74.281146,40.254156,34025810900
Census Tract 8090,34025809000,1697,1081,0.25,Monmouth County,Lake Como Borough,-74.025544,40.170826,34025809000
Census Tract 7380.01,34029738001,2198,6017,2.19,Ocean County,Long Beach Township,-74.22744,39.605649,34029738001
Census Tract 7380.02,34029738002,1292,3440,2.14,Ocean County,Beach Haven Borough; Long Beach Township,-74.25395,39.54717,34029738002
Census Tract 7320.03,34029732003,3813,1463,0.96,Ocean County,Lacey Township,-74.203844,39.849603,34029732003
Census Tract 7154.03,34029715403,3334,829,0.16,Ocean County,Lakewood Township,-74.219071,40.099117,34029715403
Census Tract 7361.07,34029736107,4867,2245,2.15,Ocean County,Little Egg Harbor Township,-74.359681,39.594801,34029736107
Census Tract 6.10,34023000610,5403,1789,1.04,Middlesex County,Piscataway Township,-74.422984,40.540399,34023000610
Census Tract 79.14,34023007914,3612,1348,1.18,Middlesex County,Old Bridge Township,-74.290032,40.391965,34023007914
Census Tract 8031,34025803100,3669,1538,0.89,Monmouth County,Matawan Borough,-74.233323,40.420553,34025803100
Census Tract 8041,34025804100,3174,2006,1.04,Monmouth County,Monmouth Beach Borough,-73.987966,40.336229,34025804100
Census Tract 381,34003038100,5837,2450,1.73,Bergen County,North Arlington Borough,-74.123695,40.785209,34003038100
Census Tract 383,34003038300,6145,2368,0.52,Bergen County,North Arlington Borough,-74.137084,40.794523,34003038300
Census Tract 8042,34025804200,6131,2323,2.71,Monmouth County,Little Silver Borough,-74.031665,40.336394,34025804200
Census Tract 8091,34025809100,2789,2107,1.33,Monmouth County,Spring Lake Borough,-74.026484,40.153083,34025809100
Census Tract 8092,34025809200,1866,1305,1.06,Monmouth County,Sea Girt Borough,-74.032929,40.129051,34025809200
Census Tract 7029.08,34005702908,4398,2124,2.28,Burlington County,Mount Laurel Township,-74.90061,39.931207,34005702908
Census Tract 7031.02,34005703102,2600,928,6.56,Burlington County,Lumberton Township,-74.82256,39.95129,34005703102
Census Tract 7036,34005703600,6776,2511,49.2,Burlington County,Tabernacle Township,-74.655054,39.814034,34005703600
Census Tract 7040.05,34005704005,3874,1749,1.12,Burlington County,Evesham Township,-74.944349,39.904383,34005704005
Census Tract 7012.03,34005701203,2142,1021,1.11,Burlington County,Burlington City,-74.84844,40.08635,34005701203
Census Tract 8034,34025803400,5344,1723,0.66,Monmouth County,Red Bank Borough,-74.076127,40.343632,34025803400
Census Tract 1242.01,34031124201,3787,1324,0.35,Passaic County,Clifton City,-74.172379,40.889653,34031124201
Census Tract 8089.01,34025808901,2426,1597,0.9,Monmouth County,Spring Lake Heights Borough,-74.044034,40.149004,34025808901
Census Tract 8085.02,34025808502,2939,1379,0.7,Monmouth County,Wall Township,-74.039414,40.168113,34025808502
Census Tract 381.04,34039038104,5214,1936,1.12,Union County,New Providence Borough,-74.397452,40.707016,34039038104
Census Tract 1811.02,34031181102,4093,1260,0.15,Passaic County,Paterson City,-74.152847,40.930887,34031181102
Census Tract 1830.02,34031183002,4009,1294,0.13,Passaic County,Paterson City,-74.160789,40.893037,34031183002
Census Tract 1827.02,34031182702,3010,935,0.1,Passaic County,Paterson City,-74.150545,40.905587,34031182702
Census Tract 8078,34025807800,4333,1583,1.36,Monmouth County,Neptune Township,-74.060832,40.218307,34025807800
Census Tract 8079,34025807900,4020,1751,1.83,Monmouth County,Neptune Township,-74.081512,40.221294,34025807900
Census Tract 538.06,34035053806,2467,862,4.55,Somerset County,Hillsborough Township,-74.640134,40.480269,34035053806
Census Tract 534.06,34035053406,6678,2592,3.85,Somerset County,Franklin Township,-74.530966,40.458243,34035053406
Census Tract 7201.07,34029720107,2532,1822,1.53,Ocean County,Manchester Township,-74.344645,39.938339,34029720107
Census Tract 7321.01,34029732101,6253,2723,3.3,Ocean County,Lacey Township,-74.151926,39.857435,34029732101
Census Tract 529.06,34035052906,2504,1535,0.57,Somerset County,Bedminster Township,-74.639482,40.650374,34035052906
Census Tract 7154.04,34029715404,3076,795,0.24,Ocean County,Lakewood Township,-74.230589,40.095342,34029715404
Census Tract 1635.02,34031163502,4250,1386,1.91,Passaic County,North Haledon Borough,-74.189993,40.962431,34031163502
Census Tract 8080.01,34025808001,4075,1861,1.01,Monmouth County,Neptune Township,-74.044953,40.193883,34025808001
Census Tract 7157.01,34029715701,12850,2470,1.48,Ocean County,Lakewood Township,-74.22888,40.067183,34029715701
Census Tract 7350.04,34029735004,6741,2435,1.28,Ocean County,Stafford Township,-74.282453,39.730632,34029735004
Census Tract 441,34003044100,6030,2073,2.68,Bergen County,Ramsey Borough,-74.157846,41.058734,34003044100
Census Tract 430.01,34003043001,4158,1543,1.39,Bergen County,Park Ridge Borough,-74.051768,41.038596,34003043001
Census Tract 1540.03,34031154003,3624,1561,1.05,Passaic County,Little Falls Township,-74.21457,40.873151,34031154003
Census Tract 529.05,34035052905,3493,1989,0.87,Somerset County,Bedminster Township,-74.636072,40.659187,34035052905
Census Tract 7340.05,34029734005,4156,2374,1.44,Ocean County,Barnegat Township,-74.269163,39.767818,34029734005
Census Tract 335.01,34039033501,4543,1940,0.68,Union County,Union Township,-74.247486,40.680677,34039033501
Census Tract 430.02,34003043002,4725,1892,1.22,Bergen County,Park Ridge Borough,-74.032959,41.031315,34003043002
Census Tract 7351.06,34029735106,2197,1890,5.75,Ocean County,Stafford Township,-74.255458,39.667104,34029735106
Census Tract 6092.04,34007609204,3966,1473,1.31,Camden County,Winslow Township,-74.963314,39.706906,34007609204
Census Tract 6015,34007601500,5447,2416,0.45,Camden County,Camden City,-75.098252,39.924075,34007601500
Census Tract 411,34003041100,5668,2203,0.47,Bergen County,Palisades Park Borough,-74.002046,40.850641,34003041100
Census Tract 73.06,34023007306,3463,1335,0.54,Middlesex County,Sayreville Borough,-74.278471,40.452771,34023007306
Census Tract 14.18,34023001418,5921,1926,0.68,Middlesex County,Edison Township,-74.341141,40.563042,34023001418
Census Tract 38.01,34023003801,6002,1961,0.5,Middlesex County,Carteret Borough,-74.238215,40.580349,34023003801
Census Tract 10.04,34023001004,2336,842,1.38,Middlesex County,South Plainfield Borough,-74.420342,40.55237,34023001004
Census Tract 8104.02,34025810402,7934,2657,4.84,Monmouth County,Freehold Township,-74.243298,40.268987,34025810402
Census Tract 1635.01,34031163501,4677,1755,1.55,Passaic County,North Haledon Borough,-74.176247,40.961519,34031163501
Census Tract 1242.02,34031124202,4334,1650,0.74,Passaic County,Clifton City,-74.177578,40.885135,34031124202
Census Tract 538.07,34035053807,6878,2063,5.17,Somerset County,Hillsborough Township,-74.598509,40.476483,34035053807
Census Tract 1432.02,34031143202,4332,1630,1.06,Passaic County,Hawthorne Borough,-74.160933,40.966061,34031143202
Census Tract 8096,34025809600,7071,2406,3.67,Monmouth County,Marlboro Township,-74.295246,40.339073,34025809600
Census Tract 8097.03,34025809703,4630,1826,1.86,Monmouth County,Marlboro Township,-74.278561,40.319085,34025809703
Census Tract 6012,34007601200,5691,1983,0.31,Camden County,Camden City,-75.07915,39.943682,34007601200
Census Tract 5015.01,34015501501,3312,1350,4.4,Gloucester County,Clayton Borough,-75.071453,39.668292,34015501501
Census Tract 7153.04,34029715304,4262,1101,0.27,Ocean County,Lakewood Township,-74.213176,40.092303,34029715304
Census Tract 6061,34007606100,2480,888,0.41,Camden County,Haddonfield Borough,-75.042357,39.896933,34007606100
Census Tract 6029.01,34007602901,4993,2240,1.96,Camden County,Pennsauken Township,-75.028189,39.967382,34007602901
Census Tract 6077.01,34007607701,6969,3071,1.29,Camden County,Lindenwold Borough,-74.963311,39.813242,34007607701
Census Tract 8100.04,34025810004,4064,1340,2.31,Monmouth County,Manalapan Township,-74.335857,40.299817,34025810004
Census Tract 1434.02,34031143402,3605,1332,0.58,Passaic County,Hawthorne Borough,-74.166009,40.950388,34031143402
Census Tract 514,34003051400,4989,1867,1.43,Bergen County,Rutherford Borough,-74.093335,40.80614,34003051400
Census Tract 8036.01,34025803601,2127,1312,0.35,Monmouth County,Red Bank Borough,-74.06691,40.354911,34025803601
Census Tract 8095.05,34025809505,4892,1654,2.95,Monmouth County,Marlboro Township,-74.267336,40.349933,34025809505
Census Tract 42.05,34021004205,4671,1817,3.66,Mercer County,Princeton,-74.641733,40.373723,34021004205
Census Tract 8028,34025802800,4806,2063,1.18,Monmouth County,Aberdeen Township,-74.215646,40.394403,34025802800
Census Tract 1756.04,34031175604,3241,1084,0.25,Passaic County,Passaic City,-74.141044,40.853748,34031175604
Census Tract 1803.02,34031180302,3451,1213,0.18,Passaic County,Paterson City,-74.18161,40.927133,34031180302
Census Tract 324.01,34039032401,4340,1534,0.31,Union County,Hillside Township,-74.231943,40.692674,34039032401
Census Tract 1803.01,34031180301,4094,1204,0.1,Passaic County,Paterson City,-74.182631,40.922782,34031180301
Census Tract 1756.03,34031175603,3955,1211,0.19,Passaic County,Passaic City,-74.138508,40.859343,34031175603
Census Tract 8114.02,34025811402,3771,1292,1.13,Monmouth County,Howell Township,-74.217829,40.14985,34025811402
Census Tract 8116,34025811600,1504,630,0.52,Monmouth County,Farmingdale Borough,-74.1709,40.197528,34025811600
Census Tract 543,34003054300,7216,2267,1.24,Bergen County,Teaneck Township,-74.01558,40.905575,34003054300
Census Tract 544,34003054400,7217,2643,0.84,Bergen County,Teaneck Township,-74.026086,40.892058,34003054400
Census Tract 8100.01,34025810001,6007,1921,2.77,Monmouth County,Manalapan Township,-74.341801,40.322451,34025810001
Census Tract 8075,34025807500,2988,1167,0.4,Monmouth County,Neptune Township,-74.028071,40.206305,34025807500
Census Tract 8076,34025807600,3435,1280,0.45,Monmouth County,Neptune Township,-74.02854,40.217829,34025807600
Census Tract 8077,34025807700,3821,1539,1.44,Monmouth County,Neptune Township,-74.041525,40.217262,34025807700
Census Tract 8120,34025812000,1734,724,0.6,Monmouth County,Allentown Borough,-74.587839,40.178659,34025812000
Census Tract 1540.05,34031154005,2553,1088,0.41,Passaic County,Little Falls Township,-74.232304,40.880212,34031154005
Census Tract 1434.01,34031143401,3203,1372,0.59,Passaic County,Hawthorne Borough,-74.156101,40.943397,34031143401
Census Tract 1825.02,34031182502,3014,1218,0.38,Passaic County,Paterson City,-74.135823,40.918765,34031182502
Census Tract 2366.03,34031236603,3069,1457,3.33,Passaic County,Wanaque Borough,-74.276646,41.039856,34031236603
Census Tract 1244.04,34031124404,4014,1617,0.29,Passaic County,Clifton City,-74.147641,40.855055,34031124404
Census Tract 8100.02,34025810002,3873,2252,1.12,Monmouth County,Manalapan Township,-74.317466,40.327566,34025810002
Census Tract 8100.03,34025810003,5447,1718,2.07,Monmouth County,Manalapan Township,-74.332547,40.312782,34025810003
Census Tract 8025,34025802500,3036,1184,0.91,Monmouth County,Aberdeen Township,-74.214947,40.455218,34025802500
Census Tract 8026,34025802600,5394,2282,1.17,Monmouth County,Aberdeen Township,-74.232105,40.434707,34025802600
Census Tract 512,34003051200,2665,977,0.33,Bergen County,Rutherford Borough,-74.116292,40.828376,34003051200
Census Tract 513,34003051300,4764,2058,0.42,Bergen County,Rutherford Borough,-74.105955,40.829858,34003051300
Census Tract 7155.03,34029715503,5627,950,1.35,Ocean County,Lakewood Township,-74.237058,40.081925,34029715503
Census Tract 7101.02,34029710102,2012,1501,0.61,Ocean County,Point Pleasant Beach Borough,-74.042579,40.084159,34029710102
Census Tract 7152.02,34029715202,6784,1614,0.41,Ocean County,Lakewood Township,-74.206034,40.089149,34029715202
Census Tract 1802.03,34031180203,3944,1032,0.1,Passaic County,Paterson City,-74.187682,40.920143,34031180203
Census Tract 1432.01,34031143201,2307,1041,0.44,Passaic County,Hawthorne Borough,-74.149318,40.967999,34031143201
Census Tract 44.08,34021004408,4637,1631,3.16,Mercer County,East Windsor Township,-74.53446,40.255084,34021004408
Census Tract 43.11,34021004311,6975,2954,1.72,Mercer County,Robbinsville Township,-74.630269,40.227029,34021004311
Census Tract 8035,34025803500,2722,1384,0.37,Monmouth County,Red Bank Borough,-74.061446,40.343162,34025803500
Census Tract 8039,34025803900,3831,1435,1.55,Monmouth County,Rumson Borough,-73.995395,40.372489,34025803900
Census Tract 8110,34025811000,3568,1298,0.46,Monmouth County,Freehold Borough,-74.281144,40.261425,34025811000
Census Tract 8114.01,34025811401,5639,1790,1.6,Monmouth County,Howell Township,-74.201631,40.152328,34025811401
Census Tract 7011.03,34005701103,6434,2195,3.72,Burlington County,Burlington Township,-74.823296,40.09605,34005701103
Census Tract 1433.02,34031143302,4213,1710,0.36,Passaic County,Hawthorne Borough,-74.148001,40.955704,34031143302
Census Tract 1433.01,34031143301,1977,861,0.29,Passaic County,Hawthorne Borough,-74.155455,40.961065,34031143301
Census Tract 542,34003054200,4931,1900,0.54,Bergen County,Teaneck Township,-74.003251,40.901973,34003054200
Census Tract 7220.03,34029722003,5782,2243,2.14,Ocean County,Toms River Township,-74.227722,40.023499,34029722003
Census Tract 7028.02,34005702802,3248,1163,0.65,Burlington County,Willingboro Township,-74.873275,40.035865,34005702802
Census Tract 1825.01,34031182501,5148,1632,0.21,Passaic County,Paterson City,-74.144227,40.918337,34031182501
Census Tract 1830.01,34031183001,3641,1154,0.2,Passaic County,Paterson City,-74.156846,40.895221,34031183001
Census Tract 1755.01,34031175501,4230,1124,0.13,Passaic County,Passaic City,-74.1364,40.865197,34031175501
Census Tract 1801.01,34031180101,4179,1282,0.32,Passaic County,Paterson City,-74.192594,40.914792,34031180101
Census Tract 337,34039033700,4811,1695,0.39,Union County,Roselle Park Borough,-74.255342,40.666866,34039033700
Census Tract 338,34039033800,5834,2384,0.51,Union County,Roselle Park Borough,-74.275337,40.66578,34039033800
Census Tract 340,34039034000,6009,2298,0.58,Union County,Roselle Borough,-74.276487,40.656694,34039034000
Census Tract 343,34039034300,4422,1801,0.59,Union County,Roselle Borough,-74.267361,40.645028,34039034300
Census Tract 3725,34037372500,3262,1404,8.52,Sussex County,Hardyston Township,-74.608829,41.131552,34037372500
Census Tract 3727,34037372700,3266,1539,1.15,Sussex County,Hamburg Borough,-74.574635,41.148794,34037372700
Census Tract 3723,34037372300,4112,1648,26.09,Sussex County,Branchville Borough; Frankford Township,-74.706052,41.166748,34037372300
Census Tract 203.01,34009020301,4537,2257,13.21,Cape May County,Upper Township,-74.662227,39.269064,34009020301
Census Tract 7157.02,34029715702,4127,1901,1.6,Ocean County,Lakewood Township,-74.244899,40.064431,34029715702
Census Tract 7280.04,34029728004,977,1060,0.32,Ocean County,Seaside Heights Borough,-74.081496,39.947311,34029728004
Census Tract 7280.01,34029728001,968,2168,0.47,Ocean County,Berkeley Township; Seaside Park Borough,-74.085839,39.913226,34029728001
Census Tract 7280.03,34029728003,1463,1810,0.3,Ocean County,Seaside Heights Borough,-74.070444,39.942475,34029728003
Census Tract 7012.01,34005701201,2948,1203,0.92,Burlington County,Burlington City,-74.853645,40.068426,34005701201
Census Tract 302.01,34003030201,4679,1841,0.27,Bergen County,Lodi Borough,-74.093415,40.873933,34003030201
Census Tract 372.04,34003037204,3314,1757,0.18,Bergen County,New Milford Borough,-74.020866,40.925838,34003037204
Census Tract 552.02,34003055202,4056,1366,0.68,Bergen County,Tenafly Borough,-73.972513,40.930321,34003055202
Census Tract 600.01,34003060001,3889,1603,0.47,Bergen County,Wood-Ridge Borough,-74.0833,40.845306,34003060001
Census Tract 451.02,34003045102,3996,1442,0.37,Bergen County,Ridgefield Borough,-73.99764,40.833697,34003045102
Census Tract 552.01,34003055201,4078,1404,0.72,Bergen County,Tenafly Borough,-73.974287,40.918562,34003055201
Census Tract 175.02,34003017502,3886,1361,0.44,Bergen County,Fair Lawn Borough,-74.098835,40.925222,34003017502
Census Tract 171.01,34003017101,5375,2014,0.8,Bergen County,Fair Lawn Borough,-74.112188,40.947042,34003017101
Census Tract 80.02,34003008002,4385,1571,0.64,Bergen County,Cresskill Borough,-73.970927,40.940642,34003008002
Census Tract 175.01,34003017501,4575,1538,0.66,Bergen County,Fair Lawn Borough,-74.114196,40.925903,34003017501
Census Tract 340.01,34003034001,2807,1292,0.66,Bergen County,Midland Park Borough,-74.147016,40.991678,34003034001
Census Tract 61.01,34003006101,4153,1909,0.14,Bergen County,Cliffside Park Borough,-73.98711,40.830221,34003006101
Census Tract 181.01,34003018101,5023,1734,0.13,Bergen County,Fairview Borough,-73.998093,40.812714,34003018101
Census Tract 546.01,34003054601,3419,1301,0.63,Bergen County,Teaneck Township,-74.011704,40.868092,34003054601
Census Tract 181.02,34003018102,2959,1007,0.1,Bergen County,Fairview Borough,-73.994753,40.819179,34003018102
Census Tract 233.04,34003023304,2207,1203,0.17,Bergen County,Hackensack City,-74.05577,40.895008,34003023304
Census Tract 233.03,34003023303,2817,1828,0.06,Bergen County,Hackensack City,-74.051355,40.893156,34003023303
Census Tract 130.03,34003013003,4231,2323,0.31,Bergen County,Edgewater Borough,-73.98102,40.811644,34003013003
Census Tract 304.02,34003030402,4287,1686,0.27,Bergen County,Lodi Borough,-74.078471,40.873585,34003030402
Census Tract 302.02,34003030202,3447,1379,0.28,Bergen County,Lodi Borough,-74.088485,40.883268,34003030202
Census Tract 340.02,34003034002,4207,1595,0.91,Bergen County,Midland Park Borough,-74.141403,40.998521,34003034002
Census Tract 6039.02,34007603902,3178,1766,0.51,Camden County,Haddon Township,-75.058544,39.90116,34007603902
Census Tract 6082.02,34007608202,4059,1540,1.31,Camden County,Gloucester Township,-75.034064,39.820023,34007608202
Census Tract 9900,34033990000,0,0,0,Salem County,,-75.496042,39.426999,34033990000
Census Tract 6043,34007604300,3887,1897,0.41,Camden County,Collingswood Borough,-75.066022,39.917695,34007604300
Census Tract 6051,34007605100,2393,957,0.52,Camden County,Gloucester City,-75.111321,39.893145,34007605100
Census Tract 43.13,34021004313,4390,1724,0.92,Mercer County,West Windsor Township,-74.643873,40.307064,34021004313
Census Tract 81.02,34023008102,3555,1332,0.81,Middlesex County,Spotswood Borough,-74.397598,40.399358,34023008102
Census Tract 86.04,34023008604,6106,2589,3.23,Middlesex County,Plainsboro Township,-74.58341,40.316849,34023008604
Census Tract 22,34023002200,3784,1526,0.65,Middlesex County,Metuchen Borough,-74.363679,40.53296,34023002200
Census Tract 23,34001002300,2758,1090,0.27,Atlantic County,Atlantic City,-74.438452,39.356171,34001002300
Census Tract 24,34001002400,2420,1432,0.61,Atlantic County,Atlantic City,-74.424512,39.358056,34001002400
Census Tract 7361.05,34029736105,3523,3197,2.59,Ocean County,Little Egg Harbor Township,-74.389456,39.551557,34029736105
Census Tract 7391,34029739100,1713,1328,54.44,Ocean County,Jackson Township; Manchester Township; Plumsted Township,-74.452763,39.966906,34029739100
Census Tract 7159.01,34029715901,4593,1508,0.49,Ocean County,Lakewood Township,-74.205472,40.044248,34029715901
Census Tract 7202.06,34029720206,6289,3539,3.42,Ocean County,Manchester Township,-74.279917,40.039489,34029720206
Census Tract 7220.01,34029722001,5583,2416,1.92,Ocean County,Toms River Township,-74.240605,40.046117,34029722001
Census Tract 10,34013001000,3936,1320,0.2,Essex County,Newark City,-74.182668,40.747817,34013001000
Census Tract 11,34013001100,4312,686,0.22,Essex County,Newark City,-74.180179,40.742937,34013001100
Census Tract 13,34013001300,2025,817,0.09,Essex County,Newark City,-74.193565,40.742752,34013001300
Census Tract 36.02,34021003602,3129,1369,0.67,Mercer County,Ewing Township,-74.786526,40.257173,34021003602
Census Tract 537.06,34035053706,4864,1668,4.76,Somerset County,Hillsborough Township,-74.655334,40.535551,34035053706
Census Tract 534.03,34035053403,4860,2184,0.82,Somerset County,Franklin Township,-74.547019,40.438664,34035053403
Census Tract 7202.03,34029720203,4512,2142,1.48,Ocean County,Manchester Township,-74.273735,40.003651,34029720203
Census Tract 361,34039036100,1423,706,0.18,Union County,Winfield Township,-74.288962,40.634321,34039036100
Census Tract 7132.01,34029713201,2356,1037,1.66,Ocean County,Brick Township,-74.106967,40.119436,34029713201
Census Tract 7370,34029737000,3577,2110,3.36,Ocean County,Tuckerton Borough,-74.32981,39.595898,34029737000
Census Tract 33.01,34021003301,7112,3116,4.61,Mercer County,Lawrence Township,-74.723812,40.30465,34021003301
Census Tract 35,34021003500,7331,3198,2.01,Mercer County,Ewing Township,-74.764547,40.259095,34021003500
Census Tract 36.01,34021003601,3350,1482,0.62,Mercer County,Ewing Township,-74.784421,40.249752,34021003601
Census Tract 7028.04,34005702804,2594,1021,0.47,Burlington County,Willingboro Township,-74.879109,40.021078,34005702804
Census Tract 8062.01,34025806201,4039,926,1.18,Monmouth County,West Long Branch Borough,-74.015519,40.282717,34025806201
Census Tract 8087.02,34025808702,4258,1710,6.77,Monmouth County,Wall Township,-74.126019,40.131207,34025808702
Census Tract 40.02,34003004002,5250,1829,0.43,Bergen County,Bogota Borough,-74.028317,40.87259,34003004002
Census Tract 192.04,34003019204,3847,1851,0.17,Bergen County,Fort Lee Borough,-73.97899,40.853798,34003019204
Census Tract 8105.01,34025810501,3879,1412,3.33,Monmouth County,Freehold Township,-74.258803,40.239187,34025810501
Census Tract 8125.01,34025812501,6172,2054,18.93,Monmouth County,Millstone Township,-74.396397,40.219569,34025812501
Census Tract 8111.01,34025811101,5724,2697,2.84,Monmouth County,Howell Township,-74.244373,40.224221,34025811101
Census Tract 8111.02,34025811102,7265,2761,18.9,Monmouth County,Howell Township,-74.190524,40.218539,34025811102
Census Tract 8122,34025812200,3823,1799,2.23,Monmouth County,Eatontown Borough; Oceanport Borough,-74.050368,40.30667,34025812200
Census Tract 8123,34025812300,5260,2053,2.26,Monmouth County,Shrewsbury Borough; Shrewsbury Township,-74.057571,40.32385,34025812300
Census Tract 8115.02,34025811502,3867,1363,12.49,Monmouth County,Howell Township,-74.157598,40.167528,34025811502
Census Tract 407.02,34011040702,3793,1419,3.13,Cumberland County,Vineland City,-74.983148,39.49121,34011040702
Census Tract 203.02,34011020302,4341,1116,0.3,Cumberland County,Bridgeton City,-75.22453,39.434404,34011020302
Census Tract 37.08,34021003708,5718,2789,3.66,Mercer County,Ewing Township,-74.823562,40.257572,34021003708
Census Tract 8010,34025801000,4192,1771,2.51,Monmouth County,Middletown Township,-74.092933,40.387151,34025801000
Census Tract 8021,34025802100,6213,2354,2.01,Monmouth County,Hazlet Township,-74.166814,40.43106,34025802100
Census Tract 8050.01,34025805001,5755,2894,0.97,Monmouth County,Eatontown Borough,-74.061765,40.299169,34025805001
Census Tract 8019,34025801900,3548,1566,0.52,Monmouth County,Keyport Borough,-74.195556,40.436066,34025801900
Census Tract 8097.01,34025809701,5495,1760,5.43,Monmouth County,Marlboro Township,-74.234854,40.308703,34025809701
Census Tract 8103,34025810300,2346,820,0.57,Monmouth County,Englishtown Borough,-74.362198,40.2968,34025810300
Census Tract 8051,34025805100,4284,1631,2.92,Monmouth County,Eatontown Borough,-74.053417,40.282127,34025805100
Census Tract 8094,34025809400,4982,2176,1.76,Monmouth County,Brielle Borough; Point Pleasant Beach Borough,-74.061575,40.104958,34025809400
Census Tract 8113.03,34025811303,4484,1480,1.72,Monmouth County,Howell Township,-74.242269,40.147066,34025811303
Census Tract 8080.02,34025808002,2332,974,1.26,Monmouth County,Neptune Township,-74.066882,40.202413,34025808002
Census Tract 8113.04,34025811304,3766,1309,2.49,Monmouth County,Howell Township,-74.232534,40.128969,34025811304
Census Tract 528,34035052800,2558,937,5.73,Somerset County,Peapack-Gladstone Borough,-74.658425,40.717914,34035052800
Census Tract 8063,34025806300,2435,1249,1.38,Monmouth County,Ocean Township,-74.007302,40.255893,34025806300
Census Tract 1.02,34023000102,4559,1785,1.14,Middlesex County,Middlesex Borough,-74.510551,40.567588,34023000102
Census Tract 85.06,34023008506,3974,1327,1.03,Middlesex County,South Brunswick Township,-74.530458,40.37913,34023008506
Census Tract 45.01,34023004501,4235,1322,0.19,Middlesex County,Perth Amboy City,-74.265999,40.520159,34023004501
Census Tract 8097.04,34025809704,6046,1964,3.14,Monmouth County,Marlboro Township,-74.262525,40.299134,34025809704
Census Tract 8104.01,34025810401,4138,1335,4.43,Monmouth County,Freehold Township,-74.284295,40.275911,34025810401
Census Tract 8056,34025805600,2508,917,0.24,Monmouth County,Long Branch City,-73.986862,40.308878,34025805600
Census Tract 1964.04,34031196404,3740,1509,0.72,Passaic County,Pompton Lakes Borough,-74.284162,41.004099,34031196404
Census Tract 7012.04,34005701204,2471,1216,0.3,Burlington County,Burlington City,-74.854122,40.07796,34005701204
Census Tract 7155.01,34029715501,4939,1264,0.81,Ocean County,Lakewood Township,-74.245825,40.095155,34029715501
Census Tract 7101.01,34029710101,2754,1896,0.81,Ocean County,Point Pleasant Beach Borough,-74.046405,40.095113,34029710101
Census Tract 490.01,34003049001,4624,1587,2.23,Bergen County,River Vale Township,-74.00929,41.027609,34003049001
Census Tract 7201.04,34029720104,3103,2497,0.87,Ocean County,Manchester Township,-74.366157,39.960036,34029720104
Census Tract 500,34003050000,5814,2227,0.99,Bergen County,Rochelle Park Township,-74.076371,40.905841,34003050000
Census Tract 7201.06,34029720106,2537,1760,1.58,Ocean County,Manchester Township,-74.319347,39.958332,34029720106
Census Tract 8115.01,34025811501,6476,2177,2.62,Monmouth County,Howell Township,-74.156879,40.113302,34025811501
Census Tract 105.05,34001010505,2986,1098,8.51,Atlantic County,Galloway Township,-74.437414,39.434733,34001010505
Census Tract 114.04,34001011404,9976,4084,13.89,Atlantic County,Hamilton Township,-74.673137,39.431633,34001011404
Census Tract 118.04,34001011804,7289,2862,11.91,Atlantic County,Egg Harbor Township,-74.638452,39.341613,34001011804
Census Tract 118.05,34001011805,2268,909,14.93,Atlantic County,Egg Harbor Township,-74.689108,39.368894,34001011805
Census Tract 5007.04,34015500704,3318,1542,1.29,Gloucester County,Mantua Township,-75.176373,39.783286,34015500704
Census Tract 8066,34025806600,5402,2137,1.99,Monmouth County,Ocean Township,-74.030302,40.238986,34025806600
Census Tract 8072,34025807200,2389,907,0.14,Monmouth County,Asbury Park City,-74.01724,40.217348,34025807200
Census Tract 8005,34025800500,4346,1648,1.78,Monmouth County,Middletown Township,-74.06996,40.449507,34025800500
Census Tract 8082.01,34025808201,2650,1689,0.37,Monmouth County,Bradley Beach Borough,-74.01715,40.201951,34025808201
Census Tract 1244.03,34031124403,3746,1147,0.85,Passaic County,Clifton City,-74.149869,40.844937,34031124403
Census Tract 7390,34029739000,2341,4406,1.46,Ocean County,Ship Bottom Borough; Surf City Borough,-74.17334,39.655176,34029739000
Census Tract 7312.03,34029731203,1867,1300,2.2,Ocean County,Berkeley Township,-74.297777,39.952076,34029731203
Census Tract 7340.02,34029734002,7243,3058,4.28,Ocean County,Barnegat Township,-74.215906,39.760762,34029734002
Census Tract 7180,34029718000,8072,3139,20.82,Ocean County,Plumsted Township,-74.499153,40.083006,34029718000
Census Tract 8054,34025805400,4309,2435,0.81,Monmouth County,Long Branch City,-73.981099,40.317826,34025805400
Census Tract 8084.02,34025808402,3749,2446,0.57,Monmouth County,Belmar Borough,-74.03094,40.178054,34025808402
Census Tract 7022.08,34005702208,6819,2586,17,Burlington County,Pemberton Township,-74.538219,39.928687,34005702208
Census Tract 8070.04,34025807004,2677,2249,0.22,Monmouth County,Asbury Park City,-74.002518,40.227602,34025807004
Census Tract 8071,34025807100,2389,1269,0.36,Monmouth County,Asbury Park City,-74.018837,40.225687,34025807100
Census Tract 8073,34025807300,3390,1131,0.21,Monmouth County,Asbury Park City,-74.021672,40.218192,34025807300
Census Tract 8060,34025806000,4342,2877,0.73,Monmouth County,Long Branch City,-73.986202,40.285709,34025806000
Census Tract 8061,34025806100,3466,1782,1.28,Monmouth County,Long Branch City,-73.991336,40.273154,34025806100
Census Tract 8065.03,34025806503,3997,1600,1.59,Monmouth County,Ocean Township,-74.064465,40.239557,34025806503
Census Tract 8065.04,34025806504,2770,1246,1.2,Monmouth County,Ocean Township,-74.044636,40.238854,34025806504
Census Tract 38.02,34023003802,3553,1409,0.16,Middlesex County,Carteret Borough,-74.222303,40.571622,34023003802
Census Tract 36.01,34023003601,8156,2864,0.51,Middlesex County,Carteret Borough,-74.220866,40.581049,34023003601
Census Tract 7350.03,34029735003,3327,1282,18.04,Ocean County,Stafford Township,-74.329036,39.728913,34029735003
Census Tract 8064,34025806400,5135,1953,2.12,Monmouth County,Ocean Township,-74.02723,40.263274,34025806400
Census Tract 8065.02,34025806502,3797,2033,1.34,Monmouth County,Ocean Township,-74.057078,40.255774,34025806502
Census Tract 8055,34025805500,4471,1806,0.62,Monmouth County,Long Branch City,-73.995597,40.312368,34025805500
Census Tract 7351.05,34029735105,2368,2818,0.8,Ocean County,Stafford Township,-74.223557,39.664265,34029735105
Census Tract 7029.07,34005702907,2979,1270,1.05,Burlington County,Mount Laurel Township,-74.918819,39.92492,34005702907
Census Tract 1540.04,34031154004,2855,423,0.55,Passaic County,Little Falls Township,-74.19951,40.867619,34031154004
Census Tract 1964.03,34031196403,3200,1481,1.18,Passaic County,Pompton Lakes Borough,-74.291403,41.011587,34031196403
Census Tract 8057,34025805700,3246,1140,0.39,Monmouth County,Long Branch City,-74.000335,40.302606,34025805700
Census Tract 8058,34025805800,3634,1910,0.49,Monmouth County,Long Branch City,-73.980538,40.299993,34025805800
Census Tract 8059,34025805900,5691,2077,0.56,Monmouth County,Long Branch City,-73.996948,40.295083,34025805900
Census Tract 203.02,34009020302,4950,2619,15.6,Cape May County,Upper Township,-74.693325,39.216032,34009020302
Census Tract 305,34039030500,5942,1886,0.36,Union County,Elizabeth City,-74.195261,40.647458,34039030500
Census Tract 7029.06,34005702906,2223,693,2.97,Burlington County,Mount Laurel Township,-74.962866,39.933021,34005702906
Census Tract 359,34039035900,4188,1879,0.3,Union County,Rahway City,-74.280352,40.605568,34039035900
Census Tract 360,34039036000,5444,2717,0.77,Union County,Rahway City,-74.264976,40.608153,34039036000
Census Tract 363.01,34039036301,5229,2333,1.4,Union County,Clark Township,-74.314631,40.626174,34039036301
Census Tract 363.02,34039036302,3879,1377,1.37,Union County,Clark Township,-74.321924,40.61297,34039036302
Census Tract 357,34039035700,5602,2175,0.68,Union County,Rahway City,-74.290664,40.604681,34039035700
Census Tract 7,34013000700,7108,2670,0.25,Essex County,Newark City,-74.191363,40.760499,34013000700
Census Tract 207,34013020700,4435,1499,0.95,Essex County,Livingston Township,-74.323532,40.784857,34013020700
Census Tract 334,34039033400,3818,1308,0.48,Union County,Union Township,-74.254241,40.683132,34039033400
Census Tract 336,34039033600,8427,3019,2.15,Union County,Kenilworth Borough,-74.290139,40.677813,34039033600
Census Tract 125,34013012500,4038,1743,0.16,Essex County,Irvington Township,-74.227022,40.732971,34013012500
Census Tract 208,34013020800,8292,2954,5.57,Essex County,Livingston Township,-74.348788,40.779382,34013020800
Census Tract 16,34013001600,1999,798,0.1,Essex County,Newark City,-74.191612,40.751448,34013001600
Census Tract 94,34013009400,6003,2546,0.24,Essex County,Newark City,-74.173295,40.76576,34013009400
Census Tract 22.02,34013002202,3846,1397,0.17,Essex County,Newark City,-74.239969,40.73566,34013002202
Census Tract 3,34013000300,3533,1695,0.13,Essex County,Newark City,-74.178312,40.777067,34013000300
Census Tract 15,34013001500,2084,728,0.09,Essex County,Newark City,-74.192057,40.745996,34013001500
Census Tract 172,34017017200,3229,1240,0.05,Hudson County,Union City,-74.034007,40.763921,34017017200
Census Tract 23,34017002300,2470,1322,0.06,Hudson County,Jersey City,-74.047373,40.723886,34017002300
Census Tract 10,34017001000,2118,847,0.05,Hudson County,Jersey City,-74.059155,40.745041,34017001000
Census Tract 159,34017015900,5966,2068,0.08,Hudson County,West New York Town,-74.016177,40.784384,34017015900
Census Tract 138,34017013800,4944,2680,0.29,Hudson County,Harrison Town,-74.15986,40.739824,34017013800
Census Tract 188,34017018800,3369,1871,0.06,Hudson County,Hoboken City,-74.031808,40.7421,34017018800
Census Tract 123,34017012300,2250,956,0.09,Hudson County,Kearny Town,-74.134464,40.77642,34017012300
Census Tract 62,34017006200,4047,1617,0.1,Hudson County,Jersey City,-74.094876,40.695671,34017006200
Census Tract 55,34017005500,3141,1181,0.08,Hudson County,Jersey City,-74.083325,40.704285,34017005500
Census Tract 372,34039037200,4274,2048,0.77,Union County,Cranford Township,-74.299665,40.655303,34039037200
Census Tract 5007.03,34015500703,1422,536,7.61,Gloucester County,Mantua Township,-75.161663,39.745067,34015500703
Census Tract 3717,34037371700,5033,1891,7.25,Sussex County,Vernon Township,-74.537647,41.196302,34037371700
Census Tract 3726,34037372600,4863,2443,23.46,Sussex County,Hardyston Township,-74.540033,41.126545,34037372600
Census Tract 3741,34037374100,3627,1291,16.03,Sussex County,Green Township,-74.786599,40.968462,34037374100
Census Tract 352,34003035200,6128,2235,3.38,Bergen County,Woodcliff Lake Borough,-74.062022,41.029799,34003035200
Census Tract 3714,34037371400,2990,1143,10.25,Sussex County,Vernon Township,-74.479435,41.228688,34037371400
Census Tract 3719,34037371900,1984,984,65.47,Sussex County,Sandyston Township; Walpack Township,-74.840712,41.174035,34037371900
Census Tract 3720,34037372000,2966,1288,15.22,Sussex County,Hampton Township,-74.795907,41.104799,34037372000
Census Tract 3728,34037372800,1630,709,1.81,Sussex County,Franklin Borough,-74.577331,41.111329,34037372800
Census Tract 3729,34037372900,3282,1468,2.55,Sussex County,Franklin Borough,-74.593663,41.11435,34037372900
Census Tract 6083.02,34007608302,4746,2171,1.13,Camden County,Gloucester Township,-75.078498,39.831456,34007608302
Census Tract 6084.01,34007608401,3994,1395,1.29,Camden County,Gloucester Township,-74.997086,39.769482,34007608401
Census Tract 1,34001000100,2334,950,0.66,Atlantic County,Atlantic City,-74.464609,39.356084,34001000100
Census Tract 12,34001001200,2834,1354,0.46,Atlantic County,Atlantic City,-74.439669,39.370958,34001001200
Census Tract 611,34003061100,4456,1632,1.91,Bergen County,Wyckoff Township,-74.159799,41.012509,34003061100
Census Tract 110,34001011000,2645,1011,6.61,Atlantic County,Hammonton Town,-74.80246,39.609577,34001011000
Census Tract 111,34001011100,3107,1178,4.55,Atlantic County,Hammonton Town,-74.828252,39.632569,34001011100
Census Tract 112.01,34001011201,1811,701,8.26,Atlantic County,Folsom Borough,-74.842335,39.592853,34001011201
Census Tract 3,34017000300,3948,1737,0.12,Hudson County,Jersey City,-74.042505,40.751122,34017000300
Census Tract 6,34017000600,5790,2416,0.12,Hudson County,Jersey City,-74.05343,40.745875,34017000600
Census Tract 22,34017002200,2036,1136,0.06,Hudson County,Jersey City,-74.05006,40.724812,34017002200
Census Tract 27,34017002700,5952,2086,0.42,Hudson County,Jersey City,-74.079276,40.731588,34017002700
Census Tract 171,34017017100,5359,1984,0.13,Hudson County,Union City,-74.039105,40.764706,34017017100
Census Tract 175,34017017500,4361,1508,0.05,Hudson County,Union City,-74.037534,40.758444,34017017500
Census Tract 192,34017019200,5108,2355,0.11,Hudson County,Hoboken City,-74.039688,40.738314,34017019200
Census Tract 2,34017000200,5391,2232,0.1,Hudson County,Jersey City,-74.046606,40.753627,34017000200
Census Tract 6041,34007604100,2902,999,0.22,Camden County,Woodlynne Borough,-75.096061,39.917253,34007604100
Census Tract 6042,34007604200,3183,1624,0.39,Camden County,Collingswood Borough,-75.079537,39.921246,34007604200
Census Tract 5012.13,34015501213,4620,1701,1.71,Gloucester County,Washington Township,-75.063303,39.718563,34015501213
Census Tract 5020.02,34015502002,7359,2601,12.22,Gloucester County,Harrison Township,-75.187492,39.720697,34015502002
Census Tract 403.01,34027040301,4455,2669,2.77,Morris County,Pequannock Township,-74.319212,40.969469,34027040301
Census Tract 109,34001010900,5868,2371,22.24,Atlantic County,Hammonton Town,-74.736825,39.670221,34001010900
Census Tract 6044,34007604400,3255,1389,0.66,Camden County,Collingswood Borough,-75.072014,39.913189,34007604400
Census Tract 454.04,34027045404,2474,1195,0.99,Morris County,Mount Arlington Borough,-74.640132,40.929807,34027045404
Census Tract 234.01,34003023401,3635,1833,0.17,Bergen County,Hackensack City,-74.05985,40.887941,34003023401
Census Tract 128.01,34001012801,3706,1975,0.98,Atlantic County,Somers Point City,-74.586775,39.322698,34001012801
Census Tract 1810,34031181000,5415,1708,0.32,Passaic County,Paterson City,-74.147181,40.936591,34031181000
Census Tract 14,34001001400,3887,1782,0.76,Atlantic County,Atlantic City,-74.429126,39.377702,34001001400
Census Tract 2,34001000200,2897,1938,0.2,Atlantic County,Atlantic City,-74.459891,39.343956,34001000200
Census Tract 3,34001000300,4027,1665,0.14,Atlantic County,Atlantic City,-74.452765,39.354342,34001000300
Census Tract 4,34001000400,3243,2636,0.26,Atlantic County,Atlantic City,-74.448752,39.347492,34001000400
Census Tract 113,34001011300,4501,1923,7.57,Atlantic County,Buena Borough,-74.942858,39.532197,34001011300
Census Tract 125.01,34001012501,2290,977,0.66,Atlantic County,Linwood City,-74.572082,39.356093,34001012501
Census Tract 6053,34007605300,1815,820,0.49,Camden County,Brooklawn Borough,-75.120148,39.878496,34007605300
Census Tract 6054,34007605400,2666,1158,0.51,Camden County,Mount Ephraim Borough,-75.095624,39.879626,34007605400
Census Tract 6092.02,34007609202,4847,1874,1.34,Camden County,Winslow Township,-74.970639,39.719059,34007609202
Census Tract 6047,34007604700,1839,797,0.32,Camden County,Oaklyn Borough,-75.085005,39.900193,34007604700
Census Tract 103.01,34011010301,3087,1206,36.92,Cumberland County,Lawrence Township,-75.193106,39.337718,34011010301
Census Tract 32.01,34023003201,3438,1233,0.5,Middlesex County,Woodbridge Township,-74.311093,40.534888,34023003201
Census Tract 46,34023004600,6347,2057,0.28,Middlesex County,Perth Amboy City,-74.264143,40.512384,34023004600
Census Tract 73.03,34023007303,1922,644,0.38,Middlesex County,Sayreville Borough,-74.299124,40.464209,34023007303
Census Tract 18.04,34023001804,4112,1579,0.81,Middlesex County,Edison Township,-74.384548,40.50599,34023001804
Census Tract 81.01,34023008101,4608,1965,1.49,Middlesex County,Spotswood Borough,-74.385675,40.393991,34023008101
Census Tract 8,34021000800,2808,1001,0.19,Mercer County,Trenton City,-74.75316,40.209966,34021000800
Census Tract 9,34021000900,3942,2163,0.52,Mercer County,Trenton City,-74.760934,40.219356,34021000900
Census Tract 67.01,34023006701,4074,1446,1.34,Middlesex County,East Brunswick Township,-74.382815,40.420737,34023006701
Census Tract 67.03,34023006703,5979,1968,1.36,Middlesex County,East Brunswick Township,-74.3699,40.427362,34023006703
Census Tract 14.01,34021001401,3884,1846,0.36,Mercer County,Trenton City,-74.77409,40.236059,34021001401
Census Tract 15,34021001500,2708,1225,0.24,Mercer County,Trenton City,-74.768867,40.227342,34021001500
Census Tract 456.03,34027045603,5142,2294,1.35,Morris County,Randolph Township,-74.562201,40.866509,34027045603
Census Tract 459.01,34027045901,1681,660,1.59,Morris County,Chester Borough,-74.692352,40.786237,34027045901
Census Tract 1245,34031124500,6867,2681,0.66,Passaic County,Clifton City,-74.149793,40.865144,34031124500
Census Tract 1250,34031125000,6628,2146,0.33,Passaic County,Clifton City,-74.132216,40.878981,34031125000
Census Tract 1251,34031125100,4015,1371,0.16,Passaic County,Clifton City,-74.123717,40.876632,34031125100
Census Tract 2366.01,34031236601,4493,1662,1.59,Passaic County,Wanaque Borough,-74.297127,41.027977,34031236601
Census Tract 20,34013002000,4551,1985,0.16,Essex County,Newark City,-74.23228,40.747662,34013002000
Census Tract 26,34013002600,2249,855,0.08,Essex County,Newark City,-74.208639,40.739877,34013002600
Census Tract 8024,34025802400,5626,1981,1.45,Monmouth County,Hazlet Township,-74.194744,40.414557,34025802400
Census Tract 22.04,34013002204,1963,723,0.14,Essex County,Newark City,-74.244066,40.737699,34013002204
Census Tract 22.03,34013002203,5730,2381,0.06,Essex County,Newark City,-74.248938,40.73717,34013002203
Census Tract 77.02,34017007702,1289,846,0.08,Hudson County,Jersey City,-74.03674,40.731844,34017007702
Census Tract 144.02,34017014402,3657,1166,0.15,Hudson County,North Bergen Township,-74.015082,40.804115,34017014402
Census Tract 150.03,34017015003,2700,959,0.04,Hudson County,Guttenberg Town,-74.007521,40.794077,34017015003
Census Tract 41.04,34017004104,4593,1914,0.08,Hudson County,Jersey City,-74.07521,40.722998,34017004104
Census Tract 322,34039032200,5984,2145,0.4,Union County,Hillside Township,-74.223376,40.702637,34039032200
Census Tract 326,34039032600,5121,1905,0.57,Union County,Union Township,-74.252883,40.704847,34039032600
Census Tract 16,34021001600,1225,595,0.12,Mercer County,Trenton City,-74.761644,40.226704,34021001600
Census Tract 17,34021001700,3524,1716,0.38,Mercer County,Trenton City,-74.756636,40.233661,34021001700
Census Tract 10,34021001000,2999,1347,0.34,Mercer County,Trenton City,-74.7627,40.210631,34021001000
Census Tract 12,34021001200,3819,1723,0.52,Mercer County,Trenton City,-74.799771,40.234859,34021001200
Census Tract 309,34041030900,3012,1340,0.7,Warren County,Phillipsburg Town,-75.173665,40.677145,34041030900
Census Tract 308,34041030800,3067,1304,1.08,Warren County,Phillipsburg Town,-75.174582,40.686875,34041030800
Census Tract 18,34021001800,5193,1588,0.45,Mercer County,Trenton City,-74.745672,40.23916,34021001800
Census Tract 8070.05,34025807005,2422,1388,0.24,Monmouth County,Asbury Park City,-74.009343,40.218974,34025807005
Census Tract 8074.02,34025807402,1879,1661,0.17,Monmouth County,Neptune Township,-74.011596,40.210827,34025807402
Census Tract 193.05,34003019305,6995,3991,0.3,Bergen County,Fort Lee Borough,-73.975077,40.842441,34003019305
Census Tract 322.02,34003032202,5071,2102,1.51,Bergen County,Mahwah Township,-74.143118,41.09735,34003032202
Census Tract 7006.05,34005700605,5005,1773,0.98,Burlington County,Delran Township,-74.958699,40.003186,34005700605
Census Tract 7007.02,34005700702,2458,972,0.34,Burlington County,Riverside Township,-74.952757,40.033514,34005700702
Census Tract 6070,34007607000,4745,2047,1.01,Camden County,Bellmawr Borough,-75.109812,39.86716,34007607000
Census Tract 3712,34037371200,2024,1013,0.59,Sussex County,Sussex Borough,-74.607891,41.209382,34037371200
Census Tract 7026.03,34005702603,2599,973,0.36,Burlington County,Mount Holly Township,-74.785489,39.994486,34005702603
Census Tract 8101.02,34025810102,4197,1504,2.81,Monmouth County,Manalapan Township,-74.310055,40.294428,34025810102
Census Tract 209.01,34009020901,796,3207,1.42,Cape May County,Stone Harbor Borough,-74.767232,39.041902,34009020901
Census Tract 160,34017016000,3794,1437,0.09,Hudson County,West New York Town,-74.020889,40.785914,34017016000
Census Tract 163,34017016300,4503,1747,0.06,Hudson County,Union City,-74.021696,40.777605,34017016300
Census Tract 164,34017016400,3784,1485,0.08,Hudson County,Union City,-74.023757,40.774975,34017016400
Census Tract 202,34013020200,5125,1750,0.85,Essex County,Millburn Township,-74.295545,40.724888,34013020200
Census Tract 324,34041032400,2328,1047,1.68,Warren County,Alpha Borough,-75.160697,40.657717,34041032400
Census Tract 6082.06,34007608206,3534,1336,1.07,Camden County,Gloucester Township,-75.057207,39.84285,34007608206
Census Tract 195,34013019500,4163,1394,0.59,Essex County,Maplewood Township,-74.265395,40.73055,34013019500
Census Tract 197,34013019700,6509,2355,0.47,Essex County,Maplewood Township,-74.261756,40.718594,34013019700
Census Tract 198,34013019800,2821,938,0.33,Essex County,Maplewood Township,-74.269793,40.722315,34013019800
Census Tract 199,34013019900,2727,957,0.66,Essex County,Maplewood Township,-74.279666,40.730718,34013019900
Census Tract 204,34013020400,5181,1757,2.48,Essex County,Livingston Township,-74.332406,40.806772,34013020400
Census Tract 209.01,34013020901,2244,806,1.41,Essex County,Essex Fells Borough,-74.280502,40.824639,34013020901
Census Tract 165,34017016500,4682,1909,0.08,Hudson County,Union City,-74.025484,40.770758,34017016500
Census Tract 167,34017016700,1773,672,0.06,Hudson County,Union City,-74.033306,40.77271,34017016700
Census Tract 169,34017016900,3364,1339,0.06,Hudson County,Union City,-74.03206,40.766964,34017016900
Census Tract 521,34003052100,7873,2866,1.5,Bergen County,Saddle Brook Township,-74.099724,40.910588,34003052100
Census Tract 3730,34037373000,2258,927,2.2,Sussex County,Ogdensburg Borough,-74.594743,41.077599,34037373000
Census Tract 3748,34037374800,4285,1715,2.14,Sussex County,Hopatcong Borough,-74.67145,40.923137,34037374800
Census Tract 3744,34037374400,2363,900,7.45,Sussex County,Byram Township,-74.691789,40.982473,34037374400
Census Tract 3716,34037371600,3084,1949,9.83,Sussex County,Vernon Township,-74.51978,41.164803,34037371600
Census Tract 3745,34037374500,1875,978,6.6,Sussex County,Hopatcong Borough,-74.656031,40.965282,34037374500
Census Tract 85.05,34023008505,5246,1773,1.99,Middlesex County,South Brunswick Township,-74.51988,40.382295,34023008505
Census Tract 215,34009021500,2170,2191,0.51,Cape May County,Wildwood City,-74.825681,38.989101,34009021500
Census Tract 3746,34037374600,3526,1507,1.84,Sussex County,Stanhope Borough,-74.701419,40.912359,34037374600
Census Tract 3747,34037374700,4082,1954,1.44,Sussex County,Hopatcong Borough,-74.647313,40.945413,34037374700
Census Tract 205.02,34011020502,3913,0,0.14,Cumberland County,Bridgeton City,-75.207747,39.414247,34011020502
Census Tract 6091.03,34007609103,5663,2483,8.21,Camden County,Winslow Township,-74.907387,39.750066,34007609103
Census Tract 5016.09,34015501609,6044,1981,8.16,Gloucester County,Monroe Township,-75.04009,39.683577,34015501609
Census Tract 6092.01,34007609201,4520,1813,1.75,Camden County,Winslow Township,-74.995137,39.721102,34007609201
Census Tract 5020.01,34015502001,6282,1993,6.72,Gloucester County,Harrison Township,-75.249953,39.736196,34015502001
Census Tract 9.02,34023000902,4618,1710,1,Middlesex County,South Plainfield Borough,-74.400645,40.590046,34023000902
Census Tract 191.02,34003019102,3022,1553,0.32,Bergen County,Fort Lee Borough,-73.957096,40.85828,34003019102
Census Tract 84.03,34023008403,7969,2787,3.23,Middlesex County,South Brunswick Township,-74.574207,40.402055,34023008403
Census Tract 127.02,34001012702,1719,905,0.99,Atlantic County,Egg Harbor Township; Somers Point City,-74.621329,39.31098,34001012702
Census Tract 5012.12,34015501212,3916,1435,1.08,Gloucester County,Washington Township,-75.071726,39.729969,34015501212
Census Tract 220,34009022000,2768,4157,2.41,Cape May County,Cape May City,-74.899619,38.93816,34009022000
Census Tract 5012.01,34015501201,6009,2000,2.79,Gloucester County,Washington Township,-75.069245,39.770402,34015501201
Census Tract 5017.03,34015501703,4534,1761,12.38,Gloucester County,Franklin Township,-75.036113,39.557084,34015501703
Census Tract 403.02,34027040302,3995,1405,1.2,Morris County,Pequannock Township,-74.304041,40.958528,34027040302
Census Tract 6052,34007605200,2732,1085,0.69,Camden County,Gloucester City,-75.10852,39.884934,34007605200
Census Tract 103.02,34011010302,1399,870,48.4,Cumberland County,Downe Township,-75.140732,39.264387,34011010302
Census Tract 6115,34007611500,4749,1839,13.21,Camden County,Winslow Township,-74.849786,39.690133,34007611500
Census Tract 6084.02,34007608402,4021,1454,1.67,Camden County,Gloucester Township,-74.981398,39.761086,34007608402
Census Tract 117.02,34001011702,3660,1416,11.8,Atlantic County,Egg Harbor Township,-74.555305,39.432206,34001011702
Census Tract 303,34003030300,4658,1793,0.41,Bergen County,Lodi Borough,-74.086725,40.876803,34003030300
Census Tract 227,34013022700,3437,1462,0.19,Essex County,Newark City,-74.188247,40.721827,34013022700
Census Tract 129,34013012900,3652,1353,0.19,Essex County,Irvington Township,-74.228042,40.723019,34013012900
Census Tract 143,34013014300,5658,2019,0.32,Essex County,Belleville Township,-74.150879,40.800057,34013014300
Census Tract 156,34013015600,4632,2097,0.38,Essex County,Bloomfield Township,-74.202839,40.788749,34013015600
Census Tract 48.01,34013004801,2593,1096,0.06,Essex County,Newark City,-74.202031,40.710632,34013004801
Census Tract 174,34013017400,5606,2076,2.76,Essex County,West Orange Township,-74.257428,40.801436,34013017400
Census Tract 216.01,34013021601,7872,2826,10.13,Essex County,Fairfield Township,-74.299674,40.877263,34013021601
Census Tract 6082.05,34007608205,3929,1406,1.04,Camden County,Gloucester Township,-75.044256,39.836146,34007608205
Census Tract 6084.03,34007608403,7473,2420,2.46,Camden County,Gloucester Township,-75.009001,39.746096,34007608403
Census Tract 6084.04,34007608404,6402,2527,2.64,Camden County,Gloucester Township,-75.025273,39.764108,34007608404
Census Tract 39.04,34021003904,6122,2471,6.2,Mercer County,Hopewell Township,-74.77195,40.315097,34021003904
Census Tract 436.02,34027043602,2464,1151,0.43,Morris County,Morristown Town,-74.463261,40.794353,34027043602
Census Tract 95,34013009500,6248,2518,0.23,Essex County,Newark City,-74.168324,40.773369,34013009500
Census Tract 5,34013000500,1936,646,0.08,Essex County,Newark City,-74.184153,40.768765,34013000500
Census Tract 181,34013018100,2235,847,0.22,Essex County,City of Orange Township,-74.222852,40.785164,34013018100
Census Tract 69,34013006900,4627,1730,0.14,Essex County,Newark City,-74.164409,40.722808,34013006900
Census Tract 77,34013007700,2662,1119,0.08,Essex County,Newark City,-74.160183,40.72844,34013007700
Census Tract 189,34013018900,4292,1661,0.21,Essex County,City of Orange Township,-74.247045,40.763508,34013018900
Census Tract 408.01,34027040801,5164,1828,8.52,Morris County,Montville Township,-74.366031,40.936372,34027040801
Census Tract 409,34027040900,4380,1583,8.13,Morris County,Boonton Township,-74.428499,40.930338,34027040900
Census Tract 5014.06,34015501406,4305,1957,1.22,Gloucester County,Glassboro Borough,-75.115192,39.714062,34015501406
Census Tract 5014.05,34015501405,3792,1440,1.18,Gloucester County,Glassboro Borough,-75.10723,39.722952,34015501405
Census Tract 410,34027041000,5193,2108,1.56,Morris County,Boonton Town,-74.397674,40.904846,34027041000
Census Tract 201,34003020100,4329,1707,3.81,Bergen County,Franklin Lakes Borough,-74.194818,41.024947,34003020100
Census Tract 7134.02,34029713402,3849,1778,1.92,Ocean County,Brick Township,-74.145655,40.068587,34029713402
Census Tract 541.01,34003054101,4247,1375,0.6,Bergen County,Teaneck Township,-73.994665,40.90156,34003054101
Census Tract 10.01,34003001001,3363,1174,1.53,Bergen County,Allendale Borough,-74.124487,41.034319,34003001001
Census Tract 173.01,34003017301,3280,1130,0.4,Bergen County,Fair Lawn Borough,-74.136722,40.929064,34003017301
Census Tract 80.01,34003008001,4770,1586,1.42,Bergen County,Cresskill Borough,-73.950241,40.939874,34003008001
Census Tract 89,34013008900,2271,888,0.05,Essex County,Newark City,-74.17511,40.75564,34013008900
Census Tract 218.01,34013021801,2647,903,1.34,Essex County,West Caldwell Township,-74.309738,40.838119,34013021801
Census Tract 411,34027041100,3622,1447,0.79,Morris County,Boonton Town,-74.418274,40.907631,34027041100
Census Tract 174,34003017400,5861,1998,0.94,Bergen County,Fair Lawn Borough,-74.107351,40.936337,34003017400
Census Tract 182,34003018200,7043,2550,0.62,Bergen County,Fairview Borough,-74.003935,40.81884,34003018200
Census Tract 22,34003002200,5168,1781,2.27,Bergen County,Northvale Borough; Rockleigh Borough,-73.940731,41.008005,34003002200
Census Tract 24.01,34023002401,5607,1956,1.06,Middlesex County,Woodbridge Township,-74.310602,40.599068,34023002401
Census Tract 24.02,34023002402,1528,538,1,Middlesex County,Woodbridge Township,-74.314678,40.586153,34023002402
Census Tract 26.03,34023002603,5453,2156,0.73,Middlesex County,Woodbridge Township,-74.315739,40.566315,34023002603
Census Tract 23,34003002300,5641,2032,2.79,Bergen County,Norwood Borough,-73.948986,40.993781,34003002300
Census Tract 31,34003003100,5337,1800,0.48,Bergen County,Bergenfield Borough,-73.986401,40.930244,34003003100
Census Tract 32,34003003200,4829,1853,0.48,Bergen County,Bergenfield Borough,-73.996158,40.924219,34003003200
Census Tract 21.01,34023002101,2416,888,0.48,Middlesex County,Metuchen Borough,-74.359442,40.547492,34023002101
Census Tract 19.01,34023001901,5071,2164,1.1,Middlesex County,Edison Township,-74.3378,40.545914,34023001901
Census Tract 19.02,34023001902,2359,934,0.33,Middlesex County,Edison Township,-74.324694,40.532269,34023001902
Census Tract 19.03,34023001903,3681,1558,0.48,Middlesex County,Edison Township,-74.338752,40.535377,34023001903
Census Tract 20,34023002000,4842,2033,1.01,Middlesex County,Metuchen Borough,-74.371303,40.54338,34023002000
Census Tract 41,34023004100,3047,996,0.21,Middlesex County,Perth Amboy City,-74.285135,40.524532,34023004100
Census Tract 84.04,34023008404,4274,1563,1.51,Middlesex County,South Brunswick Township,-74.561125,40.412956,34023008404
Census Tract 613,34003061300,3642,1161,1.56,Bergen County,Wyckoff Township,-74.180957,40.990121,34003061300
Census Tract 1801.02,34031180102,3843,1133,0.26,Passaic County,Paterson City,-74.201322,40.918478,34031180102
Census Tract 1755.02,34031175502,3396,985,0.11,Passaic County,Passaic City,-74.13848,40.866811,34031175502
Census Tract 1827.01,34031182701,3624,1091,0.1,Passaic County,Paterson City,-74.153746,40.90815,34031182701
Census Tract 541.02,34003054102,4033,1305,0.57,Bergen County,Teaneck Township,-73.998595,40.887608,34003054102
Census Tract 600.02,34003060002,6335,2483,0.72,Bergen County,South Hackensack Township; Wood-Ridge Borough,-74.091774,40.855385,34003060002
Census Tract 154.01,34003015401,4819,1886,0.45,Bergen County,Englewood City,-73.975636,40.89567,34003015401
Census Tract 232.02,34003023202,3257,1492,0.28,Bergen County,Hackensack City,-74.042458,40.905697,34003023202
Census Tract 546.02,34003054602,5304,1986,0.93,Bergen County,Teaneck Township,-74.007859,40.87552,34003054602
Census Tract 7031.04,34005703104,5224,1870,2.38,Burlington County,Lumberton Township,-74.797775,39.974671,34005703104
Census Tract 451.01,34003045101,4516,1641,0.33,Bergen County,Ridgefield Borough,-74.004214,40.828915,34003045101
Census Tract 532.02,34003053202,3583,1166,2.45,Bergen County,Upper Saddle River Borough,-74.098825,41.072679,34003053202
Census Tract 173.02,34003017302,3059,1014,0.41,Bergen County,Fair Lawn Borough,-74.124837,40.930428,34003017302
Census Tract 7029.14,34005702914,4383,1645,2.5,Burlington County,Mount Laurel Township,-74.869771,39.988482,34005702914
Census Tract 7031.03,34005703103,4979,2181,3.94,Burlington County,Lumberton Township,-74.775608,39.963381,34005703103
Census Tract 7004.07,34005700407,6136,3222,0.81,Burlington County,Maple Shade Township,-74.979671,39.949541,34005700407
Census Tract 9818.02,34005981802,3124,20,0.95,Burlington County,Chesterfield Township,-74.669529,40.160479,34005981802
Census Tract 9821.11,34005982111,1142,172,4.44,Burlington County,New Hanover Township,-74.591676,40.021447,34005982111
Census Tract 7047,34005704700,3592,1442,269.42,Burlington County,Bass River Township; Washington Township; Woodland Township,-74.536321,39.732707,34005704700
Census Tract 186,34013018600,5165,1841,0.39,Essex County,City of Orange Township,-74.234035,40.770323,34013018600
Census Tract 187,34013018700,5613,2603,0.33,Essex County,City of Orange Township,-74.232408,40.762593,34013018700
Census Tract 455.04,34027045504,4468,1674,4.92,Morris County,Roxbury Township,-74.672085,40.872692,34027045504
Census Tract 72.02,34023007202,4640,1675,1.05,Middlesex County,Sayreville Borough,-74.334893,40.468901,34023007202
Census Tract 26.04,34023002604,6894,2346,1.22,Middlesex County,Woodbridge Township,-74.303104,40.571428,34023002604
Census Tract 1758.04,34031175804,3950,1135,0.08,Passaic County,Passaic City,-74.130812,40.860392,34031175804
Census Tract 1758.03,34031175803,2901,803,0.06,Passaic County,Passaic City,-74.131651,40.864485,34031175803
Census Tract 162,34017016200,4813,1718,0.09,Hudson County,Union City,-74.024104,40.779595,34017016200
Census Tract 166,34017016600,3822,1433,0.09,Hudson County,Union City,-74.029199,40.775134,34017016600
Census Tract 180,34017018000,4156,2131,0.08,Hudson County,Weehawken Township,-74.016123,40.777282,34017018000
Census Tract 1757.04,34031175704,4501,1380,0.24,Passaic County,Passaic City,-74.129959,40.847429,34031175704
Census Tract 1823.02,34031182302,6180,2065,0.17,Passaic County,Paterson City,-74.157562,40.914963,34031182302
Census Tract 2238.02,34031223802,7966,2885,3.09,Passaic County,Totowa Borough,-74.241106,40.903768,34031223802
Census Tract 1823.01,34031182301,1846,582,0.08,Passaic County,Paterson City,-74.159739,40.912136,34031182301
Census Tract 322,34041032200,8776,3859,7.32,Warren County,Lopatcong Township,-75.151713,40.702709,34041032200
Census Tract 207,34033020700,4183,1661,34.93,Salem County,Pilesgrove Township,-75.285493,39.6513,34033020700
Census Tract 1752,34031175200,5128,1566,0.18,Passaic County,Passaic City,-74.115567,40.869593,34031175200
Census Tract 9802,34013980200,10,8,6,Essex County,Newark City,-74.157471,40.695921,34013980200
Census Tract 1758.01,34031175801,4094,1449,0.14,Passaic County,Passaic City,-74.125438,40.856591,34031175801
Census Tract 404,34027040400,4107,2009,2.03,Morris County,Riverdale Borough,-74.311686,40.992582,34027040400
Census Tract 405,34027040500,3621,1498,0.63,Morris County,Butler Borough,-74.340309,41.001643,34027040500
Census Tract 172,34013017200,3163,1182,0.4,Essex County,Montclair Township,-74.220809,40.794726,34013017200
Census Tract 209.02,34009020902,1243,5626,4.26,Cape May County,Avalon Borough,-74.735722,39.089314,34009020902
Census Tract 217.01,34009021701,2797,1347,3.95,Cape May County,Lower Township,-74.910641,38.990794,34009021701
Census Tract 188,34013018800,4751,1820,0.48,Essex County,City of Orange Township,-74.245189,40.758247,34013018800
Census Tract 75.01,34013007501,4200,1744,0.76,Essex County,Newark City,-74.131182,40.735974,34013007501
Census Tract 8006.02,34025800602,3567,1252,0.86,Monmouth County,Middletown Township,-74.120607,40.429229,34025800602
Census Tract 218.06,34009021806,2349,2148,1.36,Cape May County,Lower Township,-74.954745,38.981758,34009021806
Census Tract 202.01,34009020201,1397,1555,0.76,Cape May County,Ocean City,-74.567294,39.295921,34009020201
Census Tract 202.06,34009020206,945,2343,0.85,Cape May County,Ocean City,-74.617217,39.252375,34009020206
Census Tract 202.05,34009020205,856,3305,2.2,Cape May County,Ocean City,-74.639226,39.227624,34009020205
Census Tract 222.01,34033022201,1717,781,45.31,Salem County,Lower Alloways Creek Township,-75.453122,39.466457,34033022201
Census Tract 164,34013016400,3894,1465,0.86,Essex County,Montclair Township,-74.214172,40.832388,34013016400
Census Tract 165,34013016500,4074,1499,0.65,Essex County,Montclair Township,-74.203596,40.821949,34013016500
Census Tract 171,34013017100,2242,904,0.17,Essex County,Montclair Township,-74.212154,40.804956,34013017100
Census Tract 177,34013017700,5201,1928,0.39,Essex County,West Orange Township,-74.231453,40.785169,34013017700
Census Tract 180,34013018000,6220,2143,1.92,Essex County,West Orange Township,-74.269958,40.770786,34013018000
Census Tract 190,34013019000,5044,1668,1.16,Essex County,South Orange Village,-74.271103,40.752113,34013019000
Census Tract 216,34003021600,4642,1678,0.2,Bergen County,Garfield City,-74.109747,40.869746,34003021600
Census Tract 212.02,34033021202,2580,1148,23.79,Salem County,Quinton Township,-75.378123,39.525225,34033021202
Census Tract 204,34033020400,2767,1192,2.19,Salem County,Carneys Point Township,-75.453893,39.733304,34033020400
Census Tract 163,34013016300,3654,1372,0.59,Essex County,Montclair Township,-74.199446,40.834518,34013016300
Census Tract 167,34013016700,2595,1383,0.2,Essex County,Montclair Township,-74.208697,40.810868,34013016700
Census Tract 168,34013016800,3986,2282,0.29,Essex County,Montclair Township,-74.218679,40.815273,34013016800
Census Tract 8001.02,34025800102,1160,738,0.26,Monmouth County,Highlands Borough; Sea Bright Borough,-73.983387,40.394732,34025800102
Census Tract 8007.01,34025800701,4779,1655,1.17,Monmouth County,Middletown Township,-74.121524,40.419234,34025800701
Census Tract 8008,34025800800,6328,2448,2.15,Monmouth County,Middletown Township,-74.096224,40.405297,34025800800
Census Tract 335.02,34039033502,4832,1521,0.88,Union County,Union Township,-74.236403,40.678759,34039033502
Census Tract 93,34023009300,5622,3051,0.39,Middlesex County,New Brunswick City,-74.442579,40.493657,34023009300
Census Tract 150.01,34017015001,2611,1453,0.03,Hudson County,Guttenberg Town,-73.997693,40.789662,34017015001
Census Tract 183.02,34017018302,5227,2589,0.07,Hudson County,Hoboken City,-74.02165,40.75363,34017018302
Census Tract 68,34017006800,4143,1538,0.13,Hudson County,Jersey City,-74.079786,40.710458,34017006800
Census Tract 6009,34007600900,4059,1393,0.69,Camden County,Camden City,-75.101389,39.953901,34007600900
Census Tract 6011.01,34007601101,3027,924,0.29,Camden County,Camden City,-75.085063,39.948782,34007601101
Census Tract 158.01,34017015801,3494,1954,0.12,Hudson County,West New York Town,-74.004723,40.779961,34017015801
Census Tract 187.02,34017018702,4382,2394,0.06,Hudson County,Hoboken City,-74.027176,40.749094,34017018702
Census Tract 2,34021000200,4349,1322,0.19,Mercer County,Trenton City,-74.748738,40.202469,34021000200
Census Tract 7381,34029738100,1721,4410,3.67,Ocean County,Barnegat Light Borough; Harvey Cedars Borough; Long Beach Township; Ocean Township,-74.130907,39.726756,34029738100
Census Tract 7173,34029717300,5679,1878,16.59,Ocean County,Jackson Township,-74.417509,40.126864,34029717300
Census Tract 7340.03,34029734003,7788,2779,7.54,Ocean County,Barnegat Township; Harvey Cedars Borough,-74.190462,39.729196,34029734003
Census Tract 114,34019011400,4876,1974,1.08,Hunterdon County,Flemington Borough,-74.86041,40.508225,34019011400
Census Tract 117,34019011700,3917,1628,28.45,Hunterdon County,East Amwell Township,-74.830116,40.434946,34019011700
Census Tract 119,34019011900,4139,2265,1.08,Hunterdon County,Lambertville City,-74.943911,40.370609,34019011900
Census Tract 106,34019010600,6041,2413,28.72,Hunterdon County,Alexandria Township; Milford Borough,-75.012823,40.591417,34019010600
Census Tract 111,34019011100,5777,2622,14.07,Hunterdon County,Readington Township,-74.736402,40.628581,34019011100
Census Tract 115,34019011500,5172,2283,36.13,Hunterdon County,Frenchtown Borough; Kingwood Township,-75.016563,40.486331,34019011500
Census Tract 582,34003058200,5508,1971,1.46,Bergen County,Washington Township,-74.056803,40.984057,34003058200
Census Tract 28,34013002800,2127,696,0.08,Essex County,Newark City,-74.200852,40.735906,34013002800
Census Tract 39,34013003900,1698,784,0.12,Essex County,Newark City,-74.194544,40.727155,34013003900
Census Tract 141,34013014100,3799,1430,0.42,Essex County,Belleville Township,-74.166677,40.799485,34013014100
Census Tract 7006.02,34005700602,6516,2424,3.15,Burlington County,Delran Township,-74.930938,40.013007,34005700602
Census Tract 7005.04,34005700504,3192,1207,1.37,Burlington County,Moorestown Township,-74.938334,39.963287,34005700504
Census Tract 581,34003058100,3777,1404,1.49,Bergen County,Washington Township,-74.071117,40.990525,34003058100
Census Tract 537.04,34035053704,2900,995,1.94,Somerset County,Hillsborough Township,-74.671264,40.492777,34035053704
Census Tract 126,34013012600,3172,1376,0.15,Essex County,Irvington Township,-74.221577,40.735051,34013012600
Census Tract 127,34013012700,4260,1663,0.24,Essex County,Irvington Township,-74.234292,40.712097,34013012700
Census Tract 130,34013013000,3327,1917,0.04,Essex County,Irvington Township,-74.220952,40.730484,34013013000
Census Tract 131,34013013100,2270,852,0.28,Essex County,Irvington Township,-74.220965,40.722487,34013013100
Census Tract 538.05,34035053805,6468,2694,6.53,Somerset County,Hillsborough Township,-74.617769,40.527708,34035053805
Census Tract 510,34035051000,7319,2702,4.35,Somerset County,Bridgewater Township,-74.569364,40.561254,34035051000
Census Tract 537.03,34035053703,3886,1374,20.58,Somerset County,Hillsborough Township,-74.715902,40.473187,34035053703
Census Tract 7136,34029713600,3529,1327,0.87,Ocean County,Brick Township,-74.099525,40.06834,34029713600
Census Tract 38,34013003800,2594,964,0.22,Essex County,Newark City,-74.200298,40.730645,34013003800
Census Tract 42,34013004200,3627,1379,0.11,Essex County,Newark City,-74.213297,40.725882,34013004200
Census Tract 44,34013004400,2125,809,0.09,Essex County,Newark City,-74.216846,40.714085,34013004400
Census Tract 140,34013014000,4533,1886,0.47,Essex County,Belleville Township,-74.174089,40.799741,34013014000
Census Tract 144,34013014400,3966,1723,0.61,Essex County,Belleville Township,-74.146148,40.793313,34013014400
Census Tract 136,34013013600,6923,3021,0.66,Essex County,Nutley Township,-74.14161,40.815377,34013013600
Census Tract 442.01,34003044201,3741,1305,1.02,Bergen County,Ramsey Borough,-74.132994,41.050572,34003044201
Census Tract 5012.03,34015501203,3265,1306,1.16,Gloucester County,Washington Township,-75.065419,39.749466,34015501203
Census Tract 592,34003059200,6060,2422,1.11,Bergen County,Westwood Borough,-74.03902,40.986312,34003059200
Census Tract 112,34017011200,7398,2863,0.33,Hudson County,Bayonne City; Elizabeth City,-74.136585,40.662226,34017011200
Census Tract 131.02,34001013102,1172,2852,0.31,Atlantic County,Margate City,-74.512828,39.320366,34001013102
Census Tract 132.02,34001013202,2287,1490,0.29,Atlantic County,Ventnor City,-74.476399,39.342498,34001013202
Census Tract 189,34017018900,4764,2591,0.08,Hudson County,Hoboken City,-74.036075,40.744218,34017018900
Census Tract 186,34017018600,2441,1322,0.04,Hudson County,Hoboken City,-74.030308,40.747032,34017018600
Census Tract 113,34017011300,3238,1364,0.11,Hudson County,Bayonne City,-74.123933,40.6572,34017011300
Census Tract 519,34035051900,4232,1411,0.81,Somerset County,North Plainfield Borough,-74.450538,40.612375,34035051900
Census Tract 9800,34039980000,299,36,5.12,Union County,Elizabeth City,-74.16541,40.672511,34039980000
Census Tract 3,34021000300,5068,1621,0.25,Mercer County,Trenton City,-74.737762,40.204364,34021000300
Census Tract 4,34021000400,6305,1942,0.2,Mercer County,Trenton City,-74.748116,40.20694,34021000400
Census Tract 2641.02,34031264102,7695,3360,2.41,Passaic County,Woodland Park Borough,-74.198393,40.887644,34031264102
Census Tract 2167.02,34031216702,5453,2032,10.81,Passaic County,Ringwood Borough,-74.297238,41.093955,34031216702
Census Tract 160,34013016000,7802,2592,1.27,Essex County,Glen Ridge Borough,-74.201855,40.807295,34013016000
Census Tract 7310.02,34029731002,4078,1812,3.11,Ocean County,Berkeley Township,-74.130041,39.886968,34029731002
Census Tract 7311.01,34029731101,3301,1303,1.21,Ocean County,Berkeley Township,-74.149752,39.931959,34029731101
Census Tract 1754.02,34031175402,4442,1361,0.21,Passaic County,Passaic City,-74.123135,40.86105,34031175402
Census Tract 2167.01,34031216701,6282,2332,14.78,Passaic County,Ringwood Borough,-74.25206,41.111916,34031216701
Census Tract 1757.01,34031175701,5791,1777,0.34,Passaic County,Passaic City,-74.125436,40.844118,34031175701
Census Tract 1757.03,34031175703,4520,1721,0.23,Passaic County,Passaic City,-74.130305,40.85377,34031175703
Census Tract 25,34013002500,4269,1662,0.14,Essex County,Newark City,-74.221265,40.743143,34013002500
Census Tract 41,34013004100,3449,1372,0.13,Essex County,Newark City,-74.205801,40.72465,34013004100
Census Tract 128,34013012800,3688,1431,0.23,Essex County,Irvington Township,-74.231709,40.717081,34013012800
Census Tract 111,34013011100,4040,2085,0.1,Essex County,East Orange City,-74.211697,40.757143,34013011100
Census Tract 112,34013011200,3469,1491,0.18,Essex County,East Orange City,-74.216247,40.759737,34013011200
Census Tract 9801,34017980100,5,4,1.15,Hudson County,Jersey City,-74.046631,40.698059,34017980100
Census Tract 5.01,34023000501,5273,1583,0.97,Middlesex County,Piscataway Township,-74.447015,40.587836,34023000501
Census Tract 6.03,34023000603,2259,766,4.11,Middlesex County,Piscataway Township,-74.453707,40.546864,34023000603
Census Tract 67,34017006700,3670,1804,0.28,Hudson County,Jersey City,-74.061083,40.717827,34017006700
Census Tract 404,34011040400,6557,2313,2.04,Cumberland County,Vineland City,-75.020706,39.500084,34011040400
Census Tract 405,34011040500,6000,2225,2.1,Cumberland County,Vineland City,-75.044619,39.476145,34011040500
Census Tract 75,34017007500,7364,4081,0.12,Hudson County,Jersey City,-74.039187,40.716214,34017007500
Census Tract 1753.01,34031175301,3617,977,0.08,Passaic County,Passaic City,-74.121282,40.866295,34031175301
Census Tract 1754.01,34031175401,5737,1710,0.2,Passaic County,Passaic City,-74.129397,40.867339,34031175401
Census Tract 1756.01,34031175601,2573,641,0.27,Passaic County,Passaic City,-74.138144,40.84534,34031175601
Census Tract 216,34033021600,5765,2483,10.51,Salem County,Pennsville Township,-75.529658,39.613218,34033021600
Census Tract 211.02,34033021102,4210,1623,25.79,Salem County,Pittsgrove Township,-75.122309,39.521769,34033021102
Census Tract 208,34033020800,3678,1603,1.57,Salem County,Woodstown Borough,-75.325717,39.650535,34033020800
Census Tract 206,34033020600,2751,1165,13.6,Salem County,Carneys Point Township,-75.447357,39.690873,34033020600
Census Tract 213,34033021300,1475,558,33.88,Salem County,Mannington Township,-75.398481,39.617636,34033021300
Census Tract 214,34033021400,3230,1583,3.36,Salem County,Pennsville Township,-75.500037,39.658994,34033021400
Census Tract 215,34033021500,1751,815,1.88,Salem County,Pennsville Township,-75.503035,39.676795,34033021500
Census Tract 201,34033020100,1910,766,19.51,Salem County,Oldmans Township,-75.41241,39.739003,34033020100
Census Tract 365,34039036500,5614,1796,1.28,Union County,Westfield Town,-74.361719,40.658897,34039036500
Census Tract 366,34039036600,4100,1815,0.89,Union County,Westfield Town,-74.346833,40.649804,34039036600
Census Tract 158,34013015800,4429,1747,0.3,Essex County,Bloomfield Township,-74.187909,40.785185,34013015800
Census Tract 7030,34005703000,6035,2406,6.47,Burlington County,Hainesport Township,-74.838305,39.971361,34005703000
Census Tract 7032.02,34005703202,2642,985,15.38,Burlington County,Southampton Township,-74.765175,39.920588,34005703202
Census Tract 30,34017003000,2974,1686,0.1,Hudson County,Jersey City,-74.067457,40.724254,34017003000
Census Tract 7038.02,34005703802,4926,2297,6.44,Burlington County,Medford Township,-74.844009,39.908533,34005703802
Census Tract 7040.04,34005704004,3811,1807,1.37,Burlington County,Evesham Township,-74.92739,39.905161,34005704004
Census Tract 7040.13,34005704013,5263,1779,1.36,Burlington County,Evesham Township,-74.910131,39.904359,34005704013
Census Tract 3718.02,34037371802,3230,1418,12.6,Sussex County,Wantage Township,-74.617803,41.20113,34037371802
Census Tract 3718.01,34037371801,3818,1430,20.57,Sussex County,Wantage Township,-74.66176,41.239787,34037371801
Census Tract 364,34039036400,7403,2489,1.92,Union County,Westfield Town,-74.336916,40.666788,34039036400
Census Tract 78,34017007800,4343,2222,0.22,Hudson County,Jersey City,-74.042558,40.730632,34017007800
Census Tract 141.01,34017014101,4498,2598,0.21,Hudson County,North Bergen Township,-73.991598,40.797284,34017014101
Census Tract 152.01,34017015201,2880,1590,0.11,Hudson County,West New York Town,-74.001144,40.785137,34017015201
Census Tract 152.02,34017015202,6467,2853,0.1,Hudson County,West New York Town,-74.006971,40.78821,34017015202
Census Tract 64,34017006400,3276,1826,0.08,Hudson County,Jersey City,-74.045034,40.71831,34017006400
Census Tract 65,34017006500,2270,1189,0.14,Hudson County,Jersey City,-74.052495,40.721271,34017006500
Census Tract 7159.02,34029715902,4966,3069,1.3,Ocean County,Lakewood Township,-74.18673,40.043675,34029715902
Census Tract 7202.05,34029720205,3903,2295,2.57,Ocean County,Manchester Township,-74.291264,40.026296,34029720205
Census Tract 77.03,34017007703,5018,2771,0.15,Hudson County,Jersey City,-74.02944,40.731622,34017007703
Census Tract 1.01,34017000101,2554,922,0.11,Hudson County,Jersey City,-74.05243,40.757041,34017000101
Census Tract 20.01,34017002001,1627,753,0.05,Hudson County,Jersey City,-74.065977,40.733239,34017002001
Census Tract 106.01,34017010601,2916,1529,0.12,Hudson County,Bayonne City; Elizabeth City; Newark City,-74.128764,40.673297,34017010601
Census Tract 41.03,34017004103,2285,935,0.06,Hudson County,Jersey City,-74.077334,40.720565,34017004103
Census Tract 31.02,34017003102,3365,1421,0.07,Hudson County,Jersey City,-74.065445,40.72191,34017003102
Census Tract 150.04,34017015004,3462,1599,0.06,Hudson County,Guttenberg Town,-74.003803,40.792099,34017015004
Census Tract 7002,34005700200,2764,1109,0.66,Burlington County,Riverton Borough,-75.015684,40.011541,34005700200
Census Tract 7026.01,34005702601,4145,1718,1.01,Burlington County,Mount Holly Township,-74.778406,39.999029,34005702601
Census Tract 7029.05,34005702905,4810,2158,1.28,Burlington County,Mount Laurel Township,-74.943831,39.929359,34005702905
Census Tract 7029.09,34005702909,6282,2606,2.2,Burlington County,Mount Laurel Township,-74.925184,39.946375,34005702909
Census Tract 7040.07,34005704007,3579,1563,1.05,Burlington County,Evesham Township,-74.909692,39.886412,34005704007
Census Tract 7040.08,34005704008,5100,2068,3.77,Burlington County,Evesham Township,-74.908563,39.870371,34005704008
Census Tract 313,34003031300,5415,2221,0.53,Bergen County,Lyndhurst Township,-74.132077,40.810101,34003031300
Census Tract 7040.12,34005704012,5865,2663,3.57,Burlington County,Evesham Township,-74.881042,39.847546,34005704012
Census Tract 151,34003015100,2506,1004,1.1,Bergen County,Englewood City,-73.960794,40.897884,34003015100
Census Tract 490.02,34003049002,5285,2057,1.84,Bergen County,River Vale Township,-74.009071,40.995691,34003049002
Census Tract 252,34003025200,5898,2167,0.62,Bergen County,Hasbrouck Heights Borough,-74.080398,40.861932,34003025200
Census Tract 462,34003046200,4390,1534,0.41,Bergen County,Ridgefield Park Village,-74.024505,40.863358,34003046200
Census Tract 314,34003031400,5721,2317,0.48,Bergen County,Lyndhurst Township,-74.12175,40.804074,34003031400
Census Tract 92,34013009200,3494,1203,0.14,Essex County,Newark City,-74.167114,40.759518,34013009200
Census Tract 26.05,34023002605,2924,1152,0.49,Middlesex County,Woodbridge Township,-74.298891,40.584003,34023002605
Census Tract 62.04,34023006204,1878,768,0.45,Middlesex County,North Brunswick Township,-74.512743,40.438352,34023006204
Census Tract 28.05,34023002805,2777,1000,0.52,Middlesex County,Woodbridge Township,-74.280432,40.567075,34023002805
Census Tract 205,34033020500,3119,1351,1.12,Salem County,Carneys Point Township,-75.461785,39.709595,34033020500
Census Tract 333,34003033300,3601,1428,0.33,Bergen County,Maywood Borough,-74.06252,40.89509,34003033300
Census Tract 351,34003035100,8436,3115,4.02,Bergen County,Montvale Borough,-74.054674,41.054344,34003035100
Census Tract 202,34033020200,1924,799,0.37,Salem County,Penns Grove Borough,-75.465712,39.731,34033020200
Census Tract 361,34003036100,2675,947,1.63,Bergen County,South Hackensack Township; Teterboro Borough,-74.052622,40.859772,34003036100
Census Tract 15.05,34023001505,2282,808,0.64,Middlesex County,Edison Township,-74.4034,40.532635,34023001505
Census Tract 6025.03,34007602503,2621,906,0.4,Camden County,Pennsauken Township,-75.072846,39.939355,34007602503
Census Tract 6026.01,34007602601,2936,1087,0.57,Camden County,Pennsauken Township,-75.0653,39.939176,34007602601
Census Tract 6026.02,34007602602,3021,1132,0.26,Camden County,Pennsauken Township,-75.064741,39.942814,34007602602
Census Tract 62.02,34003006202,4710,2479,0.13,Bergen County,Cliffside Park Borough,-73.980674,40.826876,34003006202
Census Tract 401.01,34027040101,4108,1537,2.92,Morris County,Lincoln Park Borough,-74.305816,40.936358,34027040101
Census Tract 321.04,34003032104,4269,753,13.99,Bergen County,Mahwah Township,-74.201129,41.092261,34003032104
Census Tract 413.02,34003041302,4647,1850,0.29,Bergen County,Palisades Park Borough,-73.987861,40.84462,34003041302
Census Tract 457.03,34027045703,3949,1361,1.9,Morris County,Randolph Township,-74.558403,40.823823,34027045703
Census Tract 1337.01,34031133701,5803,1940,0.41,Passaic County,Haledon Borough,-74.184266,40.933215,34031133701
Census Tract 1337.02,34031133702,3249,1177,0.81,Passaic County,Haledon Borough,-74.193354,40.935217,34031133702
Census Tract 457.04,34027045704,5443,1863,4.25,Morris County,Randolph Township,-74.561154,40.842559,34027045704
Census Tract 458.04,34027045804,6016,2105,17.78,Morris County,Mendham Township,-74.564303,40.778723,34027045804
Census Tract 464,34027046400,4981,1867,5.93,Morris County,Mendham Borough,-74.59923,40.769205,34027046400
Census Tract 86.05,34023008605,2806,1217,0.43,Middlesex County,Plainsboro Township,-74.57959,40.332053,34023008605
Census Tract 86.06,34023008606,4684,2253,0.38,Middlesex County,Plainsboro Township,-74.565052,40.332251,34023008606
Census Tract 60.02,34023006002,5130,1244,0.86,Middlesex County,New Brunswick City,-74.428429,40.484886,34023006002
Census Tract 79.11,34023007911,3419,1099,2.24,Middlesex County,Old Bridge Township,-74.274112,40.391577,34023007911
Census Tract 21.02,34023002102,4007,1606,0.71,Middlesex County,Metuchen Borough,-74.349689,40.544713,34023002102
Census Tract 23.01,34023002301,3913,1382,0.66,Middlesex County,Woodbridge Township,-74.327101,40.602838,34023002301
Census Tract 73.01,34023007301,3151,1089,1.17,Middlesex County,Sayreville Borough,-74.316085,40.462109,34023007301
Census Tract 92,34023009200,4400,1880,3.69,Middlesex County,Sayreville Borough,-74.309471,40.490103,34023009200
Census Tract 94,34023009400,6054,2680,2.32,Middlesex County,East Brunswick Township,-74.409947,40.458138,34023009400
Census Tract 60.01,34023006001,2193,818,0.75,Middlesex County,New Brunswick City,-74.404245,40.485818,34023006001
Census Tract 7003.04,34005700304,2541,911,0.74,Burlington County,Cinnaminson Township,-75.014116,39.993228,34005700304
Census Tract 7040.11,34005704011,3340,1126,9.06,Burlington County,Evesham Township,-74.886771,39.818474,34005704011
Census Tract 7040.06,34005704006,2342,1003,0.97,Burlington County,Evesham Township,-74.924871,39.875893,34005704006
Census Tract 7024,34005702400,3245,1238,29.16,Burlington County,Springfield Township,-74.705353,40.033892,34005702400
Census Tract 7040.09,34005704009,4661,2068,3.32,Burlington County,Evesham Township,-74.874281,39.876548,34005704009
Census Tract 7005.05,34005700505,6672,2339,7.15,Burlington County,Moorestown Township,-74.921562,39.992714,34005700505
Census Tract 7022.03,34005702203,3242,1481,14.31,Burlington County,Pemberton Township,-74.645628,39.934853,34005702203
Census Tract 7005.02,34005700502,2224,807,2.33,Burlington County,Moorestown Township,-74.985861,39.972588,34005700502
Census Tract 7003.06,34005700306,2593,907,0.83,Burlington County,Cinnaminson Township,-74.98306,39.998867,34005700306
Census Tract 7022.06,34005702206,1745,764,6.17,Burlington County,Pemberton Township,-74.533478,39.964552,34005702206
Census Tract 7011.05,34005701105,6406,2269,3.62,Burlington County,Burlington Township,-74.850633,40.044009,34005701105
Census Tract 7022.04,34005702204,2094,759,9.7,Burlington County,Pemberton Township,-74.691291,39.989024,34005702204
Census Tract 7003.03,34005700303,4067,1777,3.15,Burlington County,Cinnaminson Township,-74.992356,40.014968,34005700303
Census Tract 7006.03,34005700603,6361,2566,2.49,Burlington County,Delran Township,-74.947455,40.025352,34005700603
Census Tract 7001.04,34005700104,1884,774,0.96,Burlington County,Palmyra Borough,-75.040318,40.001898,34005700104
Census Tract 7032.01,34005703201,3550,1441,25.33,Burlington County,Southampton Township,-74.697888,39.925172,34005703201
Census Tract 14.10,34023001410,4429,1553,0.77,Middlesex County,Edison Township,-74.352449,40.590534,34023001410
Census Tract 445.02,34027044502,4335,1513,1.14,Morris County,Rockaway Township,-74.540086,40.890686,34027044502
Census Tract 447.02,34027044702,5827,2338,13.08,Morris County,Jefferson Township,-74.584146,40.959714,34027044702
Census Tract 90,34023009000,5134,1457,2.2,Middlesex County,Woodbridge Township,-74.260042,40.585666,34023009000
Census Tract 56.01,34023005601,2946,872,0.3,Middlesex County,New Brunswick City,-74.461844,40.477915,34023005601
Census Tract 217.01,34013021701,3793,1642,0.47,Essex County,Caldwell Borough,-74.2736,40.841718,34013021701
Census Tract 417.06,34027041706,6227,2986,1.93,Morris County,Parsippany-Troy Hills Township,-74.401851,40.881329,34027041706
Census Tract 434.02,34027043402,5665,1956,6.41,Morris County,Morris Township,-74.519855,40.7964,34027043402
Census Tract 435,34027043500,4104,1318,0.43,Morris County,Morristown Town,-74.478155,40.808345,34027043500
Census Tract 6082.10,34007608210,3640,1670,1.87,Camden County,Gloucester Township,-75.045912,39.786318,34007608210
Census Tract 78.01,34023007801,3157,1538,5.63,Middlesex County,Old Bridge Township,-74.325366,40.425423,34023007801
Census Tract 448,34027044800,7336,2265,0.83,Morris County,Dover Town,-74.548706,40.884226,34027044800
Census Tract 34.01,34023003401,3894,1503,2.01,Middlesex County,Woodbridge Township,-74.255805,40.553326,34023003401
Census Tract 35,34023003500,3699,1280,1.07,Middlesex County,Carteret Borough,-74.244799,40.590981,34023003500
Census Tract 37,34023003700,3860,1271,0.47,Middlesex County,Carteret Borough,-74.232394,40.585492,34023003700
Census Tract 81.03,34023008103,2455,1091,0.83,Middlesex County,Helmetta Borough,-74.422723,40.376598,34023008103
Census Tract 80.01,34023008001,6635,2749,2.95,Middlesex County,Old Bridge Township,-74.245202,40.458569,34023008001
Census Tract 82.04,34023008204,4897,2966,2.05,Middlesex County,Monroe Township,-74.469042,40.313384,34023008204
Census Tract 30.01,34023003001,4395,1722,0.7,Middlesex County,Woodbridge Township,-74.287905,40.555374,34023003001
Census Tract 30.02,34023003002,6755,2732,1.56,Middlesex County,Woodbridge Township,-74.303714,40.551623,34023003002
Census Tract 31.01,34023003101,2806,879,0.67,Middlesex County,Woodbridge Township,-74.324874,40.558033,34023003101
Census Tract 7032.03,34005703203,4125,2570,3.25,Burlington County,Southampton Township,-74.71501,39.902689,34005703203
Census Tract 7013.03,34005701303,5497,2138,7.79,Burlington County,Florence Township,-74.785235,40.088093,34005701303
Census Tract 7029.10,34005702910,6103,2610,6.56,Burlington County,Mount Laurel Township,-74.894735,39.949647,34005702910
Census Tract 7004.03,34005700403,4373,1773,0.81,Burlington County,Maple Shade Township,-75.001349,39.950468,34005700403
Census Tract 7038.04,34005703804,7294,2499,14.94,Burlington County,Medford Township,-74.833426,39.832652,34005703804
Census Tract 7007.01,34005700701,3089,1270,0.56,Burlington County,Riverside Township,-74.964166,40.033973,34005700701
Census Tract 7028.05,34005702805,3651,1310,0.83,Burlington County,Willingboro Township,-74.88993,40.0259,34005702805
Census Tract 7028.07,34005702807,3195,1305,0.81,Burlington County,Willingboro Township,-74.897597,40.046852,34005702807
Census Tract 7022.07,34005702207,3370,1537,4.58,Burlington County,Pemberton Township,-74.597334,39.95927,34005702207
Census Tract 7038.03,34005703803,5062,1844,3,Burlington County,Medford Township,-74.834111,39.874191,34005703803
Census Tract 7004.05,34005700405,1683,722,0.37,Burlington County,Maple Shade Township,-74.992514,39.948312,34005700405
Census Tract 7039,34005703900,4264,1574,1.14,Burlington County,Medford Lakes Borough,-74.795108,39.858042,34005703900
Census Tract 7028.10,34005702810,1371,489,1.35,Burlington County,Willingboro Township,-74.908098,40.02324,34005702810
Census Tract 7014.01,34005701401,6522,2379,19.75,Burlington County,Mansfield Township,-74.713337,40.09006,34005701401
Census Tract 7038.01,34005703801,7215,2751,14.43,Burlington County,Medford Township,-74.799882,39.880957,34005703801
Census Tract 7037,34005703700,6460,2285,44.45,Burlington County,Shamong Township,-74.730391,39.782498,34005703700
Census Tract 7010.01,34005701001,5013,2377,1.96,Burlington County,Edgewater Park Township,-74.916074,40.047202,34005701001
Census Tract 7014.02,34005701402,2375,1304,1.99,Burlington County,Mansfield Township,-74.751711,40.068675,34005701402
Census Tract 18.06,34023001806,3658,1572,6.79,Middlesex County,Edison Township,-74.355659,40.501374,34023001806
Census Tract 9802,34023980200,4592,70,0.81,Middlesex County,Piscataway Township,-74.456833,40.520705,34023980200
Census Tract 316.01,34039031601,4397,1905,0.19,Union County,Elizabeth City,-74.211359,40.675844,34039031601
Census Tract 25,34023002500,7379,2328,0.94,Middlesex County,Woodbridge Township,-74.326499,40.575976,34023002500
Census Tract 7005.01,34005700501,5432,2261,2.13,Burlington County,Moorestown Township,-74.959455,39.951255,34005700501
Census Tract 7029.13,34005702913,4755,2704,0.84,Burlington County,Mount Laurel Township,-74.875563,39.974842,34005702913
Census Tract 32.03,34023003203,4527,1742,0.65,Middlesex County,Woodbridge Township,-74.308116,40.526844,34023003203
Census Tract 7029.17,34005702917,2606,1246,0.48,Burlington County,Mount Laurel Township,-74.865486,39.964609,34005702917
Census Tract 221,34033022100,1591,756,1,Salem County,Salem City,-75.477025,39.569598,34033022100
Census Tract 40,34023004000,4269,1600,0.8,Middlesex County,Perth Amboy City,-74.279007,40.533296,34023004000
Census Tract 222.02,34033022202,1001,556,11.93,Salem County,Elsinboro Township,-75.49906,39.536404,34033022202
Census Tract 6068,34007606800,3960,1555,0.79,Camden County,Bellmawr Borough,-75.073398,39.866718,34007606800
Census Tract 371,34003037100,5501,1960,0.82,Bergen County,New Milford Borough,-74.017526,40.942872,34003037100
Census Tract 139,34017013900,4620,2185,0.58,Hudson County,Harrison Town,-74.147541,40.74066,34017013900
Census Tract 142,34017014200,5932,2225,0.13,Hudson County,North Bergen Township,-74.005633,40.796315,34017014200
Census Tract 143,34017014300,5937,2015,0.16,Hudson County,North Bergen Township,-74.010235,40.801255,34017014300
Census Tract 84.06,34023008406,2239,746,0.76,Middlesex County,South Brunswick Township,-74.526781,40.432517,34023008406
Census Tract 28,34021002800,6725,2288,0.89,Mercer County,Hamilton Township,-74.72338,40.227147,34021002800
Census Tract 29.02,34021002902,4869,1969,1.93,Mercer County,Hamilton Township,-74.716349,40.242287,34021002902
Census Tract 205,34009020500,2128,999,8.02,Cape May County,Woodbine Borough,-74.807379,39.231323,34009020500
Census Tract 103,34013010300,4360,1752,0.23,Essex County,East Orange City,-74.199399,40.766581,34013010300
Census Tract 107,34013010700,3710,1497,0.18,Essex County,East Orange City,-74.202742,40.762281,34013010700
Census Tract 109,34013010900,2584,1146,0.38,Essex County,East Orange City,-74.204415,40.754399,34013010900
Census Tract 102,34011010200,4669,2096,31.91,Cumberland County,Commercial Township,-75.022149,39.278311,34011010200
Census Tract 305.01,34011030501,6038,2516,16.22,Cumberland County,Millville City,-75.074492,39.372427,34011030501
Census Tract 31.02,34023003102,4938,1870,0.59,Middlesex County,Woodbridge Township,-74.319461,40.545011,34023003102
Census Tract 78.04,34023007804,5489,2024,2.04,Middlesex County,Old Bridge Township,-74.335565,40.391902,34023007804
Census Tract 17.02,34023001702,3511,1311,0.62,Middlesex County,Edison Township,-74.392808,40.511574,34023001702
Census Tract 27.02,34021002702,6454,3219,2.08,Mercer County,Hamilton Township,-74.698842,40.211621,34021002702
Census Tract 475,34003047500,6918,2209,1.4,Bergen County,Ridgewood Village,-74.105869,40.969362,34003047500
Census Tract 91,34003009100,4981,1680,2.07,Bergen County,Demarest Borough,-73.950942,40.954253,34003009100
Census Tract 92,34003009200,3343,1148,1.94,Bergen County,Haworth Borough,-73.997494,40.963162,34003009200
Census Tract 5002.01,34015500201,2497,1042,3,Gloucester County,West Deptford Township,-75.154536,39.866637,34015500201
Census Tract 43.16,34021004316,4791,1934,5.4,Mercer County,West Windsor Township,-74.578227,40.28041,34021004316
Census Tract 44.09,34021004409,4117,1588,6.1,Mercer County,East Windsor Township,-74.509429,40.253335,34021004409
Census Tract 43.14,34021004314,5526,2257,6.06,Mercer County,West Windsor Township,-74.662945,40.311282,34021004314
Census Tract 33.04,34021003304,1912,746,7.57,Mercer County,Lawrence Township,-74.734401,40.321599,34021003304
Census Tract 43.12,34021004312,3521,1054,5.35,Mercer County,Robbinsville Township,-74.60751,40.242016,34021004312
Census Tract 33.03,34021003303,6419,2600,2.21,Mercer County,Lawrence Township,-74.685836,40.286257,34021003303
Census Tract 43.15,34021004315,3485,1068,2.82,Mercer County,West Windsor Township,-74.602502,40.297328,34021004315
Census Tract 37.07,34021003707,1402,585,2.64,Mercer County,Ewing Township,-74.808612,40.273499,34021003707
Census Tract 9800,34021980000,1479,1,0.03,Mercer County,Trenton City,-74.756247,40.207249,34021980000
Census Tract 2460.01,34031246001,6263,2115,4.52,Passaic County,Wayne Township,-74.220466,40.965344,34031246001
Census Tract 2461.01,34031246101,6875,2448,2.33,Passaic County,Wayne Township,-74.214134,40.940982,34031246101
Census Tract 306,34041030600,4111,1887,0.96,Warren County,Phillipsburg Town,-75.189203,40.697434,34041030600
Census Tract 2461.02,34031246102,2794,1490,0.25,Passaic County,Wayne Township,-74.227787,40.95391,34031246102
Census Tract 2460.02,34031246002,3141,1133,1.39,Passaic County,Wayne Township,-74.264773,40.998592,34031246002
Census Tract 2461.03,34031246103,6608,2242,2.13,Passaic County,Wayne Township,-74.235152,40.938511,34031246103
Census Tract 142,34013014200,4070,1452,0.35,Essex County,Belleville Township,-74.159311,40.800991,34013014200
Census Tract 545,34003054500,4879,1653,0.69,Bergen County,Teaneck Township,-74.013943,40.885888,34003054500
Census Tract 102,34003010200,4131,1661,0.39,Bergen County,Dumont Borough,-73.993574,40.940468,34003010200
Census Tract 21,34003002100,1762,676,6.4,Bergen County,Alpine Borough,-73.923753,40.959226,34003002100
Census Tract 192,34013019200,5281,1351,0.4,Essex County,South Orange Village,-74.250993,40.741782,34013019200
Census Tract 193,34013019300,3957,1932,0.43,Essex County,South Orange Village,-74.263735,40.743244,34013019300
Census Tract 194,34013019400,3151,1051,1.2,Essex County,Maplewood Township,-74.285963,40.745876,34013019400
Census Tract 1811.01,34031181101,2299,747,0.15,Passaic County,Paterson City,-74.145002,40.929971,34031181101
Census Tract 2366.04,34031236604,3755,1478,3.14,Passaic County,Wanaque Borough,-74.309182,41.051594,34031236604
Census Tract 31,34021003100,4516,1885,1.16,Mercer County,Lawrence Township,-74.738771,40.248481,34021003100
Census Tract 29.03,34021002903,3561,1514,2.14,Mercer County,Hamilton Township,-74.707197,40.252622,34021002903
Census Tract 30.03,34021003003,6209,2826,3.07,Mercer County,Hamilton Township,-74.671356,40.188728,34021003003
Census Tract 445.03,34027044503,2367,1451,1.96,Morris County,Rockaway Township,-74.553249,40.92199,34027044503
Census Tract 7021.01,34005702101,3380,1156,0.75,Burlington County,North Hanover Township,-74.584925,40.048558,34005702101
Census Tract 3740,34037374000,3235,1256,17.64,Sussex County,Fredon Township,-74.814023,41.031866,34037374000
Census Tract 474,34003047400,5158,2143,0.9,Bergen County,Ridgewood Village,-74.117871,40.979783,34003047400
Census Tract 311.02,34041031102,3786,1439,40.43,Warren County,Frelinghuysen Township; Hardwick Township,-74.900709,40.988181,34041031102
Census Tract 307,34041030700,5059,2128,0.45,Warren County,Phillipsburg Town,-75.195949,40.691938,34041030700
Census Tract 452,34003045200,2989,1154,1.85,Bergen County,Ridgefield Borough,-74.021988,40.829834,34003045200
Census Tract 461,34003046100,4215,1801,0.93,Bergen County,Ridgefield Park Village,-74.016068,40.851491,34003046100
Census Tract 79.13,34023007913,3814,1588,1.49,Middlesex County,Old Bridge Township,-74.302282,40.382604,34023007913
Census Tract 9800,34023980000,56,24,1.67,Middlesex County,Carteret Borough,-74.212187,40.580533,34023980000
Census Tract 6082.09,34007608209,4270,1923,1.07,Camden County,Gloucester Township,-75.04279,39.815443,34007608209
Census Tract 6033.03,34007603303,2897,1411,0.38,Camden County,Cherry Hill Township,-75.008591,39.923282,34007603303
Census Tract 5009,34015500900,3098,1149,1.25,Gloucester County,Woodbury Heights Borough,-75.150442,39.816421,34015500900
Census Tract 101,34013010100,2917,1110,0.29,Essex County,East Orange City,-74.206934,40.777701,34013010100
Census Tract 7012.05,34005701205,2182,1060,0.7,Burlington County,Burlington City,-74.867777,40.076244,34005701205
Census Tract 6060,34007606000,1981,907,0.46,Camden County,Haddon Heights Borough,-75.052359,39.882003,34007606000
Census Tract 6010,34007601000,5365,1798,0.57,Camden County,Camden City,-75.089544,39.960469,34007601000
Census Tract 6092.05,34007609205,6440,2406,24.29,Camden County,Winslow Township,-74.897504,39.680238,34007609205
Census Tract 21,34013002100,3479,1265,0.17,Essex County,Newark City,-74.235889,40.742654,34013002100
Census Tract 347,34039034700,4139,1624,0.31,Union County,Linden City,-74.257106,40.637368,34039034700
Census Tract 348,34039034800,5068,1767,0.56,Union County,Linden City,-74.277291,40.642098,34039034800
Census Tract 349,34039034900,6681,2534,0.66,Union County,Linden City,-74.271319,40.6324,34039034900
Census Tract 328,34039032800,5346,1978,0.45,Union County,Union Township,-74.274783,40.71672,34039032800
Census Tract 5016.05,34015501605,4197,1841,19.93,Gloucester County,Monroe Township,-74.927496,39.640909,34015501605
Census Tract 5013.02,34015501302,2673,1243,0.38,Gloucester County,Pitman Borough,-75.131516,39.728137,34015501302
Census Tract 5012.09,34015501209,7286,2846,3.41,Gloucester County,Washington Township,-75.098762,39.779653,34015501209
Census Tract 5017.04,34015501704,4085,1646,10.63,Gloucester County,Franklin Township,-75.096152,39.624757,34015501704
Census Tract 5024,34015502400,6000,2207,21.93,Gloucester County,Logan Township,-75.346965,39.795005,34015502400
Census Tract 345,34039034500,4775,1875,0.38,Union County,Linden City,-74.237772,40.648847,34039034500
Census Tract 346,34039034600,4438,1534,0.3,Union County,Linden City,-74.250778,40.641977,34039034600
Census Tract 3724,34037372400,2358,921,17.88,Sussex County,Lafayette Township,-74.688583,41.107523,34037372400
Census Tract 137,34013013700,4959,2279,0.45,Essex County,Nutley Township,-74.15684,40.813244,34013013700
Census Tract 1244.02,34031124402,5917,2237,1.4,Passaic County,Clifton City,-74.13606,40.831673,34031124402
Census Tract 2568.02,34031256802,3883,1744,19.23,Passaic County,West Milford Township,-74.330771,41.140682,34031256802
Census Tract 6032.01,34007603201,5006,2061,1.79,Camden County,Cherry Hill Township,-75.029222,39.944897,34007603201
Census Tract 344,34039034400,4852,1661,0.46,Union County,Roselle Borough,-74.252777,40.64869,34039034400
Census Tract 1165,34031116500,7777,3267,8.8,Passaic County,Bloomingdale Borough,-74.336487,41.034151,34031116500
Census Tract 1807,34031180700,3025,1015,0.12,Passaic County,Paterson City,-74.167912,40.927969,34031180700
Census Tract 6075.03,34007607503,7150,2613,2.1,Camden County,Voorhees Township,-74.936946,39.858991,34007607503
Census Tract 191,34017019100,3949,2180,0.06,Hudson County,Hoboken City,-74.03692,40.739833,34017019100
Census Tract 193,34017019300,3260,1780,0.06,Hudson County,Hoboken City,-74.032649,40.737385,34017019300
Census Tract 324,34017032400,6762,2487,0.13,Hudson County,West New York Town,-74.01345,40.792896,34017032400
Census Tract 12.01,34017001201,2153,858,0.05,Hudson County,Jersey City,-74.056021,40.736728,34017001201
Census Tract 5007.02,34015500702,5876,2273,4.59,Gloucester County,Mantua Township,-75.149328,39.769546,34015500702
Census Tract 5012.08,34015501208,4177,1919,2.67,Gloucester County,Washington Township,-75.09717,39.741024,34015501208
Census Tract 5016.03,34015501603,6316,2797,2.58,Gloucester County,Monroe Township,-74.988124,39.697566,34015501603
Census Tract 63,34017006300,4792,1932,0.26,Hudson County,Jersey City,-74.093354,40.689726,34017006300
Census Tract 102,34017010200,3477,1334,0.12,Hudson County,Bayonne City,-74.104248,40.682445,34017010200
Census Tract 103,34017010300,3131,1260,0.37,Hudson County,Bayonne City,-74.081579,40.672061,34017010300
Census Tract 104,34017010400,5008,2114,0.86,Hudson County,Bayonne City,-74.080283,40.666374,34017010400
Census Tract 124,34017012400,3230,1185,0.28,Hudson County,Kearny Town,-74.142533,40.780792,34017012400
Census Tract 118.07,34001011807,5787,2098,7.09,Atlantic County,Egg Harbor Township,-74.596121,39.399739,34001011807
Census Tract 350,34039035000,2857,1048,0.53,Union County,Linden City,-74.265489,40.625275,34039035000
Census Tract 351,34039035100,4177,1781,0.33,Union County,Linden City,-74.247904,40.635661,34039035100
Census Tract 353,34039035300,6062,2340,0.43,Union County,Linden City,-74.246791,40.625412,34039035300
Census Tract 301,34011030100,921,523,0.2,Cumberland County,Millville City,-75.039465,39.407283,34011030100
Census Tract 305.02,34011030502,4007,1610,8.82,Cumberland County,Millville City,-75.002473,39.365886,34011030502
Census Tract 6036.01,34007603601,3951,1732,1.42,Camden County,Cherry Hill Township,-75.01334,39.88719,34007603601
Census Tract 5011.06,34015501106,4174,1583,5.09,Gloucester County,Deptford Township,-75.127302,39.792991,34015501106
Census Tract 5012.04,34015501204,3837,1374,1.28,Gloucester County,Washington Township,-75.038685,39.752412,34015501204
Census Tract 59.02,34017005902,4857,1770,0.14,Hudson County,Jersey City,-74.094359,40.703923,34017005902
Census Tract 20.02,34017002002,2563,1363,0.07,Hudson County,Jersey City,-74.064987,40.728976,34017002002
Census Tract 76.02,34017007602,5234,2813,0.11,Hudson County,Jersey City,-74.02997,40.719929,34017007602
Census Tract 76.01,34017007601,10344,5788,0.1,Hudson County,Jersey City,-74.038759,40.721326,34017007601
Census Tract 5002.04,34015500204,6374,2767,4.39,Gloucester County,West Deptford Township,-75.19461,39.825973,34015500204
Census Tract 6007,34007600700,1540,581,0.25,Camden County,Camden City,-75.125787,39.956647,34007600700
Census Tract 6020,34007602000,6247,2548,0.68,Camden County,Camden City,-75.105666,39.906185,34007602000
Census Tract 6008,34007600800,4805,1981,0.44,Camden County,Camden City,-75.115486,39.952011,34007600800
Census Tract 210.02,34009021002,3801,1674,25.3,Cape May County,Middle Township,-74.859407,39.114772,34009021002
Census Tract 6083.03,34007608303,3079,1226,1.46,Camden County,Gloucester Township,-75.074798,39.813615,34007608303
Census Tract 91.01,34023009101,2711,940,0.88,Middlesex County,Woodbridge Township,-74.241316,40.569406,34023009101
Census Tract 75,34023007500,3274,1329,0.86,Middlesex County,South Amboy City,-74.283427,40.486389,34023007500
Census Tract 79.06,34023007906,1431,570,0.62,Middlesex County,Old Bridge Township,-74.300468,40.410537,34023007906
Census Tract 85.02,34023008502,5669,1841,21.13,Middlesex County,South Brunswick Township,-74.477705,40.374775,34023008502
Census Tract 87,34023008700,3842,1388,13.28,Middlesex County,Cranbury Township,-74.526589,40.308399,34023008700
Census Tract 230,34013023000,3783,1464,0.14,Essex County,Newark City,-74.193242,40.736376,34013023000
Census Tract 12,34023001200,5445,2269,0.5,Middlesex County,Highland Park Borough,-74.41892,40.499463,34023001200
Census Tract 13,34023001300,4219,1958,0.54,Middlesex County,Highland Park Borough,-74.428254,40.494247,34023001300
Census Tract 14.09,34023001409,3589,1160,1.04,Middlesex County,Edison Township,-74.347786,40.578657,34023001409
Census Tract 217.02,34009021702,2660,3123,9.59,Cape May County,Lower Township,-74.876854,38.973915,34009021702
Census Tract 6110,34007611000,6359,2505,1.1,Camden County,Gloucester City,-75.126462,39.894779,34007611000
Census Tract 2,34023000200,6945,2570,1.66,Middlesex County,Middlesex Borough,-74.491744,40.578328,34023000200
Census Tract 2642,34031264200,4931,1791,0.21,Passaic County,Paterson City,-74.175222,40.922428,34031264200
Census Tract 3,34023000300,7637,2727,1.06,Middlesex County,Dunellen Borough,-74.464827,40.590164,34023000300
Census Tract 11,34023001100,5408,2442,0.78,Middlesex County,Highland Park Borough,-74.436232,40.506511,34023001100
Census Tract 378,34039037800,6078,2555,1.47,Union County,Summit City,-74.373351,40.72054,34039037800
Census Tract 192.03,34003019203,3269,1797,0.11,Bergen County,Fort Lee Borough,-73.973825,40.85526,34003019203
Census Tract 193.03,34003019303,5764,2502,0.34,Bergen County,Fort Lee Borough,-73.978273,40.846398,34003019303
Census Tract 193.04,34003019304,2783,974,0.22,Bergen County,Fort Lee Borough,-73.986069,40.836261,34003019304
Census Tract 44.07,34021004407,7733,2884,1.97,Mercer County,East Windsor Township,-74.562067,40.264875,34021004407
Census Tract 7361.01,34029736101,5701,2342,10.01,Ocean County,Little Egg Harbor Township,-74.380808,39.597842,34029736101
Census Tract 7140,34029714000,6079,2405,1.42,Ocean County,Brick Township,-74.150307,40.045275,34029714000
Census Tract 7154.01,34029715401,6454,1278,1.86,Ocean County,Lakewood Township,-74.238475,40.108176,34029715401
Census Tract 7175.02,34029717502,7206,2978,7.24,Ocean County,Jackson Township,-74.281607,40.090297,34029717502
Census Tract 7312.04,34029731204,3634,2454,15.88,Ocean County,Berkeley Township,-74.261003,39.922636,34029731204
Census Tract 7134.01,34029713401,5076,1974,1.36,Ocean County,Brick Township,-74.148461,40.092672,34029713401
Census Tract 7171.01,34029717101,8832,2813,5.54,Ocean County,Jackson Township,-74.290863,40.148671,34029717101
Census Tract 422,34027042200,5906,2356,3.19,Morris County,Hanover Township,-74.455556,40.821931,34027042200
Census Tract 6109,34007610900,3379,1592,0.66,Camden County,Audubon Borough; Audubon Park Borough,-75.080474,39.892358,34007610900
Census Tract 66,34017006600,1329,447,0.13,Hudson County,Jersey City,-74.058462,40.725106,34017006600
Census Tract 74,34017007400,5833,3335,0.1,Hudson County,Jersey City,-74.030355,40.713391,34017007400
Census Tract 522.03,34035052203,5271,1895,5.53,Somerset County,Warren Township,-74.527322,40.606786,34035052203
Census Tract 6111,34007611100,3002,1360,1.19,Camden County,Bellmawr Borough,-75.092182,39.86555,34007611100
Census Tract 135,34001013500,2573,2459,7.63,Atlantic County,Egg Harbor Township; Linwood City; Longport Borough,-74.536878,39.335363,34001013500
Census Tract 114.03,34001011403,6325,2655,10.93,Atlantic County,Hamilton Township,-74.643009,39.465669,34001011403
Census Tract 30.08,34021003008,5389,2125,1.55,Mercer County,Hamilton Township,-74.674322,40.224724,34021003008
Census Tract 30.09,34021003009,5430,2925,1.79,Mercer County,Hamilton Township,-74.676803,40.212683,34021003009
Census Tract 409.01,34011040901,2837,1148,7.78,Cumberland County,Vineland City,-75.05777,39.528086,34011040901
Census Tract 108,34011010800,3136,1183,16.84,Cumberland County,Deerfield Township,-75.139795,39.473134,34011010800
Census Tract 408,34011040800,5527,2008,6.22,Cumberland County,Vineland City,-74.958901,39.471018,34011040800
Census Tract 104.01,34011010401,4492,1985,40.71,Cumberland County,Fairfield Township,-75.272744,39.363678,34011010401
Census Tract 403,34011040300,3428,1571,0.73,Cumberland County,Vineland City,-75.007237,39.484263,34011040300
Census Tract 530,34035053000,4863,1941,0.64,Somerset County,South Bound Brook Borough,-74.526947,40.552278,34035053000
Census Tract 179,34017017900,5358,3184,0.43,Hudson County,Weehawken Township,-74.013802,40.768175,34017017900
Census Tract 181,34017018100,2849,1389,0.11,Hudson County,Weehawken Township,-74.019282,40.771578,34017018100
Census Tract 101.01,34011010101,3184,1443,91.5,Cumberland County,Maurice River Township,-74.935995,39.314109,34011010101
Census Tract 106,34011010600,4835,1988,31.09,Cumberland County,Hopewell Township; Shiloh Borough,-75.276807,39.452812,34011010600
Census Tract 173,34017017300,2272,1135,0.06,Hudson County,Union City,-74.030663,40.761136,34017017300
Census Tract 174,34017017400,2597,1016,0.04,Hudson County,Union City,-74.035496,40.761442,34017017400
Census Tract 176,34017017600,3219,1181,0.05,Hudson County,Union City,-74.040504,40.760046,34017017600
Census Tract 177,34017017700,2192,966,0.05,Hudson County,Union City,-74.043178,40.757825,34017017700
Census Tract 178,34017017800,6578,2731,0.16,Hudson County,Union City,-74.038739,40.75473,34017017800
Census Tract 182,34017018200,4834,2385,0.17,Hudson County,Weehawken Township,-74.02841,40.763639,34017018200
Census Tract 377,34039037700,4851,1739,1.67,Union County,Summit City,-74.359635,40.726881,34039037700
Census Tract 5019,34015501900,4424,1702,19.16,Gloucester County,Elk Township,-75.149875,39.664703,34015501900
Census Tract 105,34011010500,2083,932,36.04,Cumberland County,Greenwich Township; Stow Creek Township,-75.365085,39.424877,34011010500
Census Tract 101.03,34011010103,3034,0,1.67,Cumberland County,Maurice River Township,-74.950984,39.238723,34011010103
Census Tract 39.05,34021003905,4495,1713,21.43,Mercer County,Hopewell Township,-74.76339,40.378277,34021003905
Census Tract 7230,34029723000,5476,1959,5.13,Ocean County,Toms River Township,-74.229647,39.975652,34029723000
Census Tract 7172,34029717200,9136,3700,15.46,Ocean County,Jackson Township,-74.366403,40.141918,34029717200
Census Tract 7111,34029711100,4591,2176,0.8,Ocean County,Point Pleasant Borough,-74.057578,40.083151,34029711100
Census Tract 43.09,34021004309,4980,1679,13.37,Mercer County,Robbinsville Township,-74.58294,40.215339,34021004309
Census Tract 45.02,34021004502,1154,574,0.52,Mercer County,Princeton,-74.670809,40.346996,34021004502
Census Tract 43.07,34021004307,6218,2290,3.25,Mercer County,West Windsor Township,-74.625383,40.303293,34021004307
Census Tract 201,34011020100,1183,420,0.2,Cumberland County,Bridgeton City,-75.233983,39.4288,34011020100
Census Tract 104.02,34011010402,1054,1,0.42,Cumberland County,Fairfield Township,-75.161226,39.384532,34011010402
Census Tract 61.02,34017006102,3436,1278,0.15,Hudson County,Jersey City,-74.097923,40.691144,34017006102
Census Tract 77.01,34017007701,6081,3102,0.16,Hudson County,Jersey City,-74.030807,40.726963,34017007701
Census Tract 184.02,34017018402,3484,1587,0.16,Hudson County,Hoboken City,-74.031747,40.754883,34017018402
Census Tract 148.01,34017014801,5234,2272,0.38,Hudson County,North Bergen Township,-74.044134,40.768236,34017014801
Census Tract 144.01,34017014401,4518,1521,0.15,Hudson County,North Bergen Township,-74.010123,40.81024,34017014401
Census Tract 7312.02,34029731202,4552,3201,1.84,Ocean County,Berkeley Township,-74.271554,39.964941,34029731202
Census Tract 7153.01,34029715301,10137,2485,0.71,Ocean County,Lakewood Township,-74.210335,40.105636,34029715301
Census Tract 7170.02,34029717002,5520,1781,1.26,Ocean County,Jackson Township,-74.263196,40.127199,34029717002
Census Tract 192.02,34003019202,3959,2166,0.29,Bergen County,Fort Lee Borough,-73.963154,40.850956,34003019202
Census Tract 175,34013017500,6470,2972,1.8,Essex County,West Orange Township,-74.246064,40.788792,34013017500
Census Tract 176,34013017600,5025,1818,0.31,Essex County,West Orange Township,-74.230363,40.794227,34013017600
Census Tract 379,34039037900,6111,1946,1.9,Union County,Summit City,-74.368708,40.700609,34039037900
Census Tract 380,34039038000,5679,2125,0.95,Union County,Summit City,-74.351005,40.712588,34039038000
Census Tract 113.06,34019011306,4613,1657,9.07,Hunterdon County,Raritan Township,-74.8808,40.474818,34019011306
Census Tract 113.05,34019011305,3173,1292,4.78,Hunterdon County,Raritan Township,-74.843888,40.470559,34019011305
Census Tract 102.01,34019010201,2968,1160,17.44,Hunterdon County,Lebanon Township,-74.915207,40.734548,34019010201
Census Tract 102.02,34019010202,4232,1774,14.95,Hunterdon County,Califon Borough; Lebanon Township,-74.858675,40.715225,34019010202
Census Tract 110.04,34019011004,1918,740,12.24,Hunterdon County,Clinton Township,-74.838542,40.613489,34019011004
Census Tract 522,34003052200,6421,2752,1.19,Bergen County,Saddle Brook Township,-74.091721,40.893203,34003052200
Census Tract 7028.01,34005702801,2120,771,0.5,Burlington County,Willingboro Township,-74.861023,40.033211,34005702801
Census Tract 3743,34037374300,3409,1351,6.32,Sussex County,Byram Township,-74.709498,40.950681,34037374300
Census Tract 6.09,34023000609,2942,1021,0.92,Middlesex County,Piscataway Township,-74.428369,40.532462,34023000609
Census Tract 3742,34037374200,2256,1041,7.71,Sussex County,Byram Township,-74.752927,40.940002,34037374200
Census Tract 3721,34037372100,1927,898,9.35,Sussex County,Hampton Township,-74.744081,41.089867,34037372100
Census Tract 3713,34037371300,3525,1982,12.48,Sussex County,Vernon Township,-74.537995,41.239461,34037371300
Census Tract 3711,34037371100,3763,1496,33.59,Sussex County,Wantage Township,-74.592273,41.251932,34037371100
Census Tract 5008,34015500800,2283,882,1,Gloucester County,Wenonah Borough,-75.150794,39.79169,34015500800
Census Tract 5003,34015500300,3026,1192,1.01,Gloucester County,National Park Borough,-75.188025,39.868428,34015500300
Census Tract 5004,34015500400,6196,2639,1.92,Gloucester County,Paulsboro Borough,-75.238698,39.838886,34015500400
Census Tract 7150.01,34029715001,10354,2480,3.81,Ocean County,Lakewood Township,-74.184082,40.087245,34029715001
Census Tract 7152.01,34029715201,11817,2219,0.95,Ocean County,Lakewood Township,-74.196873,40.101347,34029715201
Census Tract 7361.06,34029736106,3288,1427,2.35,Ocean County,Little Egg Harbor Township,-74.346524,39.575506,34029736106
Census Tract 7220.04,34029722004,4249,1787,1.95,Ocean County,Toms River Township,-74.232572,40.011925,34029722004
Census Tract 7013.01,34005701301,4704,2123,1.25,Burlington County,Florence Township,-74.809179,40.118857,34005701301
Census Tract 3749,34037374900,4120,1746,0.76,Sussex County,Hopatcong Borough,-74.667326,40.938574,34037374900
Census Tract 157,34013015700,3004,1210,0.23,Essex County,Bloomfield Township,-74.196907,40.784967,34013015700
Census Tract 1820,34031182000,1815,548,0.1,Passaic County,Paterson City,-74.175375,40.910018,34031182000
Census Tract 321.01,34041032101,2968,1219,23.42,Warren County,Franklin Township,-75.045772,40.713062,34041032101
Census Tract 313.01,34041031301,5469,2439,19.83,Warren County,Independence Township,-74.875252,40.882514,34041031301
Census Tract 315,34041031500,7781,3351,29.59,Warren County,Mansfield Township,-74.913522,40.804995,34041031500
Census Tract 319,34041031900,6492,2553,17.96,Warren County,Washington Township,-74.953314,40.752679,34041031900
Census Tract 323,34041032300,3241,1428,13.37,Warren County,Pohatcong Township,-75.151569,40.639303,34041032300
Census Tract 312,34041031200,7399,3147,54.48,Warren County,Hope Township; Knowlton Township; Liberty Township,-75.003627,40.910878,34041031200
Census Tract 173.01,34013017301,5318,2026,1.7,Essex County,West Orange Township,-74.268381,40.81254,34013017301
Census Tract 1821,34031182100,3641,1365,0.42,Passaic County,Paterson City,-74.172879,40.901402,34031182100
Census Tract 1813,34031181300,5659,1955,0.17,Passaic County,Paterson City,-74.150808,40.919522,34031181300
Census Tract 1814,34031181400,4380,1582,0.13,Passaic County,Paterson City,-74.158443,40.922051,34031181400
Census Tract 1815,34031181500,3768,1357,0.13,Passaic County,Paterson City,-74.16379,40.92225,34031181500
Census Tract 1818,34031181800,3181,1172,0.16,Passaic County,Paterson City,-74.176817,40.915993,34031181800
Census Tract 1819,34031181900,5472,1873,0.37,Passaic County,Paterson City,-74.188941,40.909282,34031181900
Census Tract 1822,34031182200,3660,1078,0.15,Passaic County,Paterson City,-74.16773,40.910593,34031182200
Census Tract 320,34041032000,7299,3219,1.97,Warren County,Washington Borough,-74.982895,40.756511,34041032000
Census Tract 44.03,34021004403,5900,2216,1.23,Mercer County,Hightstown Borough,-74.526016,40.267495,34021004403
Census Tract 7011.04,34005701104,5428,2071,1.99,Burlington County,Burlington Township,-74.880287,40.061815,34005701104
Census Tract 2036,34031203600,6372,2017,0.47,Passaic County,Prospect Park Borough,-74.174695,40.93824,34031203600
Census Tract 1828,34031182800,3805,1526,0.24,Passaic County,Paterson City,-74.162,40.905073,34031182800
Census Tract 4,34017000400,3973,1549,0.18,Hudson County,Jersey City,-74.058788,40.749645,34017000400
Census Tract 8095.03,34025809503,7162,2556,5.79,Monmouth County,Marlboro Township,-74.245811,40.376616,34025809503
Census Tract 8074.01,34025807401,1178,1462,0.2,Monmouth County,Neptune Township,-74.004006,40.211859,34025807401
Census Tract 8126,34025812600,5634,2337,3.68,Monmouth County,Eatontown Borough; Tinton Falls Borough,-74.085372,40.313301,34025812600
Census Tract 8085.01,34025808501,3569,1510,1.94,Monmouth County,Wall Township,-74.053696,40.173422,34025808501
Census Tract 8048.01,34025804801,7330,3361,6.82,Monmouth County,Tinton Falls Borough,-74.104386,40.245952,34025804801
Census Tract 5,34017000500,4317,1720,0.09,Hudson County,Jersey City,-74.051155,40.750103,34017000500
Census Tract 6004,34007600400,2910,1191,0.33,Camden County,Camden City,-75.117906,39.932704,34007600400
Census Tract 8102.01,34025810201,6325,1961,9.95,Monmouth County,Manalapan Township,-74.354792,40.251866,34025810201
Census Tract 8102.02,34025810202,6821,2749,7.84,Monmouth County,Manalapan Township,-74.36943,40.279807,34025810202
Census Tract 79.05,34023007905,2320,803,0.67,Middlesex County,Old Bridge Township,-74.305237,40.449259,34023007905
Census Tract 8048.02,34025804802,2817,2038,2.4,Monmouth County,Tinton Falls Borough,-74.080523,40.244483,34025804802
Census Tract 8095.04,34025809504,2575,753,5.17,Monmouth County,Marlboro Township,-74.224515,40.35412,34025809504
Census Tract 166,34013016600,2909,1342,0.26,Essex County,Montclair Township,-74.214906,40.820118,34013016600
Census Tract 7,34017000700,3609,1567,0.09,Hudson County,Jersey City,-74.046757,40.745892,34017000700
Census Tract 8,34017000800,4075,1913,0.13,Hudson County,Jersey City,-74.045048,40.744165,34017000800
Census Tract 11,34017001100,5345,2252,0.19,Hudson County,Jersey City,-74.054086,40.740822,34017001100
Census Tract 153,34013015300,3017,1427,0.46,Essex County,Bloomfield Township,-74.181086,40.803783,34013015300
Census Tract 2568.01,34031256801,4845,2164,5.85,Passaic County,West Milford Township,-74.388772,41.174438,34031256801
Census Tract 12.02,34017001202,1268,603,0.09,Hudson County,Jersey City,-74.055152,40.732144,34017001202
Census Tract 13,34017001300,2624,1237,0.13,Hudson County,Jersey City,-74.047039,40.738329,34017001300
Census Tract 18,34017001800,3965,1669,0.08,Hudson County,Jersey City,-74.070101,40.734376,34017001800
Census Tract 19,34017001900,2684,1520,0.09,Hudson County,Jersey City,-74.061137,40.733148,34017001900
Census Tract 7312.05,34029731205,3614,2200,1.63,Ocean County,Berkeley Township,-74.230851,39.954205,34029731205
Census Tract 423.02,34027042302,3629,1546,1.94,Morris County,Morris Plains Borough,-74.478194,40.836484,34027042302
Census Tract 6083.04,34007608304,6107,2890,1.74,Camden County,Gloucester Township,-75.060887,39.818701,34007608304
Census Tract 6082.11,34007608211,6367,2726,2.28,Camden County,Gloucester Township,-75.024218,39.789333,34007608211
Census Tract 214,34009021400,3527,5470,1.32,Cape May County,West Wildwood Borough; Wildwood City,-74.810397,38.990628,34009021400
Census Tract 7135,34029713500,3006,1398,1.29,Ocean County,Brick Township,-74.119716,40.065075,34029713500
Census Tract 201.01,34009020101,3556,5155,0.79,Cape May County,Ocean City,-74.567056,39.282643,34009020101
Census Tract 214,34013021400,6940,2679,1.95,Essex County,Cedar Grove Township,-74.222534,40.84983,34013021400
Census Tract 218.04,34009021804,5641,3190,4.9,Cape May County,Lower Township,-74.918534,39.017705,34009021804
Census Tract 79,34013007900,4339,1970,0.18,Essex County,Newark City,-74.162138,40.73195,34013007900
Census Tract 80,34013008000,2921,1509,0.33,Essex County,Newark City,-74.169215,40.733693,34013008000
Census Tract 88,34013008800,2009,714,0.06,Essex County,Newark City,-74.172552,40.753146,34013008800
Census Tract 7175.01,34029717501,7920,3074,2.96,Ocean County,Jackson Township,-74.272368,40.110782,34029717501
Census Tract 213,34009021300,3621,8984,1.73,Cape May County,North Wildwood City; Stone Harbor Borough,-74.798094,39.005921,34009021300
Census Tract 204,34009020400,3052,1154,33.22,Cape May County,Upper Township,-74.768009,39.266802,34009020400
Census Tract 207,34009020700,4257,1845,23.26,Cape May County,Dennis Township,-74.766758,39.165417,34009020700
Census Tract 206,34009020600,2028,839,37.16,Cape May County,Dennis Township,-74.868921,39.235244,34009020600
Census Tract 201.02,34009020102,2124,3930,0.66,Cape May County,Ocean City,-74.583192,39.274547,34009020102
Census Tract 112.03,34019011203,4606,1658,13.07,Hunterdon County,Readington Township,-74.762877,40.575572,34019011203
Census Tract 7133,34029713300,4259,2493,1.06,Ocean County,Brick Township,-74.132519,40.085885,34029713300
Census Tract 29,34017002900,3990,1685,0.08,Hudson County,Jersey City,-74.06847,40.728395,34017002900
Census Tract 7156,34029715600,10459,2097,0.91,Ocean County,Lakewood Township,-74.210905,40.079366,34029715600
Census Tract 7171.02,34029717102,4980,2160,3.01,Ocean County,Jackson Township,-74.29985,40.132148,34029717102
Census Tract 63.02,34003006302,4186,1941,0.16,Bergen County,Cliffside Park Borough,-73.990125,40.813332,34003006302
Census Tract 8,34013000800,4621,1562,0.15,Essex County,Newark City,-74.185971,40.761048,34013000800
Census Tract 14,34013001400,3528,1372,0.13,Essex County,Newark City,-74.198217,40.743295,34013001400
Census Tract 183.01,34017018301,3180,1497,0.12,Hudson County,Hoboken City,-74.023079,40.740141,34017018301
Census Tract 201,34017020100,4256,1902,1.6,Hudson County,Secaucus Town,-74.080689,40.768708,34017020100
Census Tract 6.08,34023000608,1609,649,0.28,Middlesex County,Piscataway Township,-74.461441,40.53151,34023000608
Census Tract 191,34013019100,4202,1355,0.85,Essex County,South Orange Village,-74.246564,40.749498,34013019100
Census Tract 6080.01,34007608001,3403,1477,0.69,Camden County,Stratford Borough,-75.009829,39.833084,34007608001
Census Tract 6090,34007609000,1536,625,1.72,Camden County,Chesilhurst Borough,-74.877166,39.731185,34007609000
Census Tract 62.06,34023006206,1977,673,1.6,Middlesex County,North Brunswick Township,-74.452347,40.459212,34023006206
Census Tract 62.07,34023006207,7294,2542,1.55,Middlesex County,North Brunswick Township,-74.476007,40.45154,34023006207
Census Tract 6106,34007610600,1459,797,0.71,Camden County,Pennsauken Township,-75.074509,39.931277,34007610600
Census Tract 50,34003005000,6372,2563,3.95,Bergen County,Carlstadt Borough,-74.060728,40.828022,34003005000
Census Tract 402,34027040200,7121,2614,2.8,Morris County,Pequannock Township,-74.290461,40.960118,34027040200
Census Tract 446.02,34027044602,5566,2189,16.58,Morris County,Jefferson Township,-74.535076,41.034987,34027044602
Census Tract 211.01,34033021101,4567,1792,19.11,Salem County,Pittsgrove Township,-75.163359,39.559155,34033021101
Census Tract 434.01,34027043401,7151,2771,3.05,Morris County,Morris Township,-74.502902,40.820619,34027043401
Census Tract 445.04,34027044504,4124,1646,1.63,Morris County,Rockaway Township,-74.539127,40.902876,34027044504
Census Tract 408.05,34027040805,6182,2158,4.01,Morris County,Montville Township,-74.348631,40.905183,34027040805
Census Tract 126.02,34001012602,1474,570,1.11,Atlantic County,Linwood City,-74.573924,39.332057,34001012602
Census Tract 504,34035050400,3200,1409,0.84,Somerset County,Somerville Borough,-74.616247,40.563097,34035050400
Census Tract 505,34035050500,3538,1537,0.45,Somerset County,Raritan Borough,-74.6317,40.568693,34035050500
Census Tract 7225,34029722500,1277,4034,0.92,Ocean County,Toms River Township,-74.077737,39.992743,34029722500
Census Tract 8036.02,34025803602,2743,1444,0.36,Monmouth County,Red Bank Borough,-74.057984,40.351751,34025803602
Census Tract 535.01,34035053501,6058,3059,7.3,Somerset County,Franklin Township,-74.565639,40.527195,34035053501
Census Tract 452,34027045200,4015,1523,2.94,Morris County,Mine Hill Township,-74.595077,40.881922,34027045200
Census Tract 419.01,34027041901,6023,2110,3.84,Morris County,East Hanover Township,-74.351389,40.833958,34027041901
Census Tract 454.02,34027045402,5106,2049,3.19,Morris County,Roxbury Township,-74.665418,40.907884,34027045402
Census Tract 7027.01,34005702701,2917,1169,3.36,Burlington County,Westampton Township,-74.84871,40.01429,34005702701
Census Tract 7042.01,34005704201,5303,2105,2.56,Burlington County,Bordentown Township,-74.692121,40.134419,34005704201
Census Tract 9822,34005982200,3855,519,5.95,Burlington County,New Hanover Township; Springfield Township; Wrightstown Borough,-74.630047,40.015922,34005982200
Census Tract 421,34027042100,4173,1668,3.6,Morris County,Hanover Township,-74.418304,40.806985,34027042100
Census Tract 407.02,34027040702,4287,1570,9.56,Morris County,Kinnelon Borough,-74.405204,40.993732,34027040702
Census Tract 444.04,34027044404,4193,1475,1.01,Morris County,Rockaway Township,-74.515302,40.915262,34027044404
Census Tract 444.01,34027044401,5242,2220,33.03,Morris County,Rockaway Township,-74.484113,40.97533,34027044401
Census Tract 444.03,34027044403,5080,1835,2.95,Morris County,Rockaway Township,-74.512955,40.924863,34027044403
Census Tract 446.01,34027044601,4639,1820,6.8,Morris County,Jefferson Township,-74.498941,41.017018,34027044601
Census Tract 418.03,34027041803,5092,1621,6.22,Morris County,Parsippany-Troy Hills Township,-74.389574,40.844697,34027041803
Census Tract 407.01,34027040701,5679,2001,8.48,Morris County,Kinnelon Borough,-74.364051,40.975174,34027040701
Census Tract 453,34027045300,4521,1788,7.57,Morris County,Roxbury Township,-74.614985,40.900483,34027045300
Census Tract 413,34027041300,4999,2068,4.8,Morris County,Denville Township,-74.47047,40.913585,34027041300
Census Tract 30.04,34021003004,5811,2527,1.6,Mercer County,Hamilton Township,-74.686571,40.196339,34021003004
Census Tract 6013,34007601300,5330,1931,0.56,Camden County,Camden City,-75.094217,39.941443,34007601300
Census Tract 5012.05,34015501205,3542,1391,2.93,Gloucester County,Washington Township,-75.036237,39.730048,34015501205
Census Tract 5014.02,34015501402,5009,1783,3.83,Gloucester County,Glassboro Borough,-75.094074,39.692797,34015501402
Census Tract 130.04,34003013004,3551,1817,0.21,Bergen County,Edgewater Borough,-73.98513,40.814113,34003013004
Census Tract 211.01,34003021101,4437,1723,0.24,Bergen County,Garfield City,-74.109283,40.889179,34003021101
Census Tract 421.02,34003042102,4698,1509,0.94,Bergen County,Paramus Borough,-74.052396,40.945355,34003042102
Census Tract 454.03,34027045403,3435,1720,1.15,Morris County,Mount Arlington Borough,-74.63964,40.904738,34027045403
Census Tract 107.01,34019010701,6507,1917,18.77,Hunterdon County,Union Township,-74.98387,40.631739,34019010701
Census Tract 113.04,34019011304,3549,1183,4.22,Hunterdon County,Raritan Township,-74.806852,40.4988,34019011304
Census Tract 233.01,34003023301,2932,1064,0.42,Bergen County,Hackensack City,-74.051761,40.904849,34003023301
Census Tract 48.02,34013004802,4113,1751,1.19,Essex County,Newark City,-74.203141,40.699711,34013004802
Census Tract 52,34013005200,1607,579,0.1,Essex County,Newark City,-74.213343,40.718958,34013005200
Census Tract 218.02,34013021802,3705,1525,2.87,Essex County,West Caldwell Township,-74.296076,40.854265,34013021802
Census Tract 169,34013016900,2879,1111,0.86,Essex County,Montclair Township,-74.229094,40.810103,34013016900
Census Tract 7.01,34023000701,3642,1418,1.66,Middlesex County,Piscataway Township,-74.502721,40.551796,34023000701
Census Tract 7.02,34023000702,5863,1985,3.04,Middlesex County,Piscataway Township,-74.486507,40.534437,34023000702
Census Tract 8.01,34023000801,3762,1296,0.71,Middlesex County,South Plainfield Borough,-74.436682,40.589856,34023000801
Census Tract 8087.01,34025808701,5125,2138,5.65,Monmouth County,Wall Township,-74.076563,40.143765,34025808701
Census Tract 202,34003020200,6750,2344,5.6,Bergen County,Franklin Lakes Borough,-74.217331,40.999397,34003020200
Census Tract 8125.02,34025812502,5012,1705,19.62,Monmouth County,Millstone Township; Roosevelt Borough,-74.450995,40.199069,34025812502
Census Tract 8062.02,34025806202,4548,1829,1.67,Monmouth County,West Long Branch Borough,-74.019521,40.29407,34025806202
Census Tract 8089.02,34025808902,2464,1401,0.4,Monmouth County,Spring Lake Heights Borough,-74.042527,40.16029,34025808902
Census Tract 8082.02,34025808202,1632,1532,0.24,Monmouth County,Bradley Beach Borough,-74.007835,40.203466,34025808202
Census Tract 8124,34025812400,2424,1848,1.85,Monmouth County,Allenhurst Borough; Deal Borough; Interlaken Borough; Loch Arbour Village,-73.999882,40.246939,34025812400
Census Tract 8032.02,34025803202,6116,2049,4.73,Monmouth County,Holmdel Township,-74.164129,40.394053,34025803202
Census Tract 539.04,34035053904,3622,1144,4.31,Somerset County,Montgomery Township,-74.638211,40.436849,34035053904
Census Tract 536.04,34035053604,3750,1624,5.16,Somerset County,Branchburg Township,-74.691987,40.609847,34035053604
Census Tract 6032.02,34007603202,2693,1431,1.58,Camden County,Cherry Hill Township,-75.048577,39.927179,34007603202
Census Tract 6092.07,34007609207,4714,1659,5.19,Camden County,Winslow Township,-74.959309,39.752652,34007609207
Census Tract 82.09,34023008209,3719,1289,1.21,Middlesex County,Monroe Township,-74.379772,40.371577,34023008209
Census Tract 83,34023008300,5783,2228,0.88,Middlesex County,Jamesburg Borough,-74.442065,40.351678,34023008300
Census Tract 6002,34007600200,1876,817,0.45,Camden County,Camden City,-75.108775,39.936403,34007600200
Census Tract 61.02,34003006102,3278,1306,0.16,Bergen County,Cliffside Park Borough,-73.989849,40.82667,34003006102
Census Tract 154.02,34003015402,3282,1743,0.54,Bergen County,Englewood City,-73.984074,40.882772,34003015402
Census Tract 541,34035054100,7934,2952,4.83,Somerset County,Bernards Township,-74.558236,40.67434,34035054100
Census Tract 529.04,34035052904,2275,959,24.69,Somerset County,Bedminster Township,-74.677813,40.673115,34035052904
Census Tract 536.03,34035053603,4804,1882,4.37,Somerset County,Branchburg Township,-74.698701,40.57951,34035053603
Census Tract 542.02,34035054202,6266,2128,16.45,Somerset County,Montgomery Township,-74.703438,40.435368,34035054202
Census Tract 542.01,34035054201,7173,2793,8.19,Somerset County,Montgomery Township,-74.69169,40.398624,34035054201
Census Tract 537.07,34035053707,3875,1227,5.94,Somerset County,Hillsborough Township,-74.689203,40.529269,34035053707
Census Tract 522.04,34035052204,4948,1687,6.49,Somerset County,Warren Township,-74.543699,40.637591,34035052204
Census Tract 68,34023006800,4661,1694,0.97,Middlesex County,South River Borough,-74.386271,40.45289,34023006800
Census Tract 6104,34007610400,4532,1555,0.43,Camden County,Camden City,-75.118972,39.941598,34007610400
Census Tract 85.01,34023008501,5106,2061,3.58,Middlesex County,South Brunswick Township,-74.533723,40.40576,34023008501
Census Tract 561,34003056100,4754,1674,0.72,Bergen County,Waldwick Borough,-74.112774,41.012634,34003056100
Census Tract 69,34023006900,3565,1271,0.37,Middlesex County,South River Borough,-74.376709,40.449262,34023006900
Census Tract 72,34013007200,4002,1432,0.08,Essex County,Newark City,-74.153846,40.724113,34013007200
Census Tract 73,34013007300,5338,2058,0.16,Essex County,Newark City,-74.150078,40.727527,34013007300
Census Tract 2462.02,34031246202,5332,1810,1.45,Passaic County,Wayne Township,-74.256798,40.940474,34031246202
Census Tract 85.04,34023008504,7460,2950,5.44,Middlesex County,South Brunswick Township,-74.577449,40.377627,34023008504
Census Tract 49,34023004900,5451,2011,0.23,Middlesex County,Perth Amboy City,-74.266035,40.507403,34023004900
Census Tract 6103,34007610300,2662,1258,0.72,Camden County,Camden City,-75.130362,39.939928,34007610300
Census Tract 410.02,34011041002,3436,1340,9.45,Cumberland County,Vineland City,-75.05554,39.450003,34011041002
Census Tract 9900,34025990000,0,0,0,Monmouth County,,-73.931836,40.3094,34025990000
Census Tract 511,34003051100,6416,2468,0.6,Bergen County,Rutherford Borough,-74.114958,40.837842,34003051100
Census Tract 9900,34029990000,0,0,0,Ocean County,,-74.059014,39.787914,34029990000
Census Tract 7321.04,34029732104,4154,2218,2.23,Ocean County,Lacey Township,-74.119093,39.835991,34029732104
Census Tract 7350.01,34029735001,7043,2839,1.62,Ocean County,Stafford Township,-74.288794,39.743057,34029735001
Census Tract 66.05,34023006605,4089,1565,1.87,Middlesex County,East Brunswick Township,-74.435969,40.40763,34023006605
Census Tract 66.07,34023006607,2905,947,1.02,Middlesex County,East Brunswick Township,-74.397759,40.411099,34023006607
Census Tract 66.08,34023006608,3917,1594,0.91,Middlesex County,East Brunswick Township,-74.397767,40.427039,34023006608
Census Tract 7130,34029713000,4139,1880,1.11,Ocean County,Brick Township,-74.09725,40.085278,34029713000
Census Tract 27.03,34023002703,7097,3028,0.82,Middlesex County,Woodbridge Township,-74.278113,40.5778,34023002703
Census Tract 29.01,34023002901,3086,1252,0.82,Middlesex County,Woodbridge Township,-74.267723,40.561,34023002901
Census Tract 450,34027045000,5282,1819,0.96,Morris County,Dover Town,-74.561503,40.893664,34027045000
Census Tract 451,34027045100,7241,2736,2.08,Morris County,Wharton Borough,-74.582351,40.900542,34027045100
Census Tract 62.05,34023006205,7332,2923,1.48,Middlesex County,North Brunswick Township,-74.507828,40.44992,34023006205
Census Tract 6112,34007611200,4505,1734,1.1,Camden County,Hi-Nella Borough; Stratford Borough,-75.025976,39.830736,34007611200
Census Tract 6114,34007611400,4582,1684,3,Camden County,Pine Hill Borough,-74.970244,39.783608,34007611400
Census Tract 372.03,34003037203,3928,1360,0.69,Bergen County,New Milford Borough,-74.023083,40.922731,34003037203
Census Tract 211.02,34003021102,2664,1019,0.17,Bergen County,Garfield City,-74.108716,40.884524,34003021102
Census Tract 232.01,34003023201,3927,1887,0.23,Bergen County,Hackensack City,-74.044932,40.898941,34003023201
Census Tract 7160,34029716000,4189,3090,1.71,Ocean County,Lakewood Township,-74.168507,40.039842,34029716000
Census Tract 4.01,34023000401,3839,1250,0.86,Middlesex County,Piscataway Township,-74.469914,40.577012,34023000401
Census Tract 4.03,34023000403,6555,2376,0.86,Middlesex County,Piscataway Township,-74.483535,40.566782,34023000403
Census Tract 4.04,34023000404,6031,2353,0.94,Middlesex County,Piscataway Township,-74.461896,40.56957,34023000404
Census Tract 312,34003031200,4731,2002,0.41,Bergen County,Lyndhurst Township,-74.124755,40.816151,34003031200
Census Tract 421.01,34003042101,3155,1101,0.81,Bergen County,Paramus Borough,-74.054983,40.933978,34003042101
Census Tract 532.01,34003053201,4770,1619,2.8,Bergen County,Upper Saddle River Borough,-74.084692,41.060047,34003053201
Census Tract 481,34003048100,4355,1753,0.63,Bergen County,River Edge Borough,-74.03462,40.925496,34003048100
Census Tract 321.03,34003032103,4724,2546,1.82,Bergen County,Mahwah Township,-74.160106,41.081898,34003032103
Census Tract 118.06,34001011806,7947,2788,4.31,Atlantic County,Egg Harbor Township,-74.603308,39.36671,34001011806
Census Tract 29.04,34021002904,5214,2103,2.93,Mercer County,Hamilton Township,-74.67614,40.25286,34021002904
Census Tract 7227.01,34029722701,4562,1669,2.32,Ocean County,Toms River Township,-74.164911,39.987833,34029722701
Census Tract 7228,34029722800,5150,1979,1.17,Ocean County,Toms River Township,-74.191049,39.974896,34029722800
Census Tract 104,34019010400,4537,1777,21.62,Hunterdon County,Bethlehem Township; Bloomsbury Borough,-75.01036,40.668549,34019010400
Census Tract 101,34019010100,5870,2386,31.65,Hunterdon County,Tewksbury Township,-74.778487,40.684124,34019010100
Census Tract 110.01,34019011001,6475,2045,12.17,Hunterdon County,Clinton Township,-74.845915,40.665166,34019011001
Census Tract 107.02,34019010702,3267,1257,23.04,Hunterdon County,Franklin Township,-74.932261,40.567436,34019010702
Census Tract 116,34019011600,5055,2207,37.2,Hunterdon County,Delaware Township; Stockton Borough,-74.94143,40.448053,34019011600
Census Tract 145.01,34017014501,6312,2245,0.18,Hudson County,North Bergen Township,-74.018616,40.799207,34017014501
Census Tract 449,34027044900,5842,1888,0.89,Morris County,Dover Town,-74.567284,40.87959,34027044900
Census Tract 108.02,34019010802,1665,828,0.9,Hunterdon County,Lebanon Borough,-74.833026,40.641471,34019010802
Census Tract 113.01,34019011301,7405,2687,16.82,Hunterdon County,Raritan Township,-74.880521,40.541606,34019011301
Census Tract 105,34019010500,5177,2099,23.47,Hunterdon County,Holland Township,-75.123927,40.598035,34019010500
Census Tract 118,34019011800,3005,1209,21.65,Hunterdon County,West Amwell Township,-74.887343,40.38225,34019011800
Census Tract 7112,34029711200,4282,1792,0.78,Ocean County,Point Pleasant Borough,-74.078284,40.088159,34029711200
Census Tract 302,34039030200,3895,1184,0.15,Union County,Elizabeth City,-74.192634,40.656741,34039030200
Census Tract 304,34039030400,6854,2219,0.21,Union County,Elizabeth City,-74.187933,40.652036,34039030400
Census Tract 306,34039030600,3730,1385,0.65,Union County,Elizabeth City,-74.20221,40.641309,34039030600
Census Tract 3736,34037373600,2792,1095,12.41,Sussex County,Andover Township,-74.744803,41.030713,34037373600
Census Tract 218.03,34013021803,4660,1709,0.88,Essex County,West Caldwell Township,-74.274055,40.8512,34013021803
Census Tract 104,34013010400,5149,2569,0.23,Essex County,East Orange City,-74.210179,40.77171,34013010400
Census Tract 7137,34029713700,2559,1313,0.78,Ocean County,Brick Township,-74.087235,40.065086,34029713700
Census Tract 416.06,34027041606,3913,1894,0.72,Morris County,Parsippany-Troy Hills Township,-74.488971,40.850543,34027041606
Census Tract 320.03,34039032003,3875,1285,0.18,Union County,Elizabeth City,-74.232493,40.661631,34039032003
Census Tract 393.01,34039039301,3697,1030,0.19,Union County,Plainfield City,-74.427541,40.613543,34039039301
Census Tract 316.02,34039031602,5768,2154,0.33,Union County,Elizabeth City,-74.208468,40.685499,34039031602
Census Tract 389,34039038900,5982,1955,0.43,Union County,Plainfield City,-74.411217,40.628946,34039038900
Census Tract 82.14,34023008214,10076,3610,8.74,Middlesex County,Monroe Township,-74.462837,40.277361,34023008214
Census Tract 88.01,34023008801,5364,632,2.39,Middlesex County,Piscataway Township,-74.440895,40.521528,34023008801
Census Tract 62.09,34023006209,2683,924,1.52,Middlesex County,North Brunswick Township,-74.48578,40.428041,34023006209
Census Tract 391,34039039100,3281,1289,0.86,Union County,Plainfield City,-74.396339,40.621569,34039039100
Census Tract 392,34039039200,5838,1876,0.51,Union County,Plainfield City,-74.407848,40.618599,34039039200
Census Tract 78.05,34023007805,4444,1462,0.73,Middlesex County,Old Bridge Township,-74.319891,40.392271,34023007805
Census Tract 78.06,34023007806,4078,1482,0.83,Middlesex County,Old Bridge Township,-74.330049,40.403426,34023007806
Census Tract 1.01,34023000101,3132,1117,0.69,Middlesex County,Middlesex Borough,-74.513155,40.576458,34023000101
Census Tract 82.12,34023008212,4334,1182,6.17,Middlesex County,Monroe Township,-74.398763,40.344527,34023008212
Census Tract 14.19,34023001419,2497,997,0.32,Middlesex County,Edison Township,-74.334362,40.559808,34023001419
Census Tract 62.08,34023006208,7190,2519,1.88,Middlesex County,North Brunswick Township,-74.503345,40.431492,34023006208
Census Tract 105,34017010500,5712,2434,0.38,Hudson County,Bayonne City; Newark City,-74.118541,40.681817,34017010500
Census Tract 108,34017010800,3688,1462,1.75,Hudson County,Bayonne City,-74.089006,40.657029,34017010800
Census Tract 82.10,34023008210,4158,1413,4.14,Middlesex County,Monroe Township,-74.434028,40.35952,34023008210
Census Tract 82.11,34023008211,6157,1820,3.1,Middlesex County,Monroe Township,-74.403581,40.367798,34023008211
Census Tract 5.04,34023000504,4690,2048,0.34,Middlesex County,Piscataway Township,-74.44083,40.566824,34023000504
Census Tract 45.02,34023004502,3880,1240,1.1,Middlesex County,Perth Amboy City,-74.25733,40.529499,34023004502
Census Tract 27.01,34023002701,5705,2098,0.79,Middlesex County,Woodbridge Township,-74.287688,40.583245,34023002701
Census Tract 7224.01,34029722401,5194,2289,1.27,Ocean County,Toms River Township,-74.103451,40.008932,34029722401
Census Tract 117.03,34001011703,5392,1715,3.03,Atlantic County,Egg Harbor Township,-74.603828,39.420807,34001011703
Census Tract 117.04,34001011704,4737,1797,1.87,Atlantic County,Egg Harbor Township,-74.587433,39.426235,34001011704
Census Tract 7158,34029715800,12984,2756,4.87,Ocean County,Lakewood Township,-74.189133,40.063744,34029715800
Census Tract 7170.01,34029717001,3225,919,1.05,Ocean County,Jackson Township,-74.253826,40.136089,34029717001
Census Tract 7222,34029722200,2546,1710,1.34,Ocean County,Toms River Township,-74.171423,40.023856,34029722200
Census Tract 7138,34029713800,3272,1580,2.68,Ocean County,Brick Township,-74.081587,40.043187,34029713800
Census Tract 65,34023006500,7351,2417,2,Middlesex County,East Brunswick Township,-74.413428,40.430926,34023006500
Census Tract 66.01,34023006601,2395,853,4.24,Middlesex County,East Brunswick Township,-74.458012,40.427355,34023006601
Census Tract 367,34039036700,6071,2277,0.93,Union County,Westfield Town,-74.343758,40.642421,34039036700
Census Tract 82.13,34023008213,5609,2349,12.53,Middlesex County,Monroe Township,-74.411335,40.299041,34023008213
Census Tract 113,34013011300,4225,1890,0.2,Essex County,East Orange City,-74.220843,40.764137,34013011300
Census Tract 118,34013011800,2442,995,0.12,Essex County,East Orange City,-74.224254,40.748038,34013011800
Census Tract 7240,34029724000,3643,1141,1.16,Ocean County,South Toms River Borough,-74.210218,39.941068,34029724000
Census Tract 368,34039036800,7844,2718,1.72,Union County,Westfield Town,-74.334461,40.635367,34039036800
Census Tract 384,34039038400,6115,2306,1.76,Union County,Scotch Plains Township,-74.400169,40.659525,34039038400
Census Tract 386.02,34039038602,4241,1345,3.01,Union County,Scotch Plains Township,-74.378374,40.618681,34039038602
Census Tract 370,34039037000,6048,2177,1.14,Union County,Cranford Township,-74.298179,40.666045,34039037000
Census Tract 29.02,34023002902,2720,1160,0.37,Middlesex County,Woodbridge Township,-74.27945,40.555256,34023002902
Census Tract 64.03,34023006403,2733,879,2.36,Middlesex County,East Brunswick Township,-74.396685,40.474898,34023006403
Census Tract 79.07,34023007907,3153,1420,1.12,Middlesex County,Old Bridge Township,-74.294766,40.427674,34023007907
Census Tract 385,34039038500,6136,2084,1.22,Union County,Scotch Plains Township,-74.381941,40.656873,34039038500
Census Tract 390,34039039000,4609,1459,0.39,Union County,Plainfield City,-74.412861,40.623883,34039039000
Census Tract 105.03,34001010503,7549,3319,3.48,Atlantic County,Galloway Township,-74.503152,39.491014,34001010503
Census Tract 108,34001010800,3091,1244,7.35,Atlantic County,Hammonton Town,-74.776791,39.683724,34001010800
Census Tract 7201.05,34029720105,3255,1692,23.06,Ocean County,Manchester Township,-74.344813,39.989158,34029720105
Census Tract 231,34003023100,4026,1854,0.99,Bergen County,Hackensack City,-74.037025,40.896179,34003023100
Census Tract 121,34013012100,4429,1503,0.14,Essex County,Irvington Township,-74.245243,40.722266,34013012100
Census Tract 122,34013012200,6531,2304,0.23,Essex County,Irvington Township,-74.240626,40.726742,34013012200
Census Tract 7340.04,34029734004,5109,2513,20.74,Ocean County,Barnegat Township,-74.358152,39.785069,34029734004
Census Tract 7330.02,34029733002,3348,1850,17.27,Ocean County,Ocean Township,-74.292622,39.799789,34029733002
Census Tract 7320.04,34029732004,4846,2023,3.94,Ocean County,Lacey Township,-74.212222,39.830235,34029732004
Census Tract 7330.01,34029733001,5481,2864,2.88,Ocean County,Long Beach Township; Ocean Township,-74.168765,39.782926,34029733001
Census Tract 323,34039032300,2477,915,0.8,Union County,Hillside Township,-74.233391,40.700222,34039032300
Census Tract 101,34017010100,6695,2787,0.41,Hudson County,Bayonne City; Newark City,-74.111782,40.691807,34017010100
Census Tract 109,34017010900,2700,1396,0.11,Hudson County,Bayonne City,-74.118969,40.660625,34017010900
Census Tract 110,34017011000,2543,1050,0.08,Hudson County,Bayonne City,-74.120831,40.662831,34017011000
Census Tract 125,34017012500,3900,1438,0.34,Hudson County,Kearny Town,-74.149587,40.772155,34017012500
Census Tract 126,34017012600,3846,1413,0.17,Hudson County,Kearny Town,-74.142821,40.770984,34017012600
Census Tract 6088,34007608800,5867,2374,3.34,Camden County,Berlin Township,-74.922993,39.802526,34007608800
Census Tract 2461.04,34031246104,3189,1366,1.32,Passaic County,Wayne Township,-74.226528,40.920068,34031246104
Census Tract 2462.01,34031246201,6327,1989,2.04,Passaic County,Wayne Township,-74.263519,40.958328,34031246201
Census Tract 304.02,34011030402,3811,1624,11.69,Cumberland County,Millville City,-75.087805,39.422463,34011030402
Census Tract 406.01,34011040601,3094,1344,1.58,Cumberland County,Vineland City,-75.00377,39.468761,34011040601
Census Tract 5016.04,34015501604,7438,2748,3.53,Gloucester County,Monroe Township,-74.978505,39.678411,34015501604
Census Tract 5017.02,34015501702,2473,986,19.88,Gloucester County,Franklin Township,-74.973234,39.596491,34015501702
Census Tract 107.01,34011010701,4211,1668,20.12,Cumberland County,Upper Deerfield Township,-75.203449,39.504412,34011010701
Census Tract 205.03,34011020503,4304,1364,1.74,Cumberland County,Bridgeton City,-75.221519,39.415687,34011020503
Census Tract 107.02,34011010702,3434,1380,11.12,Cumberland County,Upper Deerfield Township,-75.231295,39.47114,34011010702
Census Tract 34.01,34003003401,2983,868,0.29,Bergen County,Bergenfield Borough,-74.012362,40.917308,34003003401
Census Tract 6085.03,34007608503,2882,1308,0.96,Camden County,Pine Hill Borough,-75.004564,39.795721,34007608503
Census Tract 6085.04,34007608504,3300,1654,0.91,Camden County,Pine Hill Borough,-75.002599,39.786723,34007608504
Census Tract 6086,34007608600,5338,2394,1.89,Camden County,Clementon Borough,-74.984683,39.804167,34007608600
Census Tract 410.01,34011041001,4057,1718,22.86,Cumberland County,Vineland City,-74.962094,39.431763,34011041001
Census Tract 304.01,34003030401,3495,1454,0.2,Bergen County,Lodi Borough,-74.085874,40.866642,34003030401
Census Tract 10.02,34003001002,3485,1276,1.57,Bergen County,Allendale Borough,-74.142286,41.032303,34003001002
Census Tract 6087,34007608700,7489,2981,3.59,Camden County,Berlin Borough,-74.937337,39.792879,34007608700
Census Tract 461.09,34027046109,3312,1080,3.52,Morris County,Mount Olive Township,-74.714708,40.873283,34027046109
Census Tract 411.02,34011041102,3347,1086,0.38,Cumberland County,Vineland City,-75.027379,39.482175,34011041102
Census Tract 171.02,34003017102,2190,866,0.24,Bergen County,Fair Lawn Borough,-74.106463,40.940591,34003017102
Census Tract 63.01,34003006301,4597,1687,0.12,Bergen County,Cliffside Park Borough,-73.993631,40.812751,34003006301
Census Tract 128.02,34001012802,1718,1146,1,Atlantic County,Egg Harbor Township; Somers Point City,-74.608829,39.305846,34001012802
Census Tract 37,34013003700,2656,979,0.13,Essex County,Newark City,-74.209604,40.728475,34013003700
Census Tract 43,34013004300,3207,1163,0.15,Essex County,Newark City,-74.218048,40.71857,34013004300
Census Tract 76,34013007600,3304,1341,0.08,Essex County,Newark City,-74.15557,40.730122,34013007600
Census Tract 108,34013010800,2712,993,0.1,Essex County,East Orange City,-74.197065,40.759963,34013010800
Census Tract 132,34013013200,3428,1466,0.13,Essex County,Irvington Township,-74.217043,40.731854,34013013200
Census Tract 159,34013015900,6041,2270,0.35,Essex County,Bloomfield Township,-74.190874,40.774234,34013015900
Census Tract 200,34013020000,6212,1892,3.53,Essex County,Millburn Township,-74.350752,40.742343,34013020000
Census Tract 130,34001013000,3152,3091,0.79,Atlantic County,Margate City,-74.498904,39.331149,34001013000
Census Tract 311,34003031100,6652,2976,3.16,Bergen County,Lyndhurst Township,-74.100093,40.789707,34003031100
Census Tract 101.01,34001010101,2977,2724,4.19,Atlantic County,Brigantine City,-74.367177,39.423324,34001010101
Census Tract 116,34001011600,4753,2203,72.91,Atlantic County,Corbin City; Estell Manor City; Weymouth Township,-74.78675,39.367355,34001011600
Census Tract 104.03,34001010403,7313,2305,3.56,Atlantic County,Galloway Township,-74.545015,39.463073,34001010403
Census Tract 19,34001001900,1324,1026,0.11,Atlantic County,Atlantic City,-74.410922,39.363164,34001001900
Census Tract 118.03,34001011803,5691,2578,2.78,Atlantic County,Egg Harbor Township,-74.582297,39.368946,34001011803
Census Tract 331,34003033100,3851,1422,0.48,Bergen County,Maywood Borough,-74.05979,40.909876,34003033100
Census Tract 482,34003048200,7694,2584,1.21,Bergen County,River Edge Borough,-74.043238,40.927414,34003048200
Census Tract 185.01,34017018501,5445,2591,0.1,Hudson County,Hoboken City,-74.034486,40.748616,34017018501
Census Tract 7132.02,34029713202,3740,1473,1.08,Ocean County,Brick Township,-74.125338,40.110122,34029713202
Census Tract 7231,34029723100,3909,1705,1.43,Ocean County,Toms River Township,-74.186476,39.95608,34029723100
Census Tract 7232,34029723200,6265,2126,1.96,Ocean County,Toms River Township,-74.168255,39.965697,34029723200
Census Tract 7233,34029723300,6679,2525,1.67,Ocean County,Toms River Township,-74.138711,39.959824,34029723300
Census Tract 34.02,34003003402,3897,1077,0.41,Bergen County,Bergenfield Borough,-74.004694,40.916486,34003003402
Census Tract 35,34003003500,4170,1513,0.55,Bergen County,Bergenfield Borough,-73.988468,40.917756,34003003500
Census Tract 70.01,34017007001,2141,1037,0.05,Hudson County,Jersey City,-74.042256,40.724168,34017007001
Census Tract 107.02,34017010702,1451,566,0.05,Hudson County,Bayonne City,-74.113764,40.666781,34017010702
Census Tract 8.02,34023000802,2812,958,0.65,Middlesex County,South Plainfield Borough,-74.424905,40.585094,34023000802
Census Tract 72.03,34023007203,4988,1971,0.83,Middlesex County,Sayreville Borough,-74.311777,40.469829,34023007203
Census Tract 58,34023005800,5884,1554,0.2,Middlesex County,New Brunswick City,-74.444848,40.484814,34023005800
Census Tract 241,34003024100,5888,2083,3.32,Bergen County,Old Tappan Borough,-73.982922,41.016744,34003024100
Census Tract 591,34003059100,5222,2294,1.15,Bergen County,Westwood Borough,-74.023943,40.989383,34003059100
Census Tract 86.01,34023008601,5423,2126,4.66,Middlesex County,Plainsboro Township,-74.608284,40.344841,34023008601
Census Tract 7270.01,34029727001,1787,3078,0.82,Ocean County,Lavallette Borough; Toms River Township,-74.080332,39.97002,34029727001
Census Tract 6116,34007611600,4592,2362,0.5,Camden County,Collingswood Borough; Haddon Township,-75.087166,39.911462,34007611600
Census Tract 8012,34025801200,3717,1221,2.47,Monmouth County,Middletown Township,-74.125915,40.362871,34025801200
Census Tract 218.05,34009021805,4146,2202,2.13,Cape May County,Lower Township,-74.938129,38.989548,34009021805
Census Tract 61.04,34023006104,4277,1538,1.17,Middlesex County,North Brunswick Township,-74.494034,40.462674,34023006104
Census Tract 7236,34029723600,2555,1129,0.8,Ocean County,Toms River Township,-74.17167,39.948173,34029723600
Census Tract 7250.01,34029725001,2922,1051,1.46,Ocean County,Beachwood Borough,-74.213279,39.92823,34029725001
Census Tract 7250.02,34029725002,5821,1981,0.88,Ocean County,Beachwood Borough,-74.198084,39.925464,34029725002
Census Tract 221.02,34009022102,7285,3540,10.22,Cape May County,Middle Township,-74.85501,39.04107,34009022102
Census Tract 9900,34011990000,0,0,0,Cumberland County,,-75.231483,39.21878,34011990000
Census Tract 210.01,34009021001,2135,1295,23.1,Cape May County,Middle Township; Stone Harbor Borough,-74.772692,39.07406,34009021001
Census Tract 221.01,34009022101,1586,754,2.96,Cape May County,Middle Township,-74.904159,39.036585,34009022101
Census Tract 55,34023005500,3618,1218,1.18,Middlesex County,New Brunswick City,-74.475052,40.479227,34023005500
Census Tract 416.03,34027041603,4431,1876,1.72,Morris County,Parsippany-Troy Hills Township,-74.419897,40.880607,34027041603
Census Tract 417.01,34027041701,6480,2684,0.61,Morris County,Parsippany-Troy Hills Township,-74.389305,40.883543,34027041701
Census Tract 418.01,34027041801,2877,1191,0.5,Morris County,Parsippany-Troy Hills Township,-74.424127,40.858777,34027041801
Census Tract 418.02,34027041802,5159,1781,1.73,Morris County,Parsippany-Troy Hills Township,-74.44251,40.848992,34027041802
Census Tract 369,34039036900,4454,2016,0.65,Union County,Garwood Borough,-74.324881,40.650198,34039036900
Census Tract 16,34023001600,5123,2000,0.55,Middlesex County,Edison Township,-74.405633,40.503595,34023001600
Census Tract 17.01,34023001701,5237,1803,1.44,Middlesex County,Edison Township,-74.376881,40.522839,34023001701
Census Tract 57,34023005700,5625,1718,0.28,Middlesex County,New Brunswick City,-74.449613,40.480527,34023005700
Census Tract 61.03,34023006103,5423,2113,1.1,Middlesex County,North Brunswick Township,-74.469424,40.462653,34023006103
Census Tract 373,34039037300,4641,1863,1.08,Union County,Cranford Township,-74.293399,40.644595,34039037300
Census Tract 374,34039037400,4511,1675,0.72,Union County,Cranford Township,-74.311347,40.644143,34039037400
Census Tract 375,34039037500,5979,2568,1.22,Union County,Springfield Township,-74.311797,40.710977,34039037500
Census Tract 376.01,34039037601,4718,1981,2.15,Union County,Springfield Township,-74.337592,40.700963,34039037601
Census Tract 371,34039037100,4373,1501,1.13,Union County,Cranford Township,-74.318239,40.666836,34039037100
Census Tract 18.03,34023001803,3328,1136,0.84,Middlesex County,Edison Township,-74.400297,40.498099,34023001803
Census Tract 18.05,34023001805,5931,2325,1.58,Middlesex County,Edison Township,-74.355055,40.520017,34023001805
Census Tract 61.01,34017006101,3954,1473,0.15,Hudson County,Jersey City,-74.101742,40.697967,34017006101
Census Tract 59.01,34017005901,3443,1231,0.1,Hudson County,Jersey City,-74.098667,40.701849,34017005901
Census Tract 70,34023007000,7892,3012,1.45,Middlesex County,South River Borough,-74.373478,40.438884,34023007000
Census Tract 71.01,34023007101,3444,1342,1.65,Middlesex County,Sayreville Borough,-74.370704,40.465622,34023007101
Census Tract 28,34017002800,5643,2429,0.11,Hudson County,Jersey City,-74.073972,40.72665,34017002800
Census Tract 423.01,34027042301,2524,981,0.61,Morris County,Morris Plains Borough,-74.486681,40.8277,34027042301
Census Tract 1.02,34017000102,3834,1437,0.09,Hudson County,Jersey City,-74.048559,40.755289,34017000102
Census Tract 185.02,34017018502,1863,979,0.04,Hudson County,Hoboken City,-74.033756,40.746964,34017018502
Census Tract 184.01,34017018401,3156,1555,0.05,Hudson County,Hoboken City,-74.03058,40.75101,34017018401
Census Tract 70.02,34017007002,2373,1322,0.05,Hudson County,Jersey City,-74.043794,40.721011,34017007002
Census Tract 106.02,34017010602,4372,1713,0.14,Hudson County,Bayonne City,-74.119528,40.669961,34017010602
Census Tract 107.01,34017010701,2603,1062,0.09,Hudson County,Bayonne City,-74.115841,40.668736,34017010701
Census Tract 31.01,34017003101,2846,1713,0.03,Hudson County,Jersey City,-74.063856,40.721665,34017003101
Census Tract 112.02,34001011202,7033,2981,41.08,Atlantic County,Buena Vista Township,-74.898064,39.511899,34001011202
Census Tract 106,34001010600,4396,1896,10.85,Atlantic County,Egg Harbor City,-74.6076,39.559257,34001010600
Census Tract 234.02,34003023402,6099,2528,0.59,Bergen County,Hackensack City,-74.060101,40.877891,34003023402
Census Tract 7015.02,34005701502,3999,1728,2.66,Burlington County,Bordentown Township,-74.692619,40.166953,34005701502
Census Tract 329.01,34039032901,4100,1397,0.57,Union County,Union Township,-74.288809,40.710496,34039032901
Census Tract 330,34039033000,4305,1675,1.53,Union County,Union Township,-74.290014,40.691008,34039033000
Census Tract 331,34039033100,5957,2158,0.63,Union County,Union Township,-74.266715,40.697927,34039033100
Census Tract 307.04,34039030704,3055,1152,0.1,Union County,Elizabeth City,-74.217946,40.658255,34039030704
Census Tract 332,34039033200,4341,1475,0.96,Union County,Union Township,-74.251499,40.692335,34039033200
Census Tract 333,34039033300,4048,1402,0.41,Union County,Union Township,-74.266818,40.684889,34039033300
Census Tract 391,34003039100,4110,1577,4.35,Bergen County,Oakland Borough,-74.248002,41.037792,34003039100
Census Tract 392,34003039200,5742,1967,1.92,Bergen County,Oakland Borough,-74.222785,41.035903,34003039200
Census Tract 7235,34029723500,2714,1387,0.63,Ocean County,Toms River Township,-74.112845,39.942384,34029723500
Census Tract 1,34013000100,6153,2659,0.36,Essex County,Newark City,-74.168417,40.782211,34013000100
Census Tract 128,34017012800,4829,1812,0.5,Hudson County,Kearny Town,-74.145222,40.754039,34017012800
Census Tract 129,34017012900,4062,1363,0.13,Hudson County,Kearny Town,-74.148176,40.759226,34017012900
Census Tract 39.03,34021003903,2802,1088,0.96,Mercer County,Pennington Borough,-74.790524,40.32619,34021003903
Census Tract 409.02,34011040902,6678,2713,7.44,Cumberland County,Vineland City,-75.026735,39.531583,34011040902
Census Tract 204,34011020400,3526,1169,1.42,Cumberland County,Bridgeton City,-75.215866,39.440085,34011020400
Census Tract 32.01,34021003201,7475,2412,2.87,Mercer County,Lawrence Township,-74.740387,40.269387,34021003201
Census Tract 6,34021000600,5052,1611,0.24,Mercer County,Trenton City,-74.736583,40.214602,34021000600
Census Tract 25,34021002500,7579,2796,3.96,Mercer County,Hamilton Township,-74.723714,40.175284,34021002500
Census Tract 145.02,34017014502,3562,1843,0.12,Hudson County,North Bergen Township,-74.022719,40.795098,34017014502
Census Tract 17.01,34017001701,5237,2046,0.3,Hudson County,Jersey City,-74.078306,40.736275,34017001701
Census Tract 5,34001000500,3012,1068,0.11,Atlantic County,Atlantic City,-74.447505,39.357034,34001000500
Census Tract 105.01,34001010501,7540,3721,38.51,Atlantic County,Galloway Township; Port Republic City,-74.401484,39.497343,34001010501
Census Tract 114.01,34001011401,4729,1936,44.9,Atlantic County,Hamilton Township,-74.726478,39.524455,34001011401
Census Tract 122,34001012200,5729,2109,1.15,Atlantic County,Pleasantville City,-74.537656,39.387937,34001012200
Census Tract 5.03,34023000503,2742,964,0.57,Middlesex County,Piscataway Township,-74.449142,40.571344,34023000503
Census Tract 13,34001001300,1901,905,6.54,Atlantic County,Atlantic City,-74.461216,39.385494,34001001300
Census Tract 104.01,34001010401,5779,2613,34.98,Atlantic County,Galloway Township,-74.573838,39.520184,34001010401
Census Tract 107,34001010700,5816,2379,56.38,Atlantic County,Mullica Township,-74.678999,39.609096,34001010700
Census Tract 115,34001011500,6454,2445,41.18,Atlantic County,Hamilton Township,-74.816081,39.496525,34001011500
Census Tract 308.02,34039030802,3006,1048,0.23,Union County,Elizabeth City,-74.212704,40.655562,34039030802
Census Tract 311,34039031100,6260,2183,0.23,Union County,Elizabeth City,-74.20402,40.659222,34039031100
Census Tract 315,34039031500,5690,2041,0.32,Union County,Elizabeth City,-74.202586,40.680867,34039031500
Census Tract 307.01,34039030701,2190,734,0.13,Union County,Elizabeth City,-74.221907,40.649404,34039030701
Census Tract 3715.02,34037371502,5100,2521,14.39,Sussex County,Vernon Township,-74.466117,41.147055,34037371502
Census Tract 9.01,34023000901,2380,787,0.54,Middlesex County,South Plainfield Borough,-74.414881,40.591271,34023000901
Census Tract 86.02,34023008602,5065,2096,3.06,Middlesex County,Plainsboro Township,-74.569664,40.342364,34023008602
Census Tract 14.17,34023001417,2165,669,0.64,Middlesex County,Edison Township,-74.352537,40.563472,34023001417
Census Tract 196,34013019600,6313,2574,0.62,Essex County,Maplewood Township,-74.251518,40.730491,34013019600
Census Tract 15.02,34023001502,5826,2030,1.42,Middlesex County,Edison Township,-74.402003,40.520463,34023001502
Census Tract 15.04,34023001504,7324,2492,1.4,Middlesex County,Edison Township,-74.388378,40.540209,34023001504
Census Tract 3715.03,34037371503,2626,1052,13.36,Sussex County,Vernon Township,-74.422822,41.204276,34037371503
Census Tract 7143,34029714300,3292,1760,1.58,Ocean County,Brick Township,-74.084561,40.025208,34029714300
Census Tract 7142,34029714200,6416,2878,2.29,Ocean County,Brick Township,-74.117708,40.029717,34029714200
Census Tract 325,34039032500,5994,1955,0.88,Union County,Hillside Township,-74.223698,40.687228,34039032500
Census Tract 5011.05,34015501105,3118,1429,1.31,Gloucester County,Deptford Township,-75.136395,39.82045,34015501105
Census Tract 119.01,34001011901,3393,1109,0.62,Atlantic County,Pleasantville City,-74.528898,39.398707,34001011901
Census Tract 119.02,34001011902,4807,2139,1.15,Atlantic County,Pleasantville City,-74.519163,39.40876,34001011902
Census Tract 7201.02,34029720102,3579,2764,2.61,Ocean County,Manchester Township,-74.34349,39.9587,34029720102
Census Tract 396,34039039600,4515,1557,0.59,Union County,Plainfield City,-74.422618,40.605154,34039039600
Census Tract 397,34039039700,5832,1974,0.99,Union County,Plainfield City,-74.406332,40.607013,34039039700
Census Tract 398.01,34039039801,4838,1646,0.4,Union County,Elizabeth City,-74.169256,40.651955,34039039801
Census Tract 10.03,34023001003,5784,1930,3.29,Middlesex County,South Plainfield Borough,-74.415064,40.565752,34023001003
Census Tract 7042.02,34005704202,3015,1076,3.72,Burlington County,Bordentown Township; Fieldsboro Borough,-74.734037,40.132282,34005704202
Census Tract 7027.02,34005702702,6204,2250,7.62,Burlington County,Westampton Township,-74.801929,40.019245,34005702702
Census Tract 7040.16,34005704016,4923,1648,1.82,Burlington County,Evesham Township,-74.898707,39.909689,34005704016
Census Tract 7040.15,34005704015,4068,1939,1.73,Burlington County,Evesham Township,-74.872825,39.906981,34005704015
Census Tract 502,34035050200,2714,1253,0.36,Somerset County,Somerville Borough,-74.611226,40.57516,34035050200
Census Tract 517,34035051700,5246,1584,0.35,Somerset County,North Plainfield Borough,-74.429445,40.623468,34035051700
Census Tract 534.02,34035053402,7290,2723,12.71,Somerset County,Franklin Township,-74.608981,40.417236,34035053402
Census Tract 1243.11,34031124311,4979,1854,0.94,Passaic County,Clifton City,-74.176748,40.866292,34031124311
Census Tract 62.01,34003006201,4769,2113,0.25,Bergen County,Cliffside Park Borough,-73.986253,40.820845,34003006201
Census Tract 120.02,34003012002,3696,1568,0.36,Bergen County,East Rutherford Borough,-74.112867,40.844547,34003012002
Census Tract 191.03,34003019103,4121,2145,0.32,Bergen County,Fort Lee Borough,-73.972184,40.863292,34003019103
Census Tract 212,34013021200,3857,1566,0.88,Essex County,Verona Township,-74.239326,40.824163,34013021200
Census Tract 216.02,34013021602,6694,2364,3.07,Essex County,North Caldwell Borough,-74.258167,40.859025,34013021602
Census Tract 7029.18,34005702918,1812,910,0.66,Burlington County,Mount Laurel Township,-74.867706,39.945258,34005702918
Census Tract 459.03,34027045903,3130,1154,15.09,Morris County,Chester Township,-74.695153,40.75269,34027045903
Census Tract 413.01,34003041301,5380,1983,0.28,Bergen County,Palisades Park Borough,-73.997769,40.841902,34003041301
Census Tract 1826,34031182600,5775,1829,0.7,Passaic County,Paterson City,-74.138225,40.902962,34031182600
Census Tract 7023,34005702300,1371,632,0.59,Burlington County,Pemberton Borough,-74.685662,39.971561,34005702300
Census Tract 431,34027043100,3740,1266,1.16,Morris County,Madison Borough,-74.41764,40.749524,34027043100
Census Tract 5012.06,34015501206,3794,1524,1.46,Gloucester County,Washington Township,-75.06051,39.738578,34015501206
Census Tract 112.04,34019011204,2343,846,9.49,Hunterdon County,Readington Township,-74.819232,40.582644,34019011204
Census Tract 138,34013013800,4390,1732,0.5,Essex County,Nutley Township,-74.166207,40.821962,34013013800
Census Tract 110.03,34019011003,5112,2103,5.46,Hunterdon County,Clinton Township,-74.890793,40.606906,34019011003
Census Tract 302,34011030200,4959,2121,1.02,Cumberland County,Millville City,-75.027652,39.396495,34011030200
Census Tract 303,34011030300,3710,1551,0.92,Cumberland County,Millville City,-75.049885,39.397162,34011030300
Census Tract 146,34017014600,4228,1568,2.01,Hudson County,North Bergen Township,-74.028553,40.801593,34017014600
Census Tract 5001,34015500100,4264,1945,1.02,Gloucester County,Westville Borough,-75.127361,39.872093,34015500100
Census Tract 135,34017013500,5028,1930,0.21,Hudson County,Harrison Town,-74.151575,40.750551,34017013500
Census Tract 136,34017013600,2234,804,0.05,Hudson County,Harrison Town,-74.156599,40.748303,34017013600
Census Tract 137,34017013700,2624,995,0.08,Hudson County,Harrison Town,-74.161515,40.7475,34017013700
Census Tract 5010.02,34015501002,3986,2070,0.82,Gloucester County,Woodbury City,-75.146708,39.83383,34015501002
Census Tract 5011.01,34015501101,4244,2048,1.42,Gloucester County,Deptford Township,-75.132079,39.845301,34015501101
Census Tract 14.02,34021001402,1754,770,0.14,Mercer County,Trenton City,-74.779841,40.233193,34021001402
Census Tract 118.08,34001011808,4135,1403,2.95,Atlantic County,Egg Harbor Township,-74.646405,39.408261,34001011808
Census Tract 7003.07,34005700307,2846,957,0.78,Burlington County,Cinnaminson Township,-74.968724,39.993302,34005700307
Census Tract 3731,34037373100,6331,2194,17.47,Sussex County,Sparta Township,-74.642422,41.065802,34037373100
Census Tract 134,34013013400,4184,1543,0.59,Essex County,Nutley Township,-74.158604,40.830259,34013013400
Census Tract 135,34013013500,4603,1828,0.59,Essex County,Nutley Township,-74.149527,40.822546,34013013500
Census Tract 120.01,34003012001,6326,3017,3.35,Bergen County,East Rutherford Borough,-74.079534,40.814498,34003012001
Census Tract 3732,34037373200,3625,1294,12.42,Sussex County,Sparta Township,-74.592958,41.038298,34037373200
Census Tract 3733,34037373300,3045,1140,4.13,Sussex County,Sparta Township,-74.631817,41.015986,34037373300
Census Tract 506,34035050600,4297,1630,1.54,Somerset County,Raritan Borough,-74.648185,40.571571,34035050600
Census Tract 509.01,34035050901,4819,1807,3.72,Somerset County,Bridgewater Township,-74.611735,40.626732,34035050901
Census Tract 511,34035051100,4530,1634,0.37,Somerset County,Bound Brook Borough,-74.53268,40.563561,34035051100
Census Tract 8023,34025802300,4513,1654,1.28,Monmouth County,Hazlet Township,-74.169401,40.42233,34025802300
Census Tract 8017,34025801700,4563,2091,0.41,Monmouth County,Keansburg Borough,-74.161113,40.46825,34025801700
Census Tract 400.02,34003040002,4669,1667,1.05,Bergen County,Oradell Borough,-74.034382,40.949417,34003040002
Census Tract 393.02,34039039302,2576,726,0.16,Union County,Plainfield City,-74.420106,40.616393,34039039302
Census Tract 319.03,34039031903,6516,2612,0.2,Union County,Elizabeth City,-74.225233,40.661797,34039031903
Census Tract 45.01,34021004501,6474,831,0.61,Mercer County,Princeton,-74.655425,40.348063,34021004501
Census Tract 412,34003041200,4597,1632,0.21,Bergen County,Palisades Park Borough,-73.992879,40.848234,34003041200
Census Tract 471,34003047100,6135,1982,1.49,Bergen County,Ridgewood Village,-74.097083,40.987563,34003047100
Census Tract 222,34003022200,7913,2598,1.87,Bergen County,Glen Rock Borough,-74.124398,40.957874,34003022200
Census Tract 130.02,34003013002,6554,3175,0.45,Bergen County,Edgewater Borough,-73.966741,40.835532,34003013002
Census Tract 115,34017011500,3429,1403,0.37,Hudson County,Bayonne City,-74.148117,40.648394,34017011500
Census Tract 393,34003039300,2896,1017,2.24,Bergen County,Oakland Borough,-74.248973,41.007583,34003039300
Census Tract 442.02,34003044202,5027,2292,1.8,Bergen County,Ramsey Borough,-74.134906,41.067652,34003044202
Census Tract 235.02,34003023502,4649,2210,0.23,Bergen County,Hackensack City,-74.050541,40.884966,34003023502
Census Tract 7007.03,34005700703,2456,914,0.58,Burlington County,Riverside Township,-74.949388,40.038106,34005700703
Census Tract 7008,34005700800,4824,2147,2.36,Burlington County,Delanco Township,-74.95189,40.048955,34005700800
Census Tract 8007.02,34025800702,3592,1354,1.43,Monmouth County,Middletown Township,-74.11681,40.412052,34025800702
Census Tract 8020,34025802000,3656,1861,0.86,Monmouth County,Keyport Borough,-74.206107,40.431314,34025802000
Census Tract 5010.03,34015501003,3788,1578,0.75,Gloucester County,Woodbury City,-75.163079,39.835555,34015501003
Census Tract 7009,34005700900,2499,1084,0.54,Burlington County,Beverly City,-74.921615,40.064838,34005700900
Census Tract 7010.02,34005701002,3917,1472,0.96,Burlington County,Edgewater Park Township,-74.902783,40.062662,34005701002
Census Tract 5010.01,34015501001,2189,884,0.45,Gloucester County,Woodbury City,-75.142304,39.848204,34015501001
Census Tract 5011.04,34015501104,3217,1156,1.06,Gloucester County,Deptford Township,-75.115024,39.821062,34015501104
Census Tract 6108,34007610800,3288,1253,2.63,Camden County,Pennsauken Township,-75.044864,39.981904,34007610800
Census Tract 6029.02,34007602902,3224,1262,0.62,Camden County,Pennsauken Township,-75.040287,39.962841,34007602902
Census Tract 33,34003003300,7045,2258,0.69,Bergen County,Bergenfield Borough,-74.005238,40.928877,34003003300
Census Tract 7013.02,34005701302,2611,1100,0.72,Burlington County,Florence Township,-74.780521,40.117222,34005701302
Census Tract 327.02,34039032702,4829,1593,0.73,Union County,Union Township,-74.268742,40.708775,34039032702
Census Tract 423.01,34003042301,4410,1407,1.3,Bergen County,Paramus Borough,-74.087218,40.965057,34003042301
Census Tract 292,34003029200,6754,2572,1.07,Bergen County,Little Ferry Borough,-74.036426,40.843059,34003029200
Census Tract 1247,34031124700,6956,2329,0.59,Passaic County,Clifton City,-74.141121,40.887871,34031124700
Census Tract 1248,34031124800,4924,1661,0.39,Passaic County,Clifton City,-74.142582,40.879927,34031124800
Census Tract 318,34041031800,2503,1066,23.75,Warren County,Harmony Township,-75.125754,40.754997,34041031800
Census Tract 321.02,34041032102,5473,1868,10.58,Warren County,Greenwich Township,-75.116706,40.680634,34041032102
Census Tract 2462.03,34031246203,3860,1321,1.84,Passaic County,Wayne Township,-74.255676,40.92022,34031246203
Census Tract 5023,34015502300,2711,1022,0.73,Gloucester County,Swedesboro Borough,-75.3113,39.743919,34015502300
Census Tract 280.02,34003028002,3954,1492,0.57,Bergen County,Leonia Borough,-73.982858,40.861555,34003028002
Census Tract 280.01,34003028001,5350,1984,0.95,Bergen County,Leonia Borough,-73.99327,40.865147,34003028001
Census Tract 316.02,34041031602,2444,1040,5.96,Warren County,Oxford Township,-74.999303,40.806804,34041031602
Census Tract 301,34003030100,5640,2261,0.84,Bergen County,Lodi Borough,-74.072118,40.88337,34003030100
Census Tract 317,34041031700,2520,1143,1.45,Warren County,Belvidere Town,-75.071901,40.829128,34041031700
Census Tract 387.01,34039038701,4083,1456,0.7,Union County,Fanwood Borough,-74.389658,40.638807,34039038701
Census Tract 291,34003029100,4233,1955,0.41,Bergen County,Little Ferry Borough,-74.036609,40.853987,34003029100
Census Tract 324.02,34039032402,3661,1295,0.37,Union County,Hillside Township,-74.243408,40.698958,34039032402
Census Tract 307.03,34039030703,5284,1838,0.2,Union County,Elizabeth City,-74.22061,40.653548,34039030703
Census Tract 381.03,34039038103,3400,1237,1.21,Union County,New Providence Borough,-74.415354,40.700191,34039038103
Census Tract 21,34021002100,5670,2344,0.36,Mercer County,Trenton City,-74.745634,40.219733,34021002100
Census Tract 22,34021002200,6109,2023,0.45,Mercer County,Trenton City,-74.74133,40.225196,34021002200
Census Tract 26.01,34021002601,4785,1703,0.73,Mercer County,Hamilton Township,-74.726861,40.206752,34021002601
Census Tract 26.02,34021002602,4348,1766,0.75,Mercer County,Hamilton Township,-74.718694,40.198767,34021002602
Census Tract 27.01,34021002701,4586,1779,0.99,Mercer County,Hamilton Township,-74.713931,40.211165,34021002701
Census Tract 63,34023006300,7037,2707,1.55,Middlesex County,Milltown Borough,-74.435613,40.448892,34023006300
Census Tract 24,34017002400,2806,1486,0.06,Hudson County,Jersey City,-74.045278,40.726559,34017002400
Census Tract 147,34017014700,4880,1795,0.23,Hudson County,North Bergen Township,-74.032095,40.780858,34017014700
Census Tract 56,34017005600,3897,1437,0.09,Hudson County,Jersey City,-74.091269,40.706112,34017005600
Census Tract 9.02,34017000902,6778,3132,0.2,Hudson County,Jersey City,-74.062006,40.741401,34017000902
Census Tract 43,34017004300,2503,1158,0.08,Hudson County,Jersey City,-74.073113,40.716729,34017004300
Census Tract 130,34017013000,3665,1232,0.11,Hudson County,Kearny Town,-74.150909,40.759063,34017013000
Census Tract 6064,34007606400,3441,1132,1.14,Camden County,Haddonfield Borough; Tavistock Borough,-75.033447,39.884282,34007606400
Census Tract 6065,34007606500,2955,1231,1.43,Camden County,Lawnside Borough,-75.030533,39.86887,34007606500
Census Tract 6066,34007606600,2280,1088,0.75,Camden County,Barrington Borough,-75.048011,39.872356,34007606600
Census Tract 612,34003061200,3406,1237,1.43,Bergen County,Wyckoff Township,-74.176025,41.006329,34003061200
Census Tract 6067,34007606700,4795,2327,0.83,Camden County,Barrington Borough,-75.056894,39.865091,34007606700
Census Tract 228,34013022800,2425,1018,0.12,Essex County,Newark City,-74.184718,40.733644,34013022800
Census Tract 7,34021000700,3907,1232,0.13,Mercer County,Trenton City,-74.747291,40.213334,34021000700
Census Tract 78,34013007800,3714,1394,0.08,Essex County,Newark City,-74.166695,40.726807,34013007800
Census Tract 194,34017019400,2963,1677,0.04,Hudson County,Hoboken City,-74.029695,40.739238,34017019400
Census Tract 140,34017014000,5209,1966,0.14,Hudson County,North Bergen Township,-74.005377,40.807955,34017014000
Census Tract 106,34013010600,4893,2228,0.19,Essex County,East Orange City,-74.209945,40.764507,34013010600
Census Tract 51,34013005100,2759,1077,0.12,Essex County,Newark City,-74.207048,40.714451,34013005100
Census Tract 7114,34029711400,5840,2788,1.2,Ocean County,Point Pleasant Borough,-74.069368,40.069205,34029711400
Census Tract 116,34017011600,4747,2025,0.18,Hudson County,Bayonne City,-74.133282,40.645244,34017011600
Census Tract 13,34021001300,3963,1322,0.89,Mercer County,Trenton City,-74.794635,40.240153,34021001300
Census Tract 32.02,34021003202,5643,2509,3.31,Mercer County,Lawrence Township,-74.717375,40.267947,34021003202
Census Tract 42.04,34021004204,6054,1873,5.58,Mercer County,Princeton,-74.687066,40.339509,34021004204
Census Tract 213,34013021300,6040,2363,2.29,Essex County,Cedar Grove Township,-74.230953,40.86301,34013021300
Census Tract 66.06,34023006606,3111,990,1.11,Middlesex County,East Brunswick Township,-74.431095,40.42562,34023006606
Census Tract 43,34023004300,3962,1223,0.25,Middlesex County,Perth Amboy City,-74.27107,40.526388,34023004300
Census Tract 10.01,34023001001,2646,909,0.73,Middlesex County,South Plainfield Borough,-74.396764,40.582166,34023001001
Census Tract 77.02,34023007702,6994,2771,10.75,Middlesex County,Old Bridge Township,-74.337848,40.3597,34023007702
Census Tract 23.02,34023002302,3883,1295,0.66,Middlesex County,Woodbridge Township,-74.330449,40.592443,34023002302
Census Tract 321.02,34003032102,5886,2305,5.89,Bergen County,Mahwah Township,-74.197065,41.050568,34003032102
Census Tract 382,34003038200,4475,1931,0.24,Bergen County,North Arlington Borough,-74.137837,40.784077,34003038200
Census Tract 332,34003033200,2628,979,0.48,Bergen County,Maywood Borough,-74.068145,40.89892,34003033200
Census Tract 19,34021001900,1500,565,0.28,Mercer County,Trenton City,-74.741004,40.233572,34021001900
Census Tract 20,34021002000,1595,632,0.2,Mercer County,Trenton City,-74.753582,40.226616,34021002000
Census Tract 7132.03,34029713203,5145,2274,1.4,Ocean County,Brick Township,-74.120265,40.102302,34029713203
Census Tract 1243.22,34031124322,4828,1996,0.92,Passaic County,Clifton City,-74.161941,40.848705,34031124322
Census Tract 155,34013015500,4104,1592,0.34,Essex County,Bloomfield Township,-74.186556,40.792085,34013015500
Census Tract 1243.23,34031124323,3122,1609,0.35,Passaic County,Clifton City,-74.170244,40.852769,34031124323
Census Tract 154,34013015400,6065,2857,0.49,Essex County,Bloomfield Township,-74.195488,40.801187,34013015400
Census Tract 7113,34029711300,4228,1729,0.71,Ocean County,Point Pleasant Borough,-74.074736,40.077106,34029711300
Census Tract 7131,34029713100,6573,2583,1.67,Ocean County,Brick Township,-74.114072,40.090974,34029713100
Census Tract 537.05,34035053705,7135,3140,1.25,Somerset County,Hillsborough Township,-74.657561,40.50063,34035053705
Census Tract 202.03,34009020203,2351,4464,1.49,Cape May County,Ocean City,-74.601309,39.278109,34009020203
Census Tract 614,34003061400,5081,1739,1.68,Bergen County,Wyckoff Township,-74.154099,40.985709,34003061400
Census Tract 5013.01,34015501301,3406,1409,0.99,Gloucester County,Pitman Borough,-75.122066,39.735821,34015501301
Census Tract 5012.10,34015501210,3518,1214,1.24,Gloucester County,Washington Township,-75.084326,39.72332,34015501210
Census Tract 215,34003021500,5253,1964,0.35,Bergen County,Garfield City,-74.10132,40.868406,34003021500
Census Tract 221,34003022100,4220,1443,0.84,Bergen County,Glen Rock Borough,-74.127066,40.967537,34003022100
Census Tract 6058,34007605800,2906,1220,0.58,Camden County,Haddon Heights Borough,-75.078098,39.876457,34007605800
Census Tract 6059,34007605900,2608,1027,0.53,Camden County,Haddon Heights Borough,-75.05833,39.877738,34007605900
Census Tract 6062,34007606200,4279,1644,0.88,Camden County,Haddonfield Borough,-75.034508,39.906391,34007606200
Census Tract 242,34003024200,4741,1643,1.85,Bergen County,Harrington Park Borough,-73.977681,40.990567,34003024200
Census Tract 79.08,34023007908,5457,2292,1,Middlesex County,Old Bridge Township,-74.288348,40.444952,34023007908
Census Tract 79.09,34023007909,4011,1416,2.5,Middlesex County,Old Bridge Township,-74.271167,40.414316,34023007909
Census Tract 220,34033022000,1908,904,0.73,Salem County,Salem City,-75.464631,39.563479,34033022000
Census Tract 79.10,34023007910,3163,1500,2.43,Middlesex County,Old Bridge Township,-74.266788,40.433594,34023007910
Census Tract 212.01,34033021201,3283,1345,33.48,Salem County,Alloway Township,-75.309,39.555592,34033021201
Census Tract 217,34033021700,1938,881,5.52,Salem County,Pennsville Township,-75.484311,39.616797,34033021700
Census Tract 219,34033021900,1797,807,0.62,Salem County,Salem City,-75.459389,39.570241,34033021900
Census Tract 6014,34007601400,4274,1766,0.61,Camden County,Camden City,-75.093507,39.930453,34007601400
Census Tract 6063,34007606300,2359,1022,0.63,Camden County,Haddonfield Borough,-75.029348,39.889909,34007606300
Census Tract 432,34027043200,4626,1252,1.25,Morris County,Madison Borough,-74.428566,40.763321,34027043200
Census Tract 1829,34031182900,2370,785,0.18,Passaic County,Paterson City,-74.167963,40.903162,34031182900
Census Tract 1832,34031183200,3567,1585,0.31,Passaic County,Paterson City,-74.170942,40.919359,34031183200
Census Tract 433.01,34027043301,2770,1065,1.6,Morris County,Morris Township,-74.467789,40.807162,34027043301
Census Tract 433.02,34027043302,3546,1621,1.75,Morris County,Morris Township,-74.452587,40.78299,34027043302
Census Tract 430,34027043000,4709,1790,1.11,Morris County,Madison Borough,-74.405689,40.758109,34027043000
Census Tract 433.03,34027043303,3842,1580,2.86,Morris County,Morris Township,-74.479374,40.776449,34027043303
Census Tract 514,34035051400,4356,1649,1.08,Somerset County,Manville Borough,-74.584272,40.53837,34035051400
Census Tract 515,34035051500,3418,1398,0.34,Somerset County,Manville Borough,-74.596739,40.53837,34035051500
Census Tract 251,34003025100,6227,2548,0.9,Bergen County,Hasbrouck Heights Borough,-74.069584,40.861542,34003025100
Census Tract 6056.02,34007605602,2781,1147,0.43,Camden County,Audubon Borough,-75.071167,39.886659,34007605602
Census Tract 6057,34007605700,3538,1555,0.55,Camden County,Audubon Borough,-75.064849,39.893665,34007605700
Census Tract 6039.01,34007603901,5044,2281,0.88,Camden County,Haddon Township,-75.048483,39.90158,34007603901
Census Tract 1806,34031180600,5025,1609,0.15,Passaic County,Paterson City,-74.176801,40.929411,34031180600
Census Tract 1759,34031175900,3721,1239,0.22,Passaic County,Passaic City,-74.110875,40.859961,34031175900
Census Tract 6016,34007601600,2134,883,0.2,Camden County,Camden City,-75.111005,39.926521,34007601600
Census Tract 551,34003055100,7275,2414,3.19,Bergen County,Tenafly Borough,-73.946016,40.916415,34003055100
Census Tract 123.02,34001012302,3322,1243,1.6,Atlantic County,Northfield City,-74.56227,39.375875,34001012302
Census Tract 124.01,34001012401,2989,1183,1.26,Atlantic County,Northfield City,-74.541701,39.370634,34001012401
Census Tract 124.02,34001012402,2123,883,0.73,Atlantic County,Northfield City,-74.557832,39.36457,34001012402
Census Tract 149,34017014900,3150,1147,0.08,Hudson County,North Bergen Township,-74.047553,40.760163,34017014900
Census Tract 151,34017015100,3244,1131,0.07,Hudson County,Guttenberg Town,-74.01245,40.795984,34017015100
Census Tract 155,34017015500,5203,1938,0.12,Hudson County,West New York Town,-74.019266,40.790199,34017015500
Census Tract 387.02,34039038702,3691,1373,0.64,Union County,Fanwood Borough,-74.381009,40.644781,34039038702
Census Tract 7001.03,34005700103,2985,1570,0.35,Burlington County,Palmyra Borough,-75.033219,40.010334,34005700103
Census Tract 152,34013015200,4988,2201,0.36,Essex County,Bloomfield Township,-74.18827,40.805045,34013015200
Census Tract 156,34017015600,4315,1661,0.05,Hudson County,West New York Town,-74.01244,40.787952,34017015600
Census Tract 7003.05,34005700305,5017,1991,1.92,Burlington County,Cinnaminson Township,-74.998334,39.982144,34005700305
Census Tract 270,34003027000,4258,1473,1.74,Bergen County,Ho-Ho-Kus Borough,-74.097083,40.999143,34003027000
Census Tract 44.06,34021004406,5771,2778,3.07,Mercer County,East Windsor Township,-74.547214,40.285147,34021004406
Census Tract 102,34001010200,6606,2853,3.44,Atlantic County,Absecon City,-74.479241,39.421028,34001010200
Census Tract 1808,34031180800,3202,1174,0.25,Passaic County,Paterson City,-74.164589,40.931643,34031180800
Census Tract 1809,34031180900,3762,1242,0.23,Passaic County,Paterson City,-74.157994,40.933429,34031180900
Census Tract 313.01,34039031301,3408,1171,0.33,Union County,Elizabeth City,-74.197778,40.675532,34039031301
Census Tract 313.02,34039031302,4179,1316,0.16,Union County,Elizabeth City,-74.202398,40.670046,34039031302
Census Tract 25,34001002500,3927,2548,0.42,Atlantic County,Atlantic City; Brigantine City,-74.413782,39.371623,34001002500
Census Tract 103,34001010300,2531,1035,2.09,Atlantic County,Absecon City,-74.49403,39.412736,34001010300
Census Tract 101.02,34001010102,1341,2229,0.77,Atlantic County,Brigantine City,-74.374882,39.397736,34001010102
Census Tract 120,34001012000,4444,1863,2.49,Atlantic County,Egg Harbor Township; Pleasantville City,-74.505261,39.389611,34001012000
Census Tract 121,34001012100,3044,988,0.7,Atlantic County,Pleasantville City,-74.516637,39.373497,34001012100
Census Tract 2,34013000200,3293,1293,0.29,Essex County,Newark City,-74.177281,40.770633,34013000200
Census Tract 4,34013000400,2514,895,0.07,Essex County,Newark City,-74.183611,40.774158,34013000400
Census Tract 6,34013000600,4295,1471,0.13,Essex County,Newark City,-74.187365,40.769469,34013000600
Census Tract 436.01,34027043601,3208,1899,0.38,Morris County,Morristown Town,-74.474145,40.7952,34027043601
Census Tract 6075.06,34007607506,3185,1410,0.35,Camden County,Voorhees Township,-74.990785,39.852234,34007607506
Census Tract 11,34001001100,2021,1053,0.11,Atlantic County,Atlantic City,-74.434143,39.365972,34001001100
Census Tract 15,34001001500,1912,972,0.12,Atlantic County,Atlantic City,-74.426399,39.368054,34001001500
Census Tract 157,34017015700,3753,1334,0.06,Hudson County,West New York Town,-74.013331,40.786186,34017015700
Census Tract 261,34003026100,4562,1632,1.21,Bergen County,Hillsdale Borough,-74.028881,41.007252,34003026100
Census Tract 262,34003026200,5581,2003,1.69,Bergen County,Hillsdale Borough,-74.057105,41.007244,34003026200
Census Tract 125.02,34001012502,1675,690,0.79,Atlantic County,Linwood City,-74.583051,39.341385,34001012502
Census Tract 127.01,34001012701,3326,1563,1.04,Atlantic County,Somers Point City,-74.608681,39.328574,34001012701
Census Tract 5007.05,34015500705,4619,1830,2.51,Gloucester County,Mantua Township,-75.193024,39.777469,34015500705
Census Tract 210,34013021000,5497,2283,1.16,Essex County,Verona Township,-74.249916,40.837181,34013021000
Census Tract 2238.01,34031223801,3092,1138,0.58,Passaic County,Totowa Borough,-74.206256,40.903802,34031223801
Census Tract 5022.02,34015502202,2792,1276,3.48,Gloucester County,Woolwich Township,-75.355779,39.731683,34015502202
Census Tract 5022.03,34015502203,3510,1067,5.1,Gloucester County,Woolwich Township,-75.332553,39.713833,34015502203
Census Tract 5015.02,34015501502,5495,2083,2.67,Gloucester County,Clayton Borough,-75.085414,39.651556,34015501502
Census Tract 211,34013021100,5218,2301,0.75,Essex County,Verona Township,-74.238315,40.835025,34013021100
Census Tract 439,34027043900,5032,2010,1.84,Morris County,Chatham Township,-74.406222,40.729725,34027043900
Census Tract 443,34027044300,6598,2645,2.08,Morris County,Rockaway Borough,-74.512698,40.897879,34027044300
Census Tract 103,34003010300,7457,2651,0.89,Bergen County,Dumont Borough,-73.999307,40.945553,34003010300
Census Tract 33,34023003300,5991,2336,1.58,Middlesex County,Woodbridge Township,-74.294011,40.528078,34023003300
Census Tract 48,34023004800,6300,1896,0.67,Middlesex County,Perth Amboy City,-74.282815,40.508835,34023004800
Census Tract 7004.08,34005700408,2390,1486,0.47,Burlington County,Maple Shade Township,-74.973569,39.935834,34005700408
Census Tract 82.07,34023008207,2705,1729,1.03,Middlesex County,Monroe Township,-74.445379,40.330463,34023008207
Census Tract 501,34035050100,3032,1369,0.52,Somerset County,Somerville Borough,-74.6195,40.573279,34035050100
Census Tract 507.01,34035050701,4156,1470,2.1,Somerset County,Bridgewater Township,-74.668043,40.558927,34035050701
Census Tract 416.02,34027041602,2977,1188,1.69,Morris County,Parsippany-Troy Hills Township,-74.457661,40.875594,34027041602
Census Tract 507.03,34035050703,4836,1818,2.13,Somerset County,Bridgewater Township,-74.618942,40.584641,34035050703
Census Tract 7321.03,34029732103,2564,1381,2.36,Ocean County,Lacey Township,-74.168104,39.836122,34029732103
Census Tract 47,34023004700,4213,1374,0.25,Middlesex County,Perth Amboy City,-74.281726,40.517273,34023004700
Census Tract 42,34023004200,3631,1123,0.23,Middlesex County,Perth Amboy City,-74.278687,40.522787,34023004200
Census Tract 53,34023005300,3973,824,0.16,Middlesex County,New Brunswick City,-74.456557,40.489857,34023005300
Census Tract 44,34023004400,4665,1395,0.18,Middlesex County,Perth Amboy City,-74.272447,40.519754,34023004400
Census Tract 7351.01,34029735101,2769,1334,3.52,Ocean County,Stafford Township,-74.282021,39.690336,34029735101
Census Tract 9800,34029980000,6,1,3.85,Ocean County,Berkeley Township; Lacey Township; Ocean Township,-74.089129,39.833804,34029980000
Census Tract 9801,34029980100,2,1,8.12,Ocean County,Little Egg Harbor Township,-74.323749,39.537275,34029980100
Census Tract 82.05,34023008205,3406,2453,1.02,Middlesex County,Monroe Township,-74.447567,40.311984,34023008205
Census Tract 82.06,34023008206,3533,2693,1.96,Middlesex County,Monroe Township,-74.463471,40.333545,34023008206
Census Tract 111,34003011100,4832,1785,0.5,Bergen County,Elmwood Park Borough,-74.121959,40.917791,34003011100
Census Tract 112,34003011200,5023,1858,0.44,Bergen County,Elmwood Park Borough,-74.126878,40.91061,34003011200
Census Tract 14.11,34023001411,3619,1151,0.92,Middlesex County,Edison Township,-74.341096,40.595858,34023001411
Census Tract 14.12,34023001412,3864,1285,1.7,Middlesex County,Edison Township,-74.383588,40.591022,34023001412
Census Tract 7025,34005702500,6191,2568,5.73,Burlington County,Eastampton Township,-74.75351,40.003396,34005702500
Census Tract 508.01,34035050801,4024,1351,3.35,Somerset County,Bridgewater Township,-74.65517,40.605526,34035050801
Census Tract 524,34035052400,5417,2033,6.04,Somerset County,Bernards Township,-74.542416,40.713444,34035052400
Census Tract 14.13,34023001413,5765,1868,1.31,Middlesex County,Edison Township,-74.369298,40.58462,34023001413
Census Tract 14.14,34023001414,6173,2098,1.22,Middlesex County,Edison Township,-74.389501,40.56103,34023001414
Census Tract 71.02,34023007102,5286,1905,0.84,Middlesex County,Sayreville Borough,-74.354084,40.462177,34023007102
Census Tract 1802.01,34031180201,3677,1289,0.21,Passaic County,Paterson City,-74.19381,40.925162,34031180201
Census Tract 217.02,34013021702,5234,2027,0.71,Essex County,Caldwell Borough,-74.282646,40.837729,34013021702
Census Tract 77.03,34023007703,3121,1037,1.28,Middlesex County,Old Bridge Township,-74.369997,40.396384,34023007703
Census Tract 1831.01,34031183101,4139,1300,0.26,Passaic County,Paterson City,-74.143524,40.896819,34031183101
Census Tract 161,34013016100,4728,1194,0.79,Essex County,Montclair Township,-74.203318,40.850353,34013016100
Census Tract 162,34013016200,3615,1188,0.75,Essex County,Montclair Township,-74.192873,40.845905,34013016200
Census Tract 512,34035051200,5218,1871,0.63,Somerset County,Bound Brook Borough,-74.546952,40.564877,34035051200
Census Tract 513,34035051300,2240,884,0.66,Somerset County,Bound Brook Borough,-74.533244,40.573754,34035051300
Census Tract 209.02,34013020902,6299,2607,3.62,Essex County,Roseland Borough,-74.310957,40.822625,34013020902
Census Tract 77.04,34023007704,2578,968,0.73,Middlesex County,Old Bridge Township,-74.352051,40.395321,34023007704
Census Tract 2641.01,34031264101,5789,2136,0.61,Passaic County,Woodland Park Borough,-74.196315,40.898819,34031264101
Census Tract 1753.02,34031175302,4740,1350,0.2,Passaic County,Passaic City,-74.121091,40.871881,34031175302
Census Tract 406,34027040600,4426,1905,1.4,Morris County,Butler Borough,-74.354392,40.998983,34027040600
Census Tract 508.02,34035050802,4760,1658,3.46,Somerset County,Bridgewater Township,-74.635863,40.616987,34035050802
Census Tract 536.02,34035053602,6386,2337,10.53,Somerset County,Branchburg Township,-74.732032,40.535623,34035053602
Census Tract 526.03,34035052603,4411,2083,2.8,Somerset County,Bernards Township,-74.53321,40.671258,34035052603
Census Tract 202,34011020200,2745,846,0.24,Cumberland County,Bridgeton City,-75.241128,39.426108,34011020200
Census Tract 7351.04,34029735104,4172,1801,15.1,Ocean County,Stafford Township,-74.207396,39.69829,34029735104
Census Tract 42.06,34021004206,2443,935,0.58,Mercer County,Princeton,-74.65853,40.363184,34021004206
Census Tract 37.04,34021003704,2679,1227,1.33,Mercer County,Ewing Township,-74.781798,40.281804,34021003704
Census Tract 425,34027042500,3454,1187,1.17,Morris County,Florham Park Borough,-74.390019,40.777852,34027042500
Census Tract 43.06,34021004306,5108,1589,7.08,Mercer County,West Windsor Township,-74.639311,40.269311,34021004306
Census Tract 191.04,34003019104,4099,1865,0.23,Bergen County,Fort Lee Borough,-73.966702,40.86096,34003019104
Census Tract 37.06,34021003706,3737,1734,1.96,Mercer County,Ewing Township,-74.843063,40.274714,34021003706
Census Tract 39.02,34021003902,1918,828,0.72,Mercer County,Hopewell Borough,-74.762379,40.389812,34021003902
Census Tract 40,34021004000,5686,2761,0.67,Mercer County,Princeton,-74.655295,40.355102,34021004000
Census Tract 427,34027042700,4234,1582,1.22,Morris County,Chatham Borough,-74.380885,40.746443,34027042700
Census Tract 428,34027042800,4978,1642,1.12,Morris County,Chatham Borough,-74.383553,40.734424,34027042800
Census Tract 6105,34007610500,6775,2239,2.17,Camden County,Pennsauken Township,-75.068745,39.968849,34007610500
Census Tract 73.05,34023007305,3456,1572,0.64,Middlesex County,Sayreville Borough,-74.288645,40.460301,34023007305
Census Tract 534.05,34035053405,4129,1474,9.69,Somerset County,Franklin Township,-74.512691,40.475925,34035053405
Census Tract 526.04,34035052604,4133,1639,8.23,Somerset County,Bernards Township,-74.584911,40.658454,34035052604
Census Tract 211,34009021100,5573,2758,8.66,Cape May County,Middle Township,-74.811462,39.075938,34009021100
Census Tract 30.02,34021003002,5691,2193,2.32,Mercer County,Hamilton Township,-74.645934,40.213211,34021003002
Census Tract 30.06,34021003006,5965,2275,1.87,Mercer County,Hamilton Township,-74.665247,40.239356,34021003006
Census Tract 30.07,34021003007,3394,1302,0.79,Mercer County,Hamilton Township,-74.651599,40.229754,34021003007
Census Tract 5011.07,34015501107,4635,1752,1.05,Gloucester County,Deptford Township,-75.159962,39.802724,34015501107
Census Tract 417.05,34027041705,1613,678,0.62,Morris County,Parsippany-Troy Hills Township,-74.388639,40.869165,34027041705
Census Tract 201,34013020100,5317,1651,4.05,Essex County,Millburn Township,-74.309964,40.742406,34013020100
Census Tract 70.01,34003007001,3920,1335,1.36,Bergen County,Closter Borough,-73.973767,40.974711,34003007001
Census Tract 206,34013020600,5230,1827,2.19,Essex County,Livingston Township,-74.311091,40.773884,34013020600
Census Tract 529.01,34035052901,924,418,4.85,Somerset County,Far Hills Borough,-74.630521,40.697703,34035052901
Census Tract 37.03,34021003703,7108,2168,1.47,Mercer County,Ewing Township,-74.764763,40.273759,34021003703
Census Tract 509.03,34035050903,5395,1883,5.5,Somerset County,Bridgewater Township,-74.583074,40.606786,34035050903
Census Tract 520.02,34035052002,4883,2325,0.45,Somerset County,North Plainfield Borough,-74.446044,40.623661,34035052002
Census Tract 522.01,34035052201,5704,2032,7.55,Somerset County,Warren Township,-74.487895,40.642931,34035052201
Census Tract 503,34035050300,3400,1356,0.62,Somerset County,Somerville Borough,-74.600864,40.572354,34035050300
Census Tract 509.02,34035050902,3875,1384,5.43,Somerset County,Bridgewater Township,-74.58004,40.587915,34035050902
Census Tract 521,34035052100,7281,2510,4.41,Somerset County,Green Brook Township,-74.479185,40.607426,34035052100
Census Tract 203,34013020300,5056,1948,0.91,Essex County,Millburn Township,-74.319271,40.720034,34013020300
Census Tract 5,34021000500,5050,1498,0.16,Mercer County,Trenton City,-74.741048,40.211861,34021000500
Census Tract 8004,34025800400,3566,1420,2.04,Monmouth County,Middletown Township,-74.056251,40.426777,34025800400
Census Tract 1964.01,34031196401,4187,1359,0.99,Passaic County,Pompton Lakes Borough,-74.286869,40.989179,34031196401
Census Tract 7200.01,34029720001,4140,2162,13.54,Ocean County,Manchester Township,-74.398673,39.904627,34029720001
Census Tract 141.02,34017014102,5149,2266,0.36,Hudson County,North Bergen Township,-74.001072,40.802556,34017014102
Census Tract 187.01,34017018701,3006,829,0.11,Hudson County,Hoboken City,-74.025137,40.745044,34017018701
Census Tract 200,34017020000,5303,1912,0.51,Hudson County,Secaucus Town,-74.058845,40.785923,34017020000
Census Tract 69,34017006900,99,40,1.38,Hudson County,Jersey City,-74.067064,40.753606,34017006900
Census Tract 213,34003021300,4841,1853,0.32,Bergen County,Garfield City,-74.109118,40.878436,34003021300
Census Tract 463,34003046300,4619,1934,0.36,Bergen County,Ridgefield Park Village,-74.025886,40.852476,34003046300
Census Tract 425,34003042500,4766,1698,2.51,Bergen County,Paramus Borough,-74.074743,40.924869,34003042500
Census Tract 424,34003042400,4561,1565,2.63,Bergen County,Paramus Borough,-74.077912,40.945304,34003042400
Census Tract 198,34017019800,7080,2952,1.66,Hudson County,Secaucus Town,-74.047341,40.793719,34017019800
Census Tract 199,34017019900,5542,2550,2.06,Hudson County,Secaucus Town,-74.07162,40.780984,34017019900
Census Tract 562,34003056200,5304,2017,1.33,Bergen County,Waldwick Borough,-74.135005,41.013878,34003056200
Census Tract 571.01,34003057101,4108,1973,0.4,Bergen County,Wallington Borough,-74.102347,40.856133,34003057101
Census Tract 114,34017011400,3863,1531,0.24,Hudson County,Bayonne City,-74.12307,40.647787,34017011400
Census Tract 58.02,34017005802,1683,814,1.86,Hudson County,Jersey City,-74.067978,40.681979,34017005802
Census Tract 205,34013020500,8192,2682,2.6,Essex County,Livingston Township,-74.300893,40.795462,34013020500
Census Tract 429,34027042900,3862,1681,0.8,Morris County,Madison Borough,-74.414778,40.768087,34027042900
Census Tract 7153.03,34029715303,3015,626,0.1,Ocean County,Lakewood Township,-74.215111,40.098361,34029715303
Census Tract 7150.02,34029715002,4562,1050,1.27,Ocean County,Lakewood Township,-74.162556,40.094878,34029715002
Census Tract 412,34027041200,4472,1429,2.64,Morris County,Mountain Lakes Borough,-74.442167,40.890748,34027041200
Census Tract 415,34027041500,6380,2489,4.81,Morris County,Denville Township,-74.51397,40.859379,34027041500
Census Tract 153,34017015300,4568,1823,0.06,Hudson County,West New York Town,-74.006589,40.790339,34017015300
Census Tract 168,34017016800,3348,1210,0.06,Hudson County,Union City,-74.030421,40.770746,34017016800
Census Tract 7155.02,34029715502,6629,1144,0.36,Ocean County,Lakewood Township,-74.249656,40.089244,34029715502
Census Tract 1243.12,34031124312,4558,1731,1,Passaic County,Clifton City,-74.188709,40.859615,34031124312
Census Tract 1243.21,34031124321,6296,2691,0.94,Passaic County,Clifton City,-74.16454,40.865817,34031124321
Census Tract 8011,34025801100,4645,1642,3.73,Monmouth County,Middletown Township,-74.123283,40.39207,34025801100
Census Tract 362,34039036200,6436,2404,1.51,Union County,Clark Township,-74.295357,40.623957,34039036200
Census Tract 132.01,34001013201,2224,2181,0.53,Atlantic County,Ventnor City,-74.471468,39.345388,34001013201
Census Tract 9834,34001983400,2494,24,2.8,Atlantic County,Galloway Township,-74.533374,39.490024,34001983400
Census Tract 9900,34001990000,0,0,0,Atlantic County,,-74.334583,39.388861,34001990000
Census Tract 400.01,34003040001,3575,1183,1.36,Bergen County,Oradell Borough,-74.036264,40.961458,34003040001
Census Tract 322.01,34003032201,5537,2403,2.18,Bergen County,Mahwah Township,-74.128289,41.084229,34003032201
Census Tract 50,34023005000,5436,1618,0.27,Middlesex County,Perth Amboy City,-74.268117,40.501851,34023005000
Census Tract 51,34023005100,7337,2024,0.63,Middlesex County,New Brunswick City,-74.45436,40.502936,34023005100
Census Tract 52,34023005200,5656,2414,0.21,Middlesex County,New Brunswick City,-74.454675,40.495902,34023005200
Census Tract 133.02,34001013302,2514,1983,0.35,Atlantic County,Ventnor City,-74.481347,39.339447,34001013302
Census Tract 81,34013008100,4539,2588,0.31,Essex County,Newark City,-74.177042,40.733581,34013008100
Census Tract 82,34013008200,2338,889,0.17,Essex County,Newark City,-74.189285,40.740079,34013008200
Census Tract 87,34013008700,4322,1557,0.2,Essex County,Newark City,-74.168444,40.754993,34013008700
Census Tract 147,34013014700,7318,3090,0.49,Essex County,Belleville Township,-74.179214,40.784715,34013014700
Census Tract 539.01,34035053901,743,298,0.61,Somerset County,Rocky Hill Borough,-74.639846,40.40043,34035053901
Census Tract 356,34039035600,3727,1371,0.57,Union County,Rahway City,-74.298812,40.606761,34039035600
Census Tract 124,34013012400,4555,2052,0.23,Essex County,Irvington Township,-74.238141,40.7209,34013012400
Census Tract 420,34027042000,4598,1904,3.72,Morris County,Hanover Township,-74.412474,40.826953,34027042000
Census Tract 437,34027043700,3221,1610,0.84,Morris County,Morristown Town,-74.478539,40.788437,34027043700
Census Tract 7312.01,34029731201,4407,3094,1.38,Ocean County,Berkeley Township,-74.272808,39.977394,34029731201
Census Tract 532,34035053200,7723,2449,1.21,Somerset County,Franklin Township,-74.47269,40.497106,34035053200
Census Tract 101.04,34001010104,1198,2114,0.56,Atlantic County,Brigantine City,-74.387642,39.386943,34001010104
Census Tract 533,34035053300,6101,1965,0.91,Somerset County,Franklin Township,-74.473568,40.488129,34035053300
Census Tract 7004.01,34005700401,2046,824,0.67,Burlington County,Maple Shade Township,-75.001827,39.965253,34005700401
Census Tract 538.04,34035053804,4803,1932,3.9,Somerset County,Hillsborough Township,-74.630037,40.534793,34035053804
Census Tract 90,34013009000,1769,910,0.15,Essex County,Newark City,-74.181973,40.754201,34013009000
Census Tract 91,34013009100,3530,1257,0.17,Essex County,Newark City,-74.180143,40.759539,34013009100
Census Tract 97,34013009700,5198,1931,0.16,Essex County,Newark City,-74.161159,40.778296,34013009700
Census Tract 56.02,34023005602,7282,1772,0.27,Middlesex County,New Brunswick City,-74.451823,40.487479,34023005602
Census Tract 99,34013009900,2340,1123,0.17,Essex County,East Orange City,-74.218039,40.782851,34013009900
Census Tract 100,34013010000,3304,1390,0.31,Essex County,East Orange City,-74.213423,40.779598,34013010000
Census Tract 527.01,34035052701,4276,1643,9.2,Somerset County,Bernardsville Borough,-74.601126,40.721804,34035052701
Census Tract 394,34039039400,6137,1660,0.67,Union County,Plainfield City,-74.446983,40.604357,34039039400
Census Tract 139,34013013900,5084,1937,0.57,Essex County,Nutley Township,-74.172089,40.815268,34013013900
Census Tract 173.02,34013017302,7695,3232,2.44,Essex County,West Orange Township,-74.285875,40.780145,34013017302
Census Tract 461.10,34027046110,5673,1959,12.01,Morris County,Mount Olive Township,-74.779333,40.8841,34027046110
Census Tract 465,34027046500,7375,2631,5.76,Morris County,Randolph Township; Victory Gardens Borough,-74.587479,40.863401,34027046500
Census Tract 461.08,34027046108,3778,1875,1.23,Morris County,Mount Olive Township,-74.736994,40.884292,34027046108
Census Tract 416.05,34027041605,4219,1441,3.16,Morris County,Parsippany-Troy Hills Township,-74.505767,40.848112,34027041605
Census Tract 426.02,34027042602,6022,2875,3.35,Morris County,Florham Park Borough,-74.37726,40.773873,34027042602
Census Tract 459.04,34027045904,4583,1582,14.03,Morris County,Chester Township,-74.675867,40.806994,34027045904
Census Tract 461.07,34027046107,3491,1459,1.18,Morris County,Mount Olive Township,-74.750081,40.870165,34027046107
Census Tract 133,34013013300,3749,1658,0.16,Essex County,Irvington Township,-74.214178,40.738549,34013013300
Census Tract 438.02,34027043802,4580,2044,0.38,Morris County,Morristown Town,-74.484488,40.807336,34027043802
Census Tract 120,34013012000,6940,2698,0.36,Essex County,Irvington Township,-74.246043,40.716708,34013012000
Census Tract 123,34013012300,5189,2091,0.24,Essex County,Irvington Township,-74.234534,40.732311,34013012300
Census Tract 145,34013014500,4064,1607,0.36,Essex County,Belleville Township,-74.161467,40.78719,34013014500
Census Tract 146,34013014600,4814,1763,0.28,Essex County,Belleville Township,-74.157825,40.792401,34013014600
Census Tract 531.05,34035053105,7699,3285,2.04,Somerset County,Franklin Township,-74.501574,40.516693,34035053105
Census Tract 6075.07,34007607507,6227,3470,1.12,Camden County,Voorhees Township,-75.005146,39.849046,34007607507
Census Tract 70.02,34003007002,4674,1556,1.8,Bergen County,Closter Borough,-73.948845,40.970858,34003007002
Census Tract 101,34003010100,6335,2278,0.68,Bergen County,Dumont Borough,-73.982441,40.945644,34003010100
Census Tract 75.02,34013007502,3233,1156,0.65,Essex County,Newark City,-74.127463,40.72881,34013007502
Census Tract 5022.01,34015502201,3423,1007,1.91,Gloucester County,Woolwich Township,-75.332753,39.748727,34015502201
Census Tract 457.01,34027045701,6177,2111,7.79,Morris County,Randolph Township,-74.606556,40.833051,34027045701
Census Tract 571.02,34003057102,4271,1680,0.4,Bergen County,Wallington Borough,-74.10629,40.848222,34003057102
Census Tract 71,34017007100,3510,1731,0.13,Hudson County,Jersey City,-74.056555,40.728314,34017007100
Census Tract 72,34017007200,3269,1501,0.12,Hudson County,Jersey City,-74.050083,40.728461,34017007200
Census Tract 417.02,34027041702,3465,1233,0.45,Morris County,Parsippany-Troy Hills Township,-74.37771,40.880928,34027041702
Census Tract 408.03,34027040803,7258,2587,4.06,Morris County,Montville Township,-74.349871,40.867688,34027040803
Census Tract 447.01,34027044701,4506,2219,2.51,Morris County,Jefferson Township,-74.624984,40.968022,34027044701
Census Tract 572,34003057200,3489,1455,0.19,Bergen County,Wallington Borough,-74.112393,40.854536,34003057200
Census Tract 73,34017007300,4946,2818,0.23,Hudson County,Jersey City,-74.04794,40.713221,34017007300
Census Tract 158.02,34017015802,5710,2653,0.09,Hudson County,West New York Town,-74.013576,40.782629,34017015802
Census Tract 461.04,34027046104,6210,2348,9.1,Morris County,Mount Olive Township,-74.731123,40.838219,34027046104
Census Tract 414,34027041400,5728,2277,2.38,Morris County,Denville Township,-74.486143,40.889484,34027041400
Census Tract 416.04,34027041604,4872,1630,2.18,Morris County,Parsippany-Troy Hills Township,-74.456155,40.859367,34027041604
Census Tract 1,34021000100,3354,1335,0.47,Mercer County,Trenton City,-74.755437,40.194993,34021000100
Census Tract 7223,34029722300,4158,1310,4.28,Ocean County,Toms River Township,-74.186209,39.997916,34029722300
Census Tract 455.01,34027045501,5044,1766,3.04,Morris County,Roxbury Township,-74.654811,40.847262,34027045501
Census Tract 441.01,34027044101,3031,1113,3.08,Morris County,Long Hill Township,-74.512008,40.671366,34027044101
Census Tract 462.01,34027046201,5920,2221,6.36,Morris County,Washington Township,-74.796005,40.826492,34027046201
Census Tract 417.04,34027041704,4837,1943,2.08,Morris County,Parsippany-Troy Hills Township,-74.366408,40.860829,34027041704
Census Tract 419.02,34027041902,5082,1930,4.03,Morris County,East Hanover Township,-74.374354,40.806582,34027041902
Census Tract 462.97,34027046297,3500,1235,13.07,Morris County,Washington Township,-74.835687,40.790233,34027046297
Census Tract 440,34027044000,5951,2145,7.24,Morris County,Chatham Township,-74.433135,40.729864,34027044000
Census Tract 462.98,34027046298,5028,1830,17.61,Morris County,Washington Township,-74.776852,40.768262,34027046298
Census Tract 442,34027044200,3871,1569,20.05,Morris County,Harding Township,-74.502109,40.743586,34027044200
Census Tract 441.02,34027044102,5598,2127,8.72,Morris County,Long Hill Township,-74.47888,40.68916,34027044102
Census Tract 7224.02,34029722402,4068,1972,0.97,Ocean County,Toms River Township,-74.134089,40.003864,34029722402
Census Tract 24,34013002400,3955,1547,0.15,Essex County,Newark City,-74.227114,40.742001,34013002400
Census Tract 31,34013003100,2232,706,0.1,Essex County,Newark City,-74.192815,40.731457,34013003100
Census Tract 35,34013003500,3026,968,0.1,Essex County,Newark City,-74.21181,40.733549,34013003500
Census Tract 7017,34005701700,3993,2013,0.93,Burlington County,Bordentown City,-74.708905,40.149414,34005701700
Census Tract 7221,34029722100,7553,2759,4.87,Ocean County,Toms River Township,-74.202088,40.017957,34029722100
Census Tract 7234,34029723400,3293,1867,0.78,Ocean County,Toms River Township,-74.110829,39.956367,34029723400
Census Tract 7251,34029725100,2116,828,0.42,Ocean County,Beachwood Borough,-74.185608,39.937675,34029725100
Census Tract 1831.02,34031183102,4606,1481,0.4,Passaic County,Paterson City,-74.151613,40.898086,34031183102
Census Tract 74,34013007400,5474,1119,1.43,Essex County,Newark City,-74.136303,40.717002,34013007400
Census Tract 531.02,34035053102,3571,1621,0.63,Somerset County,Franklin Township,-74.482827,40.507546,34035053102
Census Tract 531.03,34035053103,4995,1664,1.56,Somerset County,Franklin Township,-74.498036,40.497577,34035053103
Census Tract 70,34013007000,3878,1481,0.15,Essex County,Newark City,-74.16077,40.722124,34013007000
Census Tract 71,34013007100,3634,1431,0.15,Essex County,Newark City,-74.155979,40.72079,34013007100
Census Tract 7029.15,34005702915,4282,1814,0.92,Burlington County,Mount Laurel Township,-74.87417,39.959675,34005702915
Census Tract 5006.01,34015500601,7543,2837,7.21,Gloucester County,East Greenwich Township,-75.21944,39.797548,34015500601
Census Tract 5006.02,34015500602,4163,1245,7.24,Gloucester County,East Greenwich Township,-75.256794,39.783002,34015500602
Census Tract 5022.04,34015502204,2852,899,10.59,Gloucester County,Woolwich Township,-75.284524,39.750291,34015502204
Census Tract 5012.02,34015501202,4713,1625,1.63,Gloucester County,Washington Township,-75.081996,39.755103,34015501202
Census Tract 9901,34009990100,0,0,0,Cape May County,,-75.049792,39.042824,34009990100
Census Tract 6117,34007611700,2935,1237,0.71,Camden County,Haddon Township; Mount Ephraim Borough,-75.09117,39.88698,34007611700
Census Tract 355,34039035500,7256,2935,0.79,Union County,Rahway City,-74.280439,40.618542,34039035500
Census Tract 14,34017001400,3867,1725,0.09,Hudson County,Jersey City,-74.052086,40.734462,34017001400
Census Tract 132,34017013200,4265,1574,0.12,Hudson County,Kearny Town,-74.154513,40.757788,34017013200
Census Tract 232,34013023200,3761,1443,0.2,Essex County,Newark City,-74.19347,40.718731,34013023200
Census Tract 9801,34013980100,5777,114,0.56,Essex County,Newark City,-74.169061,40.713889,34013980100
Census Tract 460,34027046000,3375,1490,0.83,Morris County,Netcong Borough,-74.699328,40.899362,34027046000
Census Tract 461.03,34027046103,6422,2876,2.59,Morris County,Mount Olive Township,-74.690435,40.840591,34027046103
Census Tract 462.02,34027046202,3749,1291,7.54,Morris County,Washington Township,-74.770218,40.809015,34027046202
Census Tract 401.02,34027040102,6807,2644,3.47,Morris County,Lincoln Park Borough,-74.294766,40.911533,34027040102
Census Tract 7028.03,34005702803,3778,1419,0.68,Burlington County,Willingboro Township,-74.868269,40.020712,34005702803
Census Tract 6017,34007601700,2875,1210,0.34,Camden County,Camden City,-75.109914,39.919854,34007601700
Census Tract 6018,34007601800,1102,549,0.77,Camden County,Camden City,-75.123894,39.917928,34007601800
Census Tract 408.04,34027040804,3846,1633,2.03,Morris County,Montville Township,-74.373936,40.905514,34027040804
Census Tract 218.03,34009021803,3495,2721,1.04,Cape May County,Lower Township,-74.946895,39.014092,34009021803
Census Tract 216,34009021600,3101,5491,1.3,Cape May County,Wildwood Crest Borough,-74.832533,38.97209,34009021600
Census Tract 113,34003011300,4979,1800,0.81,Bergen County,Elmwood Park Borough,-74.121713,40.895421,34003011300
Census Tract 114,34003011400,6588,2506,0.89,Bergen County,Elmwood Park Borough,-74.111235,40.902672,34003011400
Census Tract 8018,34025801800,5723,2183,1.78,Monmouth County,Union Beach Borough,-74.173236,40.448046,34025801800
Census Tract 8016,34025801600,5369,2330,0.68,Monmouth County,Keansburg Borough,-74.109509,40.467507,34025801600
Census Tract 140,34003014000,7290,2600,2.23,Bergen County,Emerson Borough,-74.018419,40.974626,34003014000
Census Tract 152,34003015200,6255,2284,0.78,Bergen County,Englewood City,-73.976316,40.906704,34003015200
Census Tract 14.15,34023001415,5608,1864,2.07,Middlesex County,Edison Township,-74.37072,40.565043,34023001415
Census Tract 8014,34025801400,3883,1404,1.39,Monmouth County,Middletown Township,-74.077445,40.363962,34025801400
Census Tract 8002,34025800200,4414,2092,1.26,Monmouth County,Atlantic Highlands Borough,-74.022207,40.423666,34025800200
Census Tract 8081,34025808100,4626,2251,0.89,Monmouth County,Neptune City Borough,-74.030124,40.198754,34025808100
Census Tract 71.03,34023007103,5639,2183,3.44,Middlesex County,Sayreville Borough,-74.342253,40.437112,34023007103
Census Tract 6019,34007601900,2804,1151,0.44,Camden County,Camden City,-75.108469,39.911826,34007601900
Census Tract 74.02,34023007402,4956,2099,1.65,Middlesex County,Sayreville Borough,-74.273845,40.468794,34023007402
Census Tract 76,34023007600,6137,2577,0.67,Middlesex County,South Amboy City,-74.27508,40.481573,34023007600
Census Tract 84.05,34023008405,5106,1599,1.93,Middlesex County,South Brunswick Township,-74.542502,40.421458,34023008405
Census Tract 8099.01,34025809901,5157,1774,8.91,Monmouth County,Colts Neck Township,-74.201694,40.310184,34025809901
Census Tract 8053,34025805300,5882,2324,2.47,Monmouth County,Oceanport Borough,-74.012506,40.316371,34025805300
Census Tract 8015,34025801500,7060,2509,5.58,Monmouth County,Middletown Township,-74.130076,40.34507,34025801500
Census Tract 8032.01,34025803201,4047,1680,1.51,Monmouth County,Holmdel Township,-74.153802,40.415981,34025803201
Census Tract 8038,34025803800,3512,1189,3.51,Monmouth County,Rumson Borough,-73.998892,40.35939,34025803800
Census Tract 8037,34025803700,6269,2074,1.59,Monmouth County,Fair Haven Borough,-74.039145,40.361993,34025803700
Census Tract 155,34003015500,6189,2525,1.43,Bergen County,Englewood City,-73.969827,40.879116,34003015500
Census Tract 172,34003017200,6701,2728,1.23,Bergen County,Fair Lawn Borough,-74.135314,40.942145,34003017200
Census Tract 8093.01,34025809301,3220,1321,0.64,Monmouth County,Manasquan Borough,-74.052412,40.124509,34025809301
Census Tract 153,34003015300,6257,2121,0.62,Bergen County,Englewood City,-73.985639,40.898477,34003015300
Census Tract 212,34003021200,5935,2274,0.44,Bergen County,Garfield City,-74.119582,40.882537,34003021200
Census Tract 214,34003021400,4883,1896,0.39,Bergen County,Garfield City,-74.098999,40.879491,34003021400
Census Tract 160,34003016000,5342,1961,2.13,Bergen County,Englewood Cliffs Borough,-73.945141,40.882265,34003016000
Census Tract 8093.02,34025809302,2718,2091,0.73,Monmouth County,Manasquan Borough,-74.034354,40.111743,34025809302
Census Tract 8101.01,34025810101,4171,1405,1.78,Monmouth County,Manalapan Township,-74.294514,40.306463,34025810101
Census Tract 406.02,34011040602,4142,1445,0.91,Cumberland County,Vineland City,-75.022578,39.46954,34011040602
Census Tract 407.01,34011040701,4625,1907,2.98,Cumberland County,Vineland City,-74.986196,39.460902,34011040701
Census Tract 203.01,34011020301,2587,686,0.3,Cumberland County,Bridgeton City,-75.229547,39.440158,34011020301
Census Tract 411.01,34011041101,3259,1240,0.8,Cumberland County,Vineland City,-75.022379,39.485317,34011041101
Census Tract 8121,34025812100,1455,1208,3.69,Monmouth County,Middletown Township; Sea Bright Borough,-73.982598,40.414704,34025812100
Census Tract 229,34013022900,5752,2226,0.46,Essex County,Newark City,-74.170539,40.744809,34013022900
Census Tract 231,34013023100,2685,978,0.18,Essex County,Newark City,-74.205948,40.73534,34013023100
Census Tract 6035.05,34007603505,3381,1231,1.13,Camden County,Cherry Hill Township,-75.006614,39.869224,34007603505
Census Tract 45,34013004500,3722,1506,0.19,Essex County,Newark City,-74.222558,40.711197,34013004500
Census Tract 46,34013004600,3742,1524,0.15,Essex County,Newark City,-74.216513,40.709623,34013004600
Census Tract 47,34013004700,4797,2074,0.22,Essex County,Newark City,-74.212161,40.705322,34013004700
Census Tract 49,34013004900,4188,1853,0.15,Essex County,Newark City,-74.207148,40.709347,34013004900
Census Tract 50,34013005000,3542,1305,0.31,Essex County,Newark City,-74.199731,40.714802,34013005000
Census Tract 53,34013005300,3041,1146,0.12,Essex County,Newark City,-74.210235,40.718391,34013005300
Census Tract 7139,34029713900,6381,2631,1.53,Ocean County,Brick Township,-74.125645,40.052628,34029713900
Census Tract 7141,34029714100,3301,1774,1.32,Ocean County,Brick Township,-74.14289,40.025965,34029714100
Census Tract 93,34013009300,5281,1950,0.21,Essex County,Newark City,-74.165602,40.767658,34013009300
Census Tract 42,34017004200,5100,1948,0.11,Hudson County,Jersey City,-74.079243,40.718073,34017004200
Census Tract 44,34017004400,2697,1176,0.06,Hudson County,Jersey City,-74.076521,40.714413,34017004400
Census Tract 45,34017004500,4395,1745,0.15,Hudson County,Jersey City,-74.072714,40.711036,34017004500
Census Tract 53,34017005300,3201,1282,0.15,Hudson County,Jersey City,-74.075438,40.704174,34017005300
Census Tract 516,34035051600,3179,1243,0.94,Somerset County,Manville Borough,-74.586681,40.548652,34035051600
Census Tract 518,34035051800,4433,1393,0.6,Somerset County,North Plainfield Borough,-74.436567,40.618449,34035051800
Census Tract 219,34009021900,2284,2271,5.94,Cape May County,Cape May Point Borough; Lower Township; West Cape May Borough,-74.945353,38.946956,34009021900
Census Tract 105,34013010500,4758,2128,0.19,Essex County,East Orange City,-74.215692,40.7697,34013010500
Census Tract 114,34013011400,4859,2388,0.23,Essex County,East Orange City,-74.230519,40.756417,34013011400
Census Tract 9801,34023980100,84,32,1.82,Middlesex County,Woodbridge Township,-74.319054,40.507025,34023980100
Census Tract 133.01,34001013301,2185,2243,0.78,Atlantic County,Ventnor City,-74.492965,39.34015,34001013301
Census Tract 115,34013011500,2535,924,0.13,Essex County,East Orange City,-74.225905,40.755728,34013011500
Census Tract 116,34013011600,3133,1184,0.12,Essex County,East Orange City,-74.220116,40.755824,34013011600
Census Tract 117,34013011700,3557,1562,0.22,Essex County,East Orange City,-74.218897,40.7517,34013011700
Census Tract 119,34013011900,1948,877,0.13,Essex County,Irvington Township,-74.227096,40.727266,34013011900
Census Tract 1540.06,34031154006,4328,1874,0.7,Passaic County,Little Falls Township,-74.224816,40.881816,34031154006
Census Tract 1802.04,34031180204,3799,1026,0.09,Passaic County,Paterson City,-74.184649,40.915728,34031180204
Census Tract 131.01,34001013101,993,1181,0.32,Atlantic County,Margate City,-74.507388,39.325838,34001013101
Census Tract 148.02,34017014802,1095,452,0.84,Hudson County,North Bergen Township,-74.050797,40.771701,34017014802
Census Tract 426.01,34027042601,3109,706,2.79,Morris County,Florham Park Borough,-74.418497,40.7819,34027042601
Census Tract 362,34003036200,3133,1149,1.84,Bergen County,Moonachie Borough; South Hackensack Township,-74.059676,40.839409,34003036200
Census Tract 203,34033020300,2913,1211,0.53,Salem County,Penns Grove Borough,-75.470413,39.725666,34033020300
Census Tract 7028.08,34005702808,3295,1158,0.58,Burlington County,Willingboro Township,-74.901128,40.032803,34005702808
Census Tract 7028.09,34005702809,2266,1100,0.31,Burlington County,Willingboro Township,-74.910118,40.036881,34005702809
Census Tract 423.02,34003042302,5108,1506,2.26,Bergen County,Paramus Borough,-74.063167,40.963403,34003042302
Census Tract 183,34013018300,5172,1933,0.22,Essex County,City of Orange Township,-74.229337,40.774532,34013018300
Census Tract 184,34013018400,2544,1011,0.18,Essex County,City of Orange Township,-74.22352,40.768393,34013018400
Census Tract 7028.11,34005702811,2568,944,0.83,Burlington County,Willingboro Township,-74.87841,40.006863,34005702811
Census Tract 372.01,34003037201,4180,1355,0.59,Bergen County,New Milford Borough,-74.018865,40.933917,34003037201
Census Tract 6073,34007607300,4352,1877,0.98,Camden County,Magnolia Borough,-75.035661,39.856022,34007607300
Census Tract 6074.01,34007607401,2989,1316,0.62,Camden County,Somerdale Borough,-75.031323,39.843032,34007607401
Census Tract 11.02,34021001102,3237,1659,0.22,Mercer County,Trenton City,-74.779915,40.228606,34021001102
Census Tract 6089.03,34007608903,3212,1179,5.21,Camden County,Waterford Township,-74.848095,39.76929,34007608903
Census Tract 6046,34007604600,2091,1055,0.31,Camden County,Oaklyn Borough,-75.080454,39.903748,34007604600
Census Tract 6033.02,34007603302,6338,2406,1.45,Camden County,Cherry Hill Township,-74.994269,39.93519,34007603302
Census Tract 6075.02,34007607502,5781,2218,3.1,Camden County,Voorhees Township,-74.97108,39.849984,34007607502
Census Tract 1246.02,34031124602,5255,1925,0.48,Passaic County,Clifton City,-74.154836,40.877326,34031124602
Census Tract 8105.05,34025810505,3733,1191,1.98,Monmouth County,Freehold Township,-74.308781,40.229075,34025810505
Census Tract 6089.01,34007608901,5794,2208,3.76,Camden County,Waterford Township,-74.888002,39.769419,34007608901
Census Tract 6089.04,34007608904,1415,550,27.03,Camden County,Waterford Township,-74.801081,39.731975,34007608904
Census Tract 6011.02,34007601102,5111,1735,0.39,Camden County,Camden City,-75.07935,39.953424,34007601102
Census Tract 209,34033020900,3432,1409,40.24,Salem County,Upper Pittsgrove Township,-75.196462,39.607421,34033020900
Census Tract 473,34003047300,3287,1016,1.01,Bergen County,Ridgewood Village,-74.135756,40.980409,34003047300
Census Tract 6033.01,34007603301,5993,2551,1.75,Camden County,Cherry Hill Township,-75.023442,39.927179,34007603301
Census Tract 6079,34007607900,1978,796,0.45,Camden County,Laurel Springs Borough,-75.004547,39.821738,34007607900
Census Tract 6035.04,34007603504,2688,1000,0.94,Camden County,Cherry Hill Township,-74.991787,39.872299,34007603504
Census Tract 101.05,34001010105,2200,2227,1,Atlantic County,Brigantine City,-74.409742,39.384289,34001010105
Census Tract 520.01,34035052001,4014,1342,0.6,Somerset County,North Plainfield Borough,-74.421766,40.632888,34035052001
Census Tract 523,34035052300,6449,2285,6.02,Somerset County,Watchung Borough,-74.434596,40.642631,34035052300
Census Tract 54,34013005400,4656,1760,0.14,Essex County,Newark City,-74.203109,40.720268,34013005400
Census Tract 57,34013005700,2984,1033,0.33,Essex County,Newark City,-74.183503,40.719492,34013005700
Census Tract 8027,34025802700,4144,1681,1.22,Monmouth County,Aberdeen Township,-74.217061,40.417725,34025802700
Census Tract 6034,34007603400,7573,3028,2,Camden County,Cherry Hill Township,-74.984586,39.920416,34007603400
Census Tract 6035.06,34007603506,6560,2293,1.95,Camden County,Cherry Hill Township,-74.949464,39.887877,34007603506
Census Tract 6035.07,34007603507,7239,2952,2.33,Camden County,Cherry Hill Township,-74.951034,39.874744,34007603507
Census Tract 6076,34007607600,2189,825,2.15,Camden County,Gibbsboro Borough,-74.966069,39.831472,34007607600
Census Tract 64,34013006400,1320,729,0.12,Essex County,Newark City,-74.183159,40.737779,34013006400
Census Tract 67,34013006700,3593,1721,0.13,Essex County,Newark City,-74.179688,40.724426,34013006700
Census Tract 68,34013006800,5458,1957,0.45,Essex County,Newark City,-74.172716,40.719104,34013006800
Census Tract 131,34017013100,2178,770,0.09,Hudson County,Kearny Town,-74.153098,40.765791,34017013100
Census Tract 133,34017013300,3765,1614,0.28,Hudson County,Kearny Town,-74.159034,40.759518,34017013300
Census Tract 134,34017013400,2594,920,0.1,Hudson County,East Newark Borough,-74.161633,40.750784,34017013400
Census Tract 6077.02,34007607702,6382,2761,1.2,Camden County,Lindenwold Borough,-74.986552,39.824534,34007607702
Census Tract 6078.01,34007607801,5787,2912,0.9,Camden County,Lindenwold Borough,-75.016909,39.812764,34007607801
Census Tract 531,34003053100,3372,1458,4.92,Bergen County,Saddle River Borough,-74.095773,41.027703,34003053100
Census Tract 105.06,34001010506,5253,1961,4.27,Atlantic County,Galloway Township,-74.515331,39.45476,34001010506
Census Tract 7270.02,34029727002,1331,2480,0.62,Ocean County,Toms River Township,-74.073328,39.952464,34029727002
Census Tract 7290,34029729000,1932,1153,0.45,Ocean County,Berkeley Township; Ocean Gate Borough,-74.134382,39.929201,34029729000
Census Tract 7300,34029730000,2148,935,0.64,Ocean County,Pine Beach Borough,-74.169359,39.935614,34029730000
Census Tract 62,34013006200,1875,783,0.09,Essex County,Newark City,-74.186174,40.729833,34013006200
Census Tract 170,34013017000,3182,1382,0.41,Essex County,Montclair Township,-74.220391,40.805513,34013017000
Census Tract 66,34013006600,1305,660,0.06,Essex County,Newark City,-74.187212,40.727159,34013006600
Census Tract 9,34013000900,4387,1655,0.13,Essex County,Newark City,-74.187917,40.75458,34013000900
Census Tract 395.02,34039039502,3281,855,0.34,Union County,Plainfield City,-74.443469,40.602622,34039039502
Census Tract 7210,34029721000,2636,979,0.9,Ocean County,Lakehurst Borough,-74.317917,40.01279,34029721000
Census Tract 5014.03,34015501403,4821,2130,2.31,Gloucester County,Glassboro Borough,-75.138757,39.699583,34015501403
Census Tract 5014.04,34015501404,5222,643,0.77,Gloucester County,Glassboro Borough,-75.128631,39.714546,34015501404
Census Tract 6035.01,34007603501,6669,2673,2.86,Camden County,Cherry Hill Township,-74.976279,39.901444,34007603501
Census Tract 6035.03,34007603503,4840,1656,1.75,Camden County,Cherry Hill Township,-74.984296,39.876472,34007603503
Census Tract 6075.04,34007607504,4086,1374,2.35,Camden County,Voorhees Township,-74.924327,39.832835,34007607504
Census Tract 6075.05,34007607505,4640,1589,2.45,Camden County,Voorhees Township,-74.942626,39.835787,34007607505
Census Tract 17,34013001700,2654,998,0.11,Essex County,Newark City,-74.198368,40.750316,34013001700
Census Tract 18,34013001800,2490,979,0.27,Essex County,Newark City,-74.204719,40.744379,34013001800
Census Tract 19,34013001900,2295,842,0.27,Essex County,Newark City,-74.213259,40.744765,34013001900
Census Tract 179,34013017900,3622,1233,0.45,Essex County,West Orange Township,-74.253468,40.767488,34013017900
Census Tract 7227.02,34029722702,4381,1533,1.05,Ocean County,Toms River Township,-74.145767,39.979005,34029722702
Census Tract 5016.06,34015501606,7483,2697,9.43,Gloucester County,Monroe Township,-74.983131,39.651099,34015501606
Census Tract 5018,34015501800,1774,700,1.74,Gloucester County,Newfield Borough,-75.017735,39.548031,34015501800
Census Tract 8099.03,34025809903,194,59,7.25,Monmouth County,Colts Neck Township,-74.147907,40.26549,34025809903
Census Tract 8106,34025810600,7091,2913,19.49,Monmouth County,Freehold Township,-74.322341,40.194117,34025810600
Census Tract 8112,34025811200,6000,2166,12.97,Monmouth County,Howell Township,-74.187719,40.158287,34025811200
Census Tract 8105.04,34025810504,4333,1542,2.23,Monmouth County,Freehold Township,-74.285204,40.235983,34025810504
Census Tract 7310.01,34029731001,3515,1880,2.68,Ocean County,Berkeley Township,-74.125922,39.920816,34029731001
Census Tract 7311.02,34029731102,6903,2688,3.46,Ocean County,Berkeley Township,-74.164623,39.901236,34029731102
Census Tract 103,34019010300,3120,1485,3.05,Hunterdon County,Glen Gardner Borough; Hampton Borough,-74.955533,40.704205,34019010300
Census Tract 6071,34007607100,3742,1477,0.9,Camden County,Runnemede Borough,-75.084276,39.850728,34007607100
Census Tract 6072,34007607200,4582,2063,1.15,Camden County,Runnemede Borough,-75.062694,39.853081,34007607200
Census Tract 2568.04,34031256804,6572,2499,11.5,Passaic County,West Milford Township,-74.369205,41.081666,34031256804
Census Tract 2463,34031246300,4547,1902,3.9,Passaic County,Wayne Township,-74.271784,40.91702,34031246300
Census Tract 1812,34031181200,4734,1522,0.16,Passaic County,Paterson City,-74.150255,40.92432,34031181200
Census Tract 2239,34031223900,7,3,0.33,Passaic County,Totowa Borough,-74.228805,40.902532,34031223900
Census Tract 2568.03,34031256803,4635,2264,5.49,Passaic County,West Milford Township,-74.381531,41.122514,34031256803
Census Tract 8095.06,34025809506,3631,1296,2.33,Monmouth County,Marlboro Township,-74.290318,40.360207,34025809506
Census Tract 7028.06,34005702806,3803,1276,0.72,Burlington County,Willingboro Township,-74.885147,40.040606,34005702806
Census Tract 2460.03,34031246003,5902,1992,2.54,Passaic County,Wayne Township,-74.260792,40.976858,34031246003
Census Tract 8070.06,34025807006,1921,1330,0.25,Monmouth County,Asbury Park City,-74.001126,40.222137,34025807006
Census Tract 210,34033021000,1347,574,0.89,Salem County,Elmer Borough,-75.173356,39.592739,34033021000
Census Tract 8083,34025808300,1933,1334,0.43,Monmouth County,Avon-by-the-Sea Borough,-74.014731,40.191059,34025808300
Census Tract 304.01,34011030401,4045,1671,3.11,Cumberland County,Millville City,-75.005309,39.398908,34011030401
Census Tract 8006.01,34025800601,5131,2063,1.26,Monmouth County,Middletown Township,-74.102189,40.446546,34025800601
Census Tract 6092.06,34007609206,5008,1770,2.1,Camden County,Winslow Township,-74.985514,39.736262,34007609206
Census Tract 3739,34037373900,4004,1943,26.92,Sussex County,Stillwater Township,-74.871439,41.080233,34037373900
Census Tract 8013,34025801300,6010,2771,3.22,Monmouth County,Middletown Township,-74.095969,40.350156,34025801300
Census Tract 8046,34025804600,3403,1239,2.98,Monmouth County,Tinton Falls Borough,-74.098382,40.299993,34025804600
Census Tract 8029,34025802900,1949,757,0.97,Monmouth County,Aberdeen Township,-74.249775,40.400381,34025802900
Census Tract 8084.01,34025808401,2158,1620,0.47,Monmouth County,Belmar Borough,-74.01743,40.182402,34025808401
Census Tract 8088,34025808800,4504,1979,1.54,Monmouth County,Wall Township,-74.054551,40.134527,34025808800
Census Tract 7202.04,34029720204,5819,2102,1.42,Ocean County,Manchester Township,-74.254999,39.998867,34029720204
Census Tract 102,34013010200,4625,1902,0.37,Essex County,East Orange City,-74.199303,40.773417,34013010200
Census Tract 208,34009020800,2104,6992,2.2,Cape May County,Sea Isle City,-74.698804,39.150535,34009020800
Census Tract 7226,34029722600,3047,1284,2.15,Ocean County,Toms River Township,-74.121996,39.984431,34029722600
Census Tract 7229,34029722900,5666,2363,1.17,Ocean County,Toms River Township,-74.205023,39.978033,34029722900
Census Tract 182,34013018200,4675,1874,0.19,Essex County,City of Orange Township,-74.228862,40.778911,34013018200
Census Tract 54,34017005400,7307,2870,0.54,Hudson County,Jersey City,-74.106297,40.707409,34017005400
Census Tract 58.01,34017005801,5569,2177,0.17,Hudson County,Jersey City,-74.081629,40.699295,34017005801
Census Tract 8108,34025810800,4018,1314,0.45,Monmouth County,Freehold Borough,-74.267993,40.258165,34025810800
Census Tract 96,34013009600,5577,1920,0.42,Essex County,Newark City,-74.158214,40.772242,34013009600
Census Tract 148,34013014800,3383,1263,0.65,Essex County,Bloomfield Township,-74.184267,40.838456,34013014800
Census Tract 539.05,34035053905,6629,2325,3.36,Somerset County,Montgomery Township,-74.620371,40.453945,34035053905
Census Tract 8009,34025800900,6107,2633,8.38,Monmouth County,Middletown Township,-74.025098,40.386781,34025800900
Census Tract 8030,34025803000,5896,2472,1.37,Monmouth County,Matawan Borough,-74.238861,40.410673,34025803000
Census Tract 8065.01,34025806501,4136,2039,1.23,Monmouth County,Ocean Township,-74.05701,40.266347,34025806501
Census Tract 8119,34025811900,7273,2604,46.5,Monmouth County,Upper Freehold Township,-74.527954,40.149443,34025811900
Census Tract 8086,34025808600,6130,2122,14.05,Monmouth County,Wall Township,-74.109048,40.20115,34025808600
Census Tract 8113.01,34025811301,6545,2659,3.49,Monmouth County,Howell Township,-74.256444,40.181055,34025811301
Census Tract 149,34013014900,4794,1672,0.83,Essex County,Bloomfield Township,-74.172754,40.833472,34013014900
Census Tract 150,34013015000,3663,1515,0.54,Essex County,Bloomfield Township,-74.18917,40.820648,34013015000
Census Tract 507.04,34035050704,6793,2666,1.86,Somerset County,Bridgewater Township,-74.671766,40.580372,34035050704
Census Tract 8022,34025802200,3773,1503,0.83,Monmouth County,Hazlet Township,-74.138362,40.436111,34025802200
Census Tract 8099.02,34025809902,4606,1618,14.56,Monmouth County,Colts Neck Township,-74.139971,40.302191,34025809902
Census Tract 8033,34025803300,7237,2309,11.61,Monmouth County,Holmdel Township,-74.177769,40.366318,34025803300
Census Tract 60,34017006000,4709,1842,0.15,Hudson County,Jersey City,-74.088915,40.698555,34017006000
Census Tract 108.01,34019010801,2773,1157,1.35,Hunterdon County,Clinton Town,-74.914717,40.635678,34019010801
Census Tract 109,34019010900,3546,1517,2.39,Hunterdon County,High Bridge Borough,-74.893483,40.667503,34019010900
Census Tract 112.02,34019011202,3402,1426,10.92,Hunterdon County,Readington Township,-74.794056,40.536561,34019011202
Census Tract 320.04,34039032004,3092,1199,0.09,Union County,Elizabeth City,-74.238003,40.660914,34039032004
Census Tract 1249,34031124900,5360,1707,0.28,Passaic County,Clifton City,-74.138538,40.872472,34031124900
Census Tract 1824,34031182400,6169,1768,0.25,Passaic County,Paterson City,-74.14983,40.911071,34031182400
Census Tract 1817.02,34031181702,3780,1463,0.08,Passaic County,Paterson City,-74.164168,40.91572,34031181702
Census Tract 2568.05,34031256805,4927,1899,33.9,Passaic County,West Milford Township,-74.449874,41.081151,34031256805
Census Tract 113.03,34019011303,4707,2092,2.59,Hunterdon County,Raritan Township,-74.834019,40.493322,34019011303
Census Tract 178,34013017800,3686,1318,0.24,Essex County,West Orange Township,-74.24358,40.773088,34013017800
Census Tract 151,34013015100,4985,1863,0.42,Essex County,Bloomfield Township,-74.181896,40.819549,34013015100
Census Tract 6113,34007611300,4413,1628,1.93,Camden County,Gloucester Township,-75.070795,39.788291,34007611300
Census Tract 15.06,34023001506,6515,2210,1.39,Middlesex County,Edison Township,-74.420918,40.520352,34023001506
Census Tract 236.02,34003023602,5337,1529,0.42,Bergen County,Hackensack City,-74.044492,40.875912,34003023602
Census Tract 40.01,34003004001,3528,1197,0.33,Bergen County,Bogota Borough,-74.03086,40.879316,34003004001
Census Tract 438.01,34027043801,2603,1191,0.45,Morris County,Morristown Town,-74.48906,40.798817,34027043801
Census Tract 327.01,34039032701,3387,1325,0.48,Union County,Union Township,-74.281471,40.704365,34039032701
Census Tract 170,34017017000,4920,1829,0.08,Hudson County,Union City,-74.036665,40.768931,34017017000
Census Tract 48,34017004800,4713,1827,0.4,Hudson County,Jersey City,-74.095763,40.718984,34017004800
Census Tract 127,34017012700,6009,2035,6.72,Hudson County,Kearny Town,-74.108931,40.744154,34017012700
Census Tract 161,34017016100,3773,1352,0.05,Hudson County,Union City,-74.017056,40.779305,34017016100
Census Tract 6036.02,34007603602,2621,936,1.04,Camden County,Cherry Hill Township,-75.001976,39.898195,34007603602
Census Tract 455.03,34027045503,3811,1405,2.13,Morris County,Roxbury Township,-74.66197,40.859435,34027045503
Census Tract 190,34017019000,4822,2405,0.09,Hudson County,Hoboken City,-74.038689,40.743002,34017019000
Census Tract 6036.03,34007603603,2465,904,0.85,Camden County,Cherry Hill Township,-74.992332,39.906412,34007603603
Census Tract 6037,34007603700,3639,1558,0.86,Camden County,Cherry Hill Township,-75.018837,39.908268,34007603700
Census Tract 6038,34007603800,5504,2239,0.84,Camden County,Haddon Township,-75.050207,39.915696,34007603800
Census Tract 395.01,34039039501,3940,1003,0.23,Union County,Plainfield City,-74.436684,40.602153,34039039501
Census Tract 318.01,34039031801,5616,1969,0.22,Union County,Elizabeth City,-74.22741,40.669833,34039031801
Census Tract 319.04,34039031904,3288,1642,0.11,Union County,Elizabeth City,-74.220721,40.663547,34039031904
Census Tract 321.02,34039032102,3239,1042,0.3,Union County,Elizabeth City,-74.243088,40.671856,34039032102
Census Tract 399,34039039900,1915,712,0.26,Union County,Elizabeth City,-74.214419,40.666178,34039039900
Census Tract 318.02,34039031802,3345,1264,0.11,Union County,Elizabeth City,-74.22212,40.671531,34039031802
Census Tract 321.01,34039032101,3845,1328,0.32,Union County,Elizabeth City,-74.235491,40.668632,34039032101
Census Tract 6030.01,34007603001,3736,1382,0.61,Camden County,Pennsauken Township,-75.052436,39.957321,34007603001
Census Tract 6030.02,34007603002,5021,1679,0.55,Camden County,Pennsauken Township,-75.06257,39.956951,34007603002
Census Tract 6031,34007603100,3820,1699,0.59,Camden County,Merchantville Borough,-75.048723,39.951644,34007603100
Census Tract 5011.02,34015501102,7076,3147,3.38,Gloucester County,Deptford Township,-75.107333,39.844857,34015501102
Census Tract 538.01,34035053801,448,168,0.68,Somerset County,Millstone Borough,-74.593815,40.500991,34035053801
Census Tract 313.02,34041031302,5335,2467,19.99,Warren County,Allamuchy Township,-74.831439,40.918896,34041031302
Census Tract 6078.02,34007607802,2503,987,0.51,Camden County,Lindenwold Borough,-74.999514,39.814014,34007607802
Census Tract 193.06,34003019306,2332,1017,0.22,Bergen County,Fort Lee Borough,-73.97797,40.833063,34003019306
Census Tract 236.01,34003023601,3405,1349,0.39,Bergen County,Hackensack City,-74.039257,40.865924,34003023601
Census Tract 35,34017003500,2257,1141,0.03,Hudson County,Jersey City,-74.048949,40.719772,34017003500
Census Tract 235.01,34003023501,3739,1513,0.25,Bergen County,Hackensack City,-74.047048,40.889822,34003023501
Census Tract 316.01,34041031601,4606,2317,27.37,Warren County,White Township,-75.034032,40.82222,34041031601
Census Tract 314.02,34041031402,5326,2048,1.67,Warren County,Hackettstown Town,-74.836161,40.843799,34041031402
Census Tract 40,34017004000,5642,1996,0.6,Hudson County,Jersey City,-74.089378,40.72592,34017004000
Census Tract 41.02,34017004102,3091,1375,0.09,Hudson County,Jersey City,-74.070557,40.719685,34017004102
Census Tract 46,34017004600,2309,984,0.18,Hudson County,Jersey City,-74.068086,40.70989,34017004600
Census Tract 47,34017004700,3304,1671,0.34,Hudson County,Jersey City,-74.062312,40.708463,34017004700
Census Tract 42.03,34021004203,4199,1589,6.32,Mercer County,Princeton,-74.690902,40.367178,34021004203
Census Tract 30.01,34021003001,6287,2406,10.07,Mercer County,Hamilton Township,-74.642345,40.173072,34021003001
Census Tract 7045,34005704500,5303,2324,17.09,Burlington County,North Hanover Township; Wrightstown Borough,-74.585756,40.08556,34005704500
Census Tract 7046,34005704600,3237,1429,1.46,Burlington County,Mount Holly Township,-74.798758,39.993659,34005704600
Census Tract 7048.01,34005704801,3455,973,20.36,Burlington County,New Hanover Township; Pemberton Township,-74.549669,40.012443,34005704801
Census Tract 7022.09,34005702209,2989,1148,1.78,Burlington County,Pemberton Township,-74.548343,39.979164,34005702209
Census Tract 7022.10,34005702210,4559,1844,1.34,Burlington County,Pemberton Township,-74.578782,39.979287,34005702210
Census Tract 7043.02,34005704302,6298,2050,20.36,Burlington County,Chesterfield Township,-74.648232,40.108166,34005704302
Census Tract 5002.02,34015500202,4843,1932,1.34,Gloucester County,West Deptford Township,-75.161191,39.851104,34015500202
Census Tract 5005,34015500500,4917,2102,8.99,Gloucester County,Greenwich Township,-75.281151,39.822454,34015500500
Census Tract 6074.02,34007607402,2577,1121,0.77,Camden County,Somerdale Borough,-75.016022,39.846686,34007607402
Census Tract 5016.08,34015501608,5639,2396,2.79,Gloucester County,Monroe Township,-75.015133,39.7071,34015501608
Census Tract 314.01,34041031401,4922,1897,1.94,Warren County,Hackettstown Town,-74.811314,40.865953,34041031401
Census Tract 311.01,34041031101,5715,2251,50.61,Warren County,Blairstown Township; Hardwick Township,-75.031129,41.007243,34041031101
Census Tract 44.04,34021004404,7787,2809,1.26,Mercer County,East Windsor Township,-74.49178,40.264574,34021004404
Census Tract 381.01,34039038101,5036,2324,1.36,Union County,New Providence Borough,-74.393135,40.695762,34039038101
Census Tract 382.02,34039038202,7146,2614,2.52,Union County,Berkeley Heights Township,-74.446395,40.676642,34039038202
Census Tract 5002.03,34015500203,4771,2099,2.14,Gloucester County,West Deptford Township,-75.184441,39.80982,34015500203
Census Tract 5017.01,34015501701,5288,1880,12.94,Gloucester County,Franklin Township,-75.03173,39.620306,34015501701
Census Tract 5021,34015502100,3395,1155,15.9,Gloucester County,South Harrison Township,-75.261398,39.698758,34015502100
Census Tract 5002.05,34015500205,3712,1783,4.49,Gloucester County,West Deptford Township,-75.200793,39.850323,34015500205
Census Tract 5011.03,34015501103,5513,1990,4.02,Gloucester County,Deptford Township,-75.095461,39.811902,34015501103
Census Tract 383,34039038300,7020,2564,4,Union County,Mountainside Borough,-74.357006,40.682085,34039038300
Census Tract 5013.03,34015501303,2701,1041,0.84,Gloucester County,Pitman Borough,-75.142832,39.732681,34015501303
Census Tract 472,34003047200,4481,1464,0.94,Bergen County,Ridgewood Village,-74.121473,40.994843,34003047200
Census Tract 49,34017004900,4370,1561,0.14,Hudson County,Jersey City,-74.085229,40.713638,34017004900
Census Tract 52,34017005200,4815,1980,0.15,Hudson County,Jersey City,-74.08567,40.709225,34017005200
Census Tract 11.01,34021001101,2377,1241,0.29,Mercer County,Trenton City,-74.779055,40.222557,34021001101
Census Tract 34,34021003400,2810,1085,0.85,Mercer County,Ewing Township,-74.763518,40.241317,34021003400
Census Tract 38,34021003800,6874,2564,30.44,Mercer County,Hopewell Township,-74.864266,40.330559,34021003800
Census Tract 61.01,34023006101,5851,1585,1.27,Middlesex County,North Brunswick Township,-74.449227,40.471766,34023006101
Census Tract 358,34039035800,3339,1286,0.78,Union County,Rahway City,-74.274719,40.598351,34039035800
Census Tract 329.02,34039032902,5101,1894,0.69,Union County,Union Township,-74.29974,40.702939,34039032902
Census Tract 376.02,34039037602,6481,2556,1.78,Union County,Springfield Township,-74.319703,40.691102,34039037602
Census Tract 382.01,34039038201,6139,2046,3.7,Union County,Berkeley Heights Township,-74.415641,40.67691,34039038201
Census Tract 7360.01,34029736001,3403,1600,22.12,Ocean County,Little Egg Harbor Township,-74.362666,39.675109,34029736001
Census Tract 352,34039035200,2649,908,0.71,Union County,Linden City,-74.226903,40.645506,34039035200
Census Tract 7260,34029726000,1650,841,0.61,Ocean County,Island Heights Borough,-74.14504,39.943065,34029726000
Census Tract 7174,34029717400,5978,2307,36.36,Ocean County,Jackson Township,-74.376398,40.074622,34029717400
Census Tract 7202.02,34029720202,3801,2677,2.91,Ocean County,Manchester Township,-74.260995,40.017058,34029720202
Census Tract 7320.01,34029732001,7025,2675,70.46,Ocean County,Lacey Township,-74.293762,39.869259,34029732001
Census Tract 7311.03,34029731103,4844,1557,5.25,Ocean County,Berkeley Township,-74.19257,39.899904,34029731103
Census Tract 388,34039038800,4898,1741,0.61,Union County,Plainfield City,-74.404395,40.636771,34039038800
Census Tract 386.01,34039038601,8476,3368,3.02,Union County,Scotch Plains Township,-74.357766,40.628503,34039038601
Census Tract 66.04,34023006604,7107,2749,3.25,Middlesex County,East Brunswick Township,-74.419014,40.394174,34023006604
Census Tract 206,34011020600,4664,1673,1.89,Cumberland County,Bridgeton City,-75.248262,39.428717,34011020600
Census Tract 3710,34037371000,3792,1832,45.23,Sussex County,Montague Township,-74.751236,41.289942,34037371000
Census Tract 3722,34037372200,1981,1274,8.38,Sussex County,Frankford Township,-74.786857,41.157197,34037372200
Census Tract 317,34039031700,6125,2416,0.29,Union County,Elizabeth City,-74.216861,40.678383,34039031700
Census Tract 341,34039034100,3665,1358,0.6,Union County,Roselle Borough,-74.24658,40.655073,34039034100
Census Tract 312,34039031200,6712,2184,0.33,Union County,Elizabeth City,-74.202427,40.662806,34039031200
Census Tract 309,34039030900,6485,2105,0.29,Union County,Elizabeth City,-74.203611,40.651177,34039030900
Census Tract 3735,34037373500,3799,1401,8.98,Sussex County,Andover Borough; Andover Township,-74.710589,41.011471,34037373500
Census Tract 3737,34037373700,3973,1783,1.47,Sussex County,Newton Town,-74.765086,41.054602,34037373700
Census Tract 3738,34037373800,4401,1904,1.89,Sussex County,Newton Town,-74.744756,41.051517,34037373800
Census Tract 3734,34037373400,6599,2986,2.72,Sussex County,Sparta Township,-74.655219,41.020306,34037373400
Census Tract 310,34039031000,4553,1404,0.11,Union County,Elizabeth City,-74.197995,40.655107,34039031000
Census Tract 314,34039031400,5807,2011,0.19,Union County,Elizabeth City,-74.208534,40.671843,34039031400
Census Tract 339,34039033900,3322,1267,0.33,Union County,Roselle Park Borough,-74.266026,40.663601,34039033900
Census Tract 354,34039035400,2892,1041,6.48,Union County,Linden City,-74.233596,40.617207,34039035400
Census Tract 342,34039034200,3747,1313,0.41,Union County,Roselle Borough,-74.269444,40.652766,34039034200
Census Tract 320.02,34039032002,4090,1368,0.19,Union County,Elizabeth City,-74.229335,40.656058,34039032002
Census Tract 23,34013002300,4773,1820,0.19,Essex County,Newark City,-74.231754,40.738435,34013002300
