{
"type": "FeatureCollection",
"name": "nj_state",
"xy_coordinate_resolution": 1e-06,
"features": [
{ "type": "Feature", "properties": { "atlas_id": "1779795", "state": "New Jersey", "area_sq_mi": 8671.0888034, "lon": -74.400623, "lat": 40.105305 }, "geometry": { "type": "Polygon", "coordinates": [ [ [ -74.670813, 41.34637 ], [ -74.672695, 41.347211 ], [ -74.67481, 41.348188 ], [ -74.686908, 41.353684 ], [ -74.690794, 41.355491 ], [ -74.690983, 41.355582 ], [ -74.694014, 41.356959 ], [ -74.69455, 41.357202 ], [ -74.694725, 41.357282 ], [ -74.694762, 41.357299 ], [ -74.695505, 41.357636 ], [ -74.695546, 41.357655 ], [ -74.695693, 41.357487 ], [ -74.695846, 41.357321 ], [ -74.696003, 41.357159 ], [ -74.696164, 41.357 ], [ -74.696358, 41.356817 ], [ -74.696553, 41.356643 ], [ -74.696749, 41.356476 ], [ -74.696946, 41.356317 ], [ -74.697145, 41.356166 ], [ -74.697344, 41.356022 ], [ -74.697545, 41.355885 ], [ -74.697747, 41.355756 ], [ -74.697933, 41.355644 ], [ -74.698117, 41.355538 ], [ -74.698299, 41.355439 ], [ -74.69848, 41.355346 ], [ -74.698633, 41.355271 ], [ -74.698789, 41.355198 ], [ -74.698947, 41.355128 ], [ -74.699107, 41.35506 ], [ -74.699277, 41.35497 ], [ -74.699514, 41.354846 ], [ -74.699659, 41.354774 ], [ -74.699712, 41.354748 ], [ -74.699846, 41.354684 ], [ -74.699951, 41.354636 ], [ -74.700047, 41.354595 ], [ -74.700137, 41.35456 ], [ -74.700249, 41.354519 ], [ -74.700338, 41.354489 ], [ -74.700421, 41.354463 ], [ -74.700498, 41.354443 ], [ -74.70057, 41.354427 ], [ -74.700652, 41.354413 ], [ -74.700899, 41.354379 ], [ -74.70105, 41.354361 ], [ -74.701296, 41.354335 ], [ -74.701512, 41.354316 ], [ -74.701985, 41.354284 ], [ -74.702174, 41.354267 ], [ -74.702174, 41.354267 ], [ -74.702267, 41.354256 ], [ -74.702354, 41.354244 ], [ -74.702407, 41.354236 ], [ -74.70242, 41.354234 ], [ -74.702433, 41.354232 ], [ -74.702434, 41.354232 ], [ -74.702447, 41.35423 ], [ -74.702461, 41.354227 ], [ -74.702475, 41.354225 ], [ -74.702489, 41.354222 ], [ -74.702503, 41.35422 ], [ -74.702547, 41.354211 ], [ -74.702562, 41.354208 ], [ -74.702578, 41.354205 ], [ -74.702592, 41.354202 ], [ -74.703066, 41.354098 ], [ -74.703181, 41.354075 ], [ -74.703286, 41.354056 ], [ -74.703384, 41.354042 ], [ -74.703632, 41.35401 ], [ -74.703763, 41.353988 ], [ -74.703844, 41.353971 ], [ -74.703933, 41.35395 ], [ -74.704217, 41.353876 ], [ -74.704343, 41.353841 ], [ -74.70467, 41.353745 ], [ -74.704767, 41.353719 ], [ -74.704855, 41.353699 ], [ -74.704951, 41.353679 ], [ -74.705059, 41.353659 ], [ -74.705436, 41.353599 ], [ -74.705639, 41.353569 ], [ -74.70614, 41.353502 ], [ -74.706255, 41.353484 ], [ -74.706359, 41.353466 ], [ -74.706456, 41.353447 ], [ -74.706547, 41.353427 ], [ -74.706629, 41.353407 ], [ -74.706714, 41.353383 ], [ -74.706802, 41.353357 ], [ -74.706895, 41.353328 ], [ -74.70709, 41.353261 ], [ -74.707385, 41.353153 ], [ -74.707592, 41.353079 ], [ -74.707757, 41.353023 ], [ -74.708136, 41.352906 ], [ -74.708301, 41.352852 ], [ -74.70844, 41.352802 ], [ -74.708584, 41.352747 ], [ -74.708734, 41.352687 ], [ -74.708894, 41.352621 ], [ -74.70909, 41.35254 ], [ -74.70918, 41.352501 ], [ -74.709269, 41.352459 ], [ -74.709345, 41.352418 ], [ -74.709402, 41.352384 ], [ -74.709463, 41.352345 ], [ -74.709615, 41.352238 ], [ -74.709659, 41.352204 ], [ -74.709704, 41.352167 ], [ -74.709751, 41.352125 ], [ -74.709805, 41.352075 ], [ -74.70993, 41.351954 ], [ -74.710004, 41.351887 ], [ -74.710077, 41.351828 ], [ -74.710148, 41.351778 ], [ -74.710214, 41.351739 ], [ -74.710284, 41.351701 ], [ -74.710361, 41.351663 ], [ -74.710445, 41.351626 ], [ -74.710533, 41.351589 ], [ -74.710632, 41.351552 ], [ -74.710915, 41.351451 ], [ -74.711067, 41.351396 ], [ -74.711221, 41.351343 ], [ -74.711396, 41.351288 ], [ -74.711564, 41.35124 ], [ -74.71196, 41.351132 ], [ -74.71215, 41.351076 ], [ -74.712319, 41.351022 ], [ -74.712469, 41.350967 ], [ -74.712613, 41.350908 ], [ -74.712769, 41.350838 ], [ -74.71292, 41.350766 ], [ -74.713305, 41.350577 ], [ -74.713418, 41.350524 ], [ -74.71352, 41.350478 ], [ -74.713729, 41.35039 ], [ -74.714245, 41.350178 ], [ -74.714387, 41.350117 ], [ -74.714582, 41.35003 ], [ -74.714776, 41.349942 ], [ -74.714969, 41.349852 ], [ -74.715161, 41.349761 ], [ -74.715673, 41.349524 ], [ -74.716255, 41.349275 ], [ -74.716477, 41.349173 ], [ -74.716665, 41.349077 ], [ -74.716893, 41.348948 ], [ -74.716944, 41.348918 ], [ -74.717104, 41.348821 ], [ -74.71744, 41.348599 ], [ -74.717628, 41.348498 ], [ -74.717824, 41.348419 ], [ -74.718326, 41.348254 ], [ -74.718588, 41.348152 ], [ -74.718914, 41.348009 ], [ -74.719686, 41.347645 ], [ -74.720091, 41.347477 ], [ -74.720357, 41.347385 ], [ -74.72065, 41.347302 ], [ -74.721815, 41.347033 ], [ -74.722048, 41.346987 ], [ -74.722524, 41.346921 ], [ -74.722758, 41.34688 ], [ -74.723034, 41.346831 ], [ -74.723348, 41.346762 ], [ -74.72387, 41.346626 ], [ -74.724582, 41.3465 ], [ -74.725284, 41.346338 ], [ -74.725645, 41.346266 ], [ -74.7263, 41.346154 ], [ -74.726776, 41.346086 ], [ -74.726882, 41.346062 ], [ -74.727114, 41.345999 ], [ -74.727169, 41.345988 ], [ -74.727322, 41.345958 ], [ -74.727557, 41.345924 ], [ -74.72805, 41.345864 ], [ -74.728349, 41.345842 ], [ -74.728726, 41.345828 ], [ -74.728925, 41.345828 ], [ -74.729289, 41.345841 ], [ -74.729979, 41.345833 ], [ -74.730568, 41.345849 ], [ -74.73125, 41.345884 ], [ -74.732071, 41.345943 ], [ -74.73245, 41.345984 ], [ -74.733106, 41.346098 ], [ -74.733522, 41.346162 ], [ -74.733696, 41.346187 ], [ -74.734001, 41.34622 ], [ -74.734305, 41.346259 ], [ -74.73461, 41.346305 ], [ -74.734898, 41.346356 ], [ -74.735191, 41.346413 ], [ -74.735298, 41.346438 ], [ -74.735436, 41.346476 ], [ -74.735752, 41.346571 ], [ -74.735782, 41.346579 ], [ -74.735903, 41.346611 ], [ -74.735977, 41.346627 ], [ -74.736047, 41.346639 ], [ -74.736115, 41.346648 ], [ -74.736179, 41.346653 ], [ -74.73624, 41.346655 ], [ -74.736302, 41.346654 ], [ -74.736439, 41.346643 ], [ -74.736532, 41.34663 ], [ -74.736575, 41.346624 ], [ -74.736849, 41.346576 ], [ -74.736964, 41.346558 ], [ -74.737072, 41.346546 ], [ -74.737295, 41.346525 ], [ -74.737553, 41.346505 ], [ -74.73783, 41.346488 ], [ -74.738147, 41.346472 ], [ -74.738451, 41.34646 ], [ -74.738703, 41.346448 ], [ -74.739179, 41.346393 ], [ -74.739323, 41.346393 ], [ -74.739587, 41.346408 ], [ -74.74009, 41.346447 ], [ -74.74036, 41.346449 ], [ -74.7406, 41.346437 ], [ -74.740983, 41.346388 ], [ -74.741388, 41.346356 ], [ -74.741593, 41.346351 ], [ -74.741672, 41.346351 ], [ -74.741761, 41.346352 ], [ -74.742585, 41.346246 ], [ -74.742948, 41.346237 ], [ -74.743346, 41.346227 ], [ -74.743806, 41.346215 ], [ -74.744002, 41.346225 ], [ -74.744975, 41.346272 ], [ -74.7459, 41.346349 ], [ -74.746218, 41.346392 ], [ -74.746244, 41.346393 ], [ -74.74639, 41.346403 ], [ -74.74654, 41.346419 ], [ -74.746655, 41.346435 ], [ -74.746755, 41.346458 ], [ -74.746853, 41.346487 ], [ -74.746863, 41.34649 ], [ -74.747075, 41.34656 ], [ -74.747178, 41.346589 ], [ -74.747266, 41.346607 ], [ -74.747347, 41.346616 ], [ -74.747402, 41.346617 ], [ -74.747458, 41.346613 ], [ -74.74746, 41.346613 ], [ -74.74752, 41.346606 ], [ -74.747712, 41.346576 ], [ -74.7478, 41.346568 ], [ -74.747904, 41.346562 ], [ -74.748377, 41.346548 ], [ -74.748584, 41.346547 ], [ -74.748792, 41.346549 ], [ -74.74899, 41.346543 ], [ -74.749703, 41.346561 ], [ -74.750223, 41.346547 ], [ -74.750443, 41.34653 ], [ -74.750663, 41.346519 ], [ -74.750982, 41.346508 ], [ -74.751205, 41.346505 ], [ -74.751372, 41.346507 ], [ -74.751525, 41.346514 ], [ -74.751671, 41.346526 ], [ -74.751832, 41.346544 ], [ -74.752137, 41.346582 ], [ -74.752403, 41.346589 ], [ -74.752594, 41.346578 ], [ -74.752799, 41.346545 ], [ -74.753698, 41.346356 ], [ -74.754181, 41.346239 ], [ -74.75447, 41.34615 ], [ -74.754788, 41.346033 ], [ -74.755082, 41.345906 ], [ -74.755337, 41.345778 ], [ -74.755662, 41.345583 ], [ -74.755842, 41.345457 ], [ -74.756045, 41.345281 ], [ -74.756174, 41.345154 ], [ -74.756251, 41.345067 ], [ -74.756319, 41.344965 ], [ -74.756405, 41.344773 ], [ -74.756462, 41.344667 ], [ -74.756517, 41.344579 ], [ -74.756517, 41.344579 ], [ -74.75658, 41.344477 ], [ -74.75658, 41.344477 ], [ -74.756677, 41.344321 ], [ -74.756749, 41.344217 ], [ -74.756855, 41.344063 ], [ -74.756964, 41.34391 ], [ -74.757161, 41.343658 ], [ -74.757232, 41.34356 ], [ -74.757305, 41.343439 ], [ -74.75746, 41.343155 ], [ -74.757482, 41.343121 ], [ -74.757503, 41.343086 ], [ -74.757545, 41.343025 ], [ -74.757612, 41.342938 ], [ -74.757691, 41.342843 ], [ -74.757908, 41.342606 ], [ -74.757938, 41.342573 ], [ -74.75814, 41.342364 ], [ -74.758346, 41.342162 ], [ -74.758555, 41.341969 ], [ -74.758768, 41.341785 ], [ -74.758858, 41.341713 ], [ -74.758964, 41.341635 ], [ -74.759314, 41.341397 ], [ -74.759433, 41.341314 ], [ -74.759537, 41.341234 ], [ -74.759627, 41.341158 ], [ -74.759732, 41.341057 ], [ -74.759848, 41.340932 ], [ -74.759953, 41.340808 ], [ -74.760052, 41.34068 ], [ -74.760193, 41.340494 ], [ -74.760406, 41.340173 ], [ -74.760584, 41.339947 ], [ -74.760649, 41.339854 ], [ -74.760713, 41.33974 ], [ -74.760797, 41.339564 ], [ -74.760893, 41.339335 ], [ -74.760935, 41.339235 ], [ -74.760963, 41.339142 ], [ -74.760966, 41.339078 ], [ -74.760948, 41.33891 ], [ -74.760983, 41.338654 ], [ -74.760999, 41.338431 ], [ -74.761, 41.33828 ], [ -74.760971, 41.337992 ], [ -74.760976, 41.337915 ], [ -74.760995, 41.337831 ], [ -74.761009, 41.337793 ], [ -74.761033, 41.337726 ], [ -74.761095, 41.337598 ], [ -74.761236, 41.337335 ], [ -74.761405, 41.33705 ], [ -74.761434, 41.337002 ], [ -74.761456, 41.336958 ], [ -74.761525, 41.336821 ], [ -74.761656, 41.33652 ], [ -74.761838, 41.336066 ], [ -74.761984, 41.335744 ], [ -74.762035, 41.335609 ], [ -74.762115, 41.335325 ], [ -74.762231, 41.334806 ], [ -74.762346, 41.334136 ], [ -74.762424, 41.333574 ], [ -74.762496, 41.333244 ], [ -74.762577, 41.332958 ], [ -74.762667, 41.332698 ], [ -74.762771, 41.332448 ], [ -74.76291, 41.332157 ], [ -74.762969, 41.33205 ], [ -74.763026, 41.331965 ], [ -74.763156, 41.331821 ], [ -74.763213, 41.331758 ], [ -74.763269, 41.331688 ], [ -74.763428, 41.331431 ], [ -74.763529, 41.331292 ], [ -74.76368, 41.331112 ], [ -74.764003, 41.330751 ], [ -74.764003, 41.330751 ], [ -74.764083, 41.330662 ], [ -74.764186, 41.33055 ], [ -74.764292, 41.33044 ], [ -74.764352, 41.330381 ], [ -74.76442, 41.33032 ], [ -74.764583, 41.330186 ], [ -74.764645, 41.330139 ], [ -74.764897, 41.329948 ], [ -74.765019, 41.329853 ], [ -74.765138, 41.329751 ], [ -74.765238, 41.329656 ], [ -74.765326, 41.329559 ], [ -74.765469, 41.329373 ], [ -74.765536, 41.329296 ], [ -74.765615, 41.329221 ], [ -74.765784, 41.329083 ], [ -74.765851, 41.329024 ], [ -74.765946, 41.328926 ], [ -74.76604, 41.328821 ], [ -74.766112, 41.328732 ], [ -74.766134, 41.328702 ], [ -74.766176, 41.328646 ], [ -74.766214, 41.328586 ], [ -74.766307, 41.32843 ], [ -74.766377, 41.328329 ], [ -74.766475, 41.328198 ], [ -74.76649, 41.328181 ], [ -74.766561, 41.328095 ], [ -74.766628, 41.328024 ], [ -74.766696, 41.327961 ], [ -74.766776, 41.327898 ], [ -74.766862, 41.327836 ], [ -74.766974, 41.327767 ], [ -74.767079, 41.327711 ], [ -74.767149, 41.32768 ], [ -74.767382, 41.327585 ], [ -74.767656, 41.327454 ], [ -74.767842, 41.327365 ], [ -74.768096, 41.327252 ], [ -74.768164, 41.327224 ], [ -74.768245, 41.327197 ], [ -74.768311, 41.327184 ], [ -74.768379, 41.327178 ], [ -74.768539, 41.327171 ], [ -74.768611, 41.327162 ], [ -74.76867, 41.327147 ], [ -74.768731, 41.327121 ], [ -74.768807, 41.327076 ], [ -74.768969, 41.326959 ], [ -74.769045, 41.326911 ], [ -74.769186, 41.326838 ], [ -74.769473, 41.326703 ], [ -74.769591, 41.326645 ], [ -74.769805, 41.326528 ], [ -74.770027, 41.326399 ], [ -74.770259, 41.326257 ], [ -74.770507, 41.326097 ], [ -74.770913, 41.325817 ], [ -74.771016, 41.325754 ], [ -74.771128, 41.325689 ], [ -74.771258, 41.325618 ], [ -74.771405, 41.325543 ], [ -74.772031, 41.32524 ], [ -74.772477, 41.325012 ], [ -74.772639, 41.324933 ], [ -74.772762, 41.324875 ], [ -74.772877, 41.324824 ], [ -74.773139, 41.32472 ], [ -74.773275, 41.324669 ], [ -74.773407, 41.324624 ], [ -74.773535, 41.324583 ], [ -74.773661, 41.324546 ], [ -74.773685, 41.324539 ], [ -74.773794, 41.32451 ], [ -74.773928, 41.324476 ], [ -74.774063, 41.324446 ], [ -74.774199, 41.324418 ], [ -74.774344, 41.324391 ], [ -74.774488, 41.324367 ], [ -74.774631, 41.324346 ], [ -74.774773, 41.324329 ], [ -74.774864, 41.32432 ], [ -74.775023, 41.324305 ], [ -74.775267, 41.324291 ], [ -74.775505, 41.324288 ], [ -74.775737, 41.324294 ], [ -74.775875, 41.324303 ], [ -74.775986, 41.324314 ], [ -74.776228, 41.324348 ], [ -74.776466, 41.324381 ], [ -74.776677, 41.324404 ], [ -74.776984, 41.324438 ], [ -74.777336, 41.324477 ], [ -74.778041, 41.324584 ], [ -74.778041, 41.324584 ], [ -74.778044, 41.324584 ], [ -74.778047, 41.324585 ], [ -74.778154, 41.324595 ], [ -74.778156, 41.324595 ], [ -74.778404, 41.32462 ], [ -74.778503, 41.324622 ], [ -74.778652, 41.324626 ], [ -74.779224, 41.324585 ], [ -74.779986, 41.324553 ], [ -74.780189, 41.324537 ], [ -74.780414, 41.32452 ], [ -74.780638, 41.3245 ], [ -74.780855, 41.324477 ], [ -74.781078, 41.32445 ], [ -74.781445, 41.3244 ], [ -74.781904, 41.324318 ], [ -74.782074, 41.32429 ], [ -74.782348, 41.324257 ], [ -74.782535, 41.32424 ], [ -74.782651, 41.324235 ], [ -74.78277, 41.324237 ], [ -74.782818, 41.32424 ], [ -74.783224, 41.324265 ], [ -74.78331, 41.324268 ], [ -74.783821, 41.324288 ], [ -74.784128, 41.324294 ], [ -74.784325, 41.32429 ], [ -74.784506, 41.32428 ], [ -74.78467, 41.324263 ], [ -74.784781, 41.324246 ], [ -74.784782, 41.324246 ], [ -74.784843, 41.324237 ], [ -74.784988, 41.32421 ], [ -74.785147, 41.324176 ], [ -74.785325, 41.324133 ], [ -74.785544, 41.324079 ], [ -74.785859, 41.324001 ], [ -74.78603, 41.323963 ], [ -74.786184, 41.323933 ], [ -74.786323, 41.32391 ], [ -74.786473, 41.32389 ], [ -74.786952, 41.323839 ], [ -74.787112, 41.32382 ], [ -74.787253, 41.3238 ], [ -74.78738, 41.323777 ], [ -74.787478, 41.323756 ], [ -74.787587, 41.32373 ], [ -74.787972, 41.323627 ], [ -74.788128, 41.323588 ], [ -74.788361, 41.323539 ], [ -74.788638, 41.323486 ], [ -74.789177, 41.323394 ], [ -74.789635, 41.323322 ], [ -74.790218, 41.323238 ], [ -74.79076, 41.323169 ], [ -74.791053, 41.323125 ], [ -74.791155, 41.323108 ], [ -74.791323, 41.32308 ], [ -74.791533, 41.323037 ], [ -74.791758, 41.322979 ], [ -74.79198, 41.322911 ], [ -74.792193, 41.322836 ], [ -74.792395, 41.322754 ], [ -74.792678, 41.322623 ], [ -74.792905, 41.322508 ], [ -74.792944, 41.322485 ], [ -74.793004, 41.322452 ], [ -74.793095, 41.322397 ], [ -74.793178, 41.322343 ], [ -74.793255, 41.322288 ], [ -74.79334, 41.32222 ], [ -74.793416, 41.322152 ], [ -74.793483, 41.322082 ], [ -74.793539, 41.322012 ], [ -74.793572, 41.321962 ], [ -74.793602, 41.321905 ], [ -74.793703, 41.321659 ], [ -74.79373, 41.321603 ], [ -74.793757, 41.321555 ], [ -74.793827, 41.321454 ], [ -74.7939, 41.32136 ], [ -74.793975, 41.321275 ], [ -74.79405, 41.321201 ], [ -74.794101, 41.321158 ], [ -74.794157, 41.321114 ], [ -74.794291, 41.321023 ], [ -74.794715, 41.320768 ], [ -74.794984, 41.32061 ], [ -74.795211, 41.320466 ], [ -74.795337, 41.320382 ], [ -74.795452, 41.3203 ], [ -74.795549, 41.320223 ], [ -74.795631, 41.320147 ], [ -74.7957, 41.320072 ], [ -74.795745, 41.320016 ], [ -74.795788, 41.319954 ], [ -74.795831, 41.319887 ], [ -74.795874, 41.319811 ], [ -74.795931, 41.319702 ], [ -74.796036, 41.319486 ], [ -74.796116, 41.319308 ], [ -74.796142, 41.319238 ], [ -74.796163, 41.319172 ], [ -74.796197, 41.319027 ], [ -74.796218, 41.318888 ], [ -74.796223, 41.318826 ], [ -74.796223, 41.318768 ], [ -74.796215, 41.318688 ], [ -74.796197, 41.318603 ], [ -74.796168, 41.318516 ], [ -74.796129, 41.318427 ], [ -74.796084, 41.318343 ], [ -74.796034, 41.318265 ], [ -74.795968, 41.318179 ], [ -74.795898, 41.318101 ], [ -74.795847, 41.318054 ], [ -74.795786, 41.318006 ], [ -74.79571, 41.317953 ], [ -74.79547, 41.317797 ], [ -74.795399, 41.317743 ], [ -74.795342, 41.317692 ], [ -74.795289, 41.317636 ], [ -74.795237, 41.317569 ], [ -74.795086, 41.317339 ], [ -74.795026, 41.317257 ], [ -74.794963, 41.317184 ], [ -74.794885, 41.317112 ], [ -74.794815, 41.317057 ], [ -74.794733, 41.316999 ], [ -74.79436, 41.316761 ], [ -74.793994, 41.316508 ], [ -74.793929, 41.316459 ], [ -74.793875, 41.316415 ], [ -74.793828, 41.316372 ], [ -74.793789, 41.316329 ], [ -74.793761, 41.316294 ], [ -74.793736, 41.316256 ], [ -74.793714, 41.316215 ], [ -74.793693, 41.316169 ], [ -74.79366, 41.316077 ], [ -74.793584, 41.315823 ], [ -74.793554, 41.31575 ], [ -74.793521, 41.315686 ], [ -74.793467, 41.315604 ], [ -74.793398, 41.31551 ], [ -74.793147, 41.315188 ], [ -74.792991, 41.314994 ], [ -74.792829, 41.314791 ], [ -74.792594, 41.314476 ], [ -74.79246, 41.314277 ], [ -74.79233, 41.314049 ], [ -74.792068, 41.313512 ], [ -74.791992, 41.313326 ], [ -74.791928, 41.313138 ], [ -74.791863, 41.312896 ], [ -74.791819, 41.312692 ], [ -74.791808, 41.312636 ], [ -74.791757, 41.312305 ], [ -74.79174, 41.312105 ], [ -74.791737, 41.311964 ], [ -74.791747, 41.311851 ], [ -74.791773, 41.311737 ], [ -74.791818, 41.311609 ], [ -74.791896, 41.311437 ], [ -74.791978, 41.311287 ], [ -74.792068, 41.311157 ], [ -74.792167, 41.311044 ], [ -74.792271, 41.310955 ], [ -74.792562, 41.310745 ], [ -74.792926, 41.310405 ], [ -74.79309, 41.310271 ], [ -74.793296, 41.310115 ], [ -74.793568, 41.309918 ], [ -74.793789, 41.309769 ], [ -74.79383, 41.309744 ], [ -74.794037, 41.309617 ], [ -74.79428, 41.309482 ], [ -74.794491, 41.309377 ], [ -74.79461, 41.309325 ], [ -74.794922, 41.309188 ], [ -74.795178, 41.309068 ], [ -74.795178, 41.309068 ], [ -74.795178, 41.309068 ], [ -74.795596, 41.308871 ], [ -74.795928, 41.308725 ], [ -74.796092, 41.308662 ], [ -74.796534, 41.308512 ], [ -74.797127, 41.308266 ], [ -74.79776, 41.308049 ], [ -74.79839, 41.307816 ], [ -74.799007, 41.307569 ], [ -74.799343, 41.307418 ], [ -74.799553, 41.307305 ], [ -74.799972, 41.307044 ], [ -74.800378, 41.306816 ], [ -74.800546, 41.306712 ], [ -74.800694, 41.306601 ], [ -74.800986, 41.306344 ], [ -74.801235, 41.306142 ], [ -74.801377, 41.306038 ], [ -74.801507, 41.305959 ], [ -74.801899, 41.305765 ], [ -74.802353, 41.305552 ], [ -74.802721, 41.305365 ], [ -74.802852, 41.305316 ], [ -74.803004, 41.30527 ], [ -74.803164, 41.305221 ], [ -74.803298, 41.305166 ], [ -74.803433, 41.305084 ], [ -74.803472, 41.305054 ], [ -74.803703, 41.304875 ], [ -74.803883, 41.304754 ], [ -74.804181, 41.30457 ], [ -74.804484, 41.304402 ], [ -74.804715, 41.304285 ], [ -74.804916, 41.304192 ], [ -74.805161, 41.304099 ], [ -74.805585, 41.303937 ], [ -74.805899, 41.3038 ], [ -74.806038, 41.303731 ], [ -74.806235, 41.303634 ], [ -74.806539, 41.303454 ], [ -74.806759, 41.303303 ], [ -74.807152, 41.302986 ], [ -74.807764, 41.30254 ], [ -74.808319, 41.302069 ], [ -74.808869, 41.301646 ], [ -74.808996, 41.301541 ], [ -74.809102, 41.301442 ], [ -74.809314, 41.301215 ], [ -74.809957, 41.300471 ], [ -74.810029, 41.300394 ], [ -74.810524, 41.299864 ], [ -74.810818, 41.299524 ], [ -74.810965, 41.299344 ], [ -74.811071, 41.299196 ], [ -74.811171, 41.299006 ], [ -74.811225, 41.298905 ], [ -74.811288, 41.298807 ], [ -74.811417, 41.29866 ], [ -74.811578, 41.298513 ], [ -74.811758, 41.29838 ], [ -74.812086, 41.298177 ], [ -74.812266, 41.298078 ], [ -74.812552, 41.297921 ], [ -74.813063, 41.297627 ], [ -74.813176, 41.297567 ], [ -74.81366, 41.297309 ], [ -74.813924, 41.297157 ], [ -74.81428, 41.296922 ], [ -74.814622, 41.296672 ], [ -74.814909, 41.296451 ], [ -74.81514, 41.296304 ], [ -74.815501, 41.296108 ], [ -74.81576, 41.295976 ], [ -74.815978, 41.295881 ], [ -74.816179, 41.295811 ], [ -74.81633, 41.295771 ], [ -74.816744, 41.295679 ], [ -74.817596, 41.295458 ], [ -74.817901, 41.295395 ], [ -74.818117, 41.295358 ], [ -74.818332, 41.295317 ], [ -74.818545, 41.295273 ], [ -74.818756, 41.295226 ], [ -74.818966, 41.295175 ], [ -74.819175, 41.295121 ], [ -74.819382, 41.295064 ], [ -74.819588, 41.295004 ], [ -74.819626, 41.294992 ], [ -74.819626, 41.294992 ], [ -74.81979, 41.294941 ], [ -74.81999, 41.294875 ], [ -74.82021, 41.294798 ], [ -74.820396, 41.29473 ], [ -74.820671, 41.294622 ], [ -74.820845, 41.29455 ], [ -74.820994, 41.294485 ], [ -74.821122, 41.294422 ], [ -74.821252, 41.294349 ], [ -74.821363, 41.294278 ], [ -74.821452, 41.294212 ], [ -74.821481, 41.294188 ], [ -74.821653, 41.294054 ], [ -74.821828, 41.293925 ], [ -74.822076, 41.293746 ], [ -74.822275, 41.29361 ], [ -74.822386, 41.293539 ], [ -74.822482, 41.29348 ], [ -74.822886, 41.293253 ], [ -74.823082, 41.293132 ], [ -74.823192, 41.293058 ], [ -74.823244, 41.293017 ], [ -74.823298, 41.29297 ], [ -74.823471, 41.292798 ], [ -74.823542, 41.292732 ], [ -74.823624, 41.292668 ], [ -74.823825, 41.292521 ], [ -74.824, 41.292381 ], [ -74.824203, 41.292206 ], [ -74.824397, 41.292025 ], [ -74.824528, 41.291908 ], [ -74.824767, 41.291693 ], [ -74.824963, 41.291492 ], [ -74.825256, 41.291133 ], [ -74.825371, 41.291001 ], [ -74.825595, 41.290776 ], [ -74.825655, 41.290723 ], [ -74.825756, 41.290633 ], [ -74.825798, 41.290603 ], [ -74.82598, 41.290471 ], [ -74.826461, 41.29016 ], [ -74.826556, 41.290079 ], [ -74.826609, 41.290029 ], [ -74.826777, 41.289869 ], [ -74.826931, 41.289753 ], [ -74.827323, 41.2895 ], [ -74.827961, 41.289121 ], [ -74.828144, 41.289001 ], [ -74.828293, 41.288894 ], [ -74.828405, 41.288806 ], [ -74.828733, 41.288539 ], [ -74.82884, 41.288458 ], [ -74.829168, 41.288219 ], [ -74.829367, 41.288064 ], [ -74.829465, 41.287984 ], [ -74.829538, 41.287919 ], [ -74.829599, 41.287859 ], [ -74.829651, 41.287801 ], [ -74.829763, 41.287664 ], [ -74.829815, 41.287605 ], [ -74.82988, 41.287538 ], [ -74.830058, 41.287367 ], [ -74.830107, 41.287315 ], [ -74.830148, 41.287266 ], [ -74.830193, 41.287205 ], [ -74.830237, 41.287134 ], [ -74.830367, 41.286889 ], [ -74.830431, 41.286779 ], [ -74.830594, 41.286517 ], [ -74.830761, 41.286249 ], [ -74.830895, 41.28602 ], [ -74.830954, 41.28591 ], [ -74.831015, 41.285787 ], [ -74.83122, 41.285346 ], [ -74.831306, 41.28517 ], [ -74.831472, 41.28486 ], [ -74.831544, 41.284738 ], [ -74.831582, 41.284675 ], [ -74.831632, 41.284599 ], [ -74.8318, 41.284361 ], [ -74.831843, 41.284291 ], [ -74.831951, 41.284103 ], [ -74.832026, 41.283993 ], [ -74.832105, 41.283891 ], [ -74.832306, 41.283654 ], [ -74.832393, 41.283544 ], [ -74.832486, 41.283414 ], [ -74.832689, 41.283114 ], [ -74.832789, 41.282977 ], [ -74.832918, 41.282822 ], [ -74.833067, 41.282659 ], [ -74.833315, 41.282391 ], [ -74.833737, 41.281949 ], [ -74.833829, 41.281852 ], [ -74.834366, 41.281253 ], [ -74.834551, 41.281026 ], [ -74.834603, 41.280955 ], [ -74.834603, 41.280955 ], [ -74.834719, 41.280797 ], [ -74.834796, 41.28067 ], [ -74.834958, 41.280371 ], [ -74.835044, 41.280237 ], [ -74.835099, 41.28017 ], [ -74.835158, 41.280097 ], [ -74.835305, 41.279946 ], [ -74.835477, 41.27979 ], [ -74.835893, 41.279432 ], [ -74.836298, 41.279105 ], [ -74.836675, 41.278833 ], [ -74.83691, 41.278673 ], [ -74.836996, 41.278614 ], [ -74.837427, 41.27832 ], [ -74.837728, 41.278094 ], [ -74.837813, 41.27802 ], [ -74.837888, 41.277941 ], [ -74.837954, 41.277859 ], [ -74.837967, 41.277843 ], [ -74.838054, 41.277721 ], [ -74.83813, 41.277586 ], [ -74.838297, 41.277232 ], [ -74.838509, 41.276896 ], [ -74.838604, 41.276719 ], [ -74.838714, 41.276463 ], [ -74.838742, 41.276399 ], [ -74.838794, 41.276244 ], [ -74.838853, 41.276091 ], [ -74.838923, 41.275933 ], [ -74.838989, 41.275804 ], [ -74.839043, 41.275717 ], [ -74.839109, 41.275622 ], [ -74.839355, 41.275302 ], [ -74.839444, 41.275178 ], [ -74.839522, 41.275053 ], [ -74.839588, 41.274922 ], [ -74.839641, 41.274796 ], [ -74.83969, 41.274657 ], [ -74.839741, 41.274491 ], [ -74.83975, 41.27446 ], [ -74.839842, 41.274123 ], [ -74.839889, 41.273962 ], [ -74.839936, 41.273825 ], [ -74.840037, 41.273556 ], [ -74.840126, 41.273275 ], [ -74.840202, 41.273007 ], [ -74.840272, 41.272724 ], [ -74.840321, 41.272441 ], [ -74.840362, 41.272138 ], [ -74.840402, 41.271957 ], [ -74.840463, 41.271765 ], [ -74.840481, 41.271726 ], [ -74.840557, 41.271566 ], [ -74.840632, 41.271442 ], [ -74.840714, 41.271324 ], [ -74.840735, 41.271294 ], [ -74.840827, 41.271172 ], [ -74.840912, 41.271073 ], [ -74.841049, 41.270943 ], [ -74.841416, 41.270648 ], [ -74.841436, 41.270632 ], [ -74.841561, 41.270519 ], [ -74.841742, 41.270327 ], [ -74.841886, 41.270132 ], [ -74.842176, 41.269678 ], [ -74.842258, 41.269534 ], [ -74.84231, 41.269428 ], [ -74.842389, 41.269201 ], [ -74.84252, 41.268692 ], [ -74.842528, 41.268659 ], [ -74.842577, 41.268524 ], [ -74.842633, 41.268404 ], [ -74.842794, 41.268121 ], [ -74.843001, 41.267797 ], [ -74.843118, 41.267633 ], [ -74.843199, 41.267536 ], [ -74.843305, 41.267405 ], [ -74.843407, 41.267272 ], [ -74.843464, 41.267193 ], [ -74.843522, 41.267107 ], [ -74.843638, 41.266915 ], [ -74.843835, 41.266563 ], [ -74.843914, 41.266428 ], [ -74.843998, 41.266294 ], [ -74.84408, 41.266175 ], [ -74.844143, 41.266093 ], [ -74.844217, 41.266002 ], [ -74.84453, 41.26565 ], [ -74.844721, 41.265422 ], [ -74.844847, 41.265266 ], [ -74.844908, 41.265189 ], [ -74.845051, 41.264997 ], [ -74.845126, 41.264884 ], [ -74.845205, 41.264757 ], [ -74.845232, 41.264711 ], [ -74.845455, 41.264329 ], [ -74.845552, 41.26417 ], [ -74.845656, 41.264012 ], [ -74.845819, 41.263776 ], [ -74.846004, 41.263508 ], [ -74.846079, 41.263378 ], [ -74.846143, 41.263246 ], [ -74.846256, 41.262966 ], [ -74.84638, 41.2627 ], [ -74.84646, 41.262465 ], [ -74.846484, 41.262336 ], [ -74.846492, 41.262206 ], [ -74.846486, 41.26208 ], [ -74.846465, 41.261951 ], [ -74.846434, 41.261841 ], [ -74.846367, 41.261661 ], [ -74.846305, 41.261515 ], [ -74.84624, 41.261382 ], [ -74.846192, 41.261301 ], [ -74.84607, 41.261093 ], [ -74.846055, 41.261069 ], [ -74.845942, 41.260887 ], [ -74.845895, 41.260818 ], [ -74.845801, 41.26069 ], [ -74.845765, 41.26064 ], [ -74.84573, 41.260586 ], [ -74.845704, 41.260537 ], [ -74.845682, 41.260482 ], [ -74.845666, 41.26042 ], [ -74.845656, 41.260358 ], [ -74.845637, 41.260204 ], [ -74.84562, 41.260124 ], [ -74.845576, 41.26 ], [ -74.845527, 41.259897 ], [ -74.845499, 41.25985 ], [ -74.845463, 41.259802 ], [ -74.845314, 41.259637 ], [ -74.84526, 41.25957 ], [ -74.845196, 41.259464 ], [ -74.845133, 41.259338 ], [ -74.845087, 41.259229 ], [ -74.845038, 41.259099 ], [ -74.845003, 41.258995 ], [ -74.844972, 41.258887 ], [ -74.844944, 41.258768 ], [ -74.844919, 41.258646 ], [ -74.844899, 41.258514 ], [ -74.844886, 41.258396 ], [ -74.844881, 41.258317 ], [ -74.844875, 41.258218 ], [ -74.844874, 41.258168 ], [ -74.844869, 41.257947 ], [ -74.844869, 41.257766 ], [ -74.844874, 41.257619 ], [ -74.844886, 41.257495 ], [ -74.844903, 41.257381 ], [ -74.844932, 41.257255 ], [ -74.844967, 41.25713 ], [ -74.844998, 41.25704 ], [ -74.845032, 41.256955 ], [ -74.845066, 41.256881 ], [ -74.845108, 41.256801 ], [ -74.845173, 41.256689 ], [ -74.845299, 41.256486 ], [ -74.845446, 41.256264 ], [ -74.845503, 41.256174 ], [ -74.845607, 41.255989 ], [ -74.845702, 41.255802 ], [ -74.845793, 41.255599 ], [ -74.845856, 41.255438 ], [ -74.845894, 41.255321 ], [ -74.845921, 41.255209 ], [ -74.845976, 41.254948 ], [ -74.846009, 41.254824 ], [ -74.846053, 41.254704 ], [ -74.846117, 41.254564 ], [ -74.84621, 41.254388 ], [ -74.84638, 41.254092 ], [ -74.846459, 41.253964 ], [ -74.846532, 41.253851 ], [ -74.846641, 41.253682 ], [ -74.84672, 41.253557 ], [ -74.846778, 41.253457 ], [ -74.846901, 41.253228 ], [ -74.847032, 41.253007 ], [ -74.847137, 41.252845 ], [ -74.847248, 41.252693 ], [ -74.847381, 41.252529 ], [ -74.847531, 41.25236 ], [ -74.847711, 41.252177 ], [ -74.847962, 41.25194 ], [ -74.848116, 41.251803 ], [ -74.848247, 41.251698 ], [ -74.848381, 41.251602 ], [ -74.848506, 41.25152 ], [ -74.848625, 41.25145 ], [ -74.848752, 41.251385 ], [ -74.848879, 41.251326 ], [ -74.848893, 41.25132 ], [ -74.849028, 41.251266 ], [ -74.84916, 41.251222 ], [ -74.849281, 41.251192 ], [ -74.849438, 41.251162 ], [ -74.849867, 41.251094 ], [ -74.850093, 41.251065 ], [ -74.850316, 41.251042 ], [ -74.850471, 41.251031 ], [ -74.850566, 41.251027 ], [ -74.850677, 41.251028 ], [ -74.851006, 41.251039 ], [ -74.851108, 41.251037 ], [ -74.851198, 41.251029 ], [ -74.851284, 41.251015 ], [ -74.851376, 41.25099 ], [ -74.851477, 41.250955 ], [ -74.851685, 41.250872 ], [ -74.851776, 41.250838 ], [ -74.851874, 41.250809 ], [ -74.851964, 41.250791 ], [ -74.852034, 41.250783 ], [ -74.852113, 41.250777 ], [ -74.852401, 41.250772 ], [ -74.852542, 41.250764 ], [ -74.852551, 41.250764 ], [ -74.85284, 41.250744 ], [ -74.853113, 41.250721 ], [ -74.853365, 41.250696 ], [ -74.853607, 41.250667 ], [ -74.853635, 41.250663 ], [ -74.853897, 41.250626 ], [ -74.854103, 41.250593 ], [ -74.854286, 41.250557 ], [ -74.854487, 41.25051 ], [ -74.854672, 41.250461 ], [ -74.854867, 41.250403 ], [ -74.855122, 41.25032 ], [ -74.855202, 41.250295 ], [ -74.85547, 41.250211 ], [ -74.855603, 41.250166 ], [ -74.855687, 41.250134 ], [ -74.855765, 41.250101 ], [ -74.855857, 41.250059 ], [ -74.85595, 41.250013 ], [ -74.856046, 41.249962 ], [ -74.856142, 41.249907 ], [ -74.856218, 41.24986 ], [ -74.856297, 41.249807 ], [ -74.856407, 41.249728 ], [ -74.856627, 41.249564 ], [ -74.85686, 41.249384 ], [ -74.857025, 41.249245 ], [ -74.857167, 41.249114 ], [ -74.857322, 41.248956 ], [ -74.857462, 41.248797 ], [ -74.857547, 41.24869 ], [ -74.857583, 41.248638 ], [ -74.857636, 41.248563 ], [ -74.857838, 41.248252 ], [ -74.858074, 41.247896 ], [ -74.858184, 41.247724 ], [ -74.858294, 41.247539 ], [ -74.858497, 41.247164 ], [ -74.858707, 41.246793 ], [ -74.858784, 41.246661 ], [ -74.858854, 41.24655 ], [ -74.85894, 41.246427 ], [ -74.859054, 41.246281 ], [ -74.859172, 41.246141 ], [ -74.859273, 41.246033 ], [ -74.859298, 41.246005 ], [ -74.859458, 41.245805 ], [ -74.859721, 41.245474 ], [ -74.860808, 41.244068 ], [ -74.860957, 41.243855 ], [ -74.86123, 41.243413 ], [ -74.861426, 41.243118 ], [ -74.861453, 41.243079 ], [ -74.861522, 41.242962 ], [ -74.861581, 41.242847 ], [ -74.861645, 41.242697 ], [ -74.861704, 41.242526 ], [ -74.861712, 41.242499 ], [ -74.861919, 41.241795 ], [ -74.86206, 41.241435 ], [ -74.862088, 41.241365 ], [ -74.86213, 41.2412 ], [ -74.862153, 41.241056 ], [ -74.862155, 41.240903 ], [ -74.862132, 41.240717 ], [ -74.862031, 41.240121 ], [ -74.861859, 41.23928 ], [ -74.861854, 41.239256 ], [ -74.861812, 41.239025 ], [ -74.861801, 41.238927 ], [ -74.861802, 41.238847 ], [ -74.861814, 41.238757 ], [ -74.861884, 41.238441 ], [ -74.861936, 41.238253 ], [ -74.86196, 41.238188 ], [ -74.862008, 41.23806 ], [ -74.862088, 41.237886 ], [ -74.862173, 41.237737 ], [ -74.862683, 41.236971 ], [ -74.862864, 41.236722 ], [ -74.863234, 41.236262 ], [ -74.863423, 41.23601 ], [ -74.863726, 41.235584 ], [ -74.86407, 41.235078 ], [ -74.864103, 41.23503 ], [ -74.864201, 41.234896 ], [ -74.864331, 41.234746 ], [ -74.864548, 41.234496 ], [ -74.864831, 41.234155 ], [ -74.864903, 41.234068 ], [ -74.864959, 41.234012 ], [ -74.865504, 41.233466 ], [ -74.866102, 41.232818 ], [ -74.866305, 41.23257 ], [ -74.866329, 41.232541 ], [ -74.866418, 41.232415 ], [ -74.866494, 41.232294 ], [ -74.86659, 41.232103 ], [ -74.866751, 41.231694 ], [ -74.867055, 41.231008 ], [ -74.86723, 41.230595 ], [ -74.86725, 41.23054 ], [ -74.86736, 41.230249 ], [ -74.867477, 41.229886 ], [ -74.867543, 41.229648 ], [ -74.867598, 41.229416 ], [ -74.867642, 41.229192 ], [ -74.867678, 41.228961 ], [ -74.867685, 41.228898 ], [ -74.867703, 41.228738 ], [ -74.867715, 41.22858 ], [ -74.86772, 41.228504 ], [ -74.867719, 41.228361 ], [ -74.867707, 41.228196 ], [ -74.867687, 41.228042 ], [ -74.867661, 41.227923 ], [ -74.867507, 41.227495 ], [ -74.867435, 41.227341 ], [ -74.867297, 41.227088 ], [ -74.867212, 41.226941 ], [ -74.867135, 41.226825 ], [ -74.866872, 41.226497 ], [ -74.866644, 41.226238 ], [ -74.866501, 41.226097 ], [ -74.866205, 41.22585 ], [ -74.866072, 41.225725 ], [ -74.86582, 41.22546 ], [ -74.865561, 41.225151 ], [ -74.865432, 41.225027 ], [ -74.865247, 41.224887 ], [ -74.864649, 41.22448 ], [ -74.864348, 41.224292 ], [ -74.864341, 41.224287 ], [ -74.863923, 41.224043 ], [ -74.863764, 41.223962 ], [ -74.863614, 41.223896 ], [ -74.86264, 41.223514 ], [ -74.862471, 41.223436 ], [ -74.862318, 41.22335 ], [ -74.862179, 41.22326 ], [ -74.862031, 41.223153 ], [ -74.861548, 41.222767 ], [ -74.861356, 41.222623 ], [ -74.861157, 41.222493 ], [ -74.860726, 41.222241 ], [ -74.860547, 41.222129 ], [ -74.860373, 41.222002 ], [ -74.860236, 41.221878 ], [ -74.860157, 41.221789 ], [ -74.860076, 41.22168 ], [ -74.859785, 41.221231 ], [ -74.859783, 41.221228 ], [ -74.859485, 41.220718 ], [ -74.859404, 41.220563 ], [ -74.859368, 41.220484 ], [ -74.859341, 41.220425 ], [ -74.859318, 41.22036 ], [ -74.859251, 41.220164 ], [ -74.859233, 41.22011 ], [ -74.859203, 41.219995 ], [ -74.859202, 41.21999 ], [ -74.859186, 41.219893 ], [ -74.85918, 41.219802 ], [ -74.859184, 41.219702 ], [ -74.859225, 41.219458 ], [ -74.859266, 41.219307 ], [ -74.859365, 41.218999 ], [ -74.859402, 41.218781 ], [ -74.859416, 41.218697 ], [ -74.859442, 41.21859 ], [ -74.859501, 41.218456 ], [ -74.859599, 41.218303 ], [ -74.859987, 41.217776 ], [ -74.860172, 41.217543 ], [ -74.86028, 41.217406 ], [ -74.860614, 41.216986 ], [ -74.861486, 41.215812 ], [ -74.862655, 41.214277 ], [ -74.862926, 41.21391 ], [ -74.863363, 41.213281 ], [ -74.863572, 41.212999 ], [ -74.863722, 41.212814 ], [ -74.863882, 41.212636 ], [ -74.864181, 41.212331 ], [ -74.864605, 41.211897 ], [ -74.86494, 41.211502 ], [ -74.865335, 41.210991 ], [ -74.866601, 41.209289 ], [ -74.867467, 41.208191 ], [ -74.867838, 41.2077 ], [ -74.868324, 41.207025 ], [ -74.868452, 41.206844 ], [ -74.86943, 41.20546 ], [ -74.869621, 41.205181 ], [ -74.869823, 41.204855 ], [ -74.870245, 41.204105 ], [ -74.870496, 41.20369 ], [ -74.870929, 41.203002 ], [ -74.871379, 41.202321 ], [ -74.872096, 41.201243 ], [ -74.872108, 41.201226 ], [ -74.872848, 41.200073 ], [ -74.873494, 41.199141 ], [ -74.874107, 41.198286 ], [ -74.874267, 41.198041 ], [ -74.874718, 41.197302 ], [ -74.874807, 41.197171 ], [ -74.87498, 41.196942 ], [ -74.875044, 41.196844 ], [ -74.875105, 41.196732 ], [ -74.875166, 41.196599 ], [ -74.875496, 41.195807 ], [ -74.875654, 41.195403 ], [ -74.875747, 41.195202 ], [ -74.875856, 41.195001 ], [ -74.876107, 41.194568 ], [ -74.876542, 41.193839 ], [ -74.876665, 41.193595 ], [ -74.876896, 41.193073 ], [ -74.877005, 41.192849 ], [ -74.877122, 41.192642 ], [ -74.877409, 41.192176 ], [ -74.877533, 41.191947 ], [ -74.877678, 41.191636 ], [ -74.877784, 41.191439 ], [ -74.877837, 41.191331 ], [ -74.877883, 41.19124 ], [ -74.877975, 41.19104 ], [ -74.87806, 41.190838 ], [ -74.878137, 41.190639 ], [ -74.878149, 41.190604 ], [ -74.878173, 41.190532 ], [ -74.878203, 41.190416 ], [ -74.878268, 41.190128 ], [ -74.878289, 41.190048 ], [ -74.878313, 41.189977 ], [ -74.878342, 41.189903 ], [ -74.878376, 41.189835 ], [ -74.878462, 41.189698 ], [ -74.878488, 41.189652 ], [ -74.878516, 41.189583 ], [ -74.878537, 41.189508 ], [ -74.878541, 41.189488 ], [ -74.878557, 41.189394 ], [ -74.878566, 41.189266 ], [ -74.878563, 41.189216 ], [ -74.878557, 41.18916 ], [ -74.878554, 41.189143 ], [ -74.878515, 41.188923 ], [ -74.878507, 41.188794 ], [ -74.878505, 41.188675 ], [ -74.878509, 41.188545 ], [ -74.87851, 41.188531 ], [ -74.878531, 41.18821 ], [ -74.878561, 41.187902 ], [ -74.878577, 41.187733 ], [ -74.878597, 41.187597 ], [ -74.878623, 41.187473 ], [ -74.878658, 41.187337 ], [ -74.878695, 41.187217 ], [ -74.878741, 41.187085 ], [ -74.878792, 41.186953 ], [ -74.87885, 41.186827 ], [ -74.87892, 41.186695 ], [ -74.879004, 41.186555 ], [ -74.879082, 41.186435 ], [ -74.879173, 41.186303 ], [ -74.879483, 41.185877 ], [ -74.879592, 41.185724 ], [ -74.87969, 41.185576 ], [ -74.879774, 41.185441 ], [ -74.87991, 41.185196 ], [ -74.880055, 41.184925 ], [ -74.880191, 41.184658 ], [ -74.880322, 41.184389 ], [ -74.8805, 41.184031 ], [ -74.880873, 41.183358 ], [ -74.880937, 41.183221 ], [ -74.881045, 41.182922 ], [ -74.881104, 41.182791 ], [ -74.88119, 41.182662 ], [ -74.881432, 41.18238 ], [ -74.881487, 41.182297 ], [ -74.881588, 41.182145 ], [ -74.88173, 41.18188 ], [ -74.88186, 41.181605 ], [ -74.882049, 41.18121 ], [ -74.882253, 41.180824 ], [ -74.88236, 41.180664 ], [ -74.882465, 41.18055 ], [ -74.882709, 41.180325 ], [ -74.882815, 41.180217 ], [ -74.883438, 41.179504 ], [ -74.88411, 41.178815 ], [ -74.88475, 41.17809 ], [ -74.885013, 41.177812 ], [ -74.885314, 41.177511 ], [ -74.886057, 41.176786 ], [ -74.886268, 41.176596 ], [ -74.886454, 41.176453 ], [ -74.886813, 41.176225 ], [ -74.886996, 41.176096 ], [ -74.887256, 41.175894 ], [ -74.88747, 41.175709 ], [ -74.887688, 41.175494 ], [ -74.888146, 41.175015 ], [ -74.888731, 41.174352 ], [ -74.888962, 41.174106 ], [ -74.88914, 41.173938 ], [ -74.889306, 41.173781 ], [ -74.889665, 41.173476 ], [ -74.889937, 41.173263 ], [ -74.890145, 41.173115 ], [ -74.890272, 41.173037 ], [ -74.890605, 41.17285 ], [ -74.890791, 41.172737 ], [ -74.891079, 41.172548 ], [ -74.891441, 41.172299 ], [ -74.891789, 41.172051 ], [ -74.892034, 41.171875 ], [ -74.892648, 41.171402 ], [ -74.893435, 41.170861 ], [ -74.89418, 41.170317 ], [ -74.894479, 41.170106 ], [ -74.894801, 41.169898 ], [ -74.895397, 41.169547 ], [ -74.895491, 41.16949 ], [ -74.895756, 41.169326 ], [ -74.89605, 41.169139 ], [ -74.896308, 41.168964 ], [ -74.896568, 41.168779 ], [ -74.896803, 41.168603 ], [ -74.896988, 41.168455 ], [ -74.897008, 41.168439 ], [ -74.897268, 41.168212 ], [ -74.897473, 41.168062 ], [ -74.89758, 41.167994 ], [ -74.897668, 41.167947 ], [ -74.897886, 41.167853 ], [ -74.898035, 41.167788 ], [ -74.898276, 41.167668 ], [ -74.898655, 41.167464 ], [ -74.898745, 41.167413 ], [ -74.898961, 41.16729 ], [ -74.899255, 41.167108 ], [ -74.899376, 41.167025 ], [ -74.899468, 41.166948 ], [ -74.899509, 41.166914 ], [ -74.89968, 41.16675 ], [ -74.899849, 41.166559 ], [ -74.900122, 41.166218 ], [ -74.900302, 41.165978 ], [ -74.900447, 41.165765 ], [ -74.900548, 41.165598 ], [ -74.90063, 41.165442 ], [ -74.900884, 41.164866 ], [ -74.901163, 41.164175 ], [ -74.901452, 41.163384 ], [ -74.901606, 41.162919 ], [ -74.901805, 41.16224 ], [ -74.901856, 41.162067 ], [ -74.901966, 41.161717 ], [ -74.902282, 41.160837 ], [ -74.902337, 41.160663 ], [ -74.902457, 41.16028 ], [ -74.902475, 41.160224 ], [ -74.902531, 41.160076 ], [ -74.902595, 41.159934 ], [ -74.902897, 41.159353 ], [ -74.903191, 41.158733 ], [ -74.90338, 41.158378 ], [ -74.903516, 41.158149 ], [ -74.903684, 41.157883 ], [ -74.904055, 41.157337 ], [ -74.904147, 41.157173 ], [ -74.904406, 41.156668 ], [ -74.904555, 41.156436 ], [ -74.904659, 41.156295 ], [ -74.9049, 41.156045 ], [ -74.905185, 41.155723 ], [ -74.905407, 41.155512 ], [ -74.905623, 41.155339 ], [ -74.9059, 41.155153 ], [ -74.905932, 41.155132 ], [ -74.906018, 41.155051 ], [ -74.906238, 41.154845 ], [ -74.906322, 41.154783 ], [ -74.906433, 41.154712 ], [ -74.906541, 41.154642 ], [ -74.90664, 41.15457 ], [ -74.906805, 41.154436 ], [ -74.906985, 41.154275 ], [ -74.907012, 41.154251 ], [ -74.907458, 41.153801 ], [ -74.907918, 41.153373 ], [ -74.908103, 41.153189 ], [ -74.908347, 41.152915 ], [ -74.908908, 41.152245 ], [ -74.909035, 41.152108 ], [ -74.909186, 41.15196 ], [ -74.909719, 41.151477 ], [ -74.91027, 41.150956 ], [ -74.910528, 41.150722 ], [ -74.910766, 41.150526 ], [ -74.9113, 41.150121 ], [ -74.911689, 41.149786 ], [ -74.912619, 41.148914 ], [ -74.913652, 41.147921 ], [ -74.914579, 41.147081 ], [ -74.914794, 41.146869 ], [ -74.914978, 41.146673 ], [ -74.915313, 41.146248 ], [ -74.915448, 41.146095 ], [ -74.915577, 41.145978 ], [ -74.915892, 41.145736 ], [ -74.915909, 41.145723 ], [ -74.916053, 41.145597 ], [ -74.916174, 41.145473 ], [ -74.916308, 41.145328 ], [ -74.916486, 41.145133 ], [ -74.916528, 41.145087 ], [ -74.917082, 41.144565 ], [ -74.917134, 41.144505 ], [ -74.917294, 41.144319 ], [ -74.917385, 41.144229 ], [ -74.917482, 41.144153 ], [ -74.917612, 41.144073 ], [ -74.917961, 41.143881 ], [ -74.918566, 41.143565 ], [ -74.918937, 41.143354 ], [ -74.919258, 41.143159 ], [ -74.919701, 41.142872 ], [ -74.919956, 41.142695 ], [ -74.919985, 41.142675 ], [ -74.920226, 41.14249 ], [ -74.920427, 41.142311 ], [ -74.92047, 41.142266 ], [ -74.920578, 41.14215 ], [ -74.920894, 41.141776 ], [ -74.921259, 41.141382 ], [ -74.921421, 41.141188 ], [ -74.921548, 41.141015 ], [ -74.921822, 41.140547 ], [ -74.921895, 41.140447 ], [ -74.922084, 41.140216 ], [ -74.922167, 41.140093 ], [ -74.922215, 41.139999 ], [ -74.922348, 41.139691 ], [ -74.922572, 41.139325 ], [ -74.922634, 41.139213 ], [ -74.922678, 41.139109 ], [ -74.922764, 41.13887 ], [ -74.92281, 41.138768 ], [ -74.922872, 41.138668 ], [ -74.922951, 41.138582 ], [ -74.923061, 41.138491 ], [ -74.92321, 41.138392 ], [ -74.923638, 41.138131 ], [ -74.92406, 41.137884 ], [ -74.92439, 41.137691 ], [ -74.924641, 41.137534 ], [ -74.924812, 41.137413 ], [ -74.925202, 41.137098 ], [ -74.925464, 41.136906 ], [ -74.925847, 41.136643 ], [ -74.925848, 41.136642 ], [ -74.925859, 41.136635 ], [ -74.926056, 41.136512 ], [ -74.926224, 41.136406 ], [ -74.926263, 41.136384 ], [ -74.926479, 41.136261 ], [ -74.927231, 41.13586 ], [ -74.928181, 41.135301 ], [ -74.929131, 41.134778 ], [ -74.92948, 41.134569 ], [ -74.929822, 41.134363 ], [ -74.930099, 41.134204 ], [ -74.931014, 41.133713 ], [ -74.931421, 41.133521 ], [ -74.931657, 41.133424 ], [ -74.931882, 41.133347 ], [ -74.932393, 41.133191 ], [ -74.932523, 41.133151 ], [ -74.933117, 41.132978 ], [ -74.93338, 41.132894 ], [ -74.933616, 41.132808 ], [ -74.934063, 41.132615 ], [ -74.934109, 41.132596 ], [ -74.934363, 41.1325 ], [ -74.935121, 41.132246 ], [ -74.936218, 41.131889 ], [ -74.936876, 41.131665 ], [ -74.937261, 41.131553 ], [ -74.937934, 41.131383 ], [ -74.938205, 41.131313 ], [ -74.938451, 41.131244 ], [ -74.938555, 41.131212 ], [ -74.93863, 41.131186 ], [ -74.938721, 41.131149 ], [ -74.938805, 41.131112 ], [ -74.938884, 41.131073 ], [ -74.938967, 41.131027 ], [ -74.939034, 41.130984 ], [ -74.93909, 41.130943 ], [ -74.93922, 41.13084 ], [ -74.939283, 41.130793 ], [ -74.939479, 41.130661 ], [ -74.939573, 41.130598 ], [ -74.939665, 41.130533 ], [ -74.939762, 41.130457 ], [ -74.939919, 41.130314 ], [ -74.939991, 41.13026 ], [ -74.940097, 41.130194 ], [ -74.940303, 41.130082 ], [ -74.940382, 41.130037 ], [ -74.940448, 41.129995 ], [ -74.94059, 41.129898 ], [ -74.940653, 41.129858 ], [ -74.940736, 41.129814 ], [ -74.940837, 41.12977 ], [ -74.94107, 41.129683 ], [ -74.941366, 41.129569 ], [ -74.941508, 41.129517 ], [ -74.941672, 41.129463 ], [ -74.941837, 41.129418 ], [ -74.942319, 41.129307 ], [ -74.942421, 41.129287 ], [ -74.942474, 41.12928 ], [ -74.942523, 41.129276 ], [ -74.942772, 41.129275 ], [ -74.942838, 41.12927 ], [ -74.942913, 41.129262 ], [ -74.943005, 41.129249 ], [ -74.943108, 41.12923 ], [ -74.943537, 41.129137 ], [ -74.943613, 41.129125 ], [ -74.943761, 41.129101 ], [ -74.94402, 41.129065 ], [ -74.944281, 41.129034 ], [ -74.944544, 41.129007 ], [ -74.944807, 41.128985 ], [ -74.945013, 41.128954 ], [ -74.945245, 41.128893 ], [ -74.945528, 41.128792 ], [ -74.945809, 41.128676 ], [ -74.946013, 41.128568 ], [ -74.946187, 41.128455 ], [ -74.946342, 41.128334 ], [ -74.946575, 41.128116 ], [ -74.946732, 41.127949 ], [ -74.946972, 41.127674 ], [ -74.947098, 41.127523 ], [ -74.947213, 41.127368 ], [ -74.947316, 41.12721 ], [ -74.947402, 41.127058 ], [ -74.947491, 41.126885 ], [ -74.947527, 41.126808 ], [ -74.947548, 41.126751 ], [ -74.947562, 41.126699 ], [ -74.947571, 41.12665 ], [ -74.947575, 41.126595 ], [ -74.947573, 41.126527 ], [ -74.947567, 41.126444 ], [ -74.947558, 41.126372 ], [ -74.947544, 41.126297 ], [ -74.947524, 41.126213 ], [ -74.947496, 41.126117 ], [ -74.947471, 41.126041 ], [ -74.947444, 41.125974 ], [ -74.947414, 41.125913 ], [ -74.947379, 41.125857 ], [ -74.947335, 41.125798 ], [ -74.947192, 41.125619 ], [ -74.947052, 41.125406 ], [ -74.947007, 41.125328 ], [ -74.946972, 41.125258 ], [ -74.946945, 41.125193 ], [ -74.946923, 41.125123 ], [ -74.946901, 41.12503 ], [ -74.946887, 41.124937 ], [ -74.946886, 41.124924 ], [ -74.946865, 41.124627 ], [ -74.946864, 41.1246 ], [ -74.946862, 41.12454 ], [ -74.946866, 41.124461 ], [ -74.946876, 41.124391 ], [ -74.946894, 41.124329 ], [ -74.946922, 41.124264 ], [ -74.946964, 41.12419 ], [ -74.946985, 41.124158 ], [ -74.947016, 41.124112 ], [ -74.947073, 41.12404 ], [ -74.947135, 41.123971 ], [ -74.94722, 41.123896 ], [ -74.947437, 41.123724 ], [ -74.947491, 41.123675 ], [ -74.947643, 41.123529 ], [ -74.947693, 41.123486 ], [ -74.947744, 41.123448 ], [ -74.947865, 41.123371 ], [ -74.948052, 41.123267 ], [ -74.948153, 41.123217 ], [ -74.948426, 41.12309 ], [ -74.948628, 41.122982 ], [ -74.948743, 41.122916 ], [ -74.949081, 41.122719 ], [ -74.949478, 41.122477 ], [ -74.949666, 41.122358 ], [ -74.949991, 41.122141 ], [ -74.950243, 41.121963 ], [ -74.950502, 41.121766 ], [ -74.950621, 41.121682 ], [ -74.950766, 41.121595 ], [ -74.95097, 41.121473 ], [ -74.951418, 41.121176 ], [ -74.951609, 41.121062 ], [ -74.951719, 41.121002 ], [ -74.951779, 41.120969 ], [ -74.951981, 41.120874 ], [ -74.952217, 41.120781 ], [ -74.952993, 41.120519 ], [ -74.953254, 41.120424 ], [ -74.953504, 41.12032 ], [ -74.954093, 41.120062 ], [ -74.954577, 41.119859 ], [ -74.954822, 41.119764 ], [ -74.955118, 41.119663 ], [ -74.955227, 41.119626 ], [ -74.955388, 41.119562 ], [ -74.955587, 41.119471 ], [ -74.955821, 41.119353 ], [ -74.956369, 41.119065 ], [ -74.956526, 41.118978 ], [ -74.956782, 41.118837 ], [ -74.957151, 41.118618 ], [ -74.957992, 41.118092 ], [ -74.958671, 41.117701 ], [ -74.959052, 41.117462 ], [ -74.959412, 41.117214 ], [ -74.959539, 41.117115 ], [ -74.959895, 41.116817 ], [ -74.960089, 41.116674 ], [ -74.960337, 41.116504 ], [ -74.960966, 41.116085 ], [ -74.962081, 41.115361 ], [ -74.962328, 41.115206 ], [ -74.96234, 41.115198 ], [ -74.96281, 41.114909 ], [ -74.962977, 41.114811 ], [ -74.962977, 41.114811 ], [ -74.962979, 41.11481 ], [ -74.962984, 41.114807 ], [ -74.963064, 41.114766 ], [ -74.963295, 41.114647 ], [ -74.963296, 41.114646 ], [ -74.963472, 41.114562 ], [ -74.963746, 41.114431 ], [ -74.963868, 41.114373 ], [ -74.963952, 41.114334 ], [ -74.96408, 41.11428 ], [ -74.964226, 41.114224 ], [ -74.964487, 41.114132 ], [ -74.964643, 41.11408 ], [ -74.964837, 41.11402 ], [ -74.965191, 41.113916 ], [ -74.965332, 41.113879 ], [ -74.965454, 41.113852 ], [ -74.965585, 41.11383 ], [ -74.965737, 41.113812 ], [ -74.96602, 41.113787 ], [ -74.966227, 41.113774 ], [ -74.966469, 41.113763 ], [ -74.966726, 41.113756 ], [ -74.966956, 41.113755 ], [ -74.967172, 41.113758 ], [ -74.967716, 41.11378 ], [ -74.967836, 41.11379 ], [ -74.967939, 41.113804 ], [ -74.968029, 41.113823 ], [ -74.968098, 41.113844 ], [ -74.968164, 41.11387 ], [ -74.96832, 41.113942 ], [ -74.968403, 41.113972 ], [ -74.968446, 41.113983 ], [ -74.968505, 41.113994 ], [ -74.968632, 41.114009 ], [ -74.968809, 41.114018 ], [ -74.968946, 41.114018 ], [ -74.969546, 41.113995 ], [ -74.969709, 41.113985 ], [ -74.969854, 41.113973 ], [ -74.969975, 41.113959 ], [ -74.970092, 41.113942 ], [ -74.970216, 41.113919 ], [ -74.97035, 41.113891 ], [ -74.970551, 41.113842 ], [ -74.971001, 41.113723 ], [ -74.971202, 41.113673 ], [ -74.97195, 41.113515 ], [ -74.972141, 41.113469 ], [ -74.972569, 41.11336 ], [ -74.972758, 41.113314 ], [ -74.973011, 41.113258 ], [ -74.973764, 41.1131 ], [ -74.973999, 41.113044 ], [ -74.974208, 41.112989 ], [ -74.974519, 41.112896 ], [ -74.974743, 41.112821 ], [ -74.974894, 41.112767 ], [ -74.974997, 41.112727 ], [ -74.975085, 41.112688 ], [ -74.975175, 41.112645 ], [ -74.975265, 41.112595 ], [ -74.975356, 41.112541 ], [ -74.975448, 41.11248 ], [ -74.975543, 41.112413 ], [ -74.975697, 41.112295 ], [ -74.975854, 41.112152 ], [ -74.975928, 41.112094 ], [ -74.975979, 41.112062 ], [ -74.976034, 41.112032 ], [ -74.976095, 41.112003 ], [ -74.976161, 41.111975 ], [ -74.976314, 41.111922 ], [ -74.976693, 41.111808 ], [ -74.977141, 41.111658 ], [ -74.977497, 41.111547 ], [ -74.977722, 41.111487 ], [ -74.978239, 41.111364 ], [ -74.97836, 41.111332 ], [ -74.978469, 41.111301 ], [ -74.9786, 41.111257 ], [ -74.978797, 41.111186 ], [ -74.978935, 41.111132 ], [ -74.979057, 41.111079 ], [ -74.979203, 41.111008 ], [ -74.979353, 41.110924 ], [ -74.979517, 41.110823 ], [ -74.979716, 41.110691 ], [ -74.979873, 41.110579 ], [ -74.980025, 41.110463 ], [ -74.980171, 41.110343 ], [ -74.980312, 41.110218 ], [ -74.980552, 41.110015 ], [ -74.980693, 41.109899 ], [ -74.980873, 41.109751 ], [ -74.981007, 41.109633 ], [ -74.981118, 41.109525 ], [ -74.981134, 41.109509 ], [ -74.981426, 41.1092 ], [ -74.981665, 41.108921 ], [ -74.981846, 41.108682 ], [ -74.982065, 41.108372 ], [ -74.982171, 41.108222 ], [ -74.982316, 41.107981 ], [ -74.98245, 41.107704 ], [ -74.982666, 41.107175 ], [ -74.982738, 41.106966 ], [ -74.982787, 41.106824 ], [ -74.982852, 41.10667 ], [ -74.982921, 41.106554 ], [ -74.983101, 41.106306 ], [ -74.983224, 41.106115 ], [ -74.983281, 41.106022 ], [ -74.983309, 41.105975 ], [ -74.983368, 41.10586 ], [ -74.983406, 41.105759 ], [ -74.983416, 41.105708 ], [ -74.983425, 41.105667 ], [ -74.983431, 41.105558 ], [ -74.983427, 41.105234 ], [ -74.983441, 41.105136 ], [ -74.98347, 41.105042 ], [ -74.983512, 41.104946 ], [ -74.983568, 41.10484 ], [ -74.983891, 41.104295 ], [ -74.983982, 41.104143 ], [ -74.984134, 41.103829 ], [ -74.984183, 41.10376 ], [ -74.984246, 41.103688 ], [ -74.984546, 41.103412 ], [ -74.985317, 41.10261 ], [ -74.985502, 41.10241 ], [ -74.985652, 41.102233 ], [ -74.985787, 41.102059 ], [ -74.985932, 41.101852 ], [ -74.986582, 41.100883 ], [ -74.986802, 41.100541 ], [ -74.986995, 41.100222 ], [ -74.987133, 41.09997 ], [ -74.987437, 41.099361 ], [ -74.987466, 41.099299 ], [ -74.987616, 41.098973 ], [ -74.987772, 41.098576 ], [ -74.987864, 41.098261 ], [ -74.987947, 41.097982 ], [ -74.98807, 41.097618 ], [ -74.988164, 41.097378 ], [ -74.988287, 41.097112 ], [ -74.988408, 41.09688 ], [ -74.988494, 41.096731 ], [ -74.988523, 41.096681 ], [ -74.988984, 41.096014 ], [ -74.989247, 41.095572 ], [ -74.989296, 41.09549 ], [ -74.98939, 41.095364 ], [ -74.989508, 41.095232 ], [ -74.989508, 41.095232 ], [ -74.98993, 41.094832 ], [ -74.990123, 41.094639 ], [ -74.990217, 41.094545 ], [ -74.99044, 41.094317 ], [ -74.990722, 41.094013 ], [ -74.990873, 41.093839 ], [ -74.991055, 41.093607 ], [ -74.991162, 41.093459 ], [ -74.991242, 41.093328 ], [ -74.991322, 41.093152 ], [ -74.991463, 41.09272 ], [ -74.991595, 41.092445 ], [ -74.991696, 41.092232 ], [ -74.991774, 41.092021 ], [ -74.991811, 41.091835 ], [ -74.991865, 41.091356 ], [ -74.991978, 41.090748 ], [ -74.992013, 41.090619 ], [ -74.992035, 41.09049 ], [ -74.992045, 41.090361 ], [ -74.992042, 41.090235 ], [ -74.992034, 41.090172 ], [ -74.992021, 41.090103 ], [ -74.99196, 41.089862 ], [ -74.991948, 41.089817 ], [ -74.991889, 41.089515 ], [ -74.991858, 41.089388 ], [ -74.991826, 41.089291 ], [ -74.991788, 41.089206 ], [ -74.991748, 41.089137 ], [ -74.991667, 41.089015 ], [ -74.991602, 41.088929 ], [ -74.991538, 41.088857 ], [ -74.991472, 41.088796 ], [ -74.991404, 41.088746 ], [ -74.991342, 41.088711 ], [ -74.991272, 41.088681 ], [ -74.991188, 41.088654 ], [ -74.991087, 41.08863 ], [ -74.990817, 41.088576 ], [ -74.990744, 41.088563 ], [ -74.990636, 41.088548 ], [ -74.990372, 41.088518 ], [ -74.990238, 41.088497 ], [ -74.990119, 41.08847 ], [ -74.989901, 41.088411 ], [ -74.989813, 41.088389 ], [ -74.9897, 41.088366 ], [ -74.989576, 41.088346 ], [ -74.989451, 41.08833 ], [ -74.989318, 41.088317 ], [ -74.989175, 41.088306 ], [ -74.989013, 41.088297 ], [ -74.988531, 41.08828 ], [ -74.988344, 41.088278 ], [ -74.988156, 41.088279 ], [ -74.988053, 41.088279 ], [ -74.987461, 41.088302 ], [ -74.9871, 41.088331 ], [ -74.98603, 41.088431 ], [ -74.985415, 41.088489 ], [ -74.985347, 41.088498 ], [ -74.985023, 41.088542 ], [ -74.984678, 41.088607 ], [ -74.984234, 41.088713 ], [ -74.983829, 41.088829 ], [ -74.983474, 41.088947 ], [ -74.983053, 41.089099 ], [ -74.982708, 41.089233 ], [ -74.982356, 41.089381 ], [ -74.981861, 41.089603 ], [ -74.98155, 41.089751 ], [ -74.98131, 41.089878 ], [ -74.981053, 41.090032 ], [ -74.980761, 41.090227 ], [ -74.980491, 41.090432 ], [ -74.980326, 41.090576 ], [ -74.979969, 41.09092 ], [ -74.979535, 41.091293 ], [ -74.979229, 41.091542 ], [ -74.978589, 41.092036 ], [ -74.978176, 41.092364 ], [ -74.977983, 41.092509 ], [ -74.977785, 41.092643 ], [ -74.977551, 41.092792 ], [ -74.977306, 41.092936 ], [ -74.976917, 41.093144 ], [ -74.976575, 41.093308 ], [ -74.976105, 41.093534 ], [ -74.975925, 41.093621 ], [ -74.974411, 41.094324 ], [ -74.973833, 41.094588 ], [ -74.973435, 41.094768 ], [ -74.973419, 41.094775 ], [ -74.97341, 41.094779 ], [ -74.973016, 41.094969 ], [ -74.972738, 41.09511 ], [ -74.972457, 41.095259 ], [ -74.972091, 41.095469 ], [ -74.971956, 41.095542 ], [ -74.97176, 41.095641 ], [ -74.971736, 41.095653 ], [ -74.971645, 41.095696 ], [ -74.971535, 41.095744 ], [ -74.971434, 41.095782 ], [ -74.971334, 41.095814 ], [ -74.971227, 41.095843 ], [ -74.971126, 41.095867 ], [ -74.971117, 41.095869 ], [ -74.971003, 41.095892 ], [ -74.970888, 41.095909 ], [ -74.9706, 41.095938 ], [ -74.970468, 41.095958 ], [ -74.970308, 41.095986 ], [ -74.97009, 41.096028 ], [ -74.969725, 41.096118 ], [ -74.96964, 41.096136 ], [ -74.969563, 41.09615 ], [ -74.969441, 41.096165 ], [ -74.969259, 41.096175 ], [ -74.96914, 41.096174 ], [ -74.969039, 41.096166 ], [ -74.968948, 41.09615 ], [ -74.968852, 41.096123 ], [ -74.968737, 41.09608 ], [ -74.968608, 41.09602 ], [ -74.96847, 41.095948 ], [ -74.968358, 41.095878 ], [ -74.968275, 41.095819 ], [ -74.968187, 41.09575 ], [ -74.96808, 41.09566 ], [ -74.968037, 41.095621 ], [ -74.967978, 41.095569 ], [ -74.967936, 41.095527 ], [ -74.967889, 41.09548 ], [ -74.967666, 41.095248 ], [ -74.967324, 41.094916 ], [ -74.967278, 41.09487 ], [ -74.967179, 41.094768 ], [ -74.9671, 41.094679 ], [ -74.967031, 41.094595 ], [ -74.967006, 41.094561 ], [ -74.966972, 41.094514 ], [ -74.966921, 41.094434 ], [ -74.966918, 41.094427 ], [ -74.966881, 41.09436 ], [ -74.966848, 41.094287 ], [ -74.966816, 41.094199 ], [ -74.966787, 41.094104 ], [ -74.966761, 41.093992 ], [ -74.966739, 41.09387 ], [ -74.966721, 41.093739 ], [ -74.966711, 41.093622 ], [ -74.966708, 41.09348 ], [ -74.966711, 41.093319 ], [ -74.966718, 41.093215 ], [ -74.966733, 41.093105 ], [ -74.966755, 41.092986 ], [ -74.966786, 41.092856 ], [ -74.966932, 41.092336 ], [ -74.966962, 41.092218 ], [ -74.966986, 41.092111 ], [ -74.96701, 41.091973 ], [ -74.967033, 41.09182 ], [ -74.967101, 41.09125 ], [ -74.967134, 41.091015 ], [ -74.967157, 41.090889 ], [ -74.967182, 41.090772 ], [ -74.96721, 41.090662 ], [ -74.967241, 41.090557 ], [ -74.967281, 41.090438 ], [ -74.96733, 41.090307 ], [ -74.967543, 41.089785 ], [ -74.967717, 41.089312 ], [ -74.967761, 41.0892 ], [ -74.967805, 41.089101 ], [ -74.967878, 41.088958 ], [ -74.967959, 41.088825 ], [ -74.968071, 41.088666 ], [ -74.968193, 41.088509 ], [ -74.968377, 41.088268 ], [ -74.96859, 41.087947 ], [ -74.968712, 41.087745 ], [ -74.96878, 41.087615 ], [ -74.968827, 41.087504 ], [ -74.96893, 41.087157 ], [ -74.968971, 41.087042 ], [ -74.969056, 41.086857 ], [ -74.969137, 41.086704 ], [ -74.969286, 41.086483 ], [ -74.969439, 41.086303 ], [ -74.969619, 41.086143 ], [ -74.969904, 41.085924 ], [ -74.970396, 41.0856 ], [ -74.970727, 41.085399 ], [ -74.971012, 41.085234 ], [ -74.971875, 41.084767 ], [ -74.972528, 41.084438 ], [ -74.972812, 41.084281 ], [ -74.973089, 41.084104 ], [ -74.973729, 41.083662 ], [ -74.97415, 41.083393 ], [ -74.974309, 41.083299 ], [ -74.97442, 41.083243 ], [ -74.97452, 41.0832 ], [ -74.974954, 41.08306 ], [ -74.975163, 41.082974 ], [ -74.97615, 41.082489 ], [ -74.976535, 41.082294 ], [ -74.977102, 41.081994 ], [ -74.977352, 41.08187 ], [ -74.97761, 41.081757 ], [ -74.978192, 41.081533 ], [ -74.978436, 41.08142 ], [ -74.978618, 41.08132 ], [ -74.979046, 41.081062 ], [ -74.979674, 41.080724 ], [ -74.979956, 41.080557 ], [ -74.980182, 41.080412 ], [ -74.980371, 41.08028 ], [ -74.980488, 41.080192 ], [ -74.980696, 41.080013 ], [ -74.980822, 41.079928 ], [ -74.98104, 41.079815 ], [ -74.981335, 41.07969 ], [ -74.981516, 41.079629 ], [ -74.982326, 41.079376 ], [ -74.982823, 41.079232 ], [ -74.983495, 41.079066 ], [ -74.983866, 41.078986 ], [ -74.984195, 41.078921 ], [ -74.984501, 41.07887 ], [ -74.984852, 41.078822 ], [ -74.985658, 41.078726 ], [ -74.98613, 41.078676 ], [ -74.986538, 41.078641 ], [ -74.986969, 41.078612 ], [ -74.987672, 41.078591 ], [ -74.987953, 41.07856 ], [ -74.988209, 41.078514 ], [ -74.988657, 41.078418 ], [ -74.988692, 41.07841 ], [ -74.989288, 41.078268 ], [ -74.989575, 41.078207 ], [ -74.990682, 41.078001 ], [ -74.991016, 41.077939 ], [ -74.991802, 41.077779 ], [ -74.992163, 41.077714 ], [ -74.992363, 41.077662 ], [ -74.992584, 41.077582 ], [ -74.993254, 41.077295 ], [ -74.993555, 41.077156 ], [ -74.993809, 41.07702 ], [ -74.994337, 41.0767 ], [ -74.994712, 41.076494 ], [ -74.994945, 41.076366 ], [ -74.995483, 41.076037 ], [ -74.995927, 41.075785 ], [ -74.996243, 41.075625 ], [ -74.9963, 41.075595 ], [ -74.997326, 41.075042 ], [ -74.997566, 41.074903 ], [ -74.997911, 41.074734 ], [ -74.998775, 41.07435 ], [ -74.999384, 41.07405 ], [ -74.999685, 41.073893 ], [ -74.999878, 41.073783 ], [ -75.00007, 41.073663 ], [ -75.000582, 41.073308 ], [ -75.001401, 41.072699 ], [ -75.001896, 41.072316 ], [ -75.001963, 41.072261 ], [ -75.002437, 41.071869 ], [ -75.002928, 41.071433 ], [ -75.003253, 41.071115 ], [ -75.003303, 41.071064 ], [ -75.004034, 41.070303 ], [ -75.004784, 41.069593 ], [ -75.004835, 41.069544 ], [ -75.005288, 41.069095 ], [ -75.005831, 41.068537 ], [ -75.005853, 41.068511 ], [ -75.006123, 41.068193 ], [ -75.006262, 41.068053 ], [ -75.006372, 41.067967 ], [ -75.006419, 41.067938 ], [ -75.006514, 41.067879 ], [ -75.006687, 41.06779 ], [ -75.006952, 41.067668 ], [ -75.007146, 41.06759 ], [ -75.007335, 41.067536 ], [ -75.007526, 41.0675 ], [ -75.00754, 41.067499 ], [ -75.007729, 41.067481 ], [ -75.007834, 41.067481 ], [ -75.007917, 41.067487 ], [ -75.008229, 41.067548 ], [ -75.008619, 41.067596 ], [ -75.008918, 41.067616 ], [ -75.009274, 41.067624 ], [ -75.009702, 41.067616 ], [ -75.010298, 41.067591 ], [ -75.010542, 41.067572 ], [ -75.011061, 41.067517 ], [ -75.011448, 41.06749 ], [ -75.011614, 41.067468 ], [ -75.011821, 41.067431 ], [ -75.011966, 41.067398 ], [ -75.012091, 41.06736 ], [ -75.012227, 41.067305 ], [ -75.012346, 41.067245 ], [ -75.012424, 41.067192 ], [ -75.012498, 41.067124 ], [ -75.012594, 41.06702 ], [ -75.012729, 41.066854 ], [ -75.012933, 41.066654 ], [ -75.01311, 41.066456 ], [ -75.013276, 41.066252 ], [ -75.013337, 41.066178 ], [ -75.013414, 41.066085 ], [ -75.013479, 41.065998 ], [ -75.013542, 41.065903 ], [ -75.013652, 41.065718 ], [ -75.013748, 41.065547 ], [ -75.01382, 41.065404 ], [ -75.013879, 41.065272 ], [ -75.013934, 41.065121 ], [ -75.013973, 41.064978 ], [ -75.013987, 41.064895 ], [ -75.014002, 41.064774 ], [ -75.014009, 41.064715 ], [ -75.014032, 41.064575 ], [ -75.014058, 41.064432 ], [ -75.014085, 41.064314 ], [ -75.014126, 41.06417 ], [ -75.014161, 41.064059 ], [ -75.014195, 41.063967 ], [ -75.014231, 41.063887 ], [ -75.014263, 41.063829 ], [ -75.014297, 41.063775 ], [ -75.014392, 41.063649 ], [ -75.014474, 41.063541 ], [ -75.014689, 41.063213 ], [ -75.014749, 41.063129 ], [ -75.014915, 41.062895 ], [ -75.015009, 41.062756 ], [ -75.015043, 41.062707 ], [ -75.015206, 41.062453 ], [ -75.015336, 41.062228 ], [ -75.015435, 41.062042 ], [ -75.015595, 41.061727 ], [ -75.015686, 41.061543 ], [ -75.015761, 41.061382 ], [ -75.015854, 41.061159 ], [ -75.015984, 41.060792 ], [ -75.01602, 41.060701 ], [ -75.016063, 41.060604 ], [ -75.016152, 41.060427 ], [ -75.016389, 41.059982 ], [ -75.016451, 41.059853 ], [ -75.016501, 41.059737 ], [ -75.016575, 41.05953 ], [ -75.016643, 41.059305 ], [ -75.016694, 41.059103 ], [ -75.016728, 41.058918 ], [ -75.016759, 41.058691 ], [ -75.016787, 41.058415 ], [ -75.016795, 41.058338 ], [ -75.016802, 41.058175 ], [ -75.016809, 41.05779 ], [ -75.016821, 41.057599 ], [ -75.016832, 41.057509 ], [ -75.016847, 41.057425 ], [ -75.016874, 41.057301 ], [ -75.016905, 41.057177 ], [ -75.016947, 41.057033 ], [ -75.017002, 41.056862 ], [ -75.017091, 41.056607 ], [ -75.017139, 41.056488 ], [ -75.017188, 41.056385 ], [ -75.017266, 41.056248 ], [ -75.017354, 41.056113 ], [ -75.017453, 41.055982 ], [ -75.017562, 41.055855 ], [ -75.017764, 41.055588 ], [ -75.018051, 41.055182 ], [ -75.018211, 41.054982 ], [ -75.018368, 41.054805 ], [ -75.01857, 41.054594 ], [ -75.019242, 41.053926 ], [ -75.019481, 41.053663 ], [ -75.019565, 41.053562 ], [ -75.019679, 41.053423 ], [ -75.019783, 41.053287 ], [ -75.019882, 41.053148 ], [ -75.019988, 41.052988 ], [ -75.020153, 41.052722 ], [ -75.020356, 41.052358 ], [ -75.020433, 41.052227 ], [ -75.02049, 41.052125 ], [ -75.02052, 41.052078 ], [ -75.020553, 41.052036 ], [ -75.020588, 41.052003 ], [ -75.020627, 41.051972 ], [ -75.020723, 41.051904 ], [ -75.020764, 41.05187 ], [ -75.020815, 41.05182 ], [ -75.020866, 41.051761 ], [ -75.020935, 41.05167 ], [ -75.021036, 41.05152 ], [ -75.021047, 41.051502 ], [ -75.021063, 41.051473 ], [ -75.0211, 41.051394 ], [ -75.021127, 41.051338 ], [ -75.021151, 41.051299 ], [ -75.021177, 41.051268 ], [ -75.021219, 41.051233 ], [ -75.021274, 41.051203 ], [ -75.021283, 41.051199 ], [ -75.021336, 41.051178 ], [ -75.021477, 41.051132 ], [ -75.021536, 41.05111 ], [ -75.021628, 41.051067 ], [ -75.021733, 41.051013 ], [ -75.02185, 41.050948 ], [ -75.021946, 41.05089 ], [ -75.021968, 41.050876 ], [ -75.02209, 41.050797 ], [ -75.022212, 41.050713 ], [ -75.022296, 41.050652 ], [ -75.022371, 41.050593 ], [ -75.022433, 41.05054 ], [ -75.022497, 41.050482 ], [ -75.022779, 41.050197 ], [ -75.022981, 41.049981 ], [ -75.023253, 41.049692 ], [ -75.023447, 41.049506 ], [ -75.023667, 41.049294 ], [ -75.024082, 41.048904 ], [ -75.024108, 41.04888 ], [ -75.024547, 41.048426 ], [ -75.025385, 41.047674 ], [ -75.025479, 41.047586 ], [ -75.025569, 41.047501 ], [ -75.025755, 41.047308 ], [ -75.025919, 41.04712 ], [ -75.026203, 41.04674 ], [ -75.026515, 41.046358 ], [ -75.026635, 41.046183 ], [ -75.026817, 41.045897 ], [ -75.026939, 41.04569 ], [ -75.027047, 41.04549 ], [ -75.027172, 41.045228 ], [ -75.027279, 41.044958 ], [ -75.027339, 41.044749 ], [ -75.027379, 41.044524 ], [ -75.027398, 41.04427 ], [ -75.027391, 41.044033 ], [ -75.027354, 41.043793 ], [ -75.027292, 41.043579 ], [ -75.027221, 41.043408 ], [ -75.027055, 41.043054 ], [ -75.026983, 41.042936 ], [ -75.026905, 41.042845 ], [ -75.026832, 41.042789 ], [ -75.026734, 41.042738 ], [ -75.026627, 41.042695 ], [ -75.026338, 41.042594 ], [ -75.026335, 41.042592 ], [ -75.026196, 41.042526 ], [ -75.026135, 41.042486 ], [ -75.02605, 41.042414 ], [ -75.025905, 41.042259 ], [ -75.025774, 41.042074 ], [ -75.025672, 41.041872 ], [ -75.025607, 41.041676 ], [ -75.025573, 41.041468 ], [ -75.025572, 41.041256 ], [ -75.025605, 41.041052 ], [ -75.025668, 41.04087 ], [ -75.025772, 41.040674 ], [ -75.025853, 41.04055 ], [ -75.02595, 41.040418 ], [ -75.026149, 41.040184 ], [ -75.026252, 41.04008 ], [ -75.026358, 41.039985 ], [ -75.026466, 41.039898 ], [ -75.026576, 41.039821 ], [ -75.026751, 41.039718 ], [ -75.026954, 41.039626 ], [ -75.026979, 41.039617 ], [ -75.027205, 41.039534 ], [ -75.027463, 41.03946 ], [ -75.027633, 41.039424 ], [ -75.027829, 41.039394 ], [ -75.028903, 41.039267 ], [ -75.029122, 41.039234 ], [ -75.029296, 41.039198 ], [ -75.029484, 41.039151 ], [ -75.029951, 41.039011 ], [ -75.030189, 41.038928 ], [ -75.030706, 41.038731 ], [ -75.031102, 41.038589 ], [ -75.031348, 41.0385 ], [ -75.031447, 41.038465 ], [ -75.03155, 41.038422 ], [ -75.031669, 41.038374 ], [ -75.032011, 41.038223 ], [ -75.032346, 41.038077 ], [ -75.032397, 41.038057 ], [ -75.032591, 41.037984 ], [ -75.033359, 41.037709 ], [ -75.03379, 41.037532 ], [ -75.033796, 41.03753 ], [ -75.03411, 41.037389 ], [ -75.034292, 41.037298 ], [ -75.034478, 41.037195 ], [ -75.034835, 41.036975 ], [ -75.034915, 41.036926 ], [ -75.035952, 41.036249 ], [ -75.036352, 41.035972 ], [ -75.036724, 41.035703 ], [ -75.037022, 41.035474 ], [ -75.037216, 41.035325 ], [ -75.037642, 41.034968 ], [ -75.037702, 41.034914 ], [ -75.038501, 41.034187 ], [ -75.038632, 41.034064 ], [ -75.039225, 41.033508 ], [ -75.039338, 41.033402 ], [ -75.039717, 41.03307 ], [ -75.039838, 41.03297 ], [ -75.039962, 41.032867 ], [ -75.040158, 41.032717 ], [ -75.040378, 41.03256 ], [ -75.040766, 41.032301 ], [ -75.040946, 41.032181 ], [ -75.041528, 41.031821 ], [ -75.041905, 41.031611 ], [ -75.042101, 41.031517 ], [ -75.042328, 41.031423 ], [ -75.04251, 41.031353 ], [ -75.042789, 41.031247 ], [ -75.043421, 41.031015 ], [ -75.04408, 41.030746 ], [ -75.044227, 41.030686 ], [ -75.044553, 41.030562 ], [ -75.045024, 41.030396 ], [ -75.045321, 41.030305 ], [ -75.045512, 41.03026 ], [ -75.04576, 41.030217 ], [ -75.045933, 41.030186 ], [ -75.046128, 41.030133 ], [ -75.046241, 41.030091 ], [ -75.046281, 41.030076 ], [ -75.04661, 41.029937 ], [ -75.046764, 41.02988 ], [ -75.047017, 41.029797 ], [ -75.04765, 41.029603 ], [ -75.048002, 41.029479 ], [ -75.048518, 41.029278 ], [ -75.049047, 41.029051 ], [ -75.049523, 41.02883 ], [ -75.050015, 41.028587 ], [ -75.050465, 41.028351 ], [ -75.05089, 41.028113 ], [ -75.051386, 41.027812 ], [ -75.052643, 41.026993 ], [ -75.053225, 41.02663 ], [ -75.053719, 41.026335 ], [ -75.054804, 41.025705 ], [ -75.05502, 41.025585 ], [ -75.055212, 41.025488 ], [ -75.055445, 41.025386 ], [ -75.055726, 41.025281 ], [ -75.056101, 41.025159 ], [ -75.056131, 41.025149 ], [ -75.056541, 41.025025 ], [ -75.05701, 41.024904 ], [ -75.05766, 41.024777 ], [ -75.057974, 41.024707 ], [ -75.058999, 41.024455 ], [ -75.059288, 41.024376 ], [ -75.059536, 41.0243 ], [ -75.059758, 41.024222 ], [ -75.059961, 41.024138 ], [ -75.060985, 41.023663 ], [ -75.061146, 41.023573 ], [ -75.061566, 41.023301 ], [ -75.061766, 41.023183 ], [ -75.06216, 41.022994 ], [ -75.062788, 41.022671 ], [ -75.063331, 41.022413 ], [ -75.064034, 41.022098 ], [ -75.065237, 41.021602 ], [ -75.065696, 41.021398 ], [ -75.066008, 41.02126 ], [ -75.066348, 41.021129 ], [ -75.067015, 41.020894 ], [ -75.067209, 41.020818 ], [ -75.067455, 41.020706 ], [ -75.068125, 41.020379 ], [ -75.068382, 41.020247 ], [ -75.068611, 41.02012 ], [ -75.069212, 41.019758 ], [ -75.069839, 41.019348 ], [ -75.070115, 41.01915 ], [ -75.0703, 41.019017 ], [ -75.070488, 41.018893 ], [ -75.070594, 41.018829 ], [ -75.070681, 41.018777 ], [ -75.070914, 41.018648 ], [ -75.071207, 41.018493 ], [ -75.071412, 41.018392 ], [ -75.071509, 41.018349 ], [ -75.071701, 41.018264 ], [ -75.0718, 41.018225 ], [ -75.07189, 41.018193 ], [ -75.071993, 41.018163 ], [ -75.072099, 41.01814 ], [ -75.072206, 41.018123 ], [ -75.072388, 41.018099 ], [ -75.072473, 41.018087 ], [ -75.072619, 41.018061 ], [ -75.072794, 41.018021 ], [ -75.073191, 41.017923 ], [ -75.07338, 41.017882 ], [ -75.073572, 41.017847 ], [ -75.074027, 41.017772 ], [ -75.074247, 41.017729 ], [ -75.074373, 41.0177 ], [ -75.074512, 41.017664 ], [ -75.075088, 41.017504 ], [ -75.075215, 41.017472 ], [ -75.075331, 41.017446 ], [ -75.075436, 41.017425 ], [ -75.075537, 41.017409 ], [ -75.075589, 41.017402 ], [ -75.075636, 41.017396 ], [ -75.075744, 41.017385 ], [ -75.075937, 41.017371 ], [ -75.076327, 41.017354 ], [ -75.076491, 41.017344 ], [ -75.076759, 41.017323 ], [ -75.077017, 41.017303 ], [ -75.077145, 41.017291 ], [ -75.077259, 41.017277 ], [ -75.077369, 41.01726 ], [ -75.077468, 41.01724 ], [ -75.077498, 41.017233 ], [ -75.077561, 41.017218 ], [ -75.077783, 41.01716 ], [ -75.077886, 41.017135 ], [ -75.078142, 41.017079 ], [ -75.078395, 41.017029 ], [ -75.078624, 41.016989 ], [ -75.078851, 41.016953 ], [ -75.079075, 41.016923 ], [ -75.079295, 41.016897 ], [ -75.079599, 41.01687 ], [ -75.079896, 41.016853 ], [ -75.080027, 41.016848 ], [ -75.080133, 41.016847 ], [ -75.080465, 41.016853 ], [ -75.08057, 41.016854 ], [ -75.080753, 41.016853 ], [ -75.080969, 41.016845 ], [ -75.081139, 41.016836 ], [ -75.081288, 41.016823 ], [ -75.08144, 41.016806 ], [ -75.081596, 41.016784 ], [ -75.08175, 41.016758 ], [ -75.081903, 41.016728 ], [ -75.082053, 41.016695 ], [ -75.0822, 41.016657 ], [ -75.082346, 41.016615 ], [ -75.082454, 41.016581 ], [ -75.082491, 41.01657 ], [ -75.082633, 41.01652 ], [ -75.083048, 41.016389 ], [ -75.083702, 41.016209 ], [ -75.084007, 41.016101 ], [ -75.084247, 41.016002 ], [ -75.084397, 41.015926 ], [ -75.084554, 41.015834 ], [ -75.08469, 41.015741 ], [ -75.084699, 41.015735 ], [ -75.084792, 41.015657 ], [ -75.084864, 41.015582 ], [ -75.084936, 41.015494 ], [ -75.085175, 41.015144 ], [ -75.085287, 41.015003 ], [ -75.085555, 41.014735 ], [ -75.085658, 41.014647 ], [ -75.085776, 41.014558 ], [ -75.085935, 41.014452 ], [ -75.086086, 41.014365 ], [ -75.086122, 41.014348 ], [ -75.086901, 41.013977 ], [ -75.087131, 41.013856 ], [ -75.087383, 41.013714 ], [ -75.087689, 41.013532 ], [ -75.087955, 41.013366 ], [ -75.088702, 41.012872 ], [ -75.089117, 41.012632 ], [ -75.089427, 41.012443 ], [ -75.089504, 41.012395 ], [ -75.089659, 41.012279 ], [ -75.089693, 41.012246 ], [ -75.0898, 41.012141 ], [ -75.089956, 41.011951 ], [ -75.090123, 41.011691 ], [ -75.090309, 41.01145 ], [ -75.090486, 41.011264 ], [ -75.090693, 41.011087 ], [ -75.090797, 41.011015 ], [ -75.090894, 41.010959 ], [ -75.090991, 41.010916 ], [ -75.091276, 41.010804 ], [ -75.091484, 41.010692 ], [ -75.091951, 41.010389 ], [ -75.092303, 41.010191 ], [ -75.092313, 41.010185 ], [ -75.092429, 41.010113 ], [ -75.092535, 41.010034 ], [ -75.092719, 41.00987 ], [ -75.092752, 41.00984 ], [ -75.092891, 41.009742 ], [ -75.093079, 41.009631 ], [ -75.093183, 41.009574 ], [ -75.093366, 41.009473 ], [ -75.093553, 41.009376 ], [ -75.093744, 41.009285 ], [ -75.093937, 41.009199 ], [ -75.09412, 41.009125 ], [ -75.094352, 41.009038 ], [ -75.094625, 41.00894 ], [ -75.094915, 41.008841 ], [ -75.095371, 41.008691 ], [ -75.096021, 41.008488 ], [ -75.096271, 41.008408 ], [ -75.096981, 41.008165 ], [ -75.097706, 41.007921 ], [ -75.098076, 41.007799 ], [ -75.098396, 41.007699 ], [ -75.098774, 41.007589 ], [ -75.099172, 41.007485 ], [ -75.099578, 41.007386 ], [ -75.099602, 41.00738 ], [ -75.100037, 41.007285 ], [ -75.100302, 41.007224 ], [ -75.100728, 41.007115 ], [ -75.101087, 41.007011 ], [ -75.101854, 41.006777 ], [ -75.101894, 41.006765 ], [ -75.102263, 41.006661 ], [ -75.102574, 41.006587 ], [ -75.103862, 41.006283 ], [ -75.104366, 41.006156 ], [ -75.104784, 41.006042 ], [ -75.105359, 41.005866 ], [ -75.105915, 41.005676 ], [ -75.106565, 41.005429 ], [ -75.106962, 41.005258 ], [ -75.1072, 41.005137 ], [ -75.107296, 41.005089 ], [ -75.107659, 41.004886 ], [ -75.107977, 41.004747 ], [ -75.108095, 41.004686 ], [ -75.108291, 41.004564 ], [ -75.108731, 41.004257 ], [ -75.109001, 41.004052 ], [ -75.109267, 41.003831 ], [ -75.109378, 41.003732 ], [ -75.109607, 41.003503 ], [ -75.109718, 41.003402 ], [ -75.110005, 41.003193 ], [ -75.110045, 41.003165 ], [ -75.110342, 41.002919 ], [ -75.110493, 41.002776 ], [ -75.110817, 41.002442 ], [ -75.110975, 41.002299 ], [ -75.111089, 41.00221 ], [ -75.111094, 41.002207 ], [ -75.111247, 41.0021 ], [ -75.111574, 41.001899 ], [ -75.111809, 41.00178 ], [ -75.112088, 41.001668 ], [ -75.112363, 41.001577 ], [ -75.113007, 41.001381 ], [ -75.113301, 41.001278 ], [ -75.113604, 41.00115 ], [ -75.113893, 41.001015 ], [ -75.114109, 41.000894 ], [ -75.114571, 41.000585 ], [ -75.115398, 41.000083 ], [ -75.116168, 40.999593 ], [ -75.116518, 40.999391 ], [ -75.116979, 40.999142 ], [ -75.117793, 40.998719 ], [ -75.118539, 40.998351 ], [ -75.119111, 40.998083 ], [ -75.119834, 40.99777 ], [ -75.119989, 40.997703 ], [ -75.120444, 40.99748 ], [ -75.120501, 40.99745 ], [ -75.121036, 40.997171 ], [ -75.121997, 40.996656 ], [ -75.123208, 40.996041 ], [ -75.123673, 40.995798 ], [ -75.12402, 40.995604 ], [ -75.124786, 40.995149 ], [ -75.125161, 40.994947 ], [ -75.125465, 40.994805 ], [ -75.126179, 40.994512 ], [ -75.126343, 40.994436 ], [ -75.126543, 40.994333 ], [ -75.127509, 40.993812 ], [ -75.127802, 40.993639 ], [ -75.128039, 40.993479 ], [ -75.128399, 40.993218 ], [ -75.128891, 40.992834 ], [ -75.129086, 40.99269 ], [ -75.129259, 40.992581 ], [ -75.129725, 40.992317 ], [ -75.129851, 40.992233 ], [ -75.129899, 40.992195 ], [ -75.129955, 40.992151 ], [ -75.129993, 40.992113 ], [ -75.130043, 40.992066 ], [ -75.130132, 40.991965 ], [ -75.130394, 40.991617 ], [ -75.130495, 40.991493 ], [ -75.130602, 40.99138 ], [ -75.130784, 40.991204 ], [ -75.130898, 40.991095 ], [ -75.131006, 40.990983 ], [ -75.131111, 40.990863 ], [ -75.131206, 40.990746 ], [ -75.131288, 40.990633 ], [ -75.131361, 40.99052 ], [ -75.131434, 40.990396 ], [ -75.131496, 40.990275 ], [ -75.131532, 40.990194 ], [ -75.131564, 40.990114 ], [ -75.131589, 40.990041 ], [ -75.13161, 40.989967 ], [ -75.131677, 40.989657 ], [ -75.131767, 40.989271 ], [ -75.131799, 40.989102 ], [ -75.131808, 40.989057 ], [ -75.131824, 40.988926 ], [ -75.131832, 40.988804 ], [ -75.13183, 40.988687 ], [ -75.13182, 40.988588 ], [ -75.131803, 40.988503 ], [ -75.131792, 40.988461 ], [ -75.131778, 40.988408 ], [ -75.131678, 40.9881 ], [ -75.131645, 40.987988 ], [ -75.131621, 40.98788 ], [ -75.131608, 40.987779 ], [ -75.131604, 40.987691 ], [ -75.131605, 40.987593 ], [ -75.131631, 40.987218 ], [ -75.131634, 40.98706 ], [ -75.131631, 40.986987 ], [ -75.131624, 40.986919 ], [ -75.131575, 40.986653 ], [ -75.131562, 40.986533 ], [ -75.131557, 40.986429 ], [ -75.131557, 40.986325 ], [ -75.131561, 40.98622 ], [ -75.131569, 40.986116 ], [ -75.131598, 40.985724 ], [ -75.131588, 40.985376 ], [ -75.131593, 40.98526 ], [ -75.131594, 40.985256 ], [ -75.131677, 40.984788 ], [ -75.131704, 40.984233 ], [ -75.131733, 40.984013 ], [ -75.131779, 40.983772 ], [ -75.131873, 40.983379 ], [ -75.131972, 40.983041 ], [ -75.132043, 40.982844 ], [ -75.132197, 40.982499 ], [ -75.132245, 40.982349 ], [ -75.132263, 40.982262 ], [ -75.132273, 40.982213 ], [ -75.132329, 40.981826 ], [ -75.132426, 40.981461 ], [ -75.132453, 40.981335 ], [ -75.132465, 40.981224 ], [ -75.132477, 40.980973 ], [ -75.132491, 40.980862 ], [ -75.132535, 40.980695 ], [ -75.132615, 40.98046 ], [ -75.132684, 40.980292 ], [ -75.132783, 40.980102 ], [ -75.132866, 40.979981 ], [ -75.132978, 40.979852 ], [ -75.133115, 40.979715 ], [ -75.133231, 40.97961 ], [ -75.133305, 40.979549 ], [ -75.133468, 40.979416 ], [ -75.133771, 40.979182 ], [ -75.134101, 40.978889 ], [ -75.134313, 40.978685 ], [ -75.134314, 40.978683 ], [ -75.134562, 40.978429 ], [ -75.134718, 40.978261 ], [ -75.13484, 40.978117 ], [ -75.135039, 40.977837 ], [ -75.13523, 40.977592 ], [ -75.13539, 40.977342 ], [ -75.135398, 40.977329 ], [ -75.135493, 40.977127 ], [ -75.135536, 40.977012 ], [ -75.13556, 40.976947 ], [ -75.135701, 40.976568 ], [ -75.135734, 40.976418 ], [ -75.135749, 40.976235 ], [ -75.13575, 40.976118 ], [ -75.13576, 40.975931 ], [ -75.13576, 40.975931 ], [ -75.13577, 40.975821 ], [ -75.13577, 40.97582 ], [ -75.135777, 40.975741 ], [ -75.135777, 40.975741 ], [ -75.135781, 40.975641 ], [ -75.135786, 40.975367 ], [ -75.135801, 40.975079 ], [ -75.135796, 40.974868 ], [ -75.135773, 40.974642 ], [ -75.135711, 40.974307 ], [ -75.135689, 40.974002 ], [ -75.135658, 40.973785 ], [ -75.1356, 40.97353 ], [ -75.135591, 40.97349 ], [ -75.135583, 40.973465 ], [ -75.1355, 40.97321 ], [ -75.135377, 40.972936 ], [ -75.135205, 40.972624 ], [ -75.134964, 40.97226 ], [ -75.134732, 40.97195 ], [ -75.134717, 40.971931 ], [ -75.134468, 40.971636 ], [ -75.134161, 40.971303 ], [ -75.133768, 40.97091 ], [ -75.133379, 40.970543 ], [ -75.133059, 40.970266 ], [ -75.132931, 40.970167 ], [ -75.132753, 40.970027 ], [ -75.132456, 40.96982 ], [ -75.131959, 40.969496 ], [ -75.131704, 40.969355 ], [ -75.131694, 40.969349 ], [ -75.131464, 40.969244 ], [ -75.131218, 40.969156 ], [ -75.13093, 40.969077 ], [ -75.13071, 40.969028 ], [ -75.130508, 40.96899 ], [ -75.130319, 40.968963 ], [ -75.13014, 40.968946 ], [ -75.129935, 40.968937 ], [ -75.129713, 40.968937 ], [ -75.129501, 40.968946 ], [ -75.129281, 40.968964 ], [ -75.129044, 40.968992 ], [ -75.128824, 40.969027 ], [ -75.128728, 40.969046 ], [ -75.128589, 40.969073 ], [ -75.12836, 40.969126 ], [ -75.128125, 40.969189 ], [ -75.128119, 40.969191 ], [ -75.128118, 40.969191 ], [ -75.12788, 40.969265 ], [ -75.127502, 40.969415 ], [ -75.127366, 40.969462 ], [ -75.127112, 40.969526 ], [ -75.126858, 40.969571 ], [ -75.126639, 40.969592 ], [ -75.126318, 40.969596 ], [ -75.126185, 40.969598 ], [ -75.125893, 40.969624 ], [ -75.125431, 40.969688 ], [ -75.124891, 40.969786 ], [ -75.124887, 40.969787 ], [ -75.124582, 40.96983 ], [ -75.124348, 40.969857 ], [ -75.124052, 40.969876 ], [ -75.123711, 40.969871 ], [ -75.123503, 40.969892 ], [ -75.123329, 40.969923 ], [ -75.123182, 40.969967 ], [ -75.123108, 40.970001 ], [ -75.122953, 40.970049 ], [ -75.122774, 40.970075 ], [ -75.122599, 40.970077 ], [ -75.122346, 40.970033 ], [ -75.122238, 40.970005 ], [ -75.122146, 40.96997 ], [ -75.122051, 40.969921 ], [ -75.121848, 40.969798 ], [ -75.121815, 40.969778 ], [ -75.121609, 40.969662 ], [ -75.121236, 40.969453 ], [ -75.120927, 40.969269 ], [ -75.120733, 40.969153 ], [ -75.120533, 40.969021 ], [ -75.12047, 40.968979 ], [ -75.120386, 40.968917 ], [ -75.120308, 40.968839 ], [ -75.120252, 40.968756 ], [ -75.120209, 40.968684 ], [ -75.120199, 40.968662 ], [ -75.120166, 40.96859 ], [ -75.120126, 40.968479 ], [ -75.120064, 40.968281 ], [ -75.120012, 40.968076 ], [ -75.119932, 40.96778 ], [ -75.119891, 40.967664 ], [ -75.119839, 40.967514 ], [ -75.119814, 40.967386 ], [ -75.119812, 40.967215 ], [ -75.119811, 40.967177 ], [ -75.119844, 40.966788 ], [ -75.119867, 40.966666 ], [ -75.119944, 40.966395 ], [ -75.119984, 40.966198 ], [ -75.120075, 40.965918 ], [ -75.120264, 40.965398 ], [ -75.120455, 40.964715 ], [ -75.120596, 40.964255 ], [ -75.120601, 40.964235 ], [ -75.120618, 40.964157 ], [ -75.120676, 40.963891 ], [ -75.12077, 40.963648 ], [ -75.120787, 40.963592 ], [ -75.120794, 40.96357 ], [ -75.120819, 40.963432 ], [ -75.120824, 40.963372 ], [ -75.120831, 40.963282 ], [ -75.120828, 40.963124 ], [ -75.120811, 40.962967 ], [ -75.120757, 40.962706 ], [ -75.120723, 40.962608 ], [ -75.120677, 40.962474 ], [ -75.12066, 40.962442 ], [ -75.120522, 40.96219 ], [ -75.120433, 40.961967 ], [ -75.12031, 40.96175 ], [ -75.12019, 40.961502 ], [ -75.12, 40.961058 ], [ -75.11993, 40.960873 ], [ -75.119766, 40.960438 ], [ -75.119709, 40.960319 ], [ -75.119704, 40.96031 ], [ -75.119545, 40.960017 ], [ -75.119475, 40.959845 ], [ -75.119434, 40.959676 ], [ -75.119411, 40.959539 ], [ -75.119368, 40.959275 ], [ -75.119267, 40.958877 ], [ -75.119196, 40.958429 ], [ -75.119131, 40.95819 ], [ -75.119126, 40.958172 ], [ -75.119088, 40.957991 ], [ -75.11906, 40.957764 ], [ -75.119064, 40.957508 ], [ -75.119066, 40.957345 ], [ -75.119036, 40.957046 ], [ -75.118934, 40.956477 ], [ -75.118843, 40.95597 ], [ -75.118775, 40.955653 ], [ -75.118697, 40.95534 ], [ -75.118601, 40.955003 ], [ -75.11851, 40.954761 ], [ -75.118427, 40.954587 ], [ -75.118219, 40.954202 ], [ -75.118134, 40.954029 ], [ -75.118081, 40.953907 ], [ -75.11798, 40.953623 ], [ -75.117926, 40.953494 ], [ -75.117879, 40.953409 ], [ -75.117846, 40.953349 ], [ -75.117749, 40.953198 ], [ -75.11756, 40.952948 ], [ -75.117407, 40.952779 ], [ -75.117249, 40.952625 ], [ -75.117067, 40.952447 ], [ -75.116827, 40.952199 ], [ -75.116517, 40.951878 ], [ -75.116261, 40.951639 ], [ -75.115964, 40.95138 ], [ -75.115587, 40.951067 ], [ -75.11553, 40.95102 ], [ -75.114728, 40.950372 ], [ -75.114048, 40.949843 ], [ -75.113818, 40.949665 ], [ -75.113663, 40.94955 ], [ -75.113524, 40.949446 ], [ -75.113381, 40.949345 ], [ -75.113289, 40.949284 ], [ -75.113187, 40.949223 ], [ -75.113083, 40.949164 ], [ -75.113073, 40.949159 ], [ -75.112965, 40.949102 ], [ -75.112672, 40.948953 ], [ -75.112435, 40.948833 ], [ -75.112305, 40.948761 ], [ -75.11219, 40.948693 ], [ -75.11198, 40.948558 ], [ -75.111884, 40.948492 ], [ -75.111883, 40.948491 ], [ -75.111798, 40.948423 ], [ -75.111715, 40.948341 ], [ -75.111606, 40.948217 ], [ -75.111449, 40.948028 ], [ -75.111269, 40.947803 ], [ -75.111087, 40.947607 ], [ -75.111028, 40.947539 ], [ -75.110922, 40.947403 ], [ -75.110816, 40.94725 ], [ -75.110724, 40.947102 ], [ -75.110686, 40.947028 ], [ -75.11066, 40.946978 ], [ -75.110603, 40.946845 ], [ -75.110472, 40.946508 ], [ -75.11043, 40.946414 ], [ -75.110388, 40.946331 ], [ -75.11035, 40.946266 ], [ -75.110306, 40.9462 ], [ -75.110234, 40.946101 ], [ -75.110143, 40.945979 ], [ -75.110084, 40.945893 ], [ -75.109982, 40.945726 ], [ -75.109888, 40.945557 ], [ -75.109825, 40.945441 ], [ -75.109724, 40.945257 ], [ -75.109522, 40.944826 ], [ -75.109422, 40.944644 ], [ -75.109341, 40.944523 ], [ -75.109145, 40.944257 ], [ -75.109022, 40.944074 ], [ -75.108977, 40.944 ], [ -75.10856, 40.943305 ], [ -75.108391, 40.94304 ], [ -75.108251, 40.942843 ], [ -75.107934, 40.942428 ], [ -75.107705, 40.942101 ], [ -75.107487, 40.941767 ], [ -75.107325, 40.941479 ], [ -75.10725, 40.941361 ], [ -75.107169, 40.941257 ], [ -75.107038, 40.941104 ], [ -75.106877, 40.940883 ], [ -75.10674, 40.940684 ], [ -75.10661, 40.940482 ], [ -75.10648, 40.940269 ], [ -75.106381, 40.940093 ], [ -75.106286, 40.939906 ], [ -75.106201, 40.939721 ], [ -75.106126, 40.939536 ], [ -75.106064, 40.93936 ], [ -75.105878, 40.938755 ], [ -75.105834, 40.938588 ], [ -75.105802, 40.938439 ], [ -75.105784, 40.93832 ], [ -75.105775, 40.938221 ], [ -75.105771, 40.938117 ], [ -75.105768, 40.937861 ], [ -75.105759, 40.937726 ], [ -75.105746, 40.937616 ], [ -75.105728, 40.937503 ], [ -75.105679, 40.937259 ], [ -75.105601, 40.936947 ], [ -75.105471, 40.93649 ], [ -75.105395, 40.936256 ], [ -75.105303, 40.936012 ], [ -75.105198, 40.935767 ], [ -75.105083, 40.935526 ], [ -75.104957, 40.935288 ], [ -75.104819, 40.935052 ], [ -75.104671, 40.93482 ], [ -75.104512, 40.934591 ], [ -75.104343, 40.934367 ], [ -75.104164, 40.934148 ], [ -75.104062, 40.934024 ], [ -75.103826, 40.933752 ], [ -75.103429, 40.933341 ], [ -75.103353, 40.933242 ], [ -75.103183, 40.932988 ], [ -75.103055, 40.932837 ], [ -75.102921, 40.932698 ], [ -75.102635, 40.932421 ], [ -75.102131, 40.931959 ], [ -75.101699, 40.931546 ], [ -75.101462, 40.931303 ], [ -75.101308, 40.931123 ], [ -75.101285, 40.931096 ], [ -75.101208, 40.931015 ], [ -75.101127, 40.930946 ], [ -75.10109, 40.930916 ], [ -75.100931, 40.930792 ], [ -75.100834, 40.930703 ], [ -75.100711, 40.930575 ], [ -75.100579, 40.930418 ], [ -75.100575, 40.930413 ], [ -75.100068, 40.929767 ], [ -75.099979, 40.929642 ], [ -75.099838, 40.929444 ], [ -75.09961, 40.929067 ], [ -75.099319, 40.928519 ], [ -75.099093, 40.928133 ], [ -75.098815, 40.927695 ], [ -75.098445, 40.927151 ], [ -75.098038, 40.926592 ], [ -75.097679, 40.926122 ], [ -75.097388, 40.92577 ], [ -75.097108, 40.925466 ], [ -75.096941, 40.925301 ], [ -75.096531, 40.924927 ], [ -75.096416, 40.924799 ], [ -75.096293, 40.924659 ], [ -75.096165, 40.924521 ], [ -75.096032, 40.924388 ], [ -75.095894, 40.924258 ], [ -75.095748, 40.924129 ], [ -75.095597, 40.924003 ], [ -75.095438, 40.923878 ], [ -75.095278, 40.923761 ], [ -75.095131, 40.923659 ], [ -75.095005, 40.923575 ], [ -75.094887, 40.923505 ], [ -75.094759, 40.923434 ], [ -75.094626, 40.923366 ], [ -75.094475, 40.923293 ], [ -75.093911, 40.923036 ], [ -75.093682, 40.922927 ], [ -75.093562, 40.922865 ], [ -75.093452, 40.922806 ], [ -75.093351, 40.922746 ], [ -75.093256, 40.922686 ], [ -75.093117, 40.922593 ], [ -75.092976, 40.922493 ], [ -75.09283, 40.922384 ], [ -75.092676, 40.922263 ], [ -75.092411, 40.922046 ], [ -75.091621, 40.921382 ], [ -75.091388, 40.921185 ], [ -75.090888, 40.920717 ], [ -75.090511, 40.920406 ], [ -75.090268, 40.920222 ], [ -75.090073, 40.920084 ], [ -75.089917, 40.919984 ], [ -75.089739, 40.919881 ], [ -75.089557, 40.919784 ], [ -75.089374, 40.919695 ], [ -75.089316, 40.91967 ], [ -75.089074, 40.919568 ], [ -75.089001, 40.919545 ], [ -75.088693, 40.919447 ], [ -75.088551, 40.919394 ], [ -75.088415, 40.919327 ], [ -75.088146, 40.919172 ], [ -75.088027, 40.91911 ], [ -75.087904, 40.919057 ], [ -75.087583, 40.918938 ], [ -75.087411, 40.918854 ], [ -75.087212, 40.918733 ], [ -75.087012, 40.918589 ], [ -75.086887, 40.918486 ], [ -75.086646, 40.918259 ], [ -75.086383, 40.918057 ], [ -75.086058, 40.917833 ], [ -75.08556, 40.917513 ], [ -75.08513, 40.917215 ], [ -75.084938, 40.917092 ], [ -75.084932, 40.917089 ], [ -75.084921, 40.917083 ], [ -75.084575, 40.916895 ], [ -75.083624, 40.916425 ], [ -75.083299, 40.916273 ], [ -75.082932, 40.916117 ], [ -75.08285, 40.916082 ], [ -75.082728, 40.916031 ], [ -75.082481, 40.915917 ], [ -75.082252, 40.915796 ], [ -75.08224, 40.915788 ], [ -75.082, 40.915647 ], [ -75.081702, 40.915456 ], [ -75.081381, 40.915233 ], [ -75.081172, 40.915072 ], [ -75.080628, 40.914673 ], [ -75.080028, 40.914223 ], [ -75.07957, 40.91389 ], [ -75.079411, 40.913767 ], [ -75.079276, 40.913656 ], [ -75.07917, 40.913561 ], [ -75.079155, 40.913547 ], [ -75.079036, 40.913432 ], [ -75.078929, 40.913322 ], [ -75.078839, 40.913223 ], [ -75.078763, 40.913131 ], [ -75.078685, 40.913027 ], [ -75.078614, 40.912922 ], [ -75.078548, 40.912815 ], [ -75.078378, 40.912553 ], [ -75.077992, 40.912055 ], [ -75.077872, 40.911892 ], [ -75.077771, 40.911735 ], [ -75.077692, 40.911588 ], [ -75.077617, 40.911418 ], [ -75.077493, 40.911096 ], [ -75.077398, 40.910833 ], [ -75.077371, 40.910757 ], [ -75.077279, 40.910478 ], [ -75.077194, 40.910267 ], [ -75.077107, 40.910092 ], [ -75.076909, 40.909564 ], [ -75.076882, 40.909452 ], [ -75.076837, 40.909328 ], [ -75.076515, 40.90861 ], [ -75.076501, 40.908578 ], [ -75.076263, 40.908127 ], [ -75.076124, 40.907836 ], [ -75.075988, 40.907484 ], [ -75.075976, 40.907444 ], [ -75.075946, 40.907346 ], [ -75.075919, 40.907225 ], [ -75.075878, 40.906911 ], [ -75.075823, 40.906605 ], [ -75.075796, 40.90645 ], [ -75.075755, 40.906074 ], [ -75.075667, 40.904977 ], [ -75.075662, 40.904757 ], [ -75.075675, 40.904506 ], [ -75.07568, 40.904405 ], [ -75.075667, 40.904224 ], [ -75.075646, 40.904104 ], [ -75.075641, 40.904073 ], [ -75.075547, 40.903642 ], [ -75.075458, 40.902992 ], [ -75.075357, 40.902542 ], [ -75.075294, 40.902005 ], [ -75.075184, 40.901573 ], [ -75.075149, 40.901399 ], [ -75.075112, 40.901128 ], [ -75.075061, 40.900756 ], [ -75.075012, 40.900508 ], [ -75.074963, 40.900258 ], [ -75.074934, 40.89991 ], [ -75.074934, 40.899674 ], [ -75.074951, 40.899462 ], [ -75.074988, 40.899231 ], [ -75.075032, 40.899041 ], [ -75.075044, 40.898985 ], [ -75.07513, 40.898695 ], [ -75.075246, 40.898365 ], [ -75.075488, 40.897813 ], [ -75.075613, 40.89749 ], [ -75.075699, 40.897238 ], [ -75.075757, 40.897032 ], [ -75.075804, 40.89682 ], [ -75.075842, 40.896592 ], [ -75.075871, 40.896346 ], [ -75.075912, 40.895771 ], [ -75.075911, 40.89565 ], [ -75.075899, 40.895545 ], [ -75.075867, 40.895428 ], [ -75.075766, 40.895148 ], [ -75.07569, 40.894847 ], [ -75.075606, 40.894563 ], [ -75.075547, 40.894408 ], [ -75.075479, 40.894277 ], [ -75.075397, 40.894153 ], [ -75.075279, 40.893994 ], [ -75.075248, 40.893957 ], [ -75.074947, 40.893589 ], [ -75.074719, 40.893266 ], [ -75.07464, 40.893173 ], [ -75.07438, 40.892897 ], [ -75.074133, 40.892565 ], [ -75.073939, 40.892333 ], [ -75.073802, 40.892192 ], [ -75.073548, 40.891975 ], [ -75.073445, 40.891877 ], [ -75.073056, 40.891432 ], [ -75.072613, 40.89097 ], [ -75.072296, 40.890664 ], [ -75.072068, 40.890458 ], [ -75.071965, 40.890363 ], [ -75.071485, 40.889958 ], [ -75.07113, 40.889689 ], [ -75.070567, 40.889312 ], [ -75.070391, 40.889207 ], [ -75.070051, 40.889002 ], [ -75.069863, 40.888882 ], [ -75.069701, 40.888766 ], [ -75.069434, 40.888555 ], [ -75.069265, 40.888422 ], [ -75.06914, 40.888339 ], [ -75.068878, 40.888177 ], [ -75.06882, 40.888141 ], [ -75.068626, 40.888002 ], [ -75.068478, 40.887882 ], [ -75.068396, 40.887814 ], [ -75.067857, 40.88734 ], [ -75.066543, 40.886266 ], [ -75.066019, 40.885852 ], [ -75.065609, 40.885551 ], [ -75.065388, 40.885389 ], [ -75.065132, 40.885191 ], [ -75.064897, 40.884988 ], [ -75.064654, 40.88476 ], [ -75.064341, 40.884439 ], [ -75.064006, 40.884068 ], [ -75.063652, 40.883652 ], [ -75.063403, 40.883341 ], [ -75.063277, 40.883185 ], [ -75.062964, 40.882822 ], [ -75.062809, 40.882657 ], [ -75.062519, 40.882371 ], [ -75.062434, 40.882287 ], [ -75.062083, 40.881927 ], [ -75.061784, 40.881604 ], [ -75.061598, 40.88139 ], [ -75.061488, 40.881251 ], [ -75.06139, 40.881112 ], [ -75.060955, 40.880387 ], [ -75.060739, 40.880067 ], [ -75.060443, 40.879647 ], [ -75.060284, 40.879452 ], [ -75.059917, 40.879067 ], [ -75.059517, 40.878585 ], [ -75.059466, 40.878523 ], [ -75.059109, 40.87815 ], [ -75.058791, 40.877855 ], [ -75.05858, 40.877686 ], [ -75.058226, 40.877435 ], [ -75.058077, 40.877329 ], [ -75.057912, 40.877193 ], [ -75.057737, 40.877034 ], [ -75.057488, 40.876792 ], [ -75.057086, 40.87638 ], [ -75.056824, 40.876098 ], [ -75.05657, 40.875811 ], [ -75.056336, 40.875572 ], [ -75.05609, 40.87534 ], [ -75.055749, 40.875041 ], [ -75.055501, 40.874839 ], [ -75.055356, 40.874732 ], [ -75.055215, 40.874638 ], [ -75.054742, 40.87436 ], [ -75.054308, 40.874077 ], [ -75.053883, 40.873766 ], [ -75.053704, 40.873622 ], [ -75.053542, 40.873482 ], [ -75.053322, 40.873274 ], [ -75.053188, 40.873131 ], [ -75.05316, 40.873101 ], [ -75.052876, 40.872726 ], [ -75.052625, 40.872417 ], [ -75.052519, 40.872298 ], [ -75.052347, 40.872125 ], [ -75.052283, 40.872061 ], [ -75.052198, 40.871964 ], [ -75.052117, 40.87185 ], [ -75.052042, 40.871713 ], [ -75.051965, 40.871539 ], [ -75.051765, 40.871029 ], [ -75.051376, 40.869902 ], [ -75.051317, 40.86968 ], [ -75.051258, 40.869457 ], [ -75.051114, 40.868995 ], [ -75.050959, 40.86839 ], [ -75.050953, 40.868365 ], [ -75.050898, 40.868115 ], [ -75.050852, 40.867816 ], [ -75.050843, 40.867705 ], [ -75.050812, 40.867331 ], [ -75.050759, 40.867033 ], [ -75.050759, 40.86703 ], [ -75.050748, 40.866922 ], [ -75.050752, 40.866778 ], [ -75.05079, 40.866374 ], [ -75.050799, 40.866279 ], [ -75.05082, 40.866135 ], [ -75.050861, 40.865964 ], [ -75.051049, 40.865358 ], [ -75.051063, 40.865276 ], [ -75.051122, 40.864951 ], [ -75.051157, 40.864808 ], [ -75.051192, 40.864706 ], [ -75.051237, 40.864615 ], [ -75.051252, 40.864589 ], [ -75.051335, 40.864449 ], [ -75.051432, 40.864309 ], [ -75.051515, 40.864209 ], [ -75.0516, 40.864122 ], [ -75.051688, 40.864049 ], [ -75.051779, 40.86399 ], [ -75.051881, 40.863941 ], [ -75.052003, 40.863905 ], [ -75.052134, 40.863882 ], [ -75.052483, 40.863834 ], [ -75.052582, 40.86381 ], [ -75.052664, 40.86379 ], [ -75.052815, 40.863737 ], [ -75.052979, 40.863669 ], [ -75.053423, 40.86346 ], [ -75.053746, 40.863284 ], [ -75.053798, 40.863256 ], [ -75.054145, 40.86306 ], [ -75.054291, 40.862971 ], [ -75.054326, 40.86295 ], [ -75.054463, 40.862855 ], [ -75.054838, 40.86257 ], [ -75.054947, 40.8625 ], [ -75.055176, 40.86237 ], [ -75.055427, 40.862185 ], [ -75.055611, 40.862059 ], [ -75.055725, 40.861988 ], [ -75.055879, 40.861916 ], [ -75.056158, 40.861826 ], [ -75.056257, 40.861789 ], [ -75.056595, 40.861614 ], [ -75.056913, 40.861484 ], [ -75.057037, 40.861427 ], [ -75.057513, 40.861157 ], [ -75.057983, 40.86092 ], [ -75.058156, 40.860827 ], [ -75.058488, 40.860629 ], [ -75.058768, 40.860442 ], [ -75.058938, 40.860314 ], [ -75.059114, 40.860168 ], [ -75.059326, 40.85998 ], [ -75.059504, 40.859809 ], [ -75.059715, 40.859591 ], [ -75.059881, 40.859405 ], [ -75.060104, 40.859136 ], [ -75.060407, 40.858754 ], [ -75.060497, 40.858653 ], [ -75.060608, 40.858547 ], [ -75.060609, 40.858545 ], [ -75.060925, 40.858268 ], [ -75.061278, 40.857907 ], [ -75.061633, 40.857574 ], [ -75.061749, 40.857465 ], [ -75.061852, 40.857373 ], [ -75.062078, 40.857192 ], [ -75.06229, 40.856944 ], [ -75.062399, 40.856862 ], [ -75.062589, 40.85672 ], [ -75.062604, 40.856707 ], [ -75.062753, 40.856581 ], [ -75.062918, 40.856425 ], [ -75.062988, 40.856369 ], [ -75.06308, 40.856319 ], [ -75.063296, 40.856243 ], [ -75.063373, 40.856197 ], [ -75.063445, 40.856129 ], [ -75.063705, 40.855836 ], [ -75.063835, 40.855665 ], [ -75.063972, 40.85546 ], [ -75.064073, 40.855288 ], [ -75.064153, 40.855127 ], [ -75.064265, 40.854811 ], [ -75.06437, 40.854547 ], [ -75.064393, 40.854418 ], [ -75.064398, 40.854262 ], [ -75.064377, 40.854065 ], [ -75.064314, 40.853853 ], [ -75.064211, 40.853615 ], [ -75.06404, 40.853287 ], [ -75.063935, 40.85301 ], [ -75.063885, 40.85285 ], [ -75.063822, 40.852606 ], [ -75.063809, 40.852573 ], [ -75.063737, 40.852386 ], [ -75.063694, 40.852155 ], [ -75.063611, 40.851865 ], [ -75.063564, 40.851609 ], [ -75.063563, 40.851605 ], [ -75.063544, 40.851369 ], [ -75.063554, 40.851054 ], [ -75.063585, 40.850753 ], [ -75.063635, 40.850474 ], [ -75.063709, 40.850192 ], [ -75.063756, 40.850055 ], [ -75.063902, 40.84968 ], [ -75.063922, 40.849608 ], [ -75.064022, 40.849257 ], [ -75.064093, 40.84907 ], [ -75.064163, 40.848925 ], [ -75.064232, 40.848799 ], [ -75.064246, 40.848773 ], [ -75.064536, 40.848302 ], [ -75.064539, 40.848298 ], [ -75.064669, 40.848129 ], [ -75.064737, 40.848061 ], [ -75.064809, 40.848002 ], [ -75.064941, 40.847917 ], [ -75.064967, 40.847904 ], [ -75.065109, 40.847833 ], [ -75.065433, 40.8477 ], [ -75.065618, 40.847635 ], [ -75.066246, 40.847439 ], [ -75.066536, 40.847357 ], [ -75.066814, 40.847291 ], [ -75.066909, 40.847268 ], [ -75.067289, 40.847196 ], [ -75.067453, 40.847184 ], [ -75.067659, 40.847183 ], [ -75.06766, 40.847183 ], [ -75.067835, 40.847182 ], [ -75.068305, 40.847143 ], [ -75.068558, 40.847136 ], [ -75.069177, 40.84715 ], [ -75.069926, 40.847145 ], [ -75.070431, 40.847152 ], [ -75.070685, 40.847166 ], [ -75.070953, 40.8472 ], [ -75.071157, 40.847238 ], [ -75.071357, 40.847284 ], [ -75.071551, 40.847339 ], [ -75.071737, 40.847402 ], [ -75.071908, 40.84747 ], [ -75.072069, 40.847544 ], [ -75.07223, 40.847631 ], [ -75.072391, 40.847728 ], [ -75.072556, 40.84784 ], [ -75.072712, 40.847959 ], [ -75.073077, 40.848287 ], [ -75.073353, 40.848554 ], [ -75.073528, 40.848735 ], [ -75.073622, 40.848834 ], [ -75.073718, 40.848935 ], [ -75.073849, 40.849038 ], [ -75.073931, 40.849097 ], [ -75.074054, 40.849167 ], [ -75.074117, 40.849212 ], [ -75.074287, 40.849364 ], [ -75.074385, 40.849423 ], [ -75.074508, 40.849485 ], [ -75.074717, 40.849577 ], [ -75.074914, 40.849651 ], [ -75.075096, 40.849707 ], [ -75.075293, 40.849758 ], [ -75.075474, 40.849789 ], [ -75.075717, 40.849818 ], [ -75.075982, 40.849842 ], [ -75.076238, 40.849862 ], [ -75.076495, 40.849883 ], [ -75.076687, 40.8499 ], [ -75.07687, 40.849906 ], [ -75.077052, 40.849903 ], [ -75.077571, 40.849856 ], [ -75.078454, 40.849827 ], [ -75.078856, 40.849798 ], [ -75.079122, 40.849771 ], [ -75.079335, 40.849743 ], [ -75.08014, 40.849595 ], [ -75.080305, 40.849571 ], [ -75.080447, 40.849556 ], [ -75.080752, 40.849546 ], [ -75.080925, 40.849559 ], [ -75.081021, 40.849567 ], [ -75.081124, 40.849568 ], [ -75.081522, 40.849537 ], [ -75.082027, 40.849507 ], [ -75.083109, 40.849455 ], [ -75.083679, 40.849428 ], [ -75.084005, 40.849399 ], [ -75.084699, 40.849306 ], [ -75.084983, 40.849283 ], [ -75.08524, 40.849284 ], [ -75.085688, 40.84932 ], [ -75.085746, 40.849325 ], [ -75.085985, 40.849325 ], [ -75.08627, 40.849325 ], [ -75.08687, 40.849376 ], [ -75.087499, 40.849406 ], [ -75.088065, 40.849413 ], [ -75.088638, 40.849397 ], [ -75.089269, 40.849355 ], [ -75.089949, 40.849288 ], [ -75.090401, 40.849224 ], [ -75.090723, 40.849176 ], [ -75.091039, 40.849135 ], [ -75.091201, 40.849121 ], [ -75.091596, 40.849094 ], [ -75.091703, 40.849083 ], [ -75.091746, 40.849078 ], [ -75.091798, 40.849072 ], [ -75.092019, 40.849035 ], [ -75.092193, 40.849002 ], [ -75.092339, 40.848968 ], [ -75.092467, 40.848932 ], [ -75.092548, 40.848905 ], [ -75.092622, 40.848875 ], [ -75.092695, 40.848842 ], [ -75.092774, 40.848801 ], [ -75.093181, 40.848564 ], [ -75.09352, 40.84836 ], [ -75.09369, 40.848266 ], [ -75.093831, 40.848196 ], [ -75.093976, 40.84813 ], [ -75.094123, 40.848066 ], [ -75.094273, 40.848006 ], [ -75.094454, 40.84793 ], [ -75.094659, 40.847836 ], [ -75.094837, 40.847741 ], [ -75.095086, 40.847585 ], [ -75.095108, 40.84757 ], [ -75.095245, 40.847475 ], [ -75.095388, 40.847366 ], [ -75.095701, 40.847096 ], [ -75.095875, 40.846931 ], [ -75.096015, 40.846787 ], [ -75.096135, 40.846652 ], [ -75.096235, 40.846525 ], [ -75.096328, 40.846391 ], [ -75.096426, 40.846233 ], [ -75.09675, 40.845658 ], [ -75.096822, 40.845503 ], [ -75.096873, 40.845392 ], [ -75.096958, 40.845136 ], [ -75.096983, 40.845029 ], [ -75.097124, 40.844442 ], [ -75.097169, 40.844202 ], [ -75.097246, 40.843461 ], [ -75.09734, 40.842737 ], [ -75.097365, 40.8424 ], [ -75.097361, 40.842035 ], [ -75.097329, 40.84159 ], [ -75.09723, 40.840882 ], [ -75.09717, 40.840217 ], [ -75.097136, 40.839979 ], [ -75.097092, 40.839746 ], [ -75.097024, 40.839475 ], [ -75.096945, 40.839249 ], [ -75.096517, 40.838375 ], [ -75.096426, 40.838214 ], [ -75.096248, 40.837926 ], [ -75.096159, 40.837796 ], [ -75.096142, 40.837771 ], [ -75.096041, 40.837639 ], [ -75.095945, 40.837529 ], [ -75.095913, 40.837498 ], [ -75.095846, 40.837432 ], [ -75.095534, 40.837174 ], [ -75.095056, 40.836823 ], [ -75.094694, 40.836557 ], [ -75.09415, 40.836122 ], [ -75.093929, 40.835972 ], [ -75.09385, 40.835918 ], [ -75.093427, 40.835653 ], [ -75.093347, 40.835603 ], [ -75.093, 40.835396 ], [ -75.09275, 40.835266 ], [ -75.092275, 40.835039 ], [ -75.092032, 40.834922 ], [ -75.091823, 40.834805 ], [ -75.091647, 40.83469 ], [ -75.091416, 40.834511 ], [ -75.091149, 40.834277 ], [ -75.090944, 40.834087 ], [ -75.090907, 40.834049 ], [ -75.090644, 40.833778 ], [ -75.090516, 40.833662 ], [ -75.090415, 40.833587 ], [ -75.090347, 40.833542 ], [ -75.090151, 40.833413 ], [ -75.090037, 40.833329 ], [ -75.089931, 40.833236 ], [ -75.089654, 40.832969 ], [ -75.08929, 40.832675 ], [ -75.088932, 40.832416 ], [ -75.088556, 40.832171 ], [ -75.088413, 40.832075 ], [ -75.088326, 40.832011 ], [ -75.087677, 40.831535 ], [ -75.087003, 40.831066 ], [ -75.086625, 40.830787 ], [ -75.086374, 40.830589 ], [ -75.086176, 40.830421 ], [ -75.086062, 40.830315 ], [ -75.085909, 40.830151 ], [ -75.085839, 40.830089 ], [ -75.085743, 40.83003 ], [ -75.08547, 40.829894 ], [ -75.085391, 40.829839 ], [ -75.085321, 40.829782 ], [ -75.0853, 40.829765 ], [ -75.085178, 40.82965 ], [ -75.085053, 40.829518 ], [ -75.084953, 40.829397 ], [ -75.084859, 40.829265 ], [ -75.084752, 40.829078 ], [ -75.084751, 40.829073 ], [ -75.084659, 40.828784 ], [ -75.084587, 40.828637 ], [ -75.084522, 40.828529 ], [ -75.084448, 40.828423 ], [ -75.084365, 40.828319 ], [ -75.084274, 40.828219 ], [ -75.084011, 40.827697 ], [ -75.083764, 40.827204 ], [ -75.083681, 40.827021 ], [ -75.083633, 40.826881 ], [ -75.083592, 40.826723 ], [ -75.08356, 40.826552 ], [ -75.083536, 40.826364 ], [ -75.083508, 40.825956 ], [ -75.083511, 40.825823 ], [ -75.083523, 40.825707 ], [ -75.083532, 40.825675 ], [ -75.083611, 40.825366 ], [ -75.083654, 40.825057 ], [ -75.083659, 40.82502 ], [ -75.083689, 40.824881 ], [ -75.083762, 40.824653 ], [ -75.083864, 40.824407 ], [ -75.083879, 40.82437 ], [ -75.084037, 40.824034 ], [ -75.084219, 40.823706 ], [ -75.084427, 40.823381 ], [ -75.084656, 40.823066 ], [ -75.084811, 40.822878 ], [ -75.085003, 40.822663 ], [ -75.085349, 40.822292 ], [ -75.085777, 40.821853 ], [ -75.08625, 40.82133 ], [ -75.08666, 40.820839 ], [ -75.087031, 40.820343 ], [ -75.087223, 40.820058 ], [ -75.087473, 40.819622 ], [ -75.087621, 40.819388 ], [ -75.087857, 40.819039 ], [ -75.088139, 40.818644 ], [ -75.088217, 40.818535 ], [ -75.08854, 40.818043 ], [ -75.088755, 40.817694 ], [ -75.088971, 40.817326 ], [ -75.089116, 40.817052 ], [ -75.089216, 40.816862 ], [ -75.089226, 40.816847 ], [ -75.089281, 40.816761 ], [ -75.089373, 40.816635 ], [ -75.089588, 40.81638 ], [ -75.089836, 40.816131 ], [ -75.090053, 40.815949 ], [ -75.090312, 40.815772 ], [ -75.090665, 40.81556 ], [ -75.090709, 40.815534 ], [ -75.090988, 40.815381 ], [ -75.091841, 40.814961 ], [ -75.0924, 40.81471 ], [ -75.092518, 40.814647 ], [ -75.092549, 40.81463 ], [ -75.092564, 40.81462 ], [ -75.092671, 40.81455 ], [ -75.092773, 40.814465 ], [ -75.092871, 40.81436 ], [ -75.093167, 40.81396 ], [ -75.093297, 40.813811 ], [ -75.093487, 40.813627 ], [ -75.093638, 40.813493 ], [ -75.093772, 40.813388 ], [ -75.093954, 40.813263 ], [ -75.094207, 40.813114 ], [ -75.094455, 40.812999 ], [ -75.094605, 40.812951 ], [ -75.094968, 40.812862 ], [ -75.095129, 40.812803 ], [ -75.095259, 40.812733 ], [ -75.095437, 40.812638 ], [ -75.095794, 40.812479 ], [ -75.095925, 40.812414 ], [ -75.096057, 40.812333 ], [ -75.096209, 40.81222 ], [ -75.096358, 40.812083 ], [ -75.096419, 40.812014 ], [ -75.096463, 40.811954 ], [ -75.096528, 40.811833 ], [ -75.09663, 40.811592 ], [ -75.096658, 40.811526 ], [ -75.096703, 40.811447 ], [ -75.096753, 40.81138 ], [ -75.096826, 40.811307 ], [ -75.096919, 40.811233 ], [ -75.097282, 40.811002 ], [ -75.097333, 40.81097 ], [ -75.097493, 40.810845 ], [ -75.097646, 40.810691 ], [ -75.097855, 40.810454 ], [ -75.097955, 40.810341 ], [ -75.098385, 40.809893 ], [ -75.09873, 40.809507 ], [ -75.098868, 40.809339 ], [ -75.098982, 40.809198 ], [ -75.099463, 40.808527 ], [ -75.099627, 40.808273 ], [ -75.099795, 40.807961 ], [ -75.099856, 40.807824 ], [ -75.099911, 40.807682 ], [ -75.10005, 40.807245 ], [ -75.100112, 40.806966 ], [ -75.100148, 40.806804 ], [ -75.100213, 40.806611 ], [ -75.100293, 40.806468 ], [ -75.100448, 40.806268 ], [ -75.100499, 40.806203 ], [ -75.100684, 40.805925 ], [ -75.10075, 40.805789 ], [ -75.100777, 40.805663 ], [ -75.100779, 40.805566 ], [ -75.100774, 40.805479 ], [ -75.100771, 40.805428 ], [ -75.100739, 40.805218 ], [ -75.100694, 40.805069 ], [ -75.100552, 40.804779 ], [ -75.100506, 40.804647 ], [ -75.100481, 40.804517 ], [ -75.100451, 40.804235 ], [ -75.100448, 40.804214 ], [ -75.100423, 40.804061 ], [ -75.10033, 40.803634 ], [ -75.100248, 40.803305 ], [ -75.100227, 40.803221 ], [ -75.100206, 40.803066 ], [ -75.100204, 40.802993 ], [ -75.100194, 40.80273 ], [ -75.100155, 40.802449 ], [ -75.10014, 40.802346 ], [ -75.100137, 40.802208 ], [ -75.100142, 40.802057 ], [ -75.100142, 40.802033 ], [ -75.100195, 40.801283 ], [ -75.10019, 40.80107 ], [ -75.100187, 40.800919 ], [ -75.100192, 40.800782 ], [ -75.100223, 40.80059 ], [ -75.100373, 40.799931 ], [ -75.100412, 40.799809 ], [ -75.100467, 40.799674 ], [ -75.100668, 40.799271 ], [ -75.100809, 40.79902 ], [ -75.100944, 40.798832 ], [ -75.101031, 40.798738 ], [ -75.10111, 40.798662 ], [ -75.101297, 40.798481 ], [ -75.101581, 40.798128 ], [ -75.101595, 40.798113 ], [ -75.101738, 40.797964 ], [ -75.101905, 40.797811 ], [ -75.10223, 40.797534 ], [ -75.102651, 40.797193 ], [ -75.103167, 40.796762 ], [ -75.103442, 40.796549 ], [ -75.103589, 40.796435 ], [ -75.103765, 40.796288 ], [ -75.103916, 40.796135 ], [ -75.104183, 40.795803 ], [ -75.104309, 40.795668 ], [ -75.104309, 40.795667 ], [ -75.104452, 40.795542 ], [ -75.10458, 40.795445 ], [ -75.104755, 40.795311 ], [ -75.104763, 40.795306 ], [ -75.104889, 40.795202 ], [ -75.105013, 40.795085 ], [ -75.105279, 40.794816 ], [ -75.105401, 40.794705 ], [ -75.10559, 40.794558 ], [ -75.106031, 40.794254 ], [ -75.106447, 40.79394 ], [ -75.106494, 40.793902 ], [ -75.106606, 40.793821 ], [ -75.10662, 40.793811 ], [ -75.106713, 40.793737 ], [ -75.106815, 40.793649 ], [ -75.10691, 40.793558 ], [ -75.106995, 40.79347 ], [ -75.107077, 40.793376 ], [ -75.107155, 40.793276 ], [ -75.107231, 40.793171 ], [ -75.107334, 40.79301 ], [ -75.107398, 40.792891 ], [ -75.107448, 40.792779 ], [ -75.10757, 40.792478 ], [ -75.107701, 40.792194 ], [ -75.107761, 40.792071 ], [ -75.107808, 40.791988 ], [ -75.107854, 40.791914 ], [ -75.107999, 40.791721 ], [ -75.108051, 40.791642 ], [ -75.108098, 40.79155 ], [ -75.108194, 40.791329 ], [ -75.108275, 40.791179 ], [ -75.108306, 40.791129 ], [ -75.108348, 40.791069 ], [ -75.108383, 40.791024 ], [ -75.108415, 40.790987 ], [ -75.108446, 40.790957 ], [ -75.108485, 40.790926 ], [ -75.108526, 40.790896 ], [ -75.108571, 40.790868 ], [ -75.108625, 40.790839 ], [ -75.10868, 40.790814 ], [ -75.108739, 40.790792 ], [ -75.108787, 40.790779 ], [ -75.108825, 40.790773 ], [ -75.108868, 40.79077 ], [ -75.109027, 40.790769 ], [ -75.109089, 40.790766 ], [ -75.109147, 40.790756 ], [ -75.109203, 40.790737 ], [ -75.109367, 40.790656 ], [ -75.1096, 40.790566 ], [ -75.109743, 40.790503 ], [ -75.1099, 40.790424 ], [ -75.110037, 40.790337 ], [ -75.110089, 40.790308 ], [ -75.110129, 40.79029 ], [ -75.110229, 40.790256 ], [ -75.110272, 40.790237 ], [ -75.110304, 40.790219 ], [ -75.110336, 40.790196 ], [ -75.110445, 40.790104 ], [ -75.110493, 40.790069 ], [ -75.110601, 40.790005 ], [ -75.110721, 40.789943 ], [ -75.110857, 40.789883 ], [ -75.111005, 40.789825 ], [ -75.111152, 40.789775 ], [ -75.111224, 40.789755 ], [ -75.11129, 40.789737 ], [ -75.111384, 40.789715 ], [ -75.111473, 40.789699 ], [ -75.111516, 40.789694 ], [ -75.111565, 40.789688 ], [ -75.111671, 40.78968 ], [ -75.111978, 40.789667 ], [ -75.112369, 40.789668 ], [ -75.112447, 40.789665 ], [ -75.112542, 40.789658 ], [ -75.112706, 40.78964 ], [ -75.113004, 40.789602 ], [ -75.113421, 40.789533 ], [ -75.113585, 40.78951 ], [ -75.113688, 40.789501 ], [ -75.113824, 40.789493 ], [ -75.113952, 40.789488 ], [ -75.11408, 40.789487 ], [ -75.114107, 40.789486 ], [ -75.115221, 40.789466 ], [ -75.115663, 40.789445 ], [ -75.115864, 40.789425 ], [ -75.116014, 40.789399 ], [ -75.116182, 40.789362 ], [ -75.116622, 40.789244 ], [ -75.116863, 40.789162 ], [ -75.117447, 40.788944 ], [ -75.117855, 40.788809 ], [ -75.118117, 40.788722 ], [ -75.118359, 40.788628 ], [ -75.118656, 40.788502 ], [ -75.118898, 40.788391 ], [ -75.11929, 40.788211 ], [ -75.119788, 40.788033 ], [ -75.119999, 40.787946 ], [ -75.120444, 40.78774 ], [ -75.120958, 40.787481 ], [ -75.121079, 40.787429 ], [ -75.121393, 40.78731 ], [ -75.121555, 40.787231 ], [ -75.121994, 40.786942 ], [ -75.122615, 40.786608 ], [ -75.122684, 40.786567 ], [ -75.122746, 40.786531 ], [ -75.122875, 40.786445 ], [ -75.122962, 40.786381 ], [ -75.123115, 40.78627 ], [ -75.123674, 40.785843 ], [ -75.123784, 40.785755 ], [ -75.123946, 40.785626 ], [ -75.123983, 40.785595 ], [ -75.124376, 40.785267 ], [ -75.124549, 40.785132 ], [ -75.124596, 40.7851 ], [ -75.124756, 40.784989 ], [ -75.125225, 40.784693 ], [ -75.125401, 40.78457 ], [ -75.125517, 40.784478 ], [ -75.125543, 40.784457 ], [ -75.125664, 40.784341 ], [ -75.125984, 40.783985 ], [ -75.126361, 40.783612 ], [ -75.126568, 40.783362 ], [ -75.126726, 40.783137 ], [ -75.126866, 40.782881 ], [ -75.126928, 40.782783 ], [ -75.127011, 40.782681 ], [ -75.127171, 40.78251 ], [ -75.127242, 40.782432 ], [ -75.127371, 40.782254 ], [ -75.127473, 40.782083 ], [ -75.127668, 40.781714 ], [ -75.127795, 40.781486 ], [ -75.127909, 40.781282 ], [ -75.128025, 40.781093 ], [ -75.128131, 40.780959 ], [ -75.128342, 40.780754 ], [ -75.12842, 40.780666 ], [ -75.128477, 40.780584 ], [ -75.128589, 40.780389 ], [ -75.128647, 40.780301 ], [ -75.128982, 40.779889 ], [ -75.129194, 40.779589 ], [ -75.129487, 40.779122 ], [ -75.129893, 40.77842 ], [ -75.130134, 40.777942 ], [ -75.130554, 40.777039 ], [ -75.130662, 40.776846 ], [ -75.130924, 40.776378 ], [ -75.131061, 40.776104 ], [ -75.131121, 40.775984 ], [ -75.131187, 40.775876 ], [ -75.131272, 40.775764 ], [ -75.13143, 40.775587 ], [ -75.131437, 40.77558 ], [ -75.131766, 40.775249 ], [ -75.13197, 40.775052 ], [ -75.132154, 40.774885 ], [ -75.13245, 40.774649 ], [ -75.133119, 40.774169 ], [ -75.133394, 40.773989 ], [ -75.133401, 40.773986 ], [ -75.133515, 40.773923 ], [ -75.13365, 40.773857 ], [ -75.13381, 40.773787 ], [ -75.133981, 40.773721 ], [ -75.134348, 40.773601 ], [ -75.134641, 40.773521 ], [ -75.134836, 40.773475 ], [ -75.135011, 40.773444 ], [ -75.135169, 40.773429 ], [ -75.135356, 40.773431 ], [ -75.135768, 40.773462 ], [ -75.136361, 40.773478 ], [ -75.136621, 40.773492 ], [ -75.136971, 40.773527 ], [ -75.137807, 40.773633 ], [ -75.137891, 40.773644 ], [ -75.13814, 40.773665 ], [ -75.138153, 40.773666 ], [ -75.138963, 40.773719 ], [ -75.139386, 40.773768 ], [ -75.139614, 40.7738 ], [ -75.139656, 40.773805 ], [ -75.139843, 40.773827 ], [ -75.140071, 40.773849 ], [ -75.140301, 40.773866 ], [ -75.140615, 40.773881 ], [ -75.14113, 40.773884 ], [ -75.141591, 40.773897 ], [ -75.14175, 40.773905 ], [ -75.141863, 40.773912 ], [ -75.141894, 40.773915 ], [ -75.142031, 40.773927 ], [ -75.142174, 40.773943 ], [ -75.142401, 40.773975 ], [ -75.142663, 40.774017 ], [ -75.143465, 40.774158 ], [ -75.143497, 40.774163 ], [ -75.144168, 40.774284 ], [ -75.144346, 40.774311 ], [ -75.144434, 40.774322 ], [ -75.144705, 40.774356 ], [ -75.144847, 40.774378 ], [ -75.145006, 40.774411 ], [ -75.145362, 40.774495 ], [ -75.145536, 40.774528 ], [ -75.145795, 40.774567 ], [ -75.146096, 40.774602 ], [ -75.146287, 40.774619 ], [ -75.146499, 40.774634 ], [ -75.147205, 40.774671 ], [ -75.147331, 40.774676 ], [ -75.147452, 40.774676 ], [ -75.147563, 40.77467 ], [ -75.1477, 40.774657 ], [ -75.147958, 40.774629 ], [ -75.148125, 40.774622 ], [ -75.148375, 40.774616 ], [ -75.148579, 40.77462 ], [ -75.148744, 40.774632 ], [ -75.148821, 40.774638 ], [ -75.148986, 40.774656 ], [ -75.149495, 40.774731 ], [ -75.149687, 40.774754 ], [ -75.149878, 40.774767 ], [ -75.150415, 40.774785 ], [ -75.150708, 40.774811 ], [ -75.150902, 40.774836 ], [ -75.150912, 40.774837 ], [ -75.151156, 40.774883 ], [ -75.151267, 40.774908 ], [ -75.151552, 40.774974 ], [ -75.151862, 40.775054 ], [ -75.152157, 40.775141 ], [ -75.152431, 40.775232 ], [ -75.152892, 40.775395 ], [ -75.153599, 40.775645 ], [ -75.153663, 40.775667 ], [ -75.153676, 40.775671 ], [ -75.154022, 40.775785 ], [ -75.154572, 40.775954 ], [ -75.155243, 40.776193 ], [ -75.155752, 40.776366 ], [ -75.156415, 40.77657 ], [ -75.156427, 40.776574 ], [ -75.156532, 40.776613 ], [ -75.156612, 40.776652 ], [ -75.156646, 40.77667 ], [ -75.156668, 40.776685 ], [ -75.156775, 40.776757 ], [ -75.156815, 40.776778 ], [ -75.156869, 40.776803 ], [ -75.156958, 40.776838 ], [ -75.157041, 40.776865 ], [ -75.157158, 40.776894 ], [ -75.157678, 40.777026 ], [ -75.158338, 40.77716 ], [ -75.159072, 40.777357 ], [ -75.159371, 40.777424 ], [ -75.160767, 40.777665 ], [ -75.160959, 40.777692 ], [ -75.16179, 40.777808 ], [ -75.162421, 40.777943 ], [ -75.162947, 40.778021 ], [ -75.163128, 40.778054 ], [ -75.163728, 40.778201 ], [ -75.16429, 40.778324 ], [ -75.164619, 40.778377 ], [ -75.164988, 40.778419 ], [ -75.165393, 40.77845 ], [ -75.16582, 40.778472 ], [ -75.166236, 40.778481 ], [ -75.166884, 40.778484 ], [ -75.167257, 40.778477 ], [ -75.167726, 40.778457 ], [ -75.167784, 40.778452 ], [ -75.167981, 40.778435 ], [ -75.168193, 40.778404 ], [ -75.16822, 40.778399 ], [ -75.168684, 40.778302 ], [ -75.169235, 40.778207 ], [ -75.169512, 40.778144 ], [ -75.170578, 40.777848 ], [ -75.171301, 40.777622 ], [ -75.171537, 40.777536 ], [ -75.17172, 40.777443 ], [ -75.171947, 40.777294 ], [ -75.172186, 40.777106 ], [ -75.172388, 40.776919 ], [ -75.172546, 40.776751 ], [ -75.17264, 40.776628 ], [ -75.172761, 40.776412 ], [ -75.172823, 40.776323 ], [ -75.1731, 40.77601 ], [ -75.173179, 40.775915 ], [ -75.173263, 40.775824 ], [ -75.173355, 40.775736 ], [ -75.173448, 40.775655 ], [ -75.173655, 40.775494 ], [ -75.173725, 40.775444 ], [ -75.173788, 40.775409 ], [ -75.173823, 40.775393 ], [ -75.173952, 40.775333 ], [ -75.173992, 40.775311 ], [ -75.174036, 40.77528 ], [ -75.174088, 40.775239 ], [ -75.174138, 40.775193 ], [ -75.174186, 40.775143 ], [ -75.174232, 40.775086 ], [ -75.174294, 40.774997 ], [ -75.17436, 40.77489 ], [ -75.174488, 40.774658 ], [ -75.174567, 40.774521 ], [ -75.174675, 40.774315 ], [ -75.174726, 40.774225 ], [ -75.174791, 40.77413 ], [ -75.174952, 40.773911 ], [ -75.175021, 40.773803 ], [ -75.175048, 40.77375 ], [ -75.17507, 40.773697 ], [ -75.175133, 40.773507 ], [ -75.17516, 40.773435 ], [ -75.175221, 40.773308 ], [ -75.175292, 40.773179 ], [ -75.175329, 40.77312 ], [ -75.175369, 40.773063 ], [ -75.175513, 40.772882 ], [ -75.17556, 40.772821 ], [ -75.175597, 40.772765 ], [ -75.17563, 40.772706 ], [ -75.175691, 40.772585 ], [ -75.17574, 40.77247 ], [ -75.175777, 40.77236 ], [ -75.175804, 40.772254 ], [ -75.175819, 40.772163 ], [ -75.175825, 40.772076 ], [ -75.175823, 40.772022 ], [ -75.175808, 40.771883 ], [ -75.175808, 40.771841 ], [ -75.17581, 40.771823 ], [ -75.175813, 40.771796 ], [ -75.175832, 40.77171 ], [ -75.175854, 40.771641 ], [ -75.17589, 40.771526 ], [ -75.17591, 40.771445 ], [ -75.175933, 40.771308 ], [ -75.17594, 40.771255 ], [ -75.175968, 40.771021 ], [ -75.175986, 40.770899 ], [ -75.17601, 40.770788 ], [ -75.176058, 40.770612 ], [ -75.176089, 40.770522 ], [ -75.176121, 40.770448 ], [ -75.176155, 40.770385 ], [ -75.176242, 40.77024 ], [ -75.17628, 40.770166 ], [ -75.176311, 40.770086 ], [ -75.17638, 40.769888 ], [ -75.17643, 40.769775 ], [ -75.17648, 40.769679 ], [ -75.176533, 40.769585 ], [ -75.176591, 40.769491 ], [ -75.176601, 40.769477 ], [ -75.176654, 40.7694 ], [ -75.176691, 40.769339 ], [ -75.176761, 40.769218 ], [ -75.176809, 40.769129 ], [ -75.176838, 40.769064 ], [ -75.176858, 40.769007 ], [ -75.176872, 40.768954 ], [ -75.176879, 40.768904 ], [ -75.176884, 40.768846 ], [ -75.176888, 40.768748 ], [ -75.176894, 40.768556 ], [ -75.176895, 40.768461 ], [ -75.176892, 40.76832 ], [ -75.17689, 40.768217 ], [ -75.176874, 40.767805 ], [ -75.17687, 40.767579 ], [ -75.176873, 40.767414 ], [ -75.17688, 40.767226 ], [ -75.176886, 40.76709 ], [ -75.176894, 40.766984 ], [ -75.176906, 40.766858 ], [ -75.176923, 40.766712 ], [ -75.176942, 40.766572 ], [ -75.17696, 40.766457 ], [ -75.176963, 40.766441 ], [ -75.17699, 40.766296 ], [ -75.17701, 40.766202 ], [ -75.177063, 40.765971 ], [ -75.177086, 40.76585 ], [ -75.177106, 40.765723 ], [ -75.177116, 40.765643 ], [ -75.177136, 40.765461 ], [ -75.177149, 40.765374 ], [ -75.177153, 40.765349 ], [ -75.177167, 40.765269 ], [ -75.177179, 40.765204 ], [ -75.177203, 40.765103 ], [ -75.177233, 40.765011 ], [ -75.177251, 40.764959 ], [ -75.177291, 40.764849 ], [ -75.177324, 40.764768 ], [ -75.177398, 40.764596 ], [ -75.177429, 40.76452 ], [ -75.177478, 40.764396 ], [ -75.177524, 40.764257 ], [ -75.177622, 40.763942 ], [ -75.177671, 40.763799 ], [ -75.177716, 40.763683 ], [ -75.177772, 40.763545 ], [ -75.177829, 40.763409 ], [ -75.177879, 40.7633 ], [ -75.177954, 40.763147 ], [ -75.178035, 40.762995 ], [ -75.178117, 40.762852 ], [ -75.178201, 40.762719 ], [ -75.178279, 40.762602 ], [ -75.178349, 40.762508 ], [ -75.178391, 40.762456 ], [ -75.17843, 40.76241 ], [ -75.178509, 40.762325 ], [ -75.178602, 40.762235 ], [ -75.178735, 40.762117 ], [ -75.179017, 40.761879 ], [ -75.179019, 40.761877 ], [ -75.179227, 40.761691 ], [ -75.179303, 40.761625 ], [ -75.179417, 40.76153 ], [ -75.179498, 40.761466 ], [ -75.179588, 40.761402 ], [ -75.179715, 40.761321 ], [ -75.179785, 40.761279 ], [ -75.179951, 40.761187 ], [ -75.180024, 40.761145 ], [ -75.180038, 40.761136 ], [ -75.180142, 40.761072 ], [ -75.180216, 40.761023 ], [ -75.180292, 40.760969 ], [ -75.180389, 40.760893 ], [ -75.180444, 40.760849 ], [ -75.180606, 40.760712 ], [ -75.180695, 40.760642 ], [ -75.180869, 40.760511 ], [ -75.181038, 40.760391 ], [ -75.181215, 40.760271 ], [ -75.181421, 40.760138 ], [ -75.181667, 40.75998 ], [ -75.18186, 40.75986 ], [ -75.181997, 40.759777 ], [ -75.182159, 40.759684 ], [ -75.1823, 40.759609 ], [ -75.182303, 40.759608 ], [ -75.182527, 40.759493 ], [ -75.182804, 40.759357 ], [ -75.183066, 40.759233 ], [ -75.183377, 40.75909 ], [ -75.183445, 40.759059 ], [ -75.18387, 40.758866 ], [ -75.184192, 40.758723 ], [ -75.18447, 40.758602 ], [ -75.184766, 40.758479 ], [ -75.185061, 40.758363 ], [ -75.185352, 40.758255 ], [ -75.185669, 40.758142 ], [ -75.185895, 40.758066 ], [ -75.186096, 40.758004 ], [ -75.186316, 40.757941 ], [ -75.186512, 40.75789 ], [ -75.186731, 40.757841 ], [ -75.186892, 40.757808 ], [ -75.187052, 40.757777 ], [ -75.187501, 40.7577 ], [ -75.187653, 40.757671 ], [ -75.18776, 40.757649 ], [ -75.18785, 40.757627 ], [ -75.187931, 40.757606 ], [ -75.188015, 40.757582 ], [ -75.188206, 40.757521 ], [ -75.188319, 40.757482 ], [ -75.188456, 40.757433 ], [ -75.188636, 40.757368 ], [ -75.18895, 40.757253 ], [ -75.189242, 40.757144 ], [ -75.189516, 40.757039 ], [ -75.189777, 40.756937 ], [ -75.190126, 40.756795 ], [ -75.190274, 40.756733 ], [ -75.190388, 40.756682 ], [ -75.190631, 40.756568 ], [ -75.19079, 40.756491 ], [ -75.190969, 40.756401 ], [ -75.191275, 40.756241 ], [ -75.191605, 40.756061 ], [ -75.191942, 40.755872 ], [ -75.192219, 40.755711 ], [ -75.192381, 40.755614 ], [ -75.192384, 40.755612 ], [ -75.192485, 40.755546 ], [ -75.192602, 40.755466 ], [ -75.192707, 40.755391 ], [ -75.192818, 40.755307 ], [ -75.192926, 40.755223 ], [ -75.193041, 40.75513 ], [ -75.193146, 40.755042 ], [ -75.193257, 40.754946 ], [ -75.193416, 40.754802 ], [ -75.193495, 40.754728 ], [ -75.193553, 40.754671 ], [ -75.193639, 40.754582 ], [ -75.193688, 40.75453 ], [ -75.193808, 40.754398 ], [ -75.193872, 40.75433 ], [ -75.193982, 40.75422 ], [ -75.194088, 40.754119 ], [ -75.194146, 40.754066 ], [ -75.194146, 40.754065 ], [ -75.19427, 40.753956 ], [ -75.194375, 40.753866 ], [ -75.194455, 40.753799 ], [ -75.194551, 40.753723 ], [ -75.19474, 40.753584 ], [ -75.194799, 40.753539 ], [ -75.194801, 40.753537 ], [ -75.1949, 40.753457 ], [ -75.194983, 40.753386 ], [ -75.195056, 40.753319 ], [ -75.195164, 40.753214 ], [ -75.195308, 40.75307 ], [ -75.195458, 40.752914 ], [ -75.195529, 40.752837 ], [ -75.195579, 40.752781 ], [ -75.195621, 40.75273 ], [ -75.195666, 40.75267 ], [ -75.195715, 40.752601 ], [ -75.195778, 40.752503 ], [ -75.195818, 40.752438 ], [ -75.195912, 40.752277 ], [ -75.195964, 40.752195 ], [ -75.19603, 40.752101 ], [ -75.196177, 40.751902 ], [ -75.196224, 40.751837 ], [ -75.196311, 40.751707 ], [ -75.196368, 40.751613 ], [ -75.196422, 40.751514 ], [ -75.19648, 40.7514 ], [ -75.19653, 40.751292 ], [ -75.196572, 40.751192 ], [ -75.196609, 40.751096 ], [ -75.19664, 40.751004 ], [ -75.196669, 40.750903 ], [ -75.196691, 40.750812 ], [ -75.196726, 40.750649 ], [ -75.196762, 40.75044 ], [ -75.196763, 40.750435 ], [ -75.196789, 40.750256 ], [ -75.196813, 40.750069 ], [ -75.196832, 40.749897 ], [ -75.196839, 40.749792 ], [ -75.196842, 40.749662 ], [ -75.196838, 40.749524 ], [ -75.196827, 40.749386 ], [ -75.196805, 40.749205 ], [ -75.196783, 40.74905 ], [ -75.196755, 40.7489 ], [ -75.196729, 40.748769 ], [ -75.196698, 40.748629 ], [ -75.196661, 40.748476 ], [ -75.196613, 40.74829 ], [ -75.196576, 40.748147 ], [ -75.196538, 40.748023 ], [ -75.196489, 40.747885 ], [ -75.196437, 40.747752 ], [ -75.196382, 40.747626 ], [ -75.196318, 40.747491 ], [ -75.196254, 40.747364 ], [ -75.196187, 40.74724 ], [ -75.196148, 40.747172 ], [ -75.196019, 40.746958 ], [ -75.19596, 40.746851 ], [ -75.195909, 40.746747 ], [ -75.19579, 40.746489 ], [ -75.19574, 40.746389 ], [ -75.195689, 40.746294 ], [ -75.195632, 40.746191 ], [ -75.195556, 40.746063 ], [ -75.195481, 40.745938 ], [ -75.195407, 40.745821 ], [ -75.195354, 40.745741 ], [ -75.195219, 40.745548 ], [ -75.195159, 40.745459 ], [ -75.195074, 40.745324 ], [ -75.195011, 40.745213 ], [ -75.194946, 40.745089 ], [ -75.194912, 40.745019 ], [ -75.19484, 40.744862 ], [ -75.194806, 40.744792 ], [ -75.194747, 40.744677 ], [ -75.194698, 40.74459 ], [ -75.194655, 40.744519 ], [ -75.194606, 40.744448 ], [ -75.194559, 40.744384 ], [ -75.19451, 40.744326 ], [ -75.194435, 40.744243 ], [ -75.194344, 40.744151 ], [ -75.194247, 40.744056 ], [ -75.194194, 40.744002 ], [ -75.194128, 40.74393 ], [ -75.193974, 40.743756 ], [ -75.193903, 40.743678 ], [ -75.193791, 40.743562 ], [ -75.193692, 40.743463 ], [ -75.193626, 40.7434 ], [ -75.193547, 40.743326 ], [ -75.193364, 40.743162 ], [ -75.193193, 40.74301 ], [ -75.193073, 40.742906 ], [ -75.192971, 40.742821 ], [ -75.1929, 40.742763 ], [ -75.192761, 40.742658 ], [ -75.19255, 40.742507 ], [ -75.192415, 40.742414 ], [ -75.192227, 40.742286 ], [ -75.19196, 40.742108 ], [ -75.191717, 40.741949 ], [ -75.191488, 40.741802 ], [ -75.191268, 40.741666 ], [ -75.19084, 40.741411 ], [ -75.190704, 40.741326 ], [ -75.190611, 40.741264 ], [ -75.190493, 40.741183 ], [ -75.190377, 40.7411 ], [ -75.190264, 40.741018 ], [ -75.190165, 40.740943 ], [ -75.19004, 40.740845 ], [ -75.189899, 40.740732 ], [ -75.189735, 40.740598 ], [ -75.189613, 40.740496 ], [ -75.18933, 40.740251 ], [ -75.1892, 40.740141 ], [ -75.188987, 40.739967 ], [ -75.188869, 40.739874 ], [ -75.188737, 40.739777 ], [ -75.188629, 40.739701 ], [ -75.188526, 40.739631 ], [ -75.188402, 40.739548 ], [ -75.188116, 40.739365 ], [ -75.187988, 40.739279 ], [ -75.187874, 40.739198 ], [ -75.187783, 40.739132 ], [ -75.187648, 40.73903 ], [ -75.187554, 40.738952 ], [ -75.187403, 40.738823 ], [ -75.1873, 40.738732 ], [ -75.187126, 40.738576 ], [ -75.186979, 40.738446 ], [ -75.186858, 40.738345 ], [ -75.18658, 40.73812 ], [ -75.186457, 40.738015 ], [ -75.186281, 40.737859 ], [ -75.18611, 40.737701 ], [ -75.185981, 40.737576 ], [ -75.185822, 40.737417 ], [ -75.185683, 40.737275 ], [ -75.185548, 40.737135 ], [ -75.185411, 40.736989 ], [ -75.185245, 40.736807 ], [ -75.18512, 40.736669 ], [ -75.184954, 40.736482 ], [ -75.184813, 40.73632 ], [ -75.184668, 40.736149 ], [ -75.184389, 40.735812 ], [ -75.184212, 40.735595 ], [ -75.184052, 40.735394 ], [ -75.1839, 40.7352 ], [ -75.183767, 40.735027 ], [ -75.183638, 40.734858 ], [ -75.183533, 40.734716 ], [ -75.183342, 40.734448 ], [ -75.183236, 40.734294 ], [ -75.183134, 40.734142 ], [ -75.183045, 40.734005 ], [ -75.182962, 40.733875 ], [ -75.182946, 40.73385 ], [ -75.182891, 40.73376 ], [ -75.18278, 40.733576 ], [ -75.182654, 40.733353 ], [ -75.182556, 40.73317 ], [ -75.182484, 40.73303 ], [ -75.182423, 40.732902 ], [ -75.182381, 40.732808 ], [ -75.182352, 40.732733 ], [ -75.182328, 40.732668 ], [ -75.182305, 40.732599 ], [ -75.182285, 40.732528 ], [ -75.182255, 40.732401 ], [ -75.182254, 40.732398 ], [ -75.182238, 40.732316 ], [ -75.18222, 40.732212 ], [ -75.182188, 40.732007 ], [ -75.182163, 40.731815 ], [ -75.182132, 40.731557 ], [ -75.182105, 40.731316 ], [ -75.182091, 40.731166 ], [ -75.18209, 40.731159 ], [ -75.182077, 40.730988 ], [ -75.182075, 40.730929 ], [ -75.182074, 40.730875 ], [ -75.182076, 40.730811 ], [ -75.182082, 40.730742 ], [ -75.182089, 40.730705 ], [ -75.182096, 40.730669 ], [ -75.182107, 40.730631 ], [ -75.18212, 40.730589 ], [ -75.182148, 40.730517 ], [ -75.18219, 40.730428 ], [ -75.182239, 40.730342 ], [ -75.182293, 40.730251 ], [ -75.182368, 40.73013 ], [ -75.182373, 40.730122 ], [ -75.182466, 40.729977 ], [ -75.182564, 40.729831 ], [ -75.182677, 40.72967 ], [ -75.182778, 40.729534 ], [ -75.182813, 40.729488 ], [ -75.182888, 40.729392 ], [ -75.182984, 40.729276 ], [ -75.183094, 40.729154 ], [ -75.183236, 40.729007 ], [ -75.183326, 40.72892 ], [ -75.183525, 40.728738 ], [ -75.183611, 40.728657 ], [ -75.183738, 40.728531 ], [ -75.183865, 40.7284 ], [ -75.183986, 40.728269 ], [ -75.184268, 40.727954 ], [ -75.184406, 40.727804 ], [ -75.184737, 40.727453 ], [ -75.184897, 40.727279 ], [ -75.185024, 40.727138 ], [ -75.185102, 40.727048 ], [ -75.185127, 40.727019 ], [ -75.185263, 40.726851 ], [ -75.185392, 40.726683 ], [ -75.185517, 40.726509 ], [ -75.185635, 40.726334 ], [ -75.185746, 40.726159 ], [ -75.185851, 40.725982 ], [ -75.185865, 40.725958 ], [ -75.185951, 40.725802 ], [ -75.186043, 40.72562 ], [ -75.186121, 40.725457 ], [ -75.18613, 40.725437 ], [ -75.186168, 40.725365 ], [ -75.186195, 40.725294 ], [ -75.186212, 40.725222 ], [ -75.186218, 40.725151 ], [ -75.186215, 40.725112 ], [ -75.186206, 40.725069 ], [ -75.186159, 40.724933 ], [ -75.186151, 40.724903 ], [ -75.186143, 40.724871 ], [ -75.186142, 40.724801 ], [ -75.186146, 40.724735 ], [ -75.186155, 40.724666 ], [ -75.18617, 40.724563 ], [ -75.18618, 40.724446 ], [ -75.18618, 40.724446 ], [ -75.186196, 40.724304 ], [ -75.186202, 40.724206 ], [ -75.186204, 40.724109 ], [ -75.186206, 40.724075 ], [ -75.186217, 40.724044 ], [ -75.186235, 40.724002 ], [ -75.186255, 40.723965 ], [ -75.186259, 40.723957 ], [ -75.186367, 40.723786 ], [ -75.186406, 40.723714 ], [ -75.186423, 40.723675 ], [ -75.186434, 40.723638 ], [ -75.186441, 40.723603 ], [ -75.186443, 40.723569 ], [ -75.186438, 40.723521 ], [ -75.186423, 40.723466 ], [ -75.186402, 40.723413 ], [ -75.186329, 40.723252 ], [ -75.18628, 40.723106 ], [ -75.186252, 40.723021 ], [ -75.186196, 40.722827 ], [ -75.186157, 40.722657 ], [ -75.186125, 40.722455 ], [ -75.186107, 40.722251 ], [ -75.186105, 40.722148 ], [ -75.186103, 40.722047 ], [ -75.186112, 40.721841 ], [ -75.186113, 40.72163 ], [ -75.186126, 40.7214 ], [ -75.186147, 40.721261 ], [ -75.186217, 40.72096 ], [ -75.186235, 40.720646 ], [ -75.18626, 40.720512 ], [ -75.1863, 40.720394 ], [ -75.186423, 40.720107 ], [ -75.186536, 40.719807 ], [ -75.18658, 40.719711 ], [ -75.186627, 40.719629 ], [ -75.18671, 40.719518 ], [ -75.186827, 40.719399 ], [ -75.187129, 40.719136 ], [ -75.187349, 40.718928 ], [ -75.18739, 40.718895 ], [ -75.187419, 40.718872 ], [ -75.187487, 40.718829 ], [ -75.18757, 40.718787 ], [ -75.187668, 40.718747 ], [ -75.1877, 40.718736 ], [ -75.188076, 40.718613 ], [ -75.188242, 40.718546 ], [ -75.188351, 40.718487 ], [ -75.188618, 40.718311 ], [ -75.188736, 40.718245 ], [ -75.188756, 40.718234 ], [ -75.188923, 40.718157 ], [ -75.188968, 40.718138 ], [ -75.189318, 40.717992 ], [ -75.189663, 40.717831 ], [ -75.189863, 40.717735 ], [ -75.190487, 40.717434 ], [ -75.19055, 40.717404 ], [ -75.190688, 40.71733 ], [ -75.190802, 40.717258 ], [ -75.190953, 40.717144 ], [ -75.191087, 40.717039 ], [ -75.191404, 40.71679 ], [ -75.191661, 40.716589 ], [ -75.191801, 40.716476 ], [ -75.191918, 40.716357 ], [ -75.192067, 40.71616 ], [ -75.192104, 40.716112 ], [ -75.192191, 40.716013 ], [ -75.192344, 40.715871 ], [ -75.192402, 40.715823 ], [ -75.192656, 40.715613 ], [ -75.192881, 40.715441 ], [ -75.193122, 40.715308 ], [ -75.193203, 40.715255 ], [ -75.193267, 40.715196 ], [ -75.193392, 40.715033 ], [ -75.193427, 40.714999 ], [ -75.193463, 40.714964 ], [ -75.193538, 40.71491 ], [ -75.193748, 40.714781 ], [ -75.194134, 40.714523 ], [ -75.194276, 40.714412 ], [ -75.194383, 40.714306 ], [ -75.194465, 40.714204 ], [ -75.194546, 40.714081 ], [ -75.194681, 40.713845 ], [ -75.194761, 40.71369 ], [ -75.194852, 40.713482 ], [ -75.194995, 40.713068 ], [ -75.195104, 40.712848 ], [ -75.195143, 40.712769 ], [ -75.19519, 40.712643 ], [ -75.195208, 40.71254 ], [ -75.19522, 40.712309 ], [ -75.195258, 40.712123 ], [ -75.195265, 40.712045 ], [ -75.195258, 40.711984 ], [ -75.195235, 40.711905 ], [ -75.195217, 40.71184 ], [ -75.195189, 40.71169 ], [ -75.195176, 40.711563 ], [ -75.195177, 40.71145 ], [ -75.19519, 40.711334 ], [ -75.195214, 40.71122 ], [ -75.195248, 40.711108 ], [ -75.195293, 40.711002 ], [ -75.195363, 40.710892 ], [ -75.195457, 40.710781 ], [ -75.195555, 40.710667 ], [ -75.195627, 40.710564 ], [ -75.195675, 40.710464 ], [ -75.195706, 40.71037 ], [ -75.195761, 40.710205 ], [ -75.195814, 40.71009 ], [ -75.196022, 40.709766 ], [ -75.196244, 40.709381 ], [ -75.196335, 40.709253 ], [ -75.196472, 40.70906 ], [ -75.196554, 40.708932 ], [ -75.196785, 40.708482 ], [ -75.196841, 40.70836 ], [ -75.196914, 40.708204 ], [ -75.196979, 40.708089 ], [ -75.197065, 40.707972 ], [ -75.197313, 40.707677 ], [ -75.197748, 40.707107 ], [ -75.197993, 40.706809 ], [ -75.198133, 40.706613 ], [ -75.198282, 40.706397 ], [ -75.198422, 40.706178 ], [ -75.19853, 40.705994 ], [ -75.198571, 40.705923 ], [ -75.198626, 40.705822 ], [ -75.198673, 40.705727 ], [ -75.198735, 40.705589 ], [ -75.198743, 40.70557 ], [ -75.198781, 40.705472 ], [ -75.198806, 40.705393 ], [ -75.198856, 40.705201 ], [ -75.198889, 40.705105 ], [ -75.198935, 40.705002 ], [ -75.199003, 40.704869 ], [ -75.199057, 40.704763 ], [ -75.199109, 40.70465 ], [ -75.199206, 40.704409 ], [ -75.199309, 40.704128 ], [ -75.199396, 40.703862 ], [ -75.199439, 40.703713 ], [ -75.199472, 40.703589 ], [ -75.199506, 40.703442 ], [ -75.199529, 40.70332 ], [ -75.199539, 40.703217 ], [ -75.199549, 40.703124 ], [ -75.19956, 40.703055 ], [ -75.199577, 40.702993 ], [ -75.199625, 40.702862 ], [ -75.199643, 40.702803 ], [ -75.199659, 40.702733 ], [ -75.199695, 40.702538 ], [ -75.19975, 40.702327 ], [ -75.199807, 40.702151 ], [ -75.199894, 40.701915 ], [ -75.199935, 40.701816 ], [ -75.200048, 40.70156 ], [ -75.200102, 40.701415 ], [ -75.200127, 40.701327 ], [ -75.200208, 40.701004 ], [ -75.200321, 40.700603 ], [ -75.200462, 40.700129 ], [ -75.200591, 40.69973 ], [ -75.200599, 40.699706 ], [ -75.200643, 40.699557 ], [ -75.200677, 40.699421 ], [ -75.200744, 40.699117 ], [ -75.20078, 40.698984 ], [ -75.200818, 40.698862 ], [ -75.200866, 40.698724 ], [ -75.200956, 40.698478 ], [ -75.201006, 40.69835 ], [ -75.201045, 40.698262 ], [ -75.201088, 40.698177 ], [ -75.201142, 40.698079 ], [ -75.201208, 40.69797 ], [ -75.201288, 40.697852 ], [ -75.201474, 40.697606 ], [ -75.201551, 40.697497 ], [ -75.201609, 40.697402 ], [ -75.201731, 40.697178 ], [ -75.201732, 40.697176 ], [ -75.20183, 40.697025 ], [ -75.201926, 40.6969 ], [ -75.202096, 40.696705 ], [ -75.202352, 40.696432 ], [ -75.202367, 40.696416 ], [ -75.20247, 40.6963 ], [ -75.202577, 40.696173 ], [ -75.202676, 40.696046 ], [ -75.20272, 40.695985 ], [ -75.20287, 40.69578 ], [ -75.203032, 40.695542 ], [ -75.203187, 40.695292 ], [ -75.203312, 40.695068 ], [ -75.203444, 40.694803 ], [ -75.203567, 40.694523 ], [ -75.203709, 40.694166 ], [ -75.203749, 40.694052 ], [ -75.203791, 40.693919 ], [ -75.203839, 40.693742 ], [ -75.203879, 40.693555 ], [ -75.203896, 40.693446 ], [ -75.203925, 40.693206 ], [ -75.203945, 40.693093 ], [ -75.203948, 40.693074 ], [ -75.203976, 40.692948 ], [ -75.204047, 40.692656 ], [ -75.204077, 40.692515 ], [ -75.204118, 40.692243 ], [ -75.204129, 40.692131 ], [ -75.204136, 40.692015 ], [ -75.204138, 40.691946 ], [ -75.204139, 40.691833 ], [ -75.204133, 40.69172 ], [ -75.204118, 40.691578 ], [ -75.204105, 40.691499 ], [ -75.204101, 40.691476 ], [ -75.20408, 40.691391 ], [ -75.204032, 40.691267 ], [ -75.204012, 40.691193 ], [ -75.203971, 40.690974 ], [ -75.203936, 40.690714 ], [ -75.203915, 40.690601 ], [ -75.203881, 40.69047 ], [ -75.203776, 40.690121 ], [ -75.203756, 40.690036 ], [ -75.203726, 40.689852 ], [ -75.203712, 40.6898 ], [ -75.203694, 40.689754 ], [ -75.203672, 40.689712 ], [ -75.203643, 40.689665 ], [ -75.203537, 40.689515 ], [ -75.203497, 40.689453 ], [ -75.203331, 40.689171 ], [ -75.203291, 40.689111 ], [ -75.203252, 40.689058 ], [ -75.203189, 40.688987 ], [ -75.203126, 40.688929 ], [ -75.203062, 40.688884 ], [ -75.202882, 40.688772 ], [ -75.202835, 40.688736 ], [ -75.202798, 40.688701 ], [ -75.202766, 40.688663 ], [ -75.202736, 40.688618 ], [ -75.202654, 40.688469 ], [ -75.202623, 40.688419 ], [ -75.202528, 40.688292 ], [ -75.202488, 40.688231 ], [ -75.202453, 40.688171 ], [ -75.202424, 40.688115 ], [ -75.202401, 40.688063 ], [ -75.202385, 40.688013 ], [ -75.202373, 40.68795 ], [ -75.20237, 40.687841 ], [ -75.202367, 40.687801 ], [ -75.202365, 40.687793 ], [ -75.202358, 40.68776 ], [ -75.202342, 40.687714 ], [ -75.202302, 40.687634 ], [ -75.202293, 40.687619 ], [ -75.202196, 40.687457 ], [ -75.202122, 40.687308 ], [ -75.201995, 40.687036 ], [ -75.201927, 40.686868 ], [ -75.201922, 40.686857 ], [ -75.2019, 40.686808 ], [ -75.201869, 40.686752 ], [ -75.201829, 40.686692 ], [ -75.201754, 40.686597 ], [ -75.201683, 40.686506 ], [ -75.201635, 40.686442 ], [ -75.201595, 40.686379 ], [ -75.20156, 40.686325 ], [ -75.201484, 40.686205 ], [ -75.201399, 40.686069 ], [ -75.201289, 40.685908 ], [ -75.201164, 40.685733 ], [ -75.201019, 40.685538 ], [ -75.200723, 40.685154 ], [ -75.200541, 40.684925 ], [ -75.200422, 40.684787 ], [ -75.200333, 40.68469 ], [ -75.200271, 40.684627 ], [ -75.200201, 40.684563 ], [ -75.199999, 40.684397 ], [ -75.199907, 40.684309 ], [ -75.199834, 40.684234 ], [ -75.199752, 40.684136 ], [ -75.199604, 40.683942 ], [ -75.199541, 40.683864 ], [ -75.199429, 40.683733 ], [ -75.199092, 40.683354 ], [ -75.199088, 40.683349 ], [ -75.19873, 40.682915 ], [ -75.198536, 40.682699 ], [ -75.198366, 40.682521 ], [ -75.198249, 40.682406 ], [ -75.198144, 40.682308 ], [ -75.198047, 40.682223 ], [ -75.197892, 40.682094 ], [ -75.197735, 40.681966 ], [ -75.197573, 40.681839 ], [ -75.19736, 40.681676 ], [ -75.197221, 40.681575 ], [ -75.197106, 40.681497 ], [ -75.196978, 40.681415 ], [ -75.196833, 40.681329 ], [ -75.196658, 40.681227 ], [ -75.196516, 40.681148 ], [ -75.196388, 40.681081 ], [ -75.196254, 40.681014 ], [ -75.196138, 40.680959 ], [ -75.196009, 40.680904 ], [ -75.195864, 40.680847 ], [ -75.195727, 40.680796 ], [ -75.195574, 40.680743 ], [ -75.195425, 40.680695 ], [ -75.195247, 40.680642 ], [ -75.195046, 40.680584 ], [ -75.194894, 40.680543 ], [ -75.194691, 40.680496 ], [ -75.194494, 40.680456 ], [ -75.194354, 40.680435 ], [ -75.194069, 40.680399 ], [ -75.193948, 40.680382 ], [ -75.19374, 40.680346 ], [ -75.19359, 40.680315 ], [ -75.193506, 40.680294 ], [ -75.1934, 40.680267 ], [ -75.193143, 40.680194 ], [ -75.193, 40.680148 ], [ -75.192653, 40.680031 ], [ -75.192442, 40.679966 ], [ -75.192353, 40.679941 ], [ -75.192161, 40.679887 ], [ -75.19188, 40.679813 ], [ -75.1915, 40.679724 ], [ -75.191277, 40.679675 ], [ -75.191104, 40.679639 ], [ -75.190845, 40.679594 ], [ -75.190601, 40.679567 ], [ -75.190372, 40.679546 ], [ -75.190172, 40.679533 ], [ -75.189954, 40.679523 ], [ -75.189758, 40.679519 ], [ -75.189545, 40.679522 ], [ -75.189297, 40.67953 ], [ -75.188982, 40.679546 ], [ -75.188758, 40.679562 ], [ -75.188527, 40.679585 ], [ -75.188289, 40.679615 ], [ -75.188043, 40.679652 ], [ -75.187788, 40.679697 ], [ -75.187619, 40.67973 ], [ -75.187487, 40.679759 ], [ -75.187034, 40.679873 ], [ -75.186875, 40.67991 ], [ -75.186639, 40.679959 ], [ -75.186502, 40.679981 ], [ -75.186386, 40.679995 ], [ -75.186313, 40.680001 ], [ -75.186223, 40.68001 ], [ -75.185993, 40.680023 ], [ -75.185899, 40.680025 ], [ -75.185688, 40.68003 ], [ -75.18523, 40.680031 ], [ -75.184961, 40.680025 ], [ -75.184651, 40.680015 ], [ -75.184123, 40.679991 ], [ -75.183858, 40.679976 ], [ -75.183639, 40.679958 ], [ -75.183389, 40.679934 ], [ -75.183028, 40.679893 ], [ -75.182744, 40.679858 ], [ -75.182514, 40.679825 ], [ -75.182304, 40.679791 ], [ -75.182102, 40.679753 ], [ -75.181878, 40.679706 ], [ -75.18169, 40.679663 ], [ -75.181481, 40.679611 ], [ -75.18088, 40.679451 ], [ -75.180566, 40.679358 ], [ -75.180197, 40.679223 ], [ -75.180012, 40.679151 ], [ -75.179628, 40.679017 ], [ -75.179542, 40.678984 ], [ -75.179462, 40.67895 ], [ -75.179323, 40.678882 ], [ -75.179291, 40.678867 ], [ -75.179059, 40.678756 ], [ -75.178924, 40.678698 ], [ -75.178747, 40.678612 ], [ -75.178636, 40.678553 ], [ -75.178527, 40.678494 ], [ -75.178408, 40.678428 ], [ -75.178295, 40.67835 ], [ -75.178224, 40.678294 ], [ -75.178153, 40.678233 ], [ -75.17808, 40.678164 ], [ -75.178004, 40.678087 ], [ -75.177908, 40.677984 ], [ -75.1778, 40.677862 ], [ -75.177724, 40.677771 ], [ -75.1777, 40.677739 ], [ -75.177659, 40.677686 ], [ -75.177584, 40.677577 ], [ -75.177524, 40.677472 ], [ -75.177486, 40.677404 ], [ -75.177424, 40.677287 ], [ -75.177391, 40.677215 ], [ -75.17735, 40.67711 ], [ -75.177311, 40.677007 ], [ -75.177239, 40.676807 ], [ -75.177177, 40.676621 ], [ -75.177134, 40.67647 ], [ -75.1771, 40.676324 ], [ -75.177076, 40.676191 ], [ -75.177055, 40.676042 ], [ -75.177019, 40.675609 ], [ -75.177003, 40.675384 ], [ -75.176994, 40.675184 ], [ -75.176989, 40.67501 ], [ -75.176988, 40.674793 ], [ -75.17699, 40.674671 ], [ -75.176998, 40.67454 ], [ -75.177007, 40.674455 ], [ -75.177009, 40.674436 ], [ -75.177023, 40.674346 ], [ -75.177078, 40.674104 ], [ -75.177134, 40.673893 ], [ -75.177208, 40.673643 ], [ -75.177322, 40.67329 ], [ -75.177376, 40.673136 ], [ -75.177389, 40.673097 ], [ -75.177448, 40.672946 ], [ -75.177513, 40.672804 ], [ -75.177574, 40.672691 ], [ -75.177706, 40.672482 ], [ -75.177853, 40.672266 ], [ -75.178063, 40.671974 ], [ -75.178264, 40.671709 ], [ -75.178457, 40.671469 ], [ -75.178773, 40.671092 ], [ -75.178956, 40.670881 ], [ -75.179127, 40.670687 ], [ -75.179295, 40.67049 ], [ -75.179488, 40.670257 ], [ -75.179634, 40.670069 ], [ -75.179652, 40.670046 ], [ -75.179699, 40.669992 ], [ -75.179752, 40.669936 ], [ -75.179882, 40.669813 ], [ -75.180163, 40.669568 ], [ -75.180192, 40.669544 ], [ -75.180273, 40.669477 ], [ -75.180555, 40.669252 ], [ -75.1807, 40.669128 ], [ -75.180777, 40.669055 ], [ -75.180877, 40.668951 ], [ -75.180911, 40.668914 ], [ -75.180968, 40.668851 ], [ -75.181054, 40.66875 ], [ -75.181173, 40.668596 ], [ -75.181291, 40.668427 ], [ -75.181419, 40.668221 ], [ -75.181529, 40.668029 ], [ -75.181543, 40.668002 ], [ -75.181593, 40.667902 ], [ -75.18163, 40.667813 ], [ -75.181661, 40.667719 ], [ -75.18173, 40.66748 ], [ -75.181733, 40.667473 ], [ -75.181753, 40.667414 ], [ -75.181778, 40.667355 ], [ -75.181823, 40.667263 ], [ -75.181878, 40.667164 ], [ -75.181938, 40.667067 ], [ -75.182003, 40.66697 ], [ -75.182072, 40.666876 ], [ -75.182145, 40.666783 ], [ -75.182206, 40.666712 ], [ -75.182277, 40.666637 ], [ -75.182757, 40.666169 ], [ -75.182925, 40.666011 ], [ -75.182926, 40.66601 ], [ -75.183075, 40.665869 ], [ -75.183184, 40.66577 ], [ -75.183336, 40.665637 ], [ -75.183481, 40.66552 ], [ -75.183489, 40.665514 ], [ -75.18362, 40.665415 ], [ -75.183735, 40.66534 ], [ -75.18398, 40.665204 ], [ -75.184169, 40.665107 ], [ -75.184321, 40.665035 ], [ -75.184485, 40.664961 ], [ -75.184664, 40.664885 ], [ -75.184866, 40.664804 ], [ -75.185344, 40.664619 ], [ -75.185647, 40.66451 ], [ -75.185948, 40.664398 ], [ -75.186403, 40.664213 ], [ -75.1866, 40.664141 ], [ -75.1867, 40.664109 ], [ -75.186812, 40.664078 ], [ -75.186813, 40.664078 ], [ -75.1872, 40.663981 ], [ -75.187345, 40.663942 ], [ -75.187345, 40.663942 ], [ -75.18762, 40.66386 ], [ -75.187807, 40.663797 ], [ -75.187977, 40.663734 ], [ -75.188154, 40.663662 ], [ -75.188338, 40.663581 ], [ -75.188546, 40.663483 ], [ -75.188707, 40.663403 ], [ -75.188839, 40.663329 ], [ -75.18897, 40.663246 ], [ -75.189116, 40.663144 ], [ -75.189488, 40.662866 ], [ -75.189707, 40.662696 ], [ -75.189952, 40.662494 ], [ -75.190191, 40.662287 ], [ -75.190745, 40.661849 ], [ -75.190882, 40.661737 ], [ -75.191004, 40.661632 ], [ -75.191305, 40.661362 ], [ -75.191689, 40.660999 ], [ -75.191957, 40.660738 ], [ -75.192, 40.660695 ], [ -75.192261, 40.660427 ], [ -75.192465, 40.660207 ], [ -75.192666, 40.65998 ], [ -75.192856, 40.659756 ], [ -75.193054, 40.659514 ], [ -75.193217, 40.659306 ], [ -75.193455, 40.658993 ], [ -75.193909, 40.658373 ], [ -75.194068, 40.65816 ], [ -75.194822, 40.657184 ], [ -75.194972, 40.656996 ], [ -75.194982, 40.656983 ], [ -75.195124, 40.656812 ], [ -75.195347, 40.656556 ], [ -75.195432, 40.656467 ], [ -75.19549, 40.656414 ], [ -75.195555, 40.656359 ], [ -75.195625, 40.656305 ], [ -75.195699, 40.656251 ], [ -75.195742, 40.656224 ], [ -75.195851, 40.656153 ], [ -75.19601, 40.656063 ], [ -75.196155, 40.655995 ], [ -75.196369, 40.655905 ], [ -75.196472, 40.655868 ], [ -75.196716, 40.655787 ], [ -75.19683, 40.655744 ], [ -75.196981, 40.655673 ], [ -75.197023, 40.655649 ], [ -75.197063, 40.655622 ], [ -75.197236, 40.655481 ], [ -75.197509, 40.655227 ], [ -75.197667, 40.655075 ], [ -75.197862, 40.654872 ], [ -75.197902, 40.654826 ], [ -75.197939, 40.654783 ], [ -75.197996, 40.654703 ], [ -75.198024, 40.654655 ], [ -75.198053, 40.654603 ], [ -75.198108, 40.654487 ], [ -75.198139, 40.654412 ], [ -75.198162, 40.654344 ], [ -75.198179, 40.654282 ], [ -75.198191, 40.654218 ], [ -75.198197, 40.654161 ], [ -75.198199, 40.654107 ], [ -75.198196, 40.654047 ], [ -75.198188, 40.65398 ], [ -75.198173, 40.6539 ], [ -75.19816, 40.653843 ], [ -75.198144, 40.653794 ], [ -75.198124, 40.653751 ], [ -75.198094, 40.653699 ], [ -75.198042, 40.653619 ], [ -75.197916, 40.653464 ], [ -75.197873, 40.653404 ], [ -75.197852, 40.653369 ], [ -75.197828, 40.653319 ], [ -75.197803, 40.65325 ], [ -75.197785, 40.653169 ], [ -75.197775, 40.653098 ], [ -75.197769, 40.653014 ], [ -75.197768, 40.652931 ], [ -75.197773, 40.652845 ], [ -75.197783, 40.652753 ], [ -75.197798, 40.652667 ], [ -75.197818, 40.652587 ], [ -75.197848, 40.652494 ], [ -75.197899, 40.652361 ], [ -75.197944, 40.652256 ], [ -75.198005, 40.65213 ], [ -75.198049, 40.652045 ], [ -75.19809, 40.651975 ], [ -75.198136, 40.651907 ], [ -75.198186, 40.651841 ], [ -75.198256, 40.651764 ], [ -75.198417, 40.651606 ], [ -75.198526, 40.651507 ], [ -75.198571, 40.651468 ], [ -75.198833, 40.65124 ], [ -75.199056, 40.651028 ], [ -75.199126, 40.650958 ], [ -75.199182, 40.650901 ], [ -75.199266, 40.650811 ], [ -75.199343, 40.650721 ], [ -75.199405, 40.65064 ], [ -75.19946, 40.650555 ], [ -75.199561, 40.650384 ], [ -75.199628, 40.650262 ], [ -75.199689, 40.650152 ], [ -75.199905, 40.649727 ], [ -75.199974, 40.649584 ], [ -75.200031, 40.649458 ], [ -75.20008, 40.649341 ], [ -75.200099, 40.649294 ], [ -75.200152, 40.64916 ], [ -75.200194, 40.649038 ], [ -75.20023, 40.648921 ], [ -75.200262, 40.648802 ], [ -75.200287, 40.648684 ], [ -75.200302, 40.648584 ], [ -75.200314, 40.64847 ], [ -75.200316, 40.648394 ], [ -75.200313, 40.648338 ], [ -75.200311, 40.648323 ], [ -75.20028, 40.648135 ], [ -75.200272, 40.648061 ], [ -75.200271, 40.647983 ], [ -75.200276, 40.647768 ], [ -75.200271, 40.647613 ], [ -75.200263, 40.647498 ], [ -75.200252, 40.647401 ], [ -75.200232, 40.647286 ], [ -75.200211, 40.647191 ], [ -75.200187, 40.647107 ], [ -75.200143, 40.646992 ], [ -75.200073, 40.64685 ], [ -75.199997, 40.646721 ], [ -75.199908, 40.646591 ], [ -75.199803, 40.646457 ], [ -75.199685, 40.646325 ], [ -75.199591, 40.646233 ], [ -75.199472, 40.646133 ], [ -75.199271, 40.645978 ], [ -75.199099, 40.645857 ], [ -75.198903, 40.645733 ], [ -75.198776, 40.645661 ], [ -75.198699, 40.645616 ], [ -75.198527, 40.645526 ], [ -75.198353, 40.645442 ], [ -75.197586, 40.645104 ], [ -75.197433, 40.645034 ], [ -75.197342, 40.644988 ], [ -75.197261, 40.644944 ], [ -75.19719, 40.644901 ], [ -75.197114, 40.644851 ], [ -75.197016, 40.644781 ], [ -75.19692, 40.644708 ], [ -75.196826, 40.644629 ], [ -75.196738, 40.64455 ], [ -75.196663, 40.644473 ], [ -75.196472, 40.644261 ], [ -75.1964, 40.644191 ], [ -75.196233, 40.644039 ], [ -75.196162, 40.643971 ], [ -75.19605, 40.643852 ], [ -75.195947, 40.643736 ], [ -75.195852, 40.643617 ], [ -75.195769, 40.643502 ], [ -75.195707, 40.643401 ], [ -75.195639, 40.643276 ], [ -75.195362, 40.642737 ], [ -75.195287, 40.642582 ], [ -75.195234, 40.642464 ], [ -75.195216, 40.642422 ], [ -75.195147, 40.642261 ], [ -75.195088, 40.64211 ], [ -75.195052, 40.642008 ], [ -75.194975, 40.641758 ], [ -75.194946, 40.641684 ], [ -75.194911, 40.641608 ], [ -75.194828, 40.641456 ], [ -75.194661, 40.641188 ], [ -75.194599, 40.641084 ], [ -75.194323, 40.640571 ], [ -75.194296, 40.64052 ], [ -75.194081, 40.640135 ], [ -75.193809, 40.63967 ], [ -75.193745, 40.639567 ], [ -75.193686, 40.639478 ], [ -75.193602, 40.63936 ], [ -75.193488, 40.639208 ], [ -75.193211, 40.638864 ], [ -75.193205, 40.638857 ], [ -75.193191, 40.638837 ], [ -75.193115, 40.638732 ], [ -75.193025, 40.638601 ], [ -75.192961, 40.638506 ], [ -75.192897, 40.63841 ], [ -75.192829, 40.638316 ], [ -75.192759, 40.638225 ], [ -75.192681, 40.638133 ], [ -75.192531, 40.637967 ], [ -75.192467, 40.637897 ], [ -75.192357, 40.637762 ], [ -75.192263, 40.637641 ], [ -75.19214, 40.637469 ], [ -75.192125, 40.637443 ], [ -75.192025, 40.637272 ], [ -75.191979, 40.637209 ], [ -75.191949, 40.637173 ], [ -75.191895, 40.637122 ], [ -75.191835, 40.637075 ], [ -75.191806, 40.637053 ], [ -75.191742, 40.637012 ], [ -75.191548, 40.636898 ], [ -75.191458, 40.636835 ], [ -75.191366, 40.636766 ], [ -75.191274, 40.63669 ], [ -75.191229, 40.63665 ], [ -75.191174, 40.636591 ], [ -75.19111, 40.636514 ], [ -75.191055, 40.636437 ], [ -75.191, 40.636345 ], [ -75.190894, 40.636149 ], [ -75.19081, 40.635994 ], [ -75.190751, 40.635881 ], [ -75.190689, 40.63575 ], [ -75.190634, 40.635621 ], [ -75.190582, 40.635489 ], [ -75.190537, 40.635357 ], [ -75.190484, 40.635177 ], [ -75.19044, 40.634994 ], [ -75.190406, 40.634813 ], [ -75.190381, 40.634628 ], [ -75.190371, 40.634513 ], [ -75.190355, 40.634202 ], [ -75.190326, 40.633874 ], [ -75.190289, 40.63352 ], [ -75.190219, 40.632988 ], [ -75.190195, 40.632741 ], [ -75.190177, 40.632447 ], [ -75.190175, 40.632109 ], [ -75.190168, 40.631964 ], [ -75.190153, 40.631843 ], [ -75.190111, 40.631574 ], [ -75.190096, 40.631455 ], [ -75.19008, 40.63127 ], [ -75.190055, 40.630858 ], [ -75.190035, 40.630633 ], [ -75.189992, 40.630227 ], [ -75.189926, 40.629698 ], [ -75.18986, 40.629224 ], [ -75.189827, 40.629026 ], [ -75.189793, 40.628843 ], [ -75.18975, 40.628634 ], [ -75.1897, 40.62842 ], [ -75.189648, 40.628209 ], [ -75.18959, 40.627998 ], [ -75.189549, 40.627771 ], [ -75.189494, 40.627547 ], [ -75.189461, 40.627435 ], [ -75.189276, 40.626727 ], [ -75.189232, 40.626541 ], [ -75.189191, 40.626391 ], [ -75.189121, 40.626181 ], [ -75.189061, 40.626028 ], [ -75.189047, 40.625991 ], [ -75.188993, 40.625876 ], [ -75.188887, 40.625684 ], [ -75.188848, 40.625608 ], [ -75.188797, 40.62549 ], [ -75.188784, 40.625461 ], [ -75.188738, 40.625341 ], [ -75.188712, 40.625256 ], [ -75.188695, 40.625184 ], [ -75.188544, 40.624348 ], [ -75.188536, 40.624273 ], [ -75.188521, 40.624188 ], [ -75.188505, 40.624105 ], [ -75.188482, 40.623994 ], [ -75.188468, 40.623906 ], [ -75.188462, 40.623827 ], [ -75.188462, 40.623755 ], [ -75.188475, 40.623637 ], [ -75.188502, 40.623502 ], [ -75.188582, 40.623202 ], [ -75.188591, 40.62317 ], [ -75.188644, 40.622991 ], [ -75.188679, 40.622878 ], [ -75.188754, 40.62269 ], [ -75.188919, 40.622376 ], [ -75.189012, 40.622092 ], [ -75.189078, 40.621913 ], [ -75.189182, 40.621678 ], [ -75.189279, 40.62148 ], [ -75.189673, 40.620742 ], [ -75.189687, 40.620717 ], [ -75.189742, 40.620622 ], [ -75.1898, 40.620529 ], [ -75.190008, 40.620215 ], [ -75.190038, 40.620169 ], [ -75.190065, 40.620137 ], [ -75.190069, 40.620132 ], [ -75.190108, 40.620094 ], [ -75.190154, 40.620057 ], [ -75.190207, 40.620018 ], [ -75.190228, 40.620004 ], [ -75.190307, 40.619953 ], [ -75.190371, 40.619915 ], [ -75.190485, 40.619848 ], [ -75.190589, 40.619793 ], [ -75.190684, 40.619751 ], [ -75.190832, 40.619698 ], [ -75.191128, 40.619606 ], [ -75.191282, 40.619562 ], [ -75.191412, 40.619531 ], [ -75.1915, 40.619514 ], [ -75.191605, 40.619497 ], [ -75.191972, 40.619444 ], [ -75.192112, 40.619427 ], [ -75.192211, 40.619419 ], [ -75.192359, 40.619411 ], [ -75.192462, 40.61941 ], [ -75.192555, 40.619413 ], [ -75.192643, 40.61942 ], [ -75.192737, 40.619432 ], [ -75.192843, 40.619449 ], [ -75.192907, 40.619464 ], [ -75.192964, 40.619482 ], [ -75.192995, 40.619493 ], [ -75.193026, 40.619504 ], [ -75.193228, 40.619586 ], [ -75.193303, 40.619615 ], [ -75.193378, 40.619639 ], [ -75.193448, 40.619655 ], [ -75.193543, 40.619668 ], [ -75.193552, 40.619668 ], [ -75.19366, 40.619676 ], [ -75.19381, 40.619678 ], [ -75.193915, 40.619673 ], [ -75.193981, 40.619667 ], [ -75.193992, 40.619666 ], [ -75.194073, 40.619655 ], [ -75.194132, 40.619645 ], [ -75.194252, 40.619623 ], [ -75.194834, 40.619488 ], [ -75.195183, 40.619403 ], [ -75.195295, 40.619379 ], [ -75.195402, 40.619359 ], [ -75.195553, 40.619337 ], [ -75.195721, 40.619317 ], [ -75.196355, 40.619264 ], [ -75.196617, 40.619235 ], [ -75.196751, 40.619215 ], [ -75.19694, 40.619181 ], [ -75.197138, 40.619143 ], [ -75.197335, 40.619102 ], [ -75.197539, 40.619063 ], [ -75.197857, 40.619001 ], [ -75.198721, 40.618844 ], [ -75.198981, 40.618787 ], [ -75.199211, 40.618729 ], [ -75.199378, 40.618679 ], [ -75.199765, 40.618551 ], [ -75.200133, 40.618452 ], [ -75.200285, 40.618398 ], [ -75.200371, 40.618357 ], [ -75.20045, 40.61832 ], [ -75.201018, 40.617994 ], [ -75.201125, 40.617927 ], [ -75.20121, 40.617865 ], [ -75.201281, 40.617803 ], [ -75.20135, 40.61773 ], [ -75.201431, 40.617629 ], [ -75.20174, 40.617212 ], [ -75.201761, 40.617183 ], [ -75.201816, 40.617095 ], [ -75.201868, 40.616988 ], [ -75.201923, 40.616836 ], [ -75.201951, 40.616691 ], [ -75.201954, 40.616558 ], [ -75.201932, 40.616393 ], [ -75.201902, 40.616268 ], [ -75.201854, 40.616121 ], [ -75.201717, 40.615811 ], [ -75.201518, 40.615414 ], [ -75.201208, 40.614849 ], [ -75.201166, 40.614784 ], [ -75.201073, 40.614641 ], [ -75.20084, 40.614368 ], [ -75.200751, 40.614249 ], [ -75.20066, 40.614102 ], [ -75.20042, 40.613679 ], [ -75.200246, 40.613413 ], [ -75.200104, 40.613219 ], [ -75.199954, 40.613038 ], [ -75.19981, 40.612887 ], [ -75.19906, 40.612206 ], [ -75.198485, 40.611642 ], [ -75.198431, 40.611587 ], [ -75.198021, 40.611166 ], [ -75.197687, 40.610799 ], [ -75.197584, 40.610699 ], [ -75.197305, 40.610423 ], [ -75.197228, 40.610335 ], [ -75.197158, 40.610238 ], [ -75.197074, 40.610093 ], [ -75.197005, 40.609937 ], [ -75.196951, 40.609774 ], [ -75.196694, 40.609011 ], [ -75.196642, 40.608849 ], [ -75.196569, 40.608675 ], [ -75.196462, 40.608458 ], [ -75.19629, 40.608138 ], [ -75.196179, 40.60793 ], [ -75.195945, 40.607439 ], [ -75.195875, 40.607326 ], [ -75.1957, 40.607078 ], [ -75.195635, 40.606968 ], [ -75.195173, 40.60631 ], [ -75.19507, 40.606173 ], [ -75.194897, 40.605911 ], [ -75.194869, 40.605868 ], [ -75.194774, 40.605736 ], [ -75.194635, 40.605569 ], [ -75.194008, 40.6048 ], [ -75.193909, 40.604684 ], [ -75.19383, 40.604614 ], [ -75.193745, 40.604558 ], [ -75.193739, 40.604554 ], [ -75.19339, 40.604386 ], [ -75.193271, 40.604319 ], [ -75.193103, 40.60419 ], [ -75.19297, 40.604063 ], [ -75.192528, 40.603517 ], [ -75.19247, 40.603428 ], [ -75.19241, 40.603335 ], [ -75.192293, 40.603118 ], [ -75.192168, 40.602835 ], [ -75.19205, 40.602496 ], [ -75.192016, 40.602362 ], [ -75.191987, 40.602245 ], [ -75.191957, 40.602015 ], [ -75.191957, 40.602014 ], [ -75.191944, 40.601696 ], [ -75.191956, 40.601221 ], [ -75.191948, 40.600731 ], [ -75.191963, 40.600536 ], [ -75.19203, 40.599998 ], [ -75.192037, 40.599554 ], [ -75.192029, 40.599213 ], [ -75.192012, 40.598928 ], [ -75.191995, 40.598746 ], [ -75.191938, 40.598343 ], [ -75.191926, 40.598002 ], [ -75.191905, 40.597861 ], [ -75.191812, 40.597556 ], [ -75.191801, 40.597519 ], [ -75.191762, 40.597368 ], [ -75.191495, 40.596186 ], [ -75.19143, 40.595898 ], [ -75.191359, 40.595638 ], [ -75.191284, 40.595412 ], [ -75.191181, 40.595153 ], [ -75.190916, 40.594556 ], [ -75.190749, 40.594117 ], [ -75.190656, 40.593902 ], [ -75.190329, 40.593212 ], [ -75.190113, 40.592837 ], [ -75.190101, 40.592817 ], [ -75.190029, 40.592673 ], [ -75.189998, 40.592589 ], [ -75.189886, 40.592285 ], [ -75.189728, 40.59189 ], [ -75.189693, 40.591781 ], [ -75.189618, 40.591527 ], [ -75.189603, 40.591476 ], [ -75.189531, 40.59118 ], [ -75.189479, 40.590895 ], [ -75.189445, 40.590611 ], [ -75.189432, 40.590309 ], [ -75.189433, 40.590002 ], [ -75.189451, 40.589663 ], [ -75.189487, 40.589312 ], [ -75.189536, 40.588997 ], [ -75.189598, 40.588725 ], [ -75.189655, 40.588526 ], [ -75.189711, 40.588374 ], [ -75.189942, 40.587882 ], [ -75.190128, 40.587488 ], [ -75.190667, 40.58649 ], [ -75.190702, 40.586432 ], [ -75.190764, 40.586327 ], [ -75.190874, 40.586168 ], [ -75.191009, 40.585999 ], [ -75.19116, 40.585838 ], [ -75.19126, 40.585752 ], [ -75.191568, 40.585487 ], [ -75.191886, 40.585167 ], [ -75.19208, 40.584989 ], [ -75.192278, 40.584829 ], [ -75.192491, 40.584676 ], [ -75.192617, 40.584596 ], [ -75.192784, 40.584508 ], [ -75.192817, 40.58449 ], [ -75.192941, 40.584413 ], [ -75.193029, 40.584341 ], [ -75.193118, 40.584246 ], [ -75.193367, 40.583936 ], [ -75.193533, 40.583742 ], [ -75.193921, 40.583291 ], [ -75.194126, 40.583031 ], [ -75.194299, 40.582791 ], [ -75.194425, 40.582598 ], [ -75.194546, 40.582387 ], [ -75.194823, 40.581849 ], [ -75.195115, 40.581313 ], [ -75.195208, 40.581114 ], [ -75.195277, 40.58093 ], [ -75.195332, 40.580726 ], [ -75.195374, 40.580509 ], [ -75.195446, 40.579992 ], [ -75.195468, 40.579772 ], [ -75.195475, 40.579593 ], [ -75.195459, 40.579397 ], [ -75.19546, 40.579275 ], [ -75.195475, 40.579193 ], [ -75.195478, 40.579177 ], [ -75.195526, 40.579002 ], [ -75.19554, 40.578826 ], [ -75.195535, 40.578727 ], [ -75.19552, 40.578641 ], [ -75.19543, 40.578363 ], [ -75.19528, 40.578001 ], [ -75.195121, 40.577674 ], [ -75.19508, 40.57759 ], [ -75.194827, 40.577119 ], [ -75.194577, 40.5767 ], [ -75.194332, 40.576339 ], [ -75.19423, 40.576203 ], [ -75.194123, 40.576082 ], [ -75.193829, 40.57581 ], [ -75.19343, 40.575478 ], [ -75.193021, 40.575155 ], [ -75.192398, 40.574686 ], [ -75.192214, 40.574538 ], [ -75.192001, 40.574367 ], [ -75.191594, 40.574019 ], [ -75.191186, 40.573648 ], [ -75.190944, 40.573403 ], [ -75.190739, 40.573163 ], [ -75.190504, 40.572853 ], [ -75.190097, 40.572284 ], [ -75.189924, 40.572065 ], [ -75.189749, 40.571863 ], [ -75.189637, 40.571745 ], [ -75.1892, 40.571279 ], [ -75.189138, 40.571214 ], [ -75.188869, 40.570942 ], [ -75.188508, 40.570615 ], [ -75.188355, 40.570491 ], [ -75.188221, 40.570396 ], [ -75.188122, 40.570335 ], [ -75.188017, 40.570281 ], [ -75.187987, 40.570269 ], [ -75.187678, 40.570147 ], [ -75.187467, 40.57004 ], [ -75.187273, 40.569912 ], [ -75.186994, 40.5697 ], [ -75.186789, 40.569559 ], [ -75.186476, 40.569366 ], [ -75.18585, 40.568991 ], [ -75.185235, 40.568589 ], [ -75.185156, 40.568538 ], [ -75.18491, 40.568392 ], [ -75.184661, 40.568254 ], [ -75.184428, 40.568134 ], [ -75.184213, 40.568036 ], [ -75.18363, 40.567813 ], [ -75.182654, 40.567386 ], [ -75.182337, 40.567256 ], [ -75.18208, 40.567161 ], [ -75.181911, 40.567105 ], [ -75.181735, 40.567056 ], [ -75.181686, 40.567045 ], [ -75.181206, 40.566938 ], [ -75.180884, 40.56685 ], [ -75.18068, 40.566776 ], [ -75.180526, 40.566711 ], [ -75.18035, 40.566637 ], [ -75.180102, 40.566543 ], [ -75.179745, 40.566424 ], [ -75.178959, 40.566175 ], [ -75.177948, 40.565807 ], [ -75.177534, 40.565672 ], [ -75.176948, 40.565493 ], [ -75.176832, 40.565457 ], [ -75.176115, 40.565227 ], [ -75.175594, 40.565086 ], [ -75.174952, 40.564942 ], [ -75.174261, 40.564807 ], [ -75.173547, 40.564688 ], [ -75.17314, 40.564634 ], [ -75.17273, 40.56459 ], [ -75.17231, 40.564555 ], [ -75.17166, 40.564516 ], [ -75.171383, 40.564487 ], [ -75.170714, 40.564416 ], [ -75.17039, 40.564389 ], [ -75.169995, 40.564378 ], [ -75.169566, 40.564407 ], [ -75.169545, 40.564407 ], [ -75.169212, 40.564408 ], [ -75.168799, 40.564381 ], [ -75.168676, 40.56437 ], [ -75.168143, 40.564319 ], [ -75.167657, 40.564299 ], [ -75.167092, 40.564315 ], [ -75.166493, 40.56431 ], [ -75.166325, 40.564318 ], [ -75.16623, 40.564323 ], [ -75.165769, 40.564362 ], [ -75.165565, 40.564366 ], [ -75.165278, 40.564364 ], [ -75.164974, 40.564352 ], [ -75.1644, 40.564318 ], [ -75.16327, 40.564231 ], [ -75.162834, 40.564212 ], [ -75.162532, 40.564206 ], [ -75.162103, 40.564212 ], [ -75.161645, 40.564236 ], [ -75.161333, 40.564273 ], [ -75.161188, 40.5643 ], [ -75.161047, 40.564334 ], [ -75.16065, 40.564463 ], [ -75.159933, 40.56472 ], [ -75.159264, 40.564933 ], [ -75.158937, 40.565053 ], [ -75.158631, 40.565204 ], [ -75.158133, 40.565484 ], [ -75.157562, 40.565768 ], [ -75.157181, 40.565984 ], [ -75.156674, 40.566312 ], [ -75.156045, 40.566738 ], [ -75.155441, 40.56716 ], [ -75.154831, 40.5676 ], [ -75.154316, 40.567999 ], [ -75.153633, 40.568574 ], [ -75.152878, 40.569181 ], [ -75.152369, 40.569567 ], [ -75.151536, 40.570179 ], [ -75.150849, 40.570718 ], [ -75.150474, 40.570987 ], [ -75.15006, 40.571242 ], [ -75.149644, 40.571476 ], [ -75.149621, 40.571488 ], [ -75.149035, 40.571805 ], [ -75.148423, 40.572112 ], [ -75.148055, 40.572309 ], [ -75.147735, 40.572508 ], [ -75.147246, 40.572837 ], [ -75.146999, 40.572984 ], [ -75.146838, 40.573078 ], [ -75.146226, 40.573402 ], [ -75.145665, 40.573681 ], [ -75.145269, 40.573866 ], [ -75.144891, 40.574023 ], [ -75.144441, 40.574193 ], [ -75.144161, 40.57429 ], [ -75.143932, 40.574369 ], [ -75.14327, 40.574599 ], [ -75.143035, 40.574679 ], [ -75.142799, 40.574756 ], [ -75.14256, 40.57483 ], [ -75.14232, 40.574901 ], [ -75.142079, 40.57497 ], [ -75.141836, 40.575035 ], [ -75.141592, 40.575097 ], [ -75.141347, 40.575157 ], [ -75.141101, 40.575213 ], [ -75.140853, 40.575267 ], [ -75.140604, 40.575317 ], [ -75.140355, 40.575365 ], [ -75.140104, 40.575409 ], [ -75.139852, 40.575451 ], [ -75.1396, 40.575489 ], [ -75.139347, 40.575524 ], [ -75.139093, 40.575556 ], [ -75.138838, 40.575585 ], [ -75.138583, 40.575611 ], [ -75.138328, 40.575634 ], [ -75.138072, 40.575654 ], [ -75.137815, 40.575671 ], [ -75.137558, 40.575685 ], [ -75.137301, 40.575695 ], [ -75.137044, 40.575702 ], [ -75.136787, 40.575707 ], [ -75.136529, 40.575708 ], [ -75.136272, 40.575706 ], [ -75.136015, 40.575701 ], [ -75.135758, 40.575693 ], [ -75.135609, 40.575686 ], [ -75.135501, 40.575681 ], [ -75.135244, 40.575667 ], [ -75.134672, 40.575605 ], [ -75.133904, 40.575508 ], [ -75.133675, 40.575472 ], [ -75.133142, 40.57539 ], [ -75.131816, 40.575151 ], [ -75.130773, 40.574937 ], [ -75.130272, 40.574841 ], [ -75.129711, 40.574752 ], [ -75.129035, 40.574665 ], [ -75.128718, 40.574629 ], [ -75.128071, 40.574555 ], [ -75.127116, 40.574461 ], [ -75.125995, 40.574367 ], [ -75.124989, 40.574295 ], [ -75.124098, 40.5742 ], [ -75.123596, 40.574166 ], [ -75.123371, 40.574145 ], [ -75.123127, 40.574113 ], [ -75.122886, 40.574071 ], [ -75.122695, 40.574029 ], [ -75.122448, 40.573963 ], [ -75.122258, 40.573925 ], [ -75.122031, 40.573889 ], [ -75.121806, 40.573862 ], [ -75.121473, 40.573836 ], [ -75.12112, 40.573818 ], [ -75.120706, 40.573806 ], [ -75.120173, 40.573804 ], [ -75.119696, 40.573775 ], [ -75.119122, 40.573716 ], [ -75.119103, 40.573714 ], [ -75.118274, 40.573615 ], [ -75.117948, 40.57357 ], [ -75.117631, 40.573516 ], [ -75.117588, 40.573509 ], [ -75.11756, 40.573502 ], [ -75.117202, 40.573414 ], [ -75.116809, 40.573302 ], [ -75.116264, 40.573136 ], [ -75.115768, 40.572966 ], [ -75.115393, 40.572826 ], [ -75.114769, 40.572581 ], [ -75.114088, 40.572302 ], [ -75.113519, 40.572068 ], [ -75.112719, 40.571756 ], [ -75.111697, 40.571376 ], [ -75.111443, 40.571287 ], [ -75.110656, 40.571012 ], [ -75.110098, 40.57083 ], [ -75.109762, 40.570731 ], [ -75.109565, 40.570681 ], [ -75.109528, 40.570671 ], [ -75.109, 40.570554 ], [ -75.108755, 40.570488 ], [ -75.108474, 40.570399 ], [ -75.107671, 40.570126 ], [ -75.106941, 40.569925 ], [ -75.106674, 40.569842 ], [ -75.106422, 40.569741 ], [ -75.105991, 40.569519 ], [ -75.105897, 40.569471 ], [ -75.105631, 40.56935 ], [ -75.105375, 40.569243 ], [ -75.10511, 40.569141 ], [ -75.104837, 40.569046 ], [ -75.10456, 40.568959 ], [ -75.104279, 40.568879 ], [ -75.104012, 40.568825 ], [ -75.10381, 40.568779 ], [ -75.103749, 40.568765 ], [ -75.103489, 40.568699 ], [ -75.10341, 40.568676 ], [ -75.103233, 40.568626 ], [ -75.102934, 40.568529 ], [ -75.102796, 40.568476 ], [ -75.102461, 40.568346 ], [ -75.102268, 40.568278 ], [ -75.101561, 40.568072 ], [ -75.101208, 40.56797 ], [ -75.100848, 40.56785 ], [ -75.100635, 40.567766 ], [ -75.100424, 40.567675 ], [ -75.100215, 40.567577 ], [ -75.100198, 40.567569 ], [ -75.10001, 40.567473 ], [ -75.09984, 40.567379 ], [ -75.099801, 40.567357 ], [ -75.099605, 40.56724 ], [ -75.099422, 40.567122 ], [ -75.099253, 40.567003 ], [ -75.099122, 40.5669 ], [ -75.098958, 40.566758 ], [ -75.098844, 40.566659 ], [ -75.0987, 40.566542 ], [ -75.09832, 40.566263 ], [ -75.097777, 40.565864 ], [ -75.097494, 40.56564 ], [ -75.097176, 40.565377 ], [ -75.096843, 40.565089 ], [ -75.096115, 40.56446 ], [ -75.095172, 40.563615 ], [ -75.094787, 40.563269 ], [ -75.094011, 40.562592 ], [ -75.093616, 40.562223 ], [ -75.093278, 40.561866 ], [ -75.092899, 40.561429 ], [ -75.092445, 40.560843 ], [ -75.092265, 40.560623 ], [ -75.091923, 40.560243 ], [ -75.09164, 40.559962 ], [ -75.091396, 40.559742 ], [ -75.091009, 40.559411 ], [ -75.090293, 40.558845 ], [ -75.090043, 40.558639 ], [ -75.089889, 40.558498 ], [ -75.089597, 40.558211 ], [ -75.089555, 40.55817 ], [ -75.089388, 40.558024 ], [ -75.089232, 40.557911 ], [ -75.088918, 40.55772 ], [ -75.088863, 40.557686 ], [ -75.088591, 40.557503 ], [ -75.08829, 40.557285 ], [ -75.088031, 40.557079 ], [ -75.08784, 40.556912 ], [ -75.087669, 40.556746 ], [ -75.087519, 40.556582 ], [ -75.087507, 40.556569 ], [ -75.087351, 40.556379 ], [ -75.087247, 40.556264 ], [ -75.087055, 40.55607 ], [ -75.086856, 40.555888 ], [ -75.086653, 40.555722 ], [ -75.086546, 40.555638 ], [ -75.085517, 40.554838 ], [ -75.084844, 40.55429 ], [ -75.084005, 40.553576 ], [ -75.082504, 40.552261 ], [ -75.082293, 40.552058 ], [ -75.082124, 40.551871 ], [ -75.081949, 40.551651 ], [ -75.08147, 40.551008 ], [ -75.081307, 40.550817 ], [ -75.081141, 40.550646 ], [ -75.080887, 40.55041 ], [ -75.079601, 40.549263 ], [ -75.078373, 40.548148 ], [ -75.078223, 40.548011 ], [ -75.077976, 40.547798 ], [ -75.077745, 40.547615 ], [ -75.077036, 40.547104 ], [ -75.0761, 40.546472 ], [ -75.07544, 40.546009 ], [ -75.075158, 40.545819 ], [ -75.074715, 40.545538 ], [ -75.0743, 40.545293 ], [ -75.074099, 40.545184 ], [ -75.073638, 40.544951 ], [ -75.073435, 40.544837 ], [ -75.072716, 40.544476 ], [ -75.071203, 40.543717 ], [ -75.069516, 40.542875 ], [ -75.069331, 40.542786 ], [ -75.069214, 40.542713 ], [ -75.069097, 40.542628 ], [ -75.068981, 40.542533 ], [ -75.068865, 40.542425 ], [ -75.06867, 40.542221 ], [ -75.068481, 40.541996 ], [ -75.068383, 40.541853 ], [ -75.068336, 40.541786 ], [ -75.068194, 40.541545 ], [ -75.068012, 40.541176 ], [ -75.067817, 40.540666 ], [ -75.067576, 40.540119 ], [ -75.067563, 40.540085 ], [ -75.067483, 40.539881 ], [ -75.067399, 40.539603 ], [ -75.067149, 40.538635 ], [ -75.067122, 40.538445 ], [ -75.067119, 40.5384 ], [ -75.067099, 40.538089 ], [ -75.067079, 40.537883 ], [ -75.067017, 40.5374 ], [ -75.066925, 40.536932 ], [ -75.066804, 40.536461 ], [ -75.066701, 40.535993 ], [ -75.066454, 40.534685 ], [ -75.066204, 40.533443 ], [ -75.066186, 40.533354 ], [ -75.066118, 40.532977 ], [ -75.066054, 40.5326 ], [ -75.065995, 40.532223 ], [ -75.065966, 40.532024 ], [ -75.065939, 40.531845 ], [ -75.065898, 40.531513 ], [ -75.065822, 40.530774 ], [ -75.065778, 40.530446 ], [ -75.065749, 40.530274 ], [ -75.065711, 40.530085 ], [ -75.065573, 40.529463 ], [ -75.065525, 40.529234 ], [ -75.065445, 40.528801 ], [ -75.06536, 40.528309 ], [ -75.06522, 40.527443 ], [ -75.065142, 40.52689 ], [ -75.065103, 40.526562 ], [ -75.065092, 40.526427 ], [ -75.065087, 40.526297 ], [ -75.065085, 40.526111 ], [ -75.065091, 40.525899 ], [ -75.065141, 40.524943 ], [ -75.065159, 40.524694 ], [ -75.065167, 40.52458 ], [ -75.065183, 40.524425 ], [ -75.065203, 40.524271 ], [ -75.065229, 40.52409 ], [ -75.065261, 40.523903 ], [ -75.065339, 40.52351 ], [ -75.065396, 40.523273 ], [ -75.065526, 40.522812 ], [ -75.065576, 40.522619 ], [ -75.065631, 40.522356 ], [ -75.065643, 40.522275 ], [ -75.065651, 40.522187 ], [ -75.065667, 40.521772 ], [ -75.06567, 40.521302 ], [ -75.065674, 40.521128 ], [ -75.065674, 40.521116 ], [ -75.065685, 40.520811 ], [ -75.065701, 40.520482 ], [ -75.06572, 40.520171 ], [ -75.065726, 40.520076 ], [ -75.065759, 40.51959 ], [ -75.065773, 40.519448 ], [ -75.06582, 40.519054 ], [ -75.065829, 40.518933 ], [ -75.065831, 40.518898 ], [ -75.065834, 40.518825 ], [ -75.065831, 40.518698 ], [ -75.065821, 40.518598 ], [ -75.065728, 40.517056 ], [ -75.065623, 40.516135 ], [ -75.065591, 40.515961 ], [ -75.065578, 40.515792 ], [ -75.065563, 40.515299 ], [ -75.065463, 40.514289 ], [ -75.065445, 40.514109 ], [ -75.065414, 40.513862 ], [ -75.065371, 40.51363 ], [ -75.065325, 40.513458 ], [ -75.065251, 40.513179 ], [ -75.065197, 40.512927 ], [ -75.06513, 40.51254 ], [ -75.065051, 40.511989 ], [ -75.064991, 40.51145 ], [ -75.064898, 40.510452 ], [ -75.064861, 40.50998 ], [ -75.064842, 40.509603 ], [ -75.064819, 40.5083 ], [ -75.064782, 40.507468 ], [ -75.064794, 40.50693 ], [ -75.064816, 40.506672 ], [ -75.064852, 40.506463 ], [ -75.064904, 40.506289 ], [ -75.065079, 40.505813 ], [ -75.065113, 40.505675 ], [ -75.065137, 40.505504 ], [ -75.065149, 40.505324 ], [ -75.065132, 40.504574 ], [ -75.065127, 40.504319 ], [ -75.065115, 40.504064 ], [ -75.065095, 40.50381 ], [ -75.065072, 40.503595 ], [ -75.065053, 40.503457 ], [ -75.065031, 40.503286 ], [ -75.064988, 40.502916 ], [ -75.06496, 40.502762 ], [ -75.064943, 40.502694 ], [ -75.064923, 40.50263 ], [ -75.064883, 40.50253 ], [ -75.064834, 40.502435 ], [ -75.064766, 40.502331 ], [ -75.064674, 40.502206 ], [ -75.06453, 40.50202 ], [ -75.064457, 40.501934 ], [ -75.064363, 40.501834 ], [ -75.064137, 40.501605 ], [ -75.064034, 40.501492 ], [ -75.063948, 40.501381 ], [ -75.063913, 40.501328 ], [ -75.063881, 40.501276 ], [ -75.063828, 40.501172 ], [ -75.063778, 40.501056 ], [ -75.06373, 40.500927 ], [ -75.06368, 40.500771 ], [ -75.063628, 40.500598 ], [ -75.063589, 40.500445 ], [ -75.063554, 40.500286 ], [ -75.063526, 40.500125 ], [ -75.063512, 40.500045 ], [ -75.06343, 40.499597 ], [ -75.063272, 40.498934 ], [ -75.063232, 40.498665 ], [ -75.063213, 40.498384 ], [ -75.063192, 40.497717 ], [ -75.063197, 40.497563 ], [ -75.063225, 40.497334 ], [ -75.063233, 40.497184 ], [ -75.063232, 40.496987 ], [ -75.063217, 40.496841 ], [ -75.063183, 40.496672 ], [ -75.063088, 40.496319 ], [ -75.063078, 40.496276 ], [ -75.063053, 40.496166 ], [ -75.062997, 40.49574 ], [ -75.062979, 40.495608 ], [ -75.062883, 40.49507 ], [ -75.06281, 40.494778 ], [ -75.062783, 40.494692 ], [ -75.062681, 40.494374 ], [ -75.062627, 40.494145 ], [ -75.062595, 40.493959 ], [ -75.062583, 40.493844 ], [ -75.062583, 40.493747 ], [ -75.062593, 40.493655 ], [ -75.06262, 40.493399 ], [ -75.062625, 40.493268 ], [ -75.062616, 40.493167 ], [ -75.062576, 40.492959 ], [ -75.06257, 40.492874 ], [ -75.062581, 40.492788 ], [ -75.062631, 40.492568 ], [ -75.062631, 40.49243 ], [ -75.062574, 40.492128 ], [ -75.062553, 40.492016 ], [ -75.062512, 40.49159 ], [ -75.062497, 40.491441 ], [ -75.06247, 40.491236 ], [ -75.062437, 40.49107 ], [ -75.062346, 40.490708 ], [ -75.062275, 40.490356 ], [ -75.062241, 40.490141 ], [ -75.062176, 40.489626 ], [ -75.062108, 40.489263 ], [ -75.062081, 40.489096 ], [ -75.062038, 40.488836 ], [ -75.062009, 40.488577 ], [ -75.062011, 40.488367 ], [ -75.062026, 40.48826 ], [ -75.062051, 40.488161 ], [ -75.062083, 40.48808 ], [ -75.062128, 40.487995 ], [ -75.062242, 40.487835 ], [ -75.062549, 40.487469 ], [ -75.062617, 40.487373 ], [ -75.062668, 40.487284 ], [ -75.062688, 40.487244 ], [ -75.062747, 40.487119 ], [ -75.062798, 40.486988 ], [ -75.062839, 40.486842 ], [ -75.062871, 40.486678 ], [ -75.062918, 40.486224 ], [ -75.062928, 40.485832 ], [ -75.062913, 40.485442 ], [ -75.062868, 40.484885 ], [ -75.062877, 40.484324 ], [ -75.062867, 40.484059 ], [ -75.062858, 40.483857 ], [ -75.062858, 40.483674 ], [ -75.062861, 40.483633 ], [ -75.062885, 40.483286 ], [ -75.062966, 40.482585 ], [ -75.062987, 40.482022 ], [ -75.063013, 40.481644 ], [ -75.063053, 40.481282 ], [ -75.063135, 40.480855 ], [ -75.063166, 40.480303 ], [ -75.063185, 40.480134 ], [ -75.063203, 40.48005 ], [ -75.063279, 40.479789 ], [ -75.063323, 40.479423 ], [ -75.063346, 40.479298 ], [ -75.063366, 40.479231 ], [ -75.06341, 40.479078 ], [ -75.063494, 40.478855 ], [ -75.063627, 40.478571 ], [ -75.063696, 40.478454 ], [ -75.063767, 40.478334 ], [ -75.063792, 40.478285 ], [ -75.063821, 40.478228 ], [ -75.063915, 40.478011 ], [ -75.064009, 40.477745 ], [ -75.06409, 40.477593 ], [ -75.064178, 40.47743 ], [ -75.064204, 40.477357 ], [ -75.064231, 40.477187 ], [ -75.064255, 40.477114 ], [ -75.064288, 40.477065 ], [ -75.064394, 40.476954 ], [ -75.064482, 40.476805 ], [ -75.064547, 40.476722 ], [ -75.064794, 40.476482 ], [ -75.065023, 40.476278 ], [ -75.06518, 40.476118 ], [ -75.065288, 40.475996 ], [ -75.065326, 40.475949 ], [ -75.06538, 40.47588 ], [ -75.065541, 40.475617 ], [ -75.065629, 40.475503 ], [ -75.065632, 40.4755 ], [ -75.065789, 40.475338 ], [ -75.066143, 40.475011 ], [ -75.066279, 40.474899 ], [ -75.066408, 40.474806 ], [ -75.066572, 40.474701 ], [ -75.066726, 40.474616 ], [ -75.066816, 40.474578 ], [ -75.066922, 40.474541 ], [ -75.067297, 40.474438 ], [ -75.067433, 40.474395 ], [ -75.067559, 40.474342 ], [ -75.06766, 40.474282 ], [ -75.067749, 40.474212 ], [ -75.067754, 40.474207 ], [ -75.067834, 40.474134 ], [ -75.067915, 40.474047 ], [ -75.067989, 40.473953 ], [ -75.068057, 40.473854 ], [ -75.068115, 40.473751 ], [ -75.068164, 40.473646 ], [ -75.068175, 40.473615 ], [ -75.068199, 40.473548 ], [ -75.068225, 40.473415 ], [ -75.068232, 40.473256 ], [ -75.068213, 40.472778 ], [ -75.068212, 40.47276 ], [ -75.06819, 40.472416 ], [ -75.068189, 40.472153 ], [ -75.068203, 40.471847 ], [ -75.068258, 40.471008 ], [ -75.068269, 40.47065 ], [ -75.068265, 40.470419 ], [ -75.068243, 40.470143 ], [ -75.0682, 40.469775 ], [ -75.068171, 40.469595 ], [ -75.068135, 40.469443 ], [ -75.068092, 40.469305 ], [ -75.068015, 40.469093 ], [ -75.067971, 40.468976 ], [ -75.067931, 40.468885 ], [ -75.067906, 40.468836 ], [ -75.067896, 40.468818 ], [ -75.067868, 40.468772 ], [ -75.067755, 40.46862 ], [ -75.067731, 40.468585 ], [ -75.067719, 40.468568 ], [ -75.067694, 40.468521 ], [ -75.06767, 40.468465 ], [ -75.067666, 40.468452 ], [ -75.067638, 40.468359 ], [ -75.06758, 40.468117 ], [ -75.067551, 40.46796 ], [ -75.067529, 40.467802 ], [ -75.067522, 40.467755 ], [ -75.067477, 40.467425 ], [ -75.067445, 40.467265 ], [ -75.067387, 40.467065 ], [ -75.067305, 40.466831 ], [ -75.067288, 40.466783 ], [ -75.067129, 40.466414 ], [ -75.067077, 40.466269 ], [ -75.067036, 40.466112 ], [ -75.067025, 40.466056 ], [ -75.067016, 40.466003 ], [ -75.06701, 40.465914 ], [ -75.067019, 40.465824 ], [ -75.067055, 40.465683 ], [ -75.067187, 40.465318 ], [ -75.067262, 40.464918 ], [ -75.067345, 40.464633 ], [ -75.067495, 40.464255 ], [ -75.067722, 40.463751 ], [ -75.067941, 40.463266 ], [ -75.067989, 40.463116 ], [ -75.068073, 40.46277 ], [ -75.068128, 40.462616 ], [ -75.068174, 40.462504 ], [ -75.068242, 40.46238 ], [ -75.068877, 40.461296 ], [ -75.069257, 40.460647 ], [ -75.069676, 40.459841 ], [ -75.070033, 40.459063 ], [ -75.07014, 40.458818 ], [ -75.070258, 40.458576 ], [ -75.070313, 40.458472 ], [ -75.070351, 40.458405 ], [ -75.070521, 40.45814 ], [ -75.070583, 40.458033 ], [ -75.070639, 40.457918 ], [ -75.070694, 40.457778 ], [ -75.070738, 40.457639 ], [ -75.070777, 40.457486 ], [ -75.070814, 40.457315 ], [ -75.070857, 40.457083 ], [ -75.070881, 40.456928 ], [ -75.070896, 40.456797 ], [ -75.070904, 40.456677 ], [ -75.070904, 40.456566 ], [ -75.070897, 40.456472 ], [ -75.070883, 40.456375 ], [ -75.070861, 40.456267 ], [ -75.070828, 40.456137 ], [ -75.070717, 40.455735 ], [ -75.070657, 40.455531 ], [ -75.070589, 40.45533 ], [ -75.070549, 40.455226 ], [ -75.070519, 40.45515 ], [ -75.070461, 40.455023 ], [ -75.070392, 40.454887 ], [ -75.070316, 40.45475 ], [ -75.070234, 40.454615 ], [ -75.070147, 40.454483 ], [ -75.070055, 40.454353 ], [ -75.069958, 40.454225 ], [ -75.069873, 40.454124 ], [ -75.069852, 40.454099 ], [ -75.069673, 40.453811 ], [ -75.069569, 40.453621 ], [ -75.069428, 40.453336 ], [ -75.069364, 40.453189 ], [ -75.069298, 40.453011 ], [ -75.069243, 40.452808 ], [ -75.069173, 40.452552 ], [ -75.069102, 40.452351 ], [ -75.068959, 40.452033 ], [ -75.068897, 40.451894 ], [ -75.068655, 40.451434 ], [ -75.068569, 40.451252 ], [ -75.068494, 40.451061 ], [ -75.068348, 40.450635 ], [ -75.068277, 40.450458 ], [ -75.068143, 40.450196 ], [ -75.067847, 40.449692 ], [ -75.067715, 40.44945 ], [ -75.067473, 40.448981 ], [ -75.067263, 40.448552 ], [ -75.067206, 40.448436 ], [ -75.066949, 40.447893 ], [ -75.066437, 40.446775 ], [ -75.066309, 40.446455 ], [ -75.066212, 40.446172 ], [ -75.066126, 40.445833 ], [ -75.066108, 40.445702 ], [ -75.066094, 40.445605 ], [ -75.066099, 40.445476 ], [ -75.066102, 40.445457 ], [ -75.066149, 40.445198 ], [ -75.066149, 40.445079 ], [ -75.066129, 40.444985 ], [ -75.066127, 40.444974 ], [ -75.066048, 40.444734 ], [ -75.066022, 40.444621 ], [ -75.066004, 40.444496 ], [ -75.065953, 40.444139 ], [ -75.065928, 40.443911 ], [ -75.065913, 40.443648 ], [ -75.065907, 40.443336 ], [ -75.06591, 40.443197 ], [ -75.06593, 40.442935 ], [ -75.065933, 40.442709 ], [ -75.065928, 40.44262 ], [ -75.065926, 40.44258 ], [ -75.065907, 40.442472 ], [ -75.065845, 40.442299 ], [ -75.065659, 40.441923 ], [ -75.065314, 40.441318 ], [ -75.065192, 40.441072 ], [ -75.065132, 40.440915 ], [ -75.065083, 40.44075 ], [ -75.065031, 40.440575 ], [ -75.064979, 40.440428 ], [ -75.064911, 40.440281 ], [ -75.064737, 40.439952 ], [ -75.06467, 40.439797 ], [ -75.064586, 40.439535 ], [ -75.064528, 40.439283 ], [ -75.064503, 40.439103 ], [ -75.064488, 40.43891 ], [ -75.064484, 40.438701 ], [ -75.064491, 40.438465 ], [ -75.064519, 40.438254 ], [ -75.064636, 40.437801 ], [ -75.06467, 40.437605 ], [ -75.064676, 40.437509 ], [ -75.064672, 40.43742 ], [ -75.064672, 40.43742 ], [ -75.064624, 40.437158 ], [ -75.064567, 40.436971 ], [ -75.064492, 40.436799 ], [ -75.064011, 40.435653 ], [ -75.063874, 40.435291 ], [ -75.063553, 40.434488 ], [ -75.063422, 40.434137 ], [ -75.063276, 40.433706 ], [ -75.063212, 40.433506 ], [ -75.062919, 40.432597 ], [ -75.062897, 40.432532 ], [ -75.06278, 40.432222 ], [ -75.062707, 40.432015 ], [ -75.062671, 40.431912 ], [ -75.062587, 40.431656 ], [ -75.062431, 40.431149 ], [ -75.062372, 40.430947 ], [ -75.062351, 40.430862 ], [ -75.062329, 40.430777 ], [ -75.062296, 40.43062 ], [ -75.062281, 40.430524 ], [ -75.062273, 40.430474 ], [ -75.062267, 40.430415 ], [ -75.062262, 40.430367 ], [ -75.062257, 40.430253 ], [ -75.062193, 40.429165 ], [ -75.062193, 40.429164 ], [ -75.062193, 40.429079 ], [ -75.062193, 40.429077 ], [ -75.062194, 40.429004 ], [ -75.062194, 40.429001 ], [ -75.062194, 40.429 ], [ -75.062196, 40.42892 ], [ -75.062196, 40.428917 ], [ -75.062198, 40.428846 ], [ -75.062198, 40.428846 ], [ -75.062234, 40.42865 ], [ -75.062265, 40.428552 ], [ -75.062287, 40.428476 ], [ -75.062303, 40.428402 ], [ -75.062314, 40.428305 ], [ -75.062323, 40.428162 ], [ -75.06232, 40.428017 ], [ -75.062326, 40.427872 ], [ -75.062333, 40.427724 ], [ -75.062353, 40.427274 ], [ -75.062353, 40.427121 ], [ -75.062352, 40.427032 ], [ -75.062344, 40.426828 ], [ -75.062344, 40.426827 ], [ -75.062341, 40.426724 ], [ -75.062341, 40.426723 ], [ -75.062337, 40.426632 ], [ -75.062337, 40.426631 ], [ -75.062324, 40.426423 ], [ -75.062324, 40.426422 ], [ -75.062313, 40.426306 ], [ -75.062313, 40.426306 ], [ -75.062258, 40.425892 ], [ -75.062258, 40.425892 ], [ -75.062258, 40.425892 ], [ -75.062147, 40.425452 ], [ -75.062091, 40.42517 ], [ -75.06201, 40.424887 ], [ -75.061997, 40.424842 ], [ -75.061979, 40.424793 ], [ -75.061914, 40.424626 ], [ -75.061803, 40.424366 ], [ -75.061307, 40.423156 ], [ -75.061238, 40.422958 ], [ -75.06116, 40.4228 ], [ -75.060923, 40.422406 ], [ -75.06082, 40.422205 ], [ -75.060615, 40.421724 ], [ -75.06044, 40.421255 ], [ -75.060362, 40.421068 ], [ -75.060325, 40.42098 ], [ -75.060209, 40.420726 ], [ -75.060101, 40.420528 ], [ -75.059982, 40.420354 ], [ -75.059635, 40.419897 ], [ -75.058952, 40.418864 ], [ -75.058815, 40.418689 ], [ -75.058644, 40.418502 ], [ -75.058224, 40.418091 ], [ -75.057791, 40.417692 ], [ -75.057461, 40.417352 ], [ -75.057305, 40.417215 ], [ -75.057057, 40.417026 ], [ -75.056749, 40.416819 ], [ -75.056531, 40.416689 ], [ -75.056244, 40.416541 ], [ -75.056038, 40.416451 ], [ -75.055853, 40.416393 ], [ -75.055725, 40.416372 ], [ -75.055591, 40.416359 ], [ -75.0554, 40.416341 ], [ -75.055318, 40.416325 ], [ -75.055228, 40.4163 ], [ -75.05509, 40.416248 ], [ -75.054752, 40.416094 ], [ -75.054505, 40.415995 ], [ -75.054388, 40.415951 ], [ -75.054208, 40.415883 ], [ -75.053968, 40.415805 ], [ -75.053867, 40.415778 ], [ -75.053338, 40.415639 ], [ -75.052472, 40.415429 ], [ -75.052128, 40.415356 ], [ -75.051822, 40.415306 ], [ -75.050983, 40.415202 ], [ -75.050074, 40.4151 ], [ -75.049795, 40.415062 ], [ -75.049547, 40.41502 ], [ -75.049184, 40.414946 ], [ -75.048748, 40.414844 ], [ -75.047806, 40.414609 ], [ -75.047345, 40.414481 ], [ -75.046966, 40.414352 ], [ -75.046562, 40.414189 ], [ -75.046132, 40.413992 ], [ -75.04563, 40.41374 ], [ -75.045209, 40.413514 ], [ -75.044849, 40.413302 ], [ -75.044501, 40.413074 ], [ -75.044164, 40.41283 ], [ -75.044145, 40.412816 ], [ -75.044036, 40.41273 ], [ -75.043893, 40.412589 ], [ -75.043803, 40.412485 ], [ -75.043743, 40.412414 ], [ -75.043668, 40.412324 ], [ -75.043542, 40.412193 ], [ -75.043405, 40.412066 ], [ -75.043244, 40.411938 ], [ -75.04216, 40.41114 ], [ -75.042014, 40.411032 ], [ -75.041911, 40.41093 ], [ -75.04171, 40.410678 ], [ -75.041641, 40.410611 ], [ -75.04164, 40.41061 ], [ -75.041554, 40.410539 ], [ -75.041539, 40.410528 ], [ -75.040866, 40.410057 ], [ -75.03983, 40.409467 ], [ -75.039763, 40.409425 ], [ -75.039699, 40.40938 ], [ -75.03964, 40.409332 ], [ -75.039609, 40.409303 ], [ -75.039589, 40.409284 ], [ -75.039585, 40.409281 ], [ -75.039584, 40.40928 ], [ -75.039535, 40.409227 ], [ -75.039491, 40.40917 ], [ -75.039451, 40.409111 ], [ -75.039417, 40.40905 ], [ -75.039353, 40.408922 ], [ -75.039348, 40.408913 ], [ -75.039337, 40.408891 ], [ -75.03931, 40.408842 ], [ -75.039277, 40.408795 ], [ -75.039239, 40.408751 ], [ -75.039197, 40.408709 ], [ -75.03915, 40.408669 ], [ -75.039099, 40.408633 ], [ -75.039045, 40.4086 ], [ -75.038987, 40.408571 ], [ -75.038036, 40.408132 ], [ -75.037847, 40.408045 ], [ -75.03769, 40.407967 ], [ -75.037304, 40.407798 ], [ -75.03711, 40.407695 ], [ -75.036931, 40.407585 ], [ -75.036534, 40.407322 ], [ -75.036343, 40.407208 ], [ -75.036107, 40.407085 ], [ -75.035568, 40.406831 ], [ -75.035334, 40.406714 ], [ -75.035097, 40.40658 ], [ -75.034517, 40.406238 ], [ -75.033898, 40.405898 ], [ -75.033591, 40.405741 ], [ -75.03331, 40.405608 ], [ -75.032457, 40.405247 ], [ -75.032119, 40.40512 ], [ -75.031721, 40.404992 ], [ -75.031428, 40.404913 ], [ -75.030357, 40.40465 ], [ -75.030084, 40.404579 ], [ -75.029827, 40.404501 ], [ -75.029226, 40.404301 ], [ -75.02874, 40.40416 ], [ -75.028195, 40.404021 ], [ -75.027894, 40.403957 ], [ -75.027601, 40.403901 ], [ -75.027331, 40.403857 ], [ -75.027055, 40.403819 ], [ -75.026097, 40.403715 ], [ -75.025992, 40.403704 ], [ -75.025641, 40.403682 ], [ -75.025296, 40.403688 ], [ -75.024999, 40.40371 ], [ -75.024698, 40.403747 ], [ -75.024104, 40.403862 ], [ -75.023602, 40.403946 ], [ -75.023592, 40.403948 ], [ -75.023427, 40.403965 ], [ -75.023047, 40.403991 ], [ -75.022712, 40.404045 ], [ -75.022229, 40.40417 ], [ -75.020788, 40.404507 ], [ -75.020379, 40.404603 ], [ -75.017449, 40.405241 ], [ -75.017225, 40.405288 ], [ -75.016946, 40.405362 ], [ -75.01633, 40.405548 ], [ -75.016015, 40.405629 ], [ -75.014631, 40.405935 ], [ -75.012546, 40.406448 ], [ -75.011341, 40.406719 ], [ -75.01117, 40.40676 ], [ -75.010517, 40.406918 ], [ -75.009687, 40.407113 ], [ -75.009188, 40.407202 ], [ -75.008496, 40.407325 ], [ -75.007897, 40.407405 ], [ -75.007338, 40.407465 ], [ -75.006827, 40.407505 ], [ -75.005805, 40.407537 ], [ -75.005799, 40.407537 ], [ -75.004699, 40.407569 ], [ -75.004396, 40.407579 ], [ -75.00407, 40.407604 ], [ -75.00381, 40.407647 ], [ -75.003655, 40.40769 ], [ -75.003567, 40.407725 ], [ -75.003527, 40.407741 ], [ -75.003326, 40.407869 ], [ -75.003118, 40.408001 ], [ -75.003057, 40.408028 ], [ -75.002827, 40.408129 ], [ -75.002633, 40.40823 ], [ -75.002323, 40.408424 ], [ -75.002011, 40.408645 ], [ -75.001888, 40.408732 ], [ -75.001487, 40.408963 ], [ -75.001, 40.409247 ], [ -75.000442, 40.409602 ], [ -75.000228, 40.409718 ], [ -75.000008, 40.409823 ], [ -74.999771, 40.409923 ], [ -74.999569, 40.409994 ], [ -74.998335, 40.410371 ], [ -74.998112, 40.410438 ], [ -74.998108, 40.410439 ], [ -74.997709, 40.410523 ], [ -74.997277, 40.410584 ], [ -74.996967, 40.410609 ], [ -74.996653, 40.410618 ], [ -74.996347, 40.410612 ], [ -74.996061, 40.410589 ], [ -74.995795, 40.41055 ], [ -74.995329, 40.410446 ], [ -74.995021, 40.410386 ], [ -74.994263, 40.410258 ], [ -74.994064, 40.410227 ], [ -74.993717, 40.410181 ], [ -74.992985, 40.410083 ], [ -74.992685, 40.410028 ], [ -74.992411, 40.409965 ], [ -74.992158, 40.409896 ], [ -74.991894, 40.409816 ], [ -74.991307, 40.409615 ], [ -74.990888, 40.409448 ], [ -74.99044, 40.409269 ], [ -74.98933, 40.408849 ], [ -74.988798, 40.408648 ], [ -74.988514, 40.408526 ], [ -74.988217, 40.408376 ], [ -74.987887, 40.408187 ], [ -74.98765, 40.408032 ], [ -74.98743, 40.407871 ], [ -74.986477, 40.407139 ], [ -74.985052, 40.406036 ], [ -74.984808, 40.405847 ], [ -74.984471, 40.405604 ], [ -74.984124, 40.405377 ], [ -74.983611, 40.405072 ], [ -74.982985, 40.404728 ], [ -74.982653, 40.404559 ], [ -74.981803, 40.404143 ], [ -74.980911, 40.403674 ], [ -74.980513, 40.403478 ], [ -74.980259, 40.403367 ], [ -74.979974, 40.403254 ], [ -74.978989, 40.402906 ], [ -74.978621, 40.402767 ], [ -74.978278, 40.402621 ], [ -74.97761, 40.40231 ], [ -74.977561, 40.402287 ], [ -74.977327, 40.402184 ], [ -74.977019, 40.402061 ], [ -74.976661, 40.401935 ], [ -74.975735, 40.401645 ], [ -74.975383, 40.401535 ], [ -74.97416, 40.401135 ], [ -74.973975, 40.401072 ], [ -74.973438, 40.400888 ], [ -74.973167, 40.400804 ], [ -74.972784, 40.400699 ], [ -74.972156, 40.400553 ], [ -74.971525, 40.400392 ], [ -74.970869, 40.400217 ], [ -74.970219, 40.400036 ], [ -74.970216, 40.400035 ], [ -74.969731, 40.399879 ], [ -74.96926, 40.399698 ], [ -74.968845, 40.399509 ], [ -74.968331, 40.399247 ], [ -74.968027, 40.399074 ], [ -74.96784, 40.398968 ], [ -74.967306, 40.398636 ], [ -74.966902, 40.398365 ], [ -74.966387, 40.398001 ], [ -74.966222, 40.397884 ], [ -74.966074, 40.397772 ], [ -74.965953, 40.397669 ], [ -74.965832, 40.397554 ], [ -74.965699, 40.397414 ], [ -74.965396, 40.397072 ], [ -74.964961, 40.396554 ], [ -74.96443, 40.395977 ], [ -74.964419, 40.395964 ], [ -74.964303, 40.395821 ], [ -74.964151, 40.395614 ], [ -74.963953, 40.395312 ], [ -74.963925, 40.395263 ], [ -74.963763, 40.394984 ], [ -74.963604, 40.394676 ], [ -74.963564, 40.394599 ], [ -74.963427, 40.394291 ], [ -74.96341, 40.394244 ], [ -74.963355, 40.39409 ], [ -74.963208, 40.393584 ], [ -74.962997, 40.392999 ], [ -74.96297, 40.392923 ], [ -74.962885, 40.392668 ], [ -74.962722, 40.392072 ], [ -74.962664, 40.391819 ], [ -74.962596, 40.391526 ], [ -74.962463, 40.391107 ], [ -74.962389, 40.390914 ], [ -74.962311, 40.390738 ], [ -74.962095, 40.390353 ], [ -74.962025, 40.390212 ], [ -74.961954, 40.390037 ], [ -74.961763, 40.389502 ], [ -74.961641, 40.389234 ], [ -74.961506, 40.388965 ], [ -74.961302, 40.388607 ], [ -74.961286, 40.388582 ], [ -74.961088, 40.388275 ], [ -74.96097, 40.388093 ], [ -74.960778, 40.387821 ], [ -74.960291, 40.387163 ], [ -74.960056, 40.386815 ], [ -74.959947, 40.38663 ], [ -74.959708, 40.386197 ], [ -74.959576, 40.385973 ], [ -74.959389, 40.385657 ], [ -74.959335, 40.385553 ], [ -74.95914, 40.38518 ], [ -74.959024, 40.384981 ], [ -74.958901, 40.384803 ], [ -74.958613, 40.384418 ], [ -74.958492, 40.384246 ], [ -74.958338, 40.384001 ], [ -74.958012, 40.383432 ], [ -74.957858, 40.383182 ], [ -74.957689, 40.382935 ], [ -74.957251, 40.382332 ], [ -74.957024, 40.381981 ], [ -74.956533, 40.381139 ], [ -74.95558, 40.379365 ], [ -74.955421, 40.379084 ], [ -74.955366, 40.378988 ], [ -74.955036, 40.378425 ], [ -74.9549, 40.378165 ], [ -74.954788, 40.377932 ], [ -74.954751, 40.377856 ], [ -74.954359, 40.377003 ], [ -74.954323, 40.376926 ], [ -74.954185, 40.376599 ], [ -74.954171, 40.376565 ], [ -74.953985, 40.376048 ], [ -74.953915, 40.375808 ], [ -74.953853, 40.375554 ], [ -74.953799, 40.375401 ], [ -74.953798, 40.375399 ], [ -74.953726, 40.375244 ], [ -74.953708, 40.375209 ], [ -74.953547, 40.374895 ], [ -74.953444, 40.374669 ], [ -74.953337, 40.37442 ], [ -74.953113, 40.373899 ], [ -74.952793, 40.373127 ], [ -74.952636, 40.372775 ], [ -74.952374, 40.372234 ], [ -74.951386, 40.370274 ], [ -74.951331, 40.370164 ], [ -74.951186, 40.36985 ], [ -74.951122, 40.369708 ], [ -74.950549, 40.3684 ], [ -74.949752, 40.366741 ], [ -74.949605, 40.366458 ], [ -74.949474, 40.366229 ], [ -74.949464, 40.366211 ], [ -74.949383, 40.366085 ], [ -74.949169, 40.365789 ], [ -74.949076, 40.365623 ], [ -74.949038, 40.365513 ], [ -74.948974, 40.365248 ], [ -74.948929, 40.365104 ], [ -74.948599, 40.364257 ], [ -74.948531, 40.364066 ], [ -74.948526, 40.36405 ], [ -74.948486, 40.363901 ], [ -74.948421, 40.363551 ], [ -74.948369, 40.363343 ], [ -74.948256, 40.362972 ], [ -74.948238, 40.362911 ], [ -74.948107, 40.362528 ], [ -74.948025, 40.362311 ], [ -74.947927, 40.362078 ], [ -74.947456, 40.361041 ], [ -74.947195, 40.360394 ], [ -74.947047, 40.359992 ], [ -74.946984, 40.359798 ], [ -74.94628, 40.358061 ], [ -74.946239, 40.35796 ], [ -74.94622, 40.357877 ], [ -74.946213, 40.357787 ], [ -74.94616, 40.357387 ], [ -74.946075, 40.356763 ], [ -74.946073, 40.356745 ], [ -74.946052, 40.356643 ], [ -74.946043, 40.356549 ], [ -74.946047, 40.356452 ], [ -74.946049, 40.356422 ], [ -74.946072, 40.35628 ], [ -74.946198, 40.355819 ], [ -74.946233, 40.355653 ], [ -74.946252, 40.355466 ], [ -74.946255, 40.355383 ], [ -74.946261, 40.355217 ], [ -74.946258, 40.354974 ], [ -74.946242, 40.354722 ], [ -74.946168, 40.354169 ], [ -74.946138, 40.353812 ], [ -74.946094, 40.353006 ], [ -74.94606, 40.352724 ], [ -74.945991, 40.352445 ], [ -74.945888, 40.352173 ], [ -74.94575, 40.351909 ], [ -74.945501, 40.351494 ], [ -74.945486, 40.351467 ], [ -74.945454, 40.351408 ], [ -74.945415, 40.351313 ], [ -74.945383, 40.351208 ], [ -74.945359, 40.351089 ], [ -74.945335, 40.350887 ], [ -74.945303, 40.350616 ], [ -74.945228, 40.350073 ], [ -74.945137, 40.348979 ], [ -74.94513, 40.348843 ], [ -74.94512, 40.348644 ], [ -74.945124, 40.348496 ], [ -74.945142, 40.348384 ], [ -74.94515, 40.348355 ], [ -74.945209, 40.348136 ], [ -74.94523, 40.348022 ], [ -74.945256, 40.347785 ], [ -74.945263, 40.347549 ], [ -74.945255, 40.347347 ], [ -74.945232, 40.347156 ], [ -74.945189, 40.34693 ], [ -74.945116, 40.346617 ], [ -74.945102, 40.346569 ], [ -74.94502, 40.346279 ], [ -74.944918, 40.345972 ], [ -74.944748, 40.345509 ], [ -74.944566, 40.345051 ], [ -74.944535, 40.344973 ], [ -74.944368, 40.344578 ], [ -74.944206, 40.344222 ], [ -74.944019, 40.34384 ], [ -74.943821, 40.343461 ], [ -74.943742, 40.343226 ], [ -74.943651, 40.342994 ], [ -74.943543, 40.342748 ], [ -74.943451, 40.34257 ], [ -74.943345, 40.342389 ], [ -74.943241, 40.342222 ], [ -74.943, 40.341837 ], [ -74.942923, 40.341694 ], [ -74.942737, 40.341349 ], [ -74.942666, 40.341217 ], [ -74.942356, 40.340671 ], [ -74.942119, 40.340298 ], [ -74.94186, 40.339926 ], [ -74.94161, 40.339595 ], [ -74.941348, 40.33928 ], [ -74.94133, 40.33926 ], [ -74.940654, 40.338503 ], [ -74.940162, 40.337965 ], [ -74.940014, 40.337811 ], [ -74.939933, 40.337728 ], [ -74.939715, 40.337519 ], [ -74.939448, 40.337281 ], [ -74.939159, 40.337038 ], [ -74.938926, 40.336858 ], [ -74.938653, 40.33666 ], [ -74.938455, 40.336523 ], [ -74.937895, 40.336137 ], [ -74.937849, 40.336104 ], [ -74.936369, 40.335066 ], [ -74.935548, 40.334513 ], [ -74.934642, 40.333931 ], [ -74.934171, 40.333637 ], [ -74.932832, 40.332799 ], [ -74.932831, 40.332799 ], [ -74.932285, 40.332466 ], [ -74.932192, 40.332409 ], [ -74.932175, 40.332399 ], [ -74.931565, 40.332049 ], [ -74.930923, 40.331715 ], [ -74.930665, 40.331568 ], [ -74.930496, 40.331458 ], [ -74.930121, 40.331193 ], [ -74.929948, 40.331079 ], [ -74.929794, 40.330987 ], [ -74.929437, 40.330789 ], [ -74.929259, 40.330679 ], [ -74.928495, 40.330144 ], [ -74.928039, 40.329849 ], [ -74.927644, 40.329606 ], [ -74.927262, 40.329385 ], [ -74.92684, 40.329155 ], [ -74.926423, 40.328938 ], [ -74.925746, 40.328611 ], [ -74.925546, 40.328502 ], [ -74.925329, 40.328375 ], [ -74.924866, 40.328079 ], [ -74.923777, 40.327342 ], [ -74.923372, 40.32705 ], [ -74.922974, 40.326737 ], [ -74.92247, 40.32632 ], [ -74.922102, 40.326004 ], [ -74.921719, 40.325674 ], [ -74.921361, 40.325382 ], [ -74.92091, 40.325013 ], [ -74.920562, 40.324712 ], [ -74.919467, 40.323735 ], [ -74.919401, 40.323678 ], [ -74.919222, 40.323526 ], [ -74.919172, 40.323488 ], [ -74.918971, 40.323335 ], [ -74.918385, 40.322944 ], [ -74.917994, 40.322659 ], [ -74.917671, 40.322408 ], [ -74.917343, 40.322118 ], [ -74.917198, 40.322003 ], [ -74.917112, 40.321945 ], [ -74.917095, 40.321933 ], [ -74.917089, 40.32193 ], [ -74.916764, 40.321733 ], [ -74.916594, 40.321615 ], [ -74.916424, 40.321487 ], [ -74.916248, 40.321344 ], [ -74.916113, 40.321225 ], [ -74.916098, 40.321211 ], [ -74.915445, 40.320584 ], [ -74.915139, 40.320305 ], [ -74.914948, 40.320151 ], [ -74.914743, 40.320018 ], [ -74.914525, 40.319899 ], [ -74.913956, 40.319619 ], [ -74.913606, 40.319435 ], [ -74.913043, 40.31914 ], [ -74.912205, 40.318713 ], [ -74.911348, 40.318288 ], [ -74.910633, 40.31795 ], [ -74.910106, 40.317712 ], [ -74.909548, 40.317468 ], [ -74.907744, 40.316707 ], [ -74.907732, 40.316702 ], [ -74.907285, 40.31653 ], [ -74.907084, 40.316463 ], [ -74.906898, 40.316409 ], [ -74.90679, 40.316382 ], [ -74.906691, 40.316357 ], [ -74.906459, 40.316308 ], [ -74.905575, 40.31615 ], [ -74.90521, 40.316075 ], [ -74.904867, 40.315987 ], [ -74.904567, 40.3159 ], [ -74.904097, 40.315765 ], [ -74.903744, 40.315679 ], [ -74.903463, 40.315627 ], [ -74.903173, 40.315588 ], [ -74.902932, 40.315556 ], [ -74.902657, 40.315536 ], [ -74.90242, 40.315537 ], [ -74.902248, 40.315556 ], [ -74.901535, 40.315578 ], [ -74.899905, 40.315619 ], [ -74.89978, 40.315621 ], [ -74.899587, 40.315625 ], [ -74.899276, 40.315616 ], [ -74.898946, 40.315595 ], [ -74.898584, 40.31556 ], [ -74.898199, 40.315513 ], [ -74.897865, 40.315461 ], [ -74.897521, 40.315399 ], [ -74.897187, 40.315329 ], [ -74.896857, 40.31525 ], [ -74.896855, 40.315249 ], [ -74.896496, 40.315153 ], [ -74.896474, 40.315146 ], [ -74.896127, 40.315043 ], [ -74.895838, 40.314949 ], [ -74.895494, 40.314827 ], [ -74.894769, 40.314557 ], [ -74.894566, 40.314481 ], [ -74.894544, 40.314472 ], [ -74.893995, 40.314249 ], [ -74.893657, 40.314098 ], [ -74.893326, 40.313941 ], [ -74.892921, 40.313736 ], [ -74.892675, 40.313603 ], [ -74.892446, 40.313462 ], [ -74.891956, 40.313125 ], [ -74.89148, 40.312828 ], [ -74.890922, 40.312493 ], [ -74.890834, 40.31244 ], [ -74.889813, 40.31185 ], [ -74.889267, 40.311528 ], [ -74.88846, 40.311038 ], [ -74.888027, 40.310759 ], [ -74.888018, 40.310753 ], [ -74.887565, 40.31045 ], [ -74.886474, 40.309689 ], [ -74.885207, 40.308756 ], [ -74.884264, 40.308029 ], [ -74.883914, 40.307766 ], [ -74.883599, 40.307542 ], [ -74.882973, 40.307118 ], [ -74.88267, 40.306898 ], [ -74.881511, 40.305992 ], [ -74.88112, 40.305709 ], [ -74.880694, 40.305401 ], [ -74.880416, 40.30519 ], [ -74.880199, 40.30501 ], [ -74.879754, 40.30461 ], [ -74.879563, 40.304453 ], [ -74.879381, 40.304324 ], [ -74.878946, 40.30404 ], [ -74.878729, 40.303879 ], [ -74.878522, 40.303708 ], [ -74.878299, 40.303507 ], [ -74.877681, 40.302912 ], [ -74.876921, 40.302198 ], [ -74.876806, 40.30209 ], [ -74.876548, 40.301867 ], [ -74.876502, 40.301831 ], [ -74.876269, 40.301647 ], [ -74.876221, 40.301612 ], [ -74.875507, 40.301089 ], [ -74.874696, 40.300518 ], [ -74.874447, 40.300351 ], [ -74.874274, 40.300246 ], [ -74.874121, 40.300164 ], [ -74.873658, 40.299958 ], [ -74.873513, 40.299888 ], [ -74.873393, 40.299821 ], [ -74.873391, 40.299819 ], [ -74.87326, 40.299735 ], [ -74.873015, 40.299553 ], [ -74.872541, 40.299161 ], [ -74.872503, 40.29913 ], [ -74.872252, 40.298938 ], [ -74.871878, 40.298651 ], [ -74.871815, 40.298599 ], [ -74.871688, 40.298495 ], [ -74.871466, 40.298299 ], [ -74.871268, 40.298116 ], [ -74.871093, 40.297942 ], [ -74.870902, 40.29773 ], [ -74.870568, 40.297307 ], [ -74.870421, 40.297134 ], [ -74.87011, 40.296807 ], [ -74.869748, 40.296455 ], [ -74.86953, 40.296253 ], [ -74.869367, 40.296114 ], [ -74.869152, 40.295945 ], [ -74.868758, 40.295647 ], [ -74.868493, 40.295447 ], [ -74.868295, 40.295282 ], [ -74.868128, 40.295128 ], [ -74.867931, 40.294917 ], [ -74.867572, 40.294482 ], [ -74.867414, 40.294303 ], [ -74.867361, 40.29425 ], [ -74.866905, 40.293791 ], [ -74.8663, 40.293182 ], [ -74.866091, 40.292961 ], [ -74.865893, 40.292733 ], [ -74.865104, 40.291755 ], [ -74.86457, 40.291078 ], [ -74.863969, 40.290296 ], [ -74.863268, 40.28936 ], [ -74.863034, 40.28903 ], [ -74.862526, 40.28827 ], [ -74.862011, 40.287575 ], [ -74.861913, 40.287435 ], [ -74.861836, 40.287326 ], [ -74.861672, 40.287073 ], [ -74.861207, 40.286314 ], [ -74.860613, 40.285455 ], [ -74.860386, 40.285108 ], [ -74.860031, 40.284524 ], [ -74.859674, 40.283898 ], [ -74.859651, 40.283854 ], [ -74.859349, 40.283287 ], [ -74.859044, 40.28267 ], [ -74.858405, 40.2816 ], [ -74.858251, 40.281322 ], [ -74.85813, 40.281081 ], [ -74.858043, 40.280887 ], [ -74.857956, 40.280669 ], [ -74.85785, 40.280372 ], [ -74.857652, 40.279815 ], [ -74.857566, 40.279589 ], [ -74.857374, 40.279079 ], [ -74.857271, 40.278823 ], [ -74.85712, 40.278503 ], [ -74.856957, 40.278219 ], [ -74.856815, 40.277972 ], [ -74.856727, 40.277776 ], [ -74.856676, 40.277662 ], [ -74.85664, 40.277582 ], [ -74.856558, 40.277364 ], [ -74.856495, 40.277158 ], [ -74.856456, 40.276998 ], [ -74.856305, 40.276475 ], [ -74.856181, 40.276043 ], [ -74.855942, 40.275339 ], [ -74.855654, 40.274693 ], [ -74.8553, 40.273899 ], [ -74.855159, 40.273634 ], [ -74.854758, 40.272723 ], [ -74.854427, 40.272085 ], [ -74.854304, 40.271827 ], [ -74.85416, 40.271484 ], [ -74.85388, 40.270749 ], [ -74.85375, 40.270431 ], [ -74.853722, 40.270367 ], [ -74.853497, 40.269846 ], [ -74.853224, 40.269298 ], [ -74.853001, 40.268888 ], [ -74.852799, 40.268579 ], [ -74.852551, 40.268283 ], [ -74.851918, 40.267644 ], [ -74.851411, 40.267056 ], [ -74.850925, 40.266458 ], [ -74.850609, 40.266144 ], [ -74.85044, 40.265953 ], [ -74.850381, 40.265864 ], [ -74.850303, 40.265747 ], [ -74.850201, 40.265529 ], [ -74.850157, 40.265379 ], [ -74.850135, 40.265303 ], [ -74.850064, 40.265069 ], [ -74.849948, 40.264846 ], [ -74.849791, 40.264638 ], [ -74.849596, 40.264449 ], [ -74.849416, 40.2643 ], [ -74.849277, 40.264168 ], [ -74.849276, 40.264167 ], [ -74.849166, 40.264045 ], [ -74.849166, 40.264045 ], [ -74.849112, 40.263981 ], [ -74.849112, 40.263981 ], [ -74.849001, 40.263838 ], [ -74.849001, 40.263838 ], [ -74.848893, 40.263683 ], [ -74.848893, 40.263683 ], [ -74.848833, 40.263587 ], [ -74.848833, 40.263586 ], [ -74.848763, 40.263465 ], [ -74.848728, 40.263389 ], [ -74.848671, 40.263214 ], [ -74.848638, 40.263088 ], [ -74.848624, 40.262959 ], [ -74.848628, 40.262831 ], [ -74.848639, 40.26272 ], [ -74.848643, 40.262675 ], [ -74.848647, 40.262522 ], [ -74.848648, 40.262514 ], [ -74.848628, 40.262354 ], [ -74.848585, 40.262197 ], [ -74.84852, 40.262044 ], [ -74.848326, 40.261666 ], [ -74.847648, 40.260365 ], [ -74.847307, 40.259696 ], [ -74.847129, 40.259406 ], [ -74.846983, 40.259224 ], [ -74.846725, 40.258979 ], [ -74.846586, 40.258848 ], [ -74.846435, 40.258665 ], [ -74.846346, 40.258515 ], [ -74.846319, 40.258459 ], [ -74.846272, 40.25836 ], [ -74.846211, 40.258199 ], [ -74.846164, 40.258032 ], [ -74.846131, 40.257904 ], [ -74.846034, 40.257401 ], [ -74.845948, 40.257009 ], [ -74.845776, 40.256315 ], [ -74.845689, 40.256021 ], [ -74.845597, 40.255797 ], [ -74.845484, 40.255594 ], [ -74.845335, 40.255374 ], [ -74.845178, 40.255168 ], [ -74.844781, 40.254677 ], [ -74.844593, 40.25442 ], [ -74.844086, 40.253637 ], [ -74.843536, 40.25274 ], [ -74.843134, 40.252053 ], [ -74.842819, 40.251466 ], [ -74.842708, 40.251226 ], [ -74.842554, 40.250803 ], [ -74.842489, 40.250643 ], [ -74.842409, 40.250485 ], [ -74.84232, 40.25035 ], [ -74.842241, 40.250256 ], [ -74.842171, 40.250182 ], [ -74.842141, 40.250151 ], [ -74.841898, 40.249934 ], [ -74.841758, 40.249826 ], [ -74.841479, 40.249648 ], [ -74.841367, 40.249568 ], [ -74.841268, 40.24948 ], [ -74.841058, 40.249265 ], [ -74.840876, 40.249107 ], [ -74.84027, 40.248628 ], [ -74.839768, 40.248253 ], [ -74.839309, 40.247926 ], [ -74.83908, 40.247775 ], [ -74.838891, 40.24767 ], [ -74.838478, 40.247468 ], [ -74.838304, 40.247376 ], [ -74.838152, 40.247283 ], [ -74.837803, 40.247049 ], [ -74.83762, 40.246943 ], [ -74.837397, 40.246842 ], [ -74.836935, 40.246668 ], [ -74.836744, 40.246588 ], [ -74.836479, 40.246464 ], [ -74.835752, 40.246099 ], [ -74.83552, 40.245996 ], [ -74.835254, 40.245888 ], [ -74.83496, 40.245779 ], [ -74.834627, 40.245665 ], [ -74.833232, 40.245219 ], [ -74.83242, 40.244932 ], [ -74.831903, 40.24474 ], [ -74.830789, 40.244299 ], [ -74.829774, 40.243912 ], [ -74.828943, 40.243641 ], [ -74.828122, 40.243356 ], [ -74.82731, 40.243058 ], [ -74.826508, 40.242746 ], [ -74.825808, 40.242459 ], [ -74.825785, 40.24245 ], [ -74.825055, 40.242137 ], [ -74.824556, 40.241911 ], [ -74.824229, 40.241756 ], [ -74.823975, 40.241628 ], [ -74.823629, 40.241441 ], [ -74.823399, 40.241309 ], [ -74.823203, 40.241187 ], [ -74.822997, 40.241043 ], [ -74.822785, 40.240875 ], [ -74.822551, 40.240672 ], [ -74.822154, 40.240312 ], [ -74.821943, 40.240108 ], [ -74.821761, 40.239921 ], [ -74.821473, 40.239574 ], [ -74.821371, 40.239461 ], [ -74.821213, 40.23931 ], [ -74.821173, 40.239271 ], [ -74.821004, 40.239132 ], [ -74.820825, 40.239012 ], [ -74.820771, 40.238981 ], [ -74.820421, 40.238777 ], [ -74.819581, 40.238307 ], [ -74.819215, 40.238079 ], [ -74.819071, 40.23799 ], [ -74.818843, 40.237867 ], [ -74.818545, 40.237723 ], [ -74.818358, 40.237644 ], [ -74.817851, 40.237447 ], [ -74.817322, 40.23725 ], [ -74.81705, 40.237136 ], [ -74.817042, 40.237132 ], [ -74.816732, 40.236979 ], [ -74.815794, 40.236481 ], [ -74.815618, 40.236395 ], [ -74.815595, 40.236385 ], [ -74.815408, 40.236304 ], [ -74.81504, 40.236161 ], [ -74.814619, 40.236016 ], [ -74.814152, 40.23587 ], [ -74.813759, 40.235764 ], [ -74.813518, 40.23571 ], [ -74.813493, 40.235706 ], [ -74.813268, 40.235665 ], [ -74.812677, 40.235574 ], [ -74.812282, 40.23552 ], [ -74.812107, 40.235497 ], [ -74.81198, 40.235474 ], [ -74.811962, 40.235471 ], [ -74.811827, 40.235447 ], [ -74.811803, 40.235442 ], [ -74.8116, 40.235395 ], [ -74.811007, 40.235239 ], [ -74.809916, 40.234969 ], [ -74.809478, 40.234841 ], [ -74.809111, 40.234716 ], [ -74.808579, 40.234545 ], [ -74.808001, 40.234343 ], [ -74.807621, 40.234223 ], [ -74.807449, 40.234169 ], [ -74.807239, 40.234092 ], [ -74.807065, 40.234015 ], [ -74.806899, 40.233927 ], [ -74.806772, 40.233854 ], [ -74.806417, 40.233649 ], [ -74.806174, 40.23353 ], [ -74.805877, 40.233395 ], [ -74.805109, 40.233063 ], [ -74.804544, 40.232826 ], [ -74.803894, 40.232564 ], [ -74.803846, 40.232546 ], [ -74.803177, 40.232286 ], [ -74.802479, 40.232027 ], [ -74.801834, 40.231801 ], [ -74.800549, 40.231393 ], [ -74.799603, 40.231084 ], [ -74.798991, 40.230876 ], [ -74.79764, 40.230402 ], [ -74.796319, 40.22997 ], [ -74.796039, 40.229868 ], [ -74.795787, 40.229769 ], [ -74.795519, 40.229654 ], [ -74.795227, 40.229519 ], [ -74.794215, 40.229024 ], [ -74.79418, 40.229007 ], [ -74.792807, 40.228349 ], [ -74.792689, 40.228291 ], [ -74.79211, 40.228004 ], [ -74.791983, 40.227939 ], [ -74.791218, 40.227548 ], [ -74.79097, 40.227419 ], [ -74.790529, 40.227189 ], [ -74.789913, 40.226857 ], [ -74.789354, 40.226545 ], [ -74.788596, 40.226097 ], [ -74.787909, 40.22566 ], [ -74.787523, 40.225396 ], [ -74.787256, 40.225204 ], [ -74.786759, 40.224847 ], [ -74.786422, 40.224612 ], [ -74.78567, 40.224103 ], [ -74.784918, 40.223607 ], [ -74.78385, 40.222927 ], [ -74.782781, 40.222274 ], [ -74.781962, 40.221793 ], [ -74.780431, 40.220916 ], [ -74.780429, 40.220915 ], [ -74.780017, 40.220683 ], [ -74.779661, 40.220492 ], [ -74.776547, 40.218688 ], [ -74.776278, 40.218525 ], [ -74.775968, 40.218331 ], [ -74.774592, 40.217469 ], [ -74.774244, 40.217229 ], [ -74.774097, 40.217107 ], [ -74.773967, 40.216973 ], [ -74.773893, 40.216889 ], [ -74.773624, 40.216583 ], [ -74.773411, 40.216379 ], [ -74.773215, 40.216207 ], [ -74.773079, 40.216098 ], [ -74.772951, 40.216008 ], [ -74.772188, 40.21552 ], [ -74.77203, 40.215415 ], [ -74.771447, 40.215029 ], [ -74.771383, 40.214981 ], [ -74.77127, 40.214885 ], [ -74.771156, 40.214772 ], [ -74.770952, 40.214521 ], [ -74.770792, 40.214292 ], [ -74.770307, 40.213535 ], [ -74.770001, 40.213035 ], [ -74.769708, 40.21252 ], [ -74.769167, 40.211496 ], [ -74.768906, 40.211062 ], [ -74.768811, 40.210887 ], [ -74.768751, 40.210749 ], [ -74.768694, 40.210579 ], [ -74.768629, 40.210346 ], [ -74.768547, 40.209965 ], [ -74.768496, 40.209772 ], [ -74.768382, 40.209406 ], [ -74.768263, 40.20907 ], [ -74.768187, 40.208883 ], [ -74.768093, 40.208679 ], [ -74.768052, 40.208597 ], [ -74.767843, 40.208177 ], [ -74.76765, 40.207773 ], [ -74.767618, 40.207713 ], [ -74.767419, 40.207357 ], [ -74.76723, 40.207043 ], [ -74.767048, 40.206769 ], [ -74.766941, 40.206626 ], [ -74.766872, 40.206532 ], [ -74.766646, 40.20627 ], [ -74.766467, 40.206083 ], [ -74.76609, 40.205687 ], [ -74.765762, 40.20532 ], [ -74.763642, 40.202883 ], [ -74.763008, 40.202135 ], [ -74.762967, 40.202087 ], [ -74.762538, 40.201557 ], [ -74.761899, 40.200727 ], [ -74.761319, 40.200001 ], [ -74.761159, 40.199771 ], [ -74.760967, 40.199497 ], [ -74.760723, 40.199103 ], [ -74.76061, 40.198888 ], [ -74.760526, 40.198699 ], [ -74.760456, 40.198506 ], [ -74.760314, 40.198053 ], [ -74.760243, 40.19785 ], [ -74.759967, 40.197011 ], [ -74.759441, 40.195409 ], [ -74.75919, 40.194382 ], [ -74.759065, 40.193921 ], [ -74.75894, 40.193528 ], [ -74.758856, 40.193299 ], [ -74.758752, 40.193049 ], [ -74.7583, 40.192071 ], [ -74.758238, 40.191924 ], [ -74.758122, 40.191646 ], [ -74.75796, 40.191182 ], [ -74.757635, 40.19014 ], [ -74.7575, 40.189767 ], [ -74.757474, 40.189694 ], [ -74.757287, 40.189251 ], [ -74.757114, 40.188871 ], [ -74.756955, 40.188554 ], [ -74.756774, 40.188225 ], [ -74.756575, 40.187891 ], [ -74.756375, 40.187585 ], [ -74.756175, 40.187306 ], [ -74.755927, 40.186988 ], [ -74.755627, 40.186638 ], [ -74.755327, 40.186328 ], [ -74.755043, 40.186071 ], [ -74.754722, 40.185823 ], [ -74.754635, 40.185762 ], [ -74.754456, 40.185636 ], [ -74.753537, 40.185013 ], [ -74.752813, 40.184537 ], [ -74.752444, 40.184305 ], [ -74.751974, 40.18401 ], [ -74.751729, 40.183868 ], [ -74.751264, 40.183601 ], [ -74.750843, 40.183382 ], [ -74.750522, 40.183235 ], [ -74.750441, 40.183198 ], [ -74.749961, 40.183003 ], [ -74.749186, 40.18271 ], [ -74.748574, 40.182495 ], [ -74.747955, 40.182293 ], [ -74.747327, 40.182103 ], [ -74.74669, 40.181928 ], [ -74.742314, 40.180718 ], [ -74.74186, 40.18058 ], [ -74.741418, 40.180421 ], [ -74.74099, 40.180242 ], [ -74.740577, 40.180042 ], [ -74.740182, 40.179823 ], [ -74.739805, 40.179585 ], [ -74.739448, 40.179331 ], [ -74.739112, 40.179059 ], [ -74.737102, 40.17733 ], [ -74.735998, 40.17638 ], [ -74.735968, 40.176354 ], [ -74.732303, 40.173199 ], [ -74.731995, 40.172928 ], [ -74.731695, 40.172653 ], [ -74.731403, 40.172372 ], [ -74.731119, 40.172086 ], [ -74.730843, 40.171796 ], [ -74.730575, 40.171502 ], [ -74.730316, 40.171203 ], [ -74.730066, 40.1709 ], [ -74.729365, 40.169972 ], [ -74.72865, 40.169053 ], [ -74.72792, 40.16814 ], [ -74.727416, 40.167525 ], [ -74.726905, 40.166914 ], [ -74.726376, 40.166293 ], [ -74.725882, 40.165726 ], [ -74.72568, 40.165505 ], [ -74.725449, 40.165262 ], [ -74.724644, 40.164451 ], [ -74.724343, 40.164139 ], [ -74.724332, 40.164127 ], [ -74.724191, 40.163976 ], [ -74.724051, 40.163822 ], [ -74.723922, 40.163674 ], [ -74.723802, 40.16353 ], [ -74.723651, 40.16334 ], [ -74.723513, 40.163154 ], [ -74.723372, 40.162947 ], [ -74.723262, 40.162777 ], [ -74.723222, 40.162715 ], [ -74.723072, 40.162471 ], [ -74.722926, 40.162219 ], [ -74.722785, 40.161961 ], [ -74.722647, 40.161696 ], [ -74.722546, 40.161493 ], [ -74.722448, 40.161286 ], [ -74.722362, 40.161096 ], [ -74.722278, 40.160904 ], [ -74.722196, 40.160704 ], [ -74.722116, 40.160501 ], [ -74.72204, 40.160294 ], [ -74.721965, 40.160084 ], [ -74.721892, 40.159864 ], [ -74.721821, 40.159641 ], [ -74.721754, 40.159413 ], [ -74.721689, 40.159182 ], [ -74.721628, 40.158953 ], [ -74.721572, 40.158727 ], [ -74.721521, 40.158503 ], [ -74.721474, 40.158281 ], [ -74.721432, 40.158062 ], [ -74.721394, 40.157846 ], [ -74.72136, 40.157632 ], [ -74.721331, 40.157419 ], [ -74.721308, 40.157217 ], [ -74.721288, 40.157016 ], [ -74.721269, 40.156783 ], [ -74.721255, 40.156559 ], [ -74.721246, 40.156345 ], [ -74.721241, 40.156137 ], [ -74.72124, 40.155935 ], [ -74.721244, 40.155739 ], [ -74.721252, 40.15555 ], [ -74.721263, 40.155395 ], [ -74.72128, 40.155228 ], [ -74.721302, 40.155055 ], [ -74.721348, 40.154774 ], [ -74.721409, 40.154465 ], [ -74.721484, 40.154136 ], [ -74.721659, 40.153411 ], [ -74.721732, 40.153092 ], [ -74.721801, 40.152762 ], [ -74.721957, 40.151976 ], [ -74.722042, 40.151586 ], [ -74.72211, 40.151309 ], [ -74.72218, 40.151055 ], [ -74.722249, 40.15083 ], [ -74.722341, 40.150562 ], [ -74.722378, 40.15046 ], [ -74.72242, 40.150347 ], [ -74.722499, 40.15014 ], [ -74.72258, 40.149942 ], [ -74.722662, 40.14975 ], [ -74.722745, 40.149569 ], [ -74.722829, 40.149394 ], [ -74.722931, 40.149193 ], [ -74.723033, 40.149 ], [ -74.723131, 40.148826 ], [ -74.723229, 40.148657 ], [ -74.723329, 40.148495 ], [ -74.72343, 40.148338 ], [ -74.723551, 40.148159 ], [ -74.723675, 40.147985 ], [ -74.723799, 40.147817 ], [ -74.723924, 40.147654 ], [ -74.724107, 40.147431 ], [ -74.724292, 40.147218 ], [ -74.724481, 40.147017 ], [ -74.724673, 40.146827 ], [ -74.724871, 40.146645 ], [ -74.725088, 40.14646 ], [ -74.725322, 40.146271 ], [ -74.725578, 40.146077 ], [ -74.725799, 40.145917 ], [ -74.72604, 40.145749 ], [ -74.726235, 40.145616 ], [ -74.726418, 40.145499 ], [ -74.72675, 40.145299 ], [ -74.727534, 40.144846 ], [ -74.728377, 40.144338 ], [ -74.728654, 40.144169 ], [ -74.728891, 40.14402 ], [ -74.729105, 40.143882 ], [ -74.729302, 40.143751 ], [ -74.729567, 40.143564 ], [ -74.72985, 40.143353 ], [ -74.730152, 40.143115 ], [ -74.730255, 40.143032 ], [ -74.730772, 40.142615 ], [ -74.731041, 40.142402 ], [ -74.731301, 40.142203 ], [ -74.731667, 40.141934 ], [ -74.731879, 40.141789 ], [ -74.732267, 40.141521 ], [ -74.732652, 40.14125 ], [ -74.733033, 40.140977 ], [ -74.733411, 40.140701 ], [ -74.733785, 40.140422 ], [ -74.734155, 40.140141 ], [ -74.734523, 40.139858 ], [ -74.734886, 40.139572 ], [ -74.735014, 40.139469 ], [ -74.735145, 40.139361 ], [ -74.735282, 40.139245 ], [ -74.735428, 40.13912 ], [ -74.73569, 40.13889 ], [ -74.736289, 40.138356 ], [ -74.736574, 40.138108 ], [ -74.736778, 40.137935 ], [ -74.73697, 40.137778 ], [ -74.737155, 40.137632 ], [ -74.737335, 40.137497 ], [ -74.737593, 40.137309 ], [ -74.737806, 40.137158 ], [ -74.73803, 40.137003 ], [ -74.738267, 40.136842 ], [ -74.73852, 40.136672 ], [ -74.738816, 40.136478 ], [ -74.739057, 40.13632 ], [ -74.739278, 40.136178 ], [ -74.739485, 40.136049 ], [ -74.739685, 40.135926 ], [ -74.739879, 40.135811 ], [ -74.740066, 40.135703 ], [ -74.740249, 40.135601 ], [ -74.74061, 40.135404 ], [ -74.740882, 40.135259 ], [ -74.741129, 40.135132 ], [ -74.741359, 40.13502 ], [ -74.741514, 40.134948 ], [ -74.741665, 40.13488 ], [ -74.741813, 40.134818 ], [ -74.741958, 40.134759 ], [ -74.742097, 40.134707 ], [ -74.742274, 40.134643 ], [ -74.742451, 40.134583 ], [ -74.742628, 40.134526 ], [ -74.742804, 40.134472 ], [ -74.74298, 40.134422 ], [ -74.743155, 40.134375 ], [ -74.743328, 40.134332 ], [ -74.7435, 40.134292 ], [ -74.743737, 40.134243 ], [ -74.743977, 40.134199 ], [ -74.74422, 40.134159 ], [ -74.744465, 40.134125 ], [ -74.744711, 40.134097 ], [ -74.744958, 40.134073 ], [ -74.745205, 40.134056 ], [ -74.745451, 40.134043 ], [ -74.74553, 40.134041 ], [ -74.745698, 40.134037 ], [ -74.745869, 40.134036 ], [ -74.746043, 40.134038 ], [ -74.74622, 40.134043 ], [ -74.746401, 40.134051 ], [ -74.746584, 40.134062 ], [ -74.74677, 40.134076 ], [ -74.746959, 40.134093 ], [ -74.747132, 40.134111 ], [ -74.747308, 40.134131 ], [ -74.747486, 40.134153 ], [ -74.747666, 40.134178 ], [ -74.747812, 40.134201 ], [ -74.747963, 40.13423 ], [ -74.74812, 40.134265 ], [ -74.748284, 40.134306 ], [ -74.748463, 40.134354 ], [ -74.748659, 40.134412 ], [ -74.748867, 40.134477 ], [ -74.749459, 40.134666 ], [ -74.749644, 40.134722 ], [ -74.74981, 40.13477 ], [ -74.750004, 40.134821 ], [ -74.750187, 40.134863 ], [ -74.750361, 40.134898 ], [ -74.75053, 40.134926 ], [ -74.750554, 40.134929 ], [ -74.75075, 40.134956 ], [ -74.750953, 40.134979 ], [ -74.751163, 40.135 ], [ -74.75138, 40.135019 ], [ -74.751606, 40.135035 ], [ -74.751843, 40.135049 ], [ -74.752093, 40.13506 ], [ -74.752359, 40.13507 ], [ -74.752365, 40.13507 ], [ -74.752582, 40.135075 ], [ -74.752804, 40.135078 ], [ -74.753029, 40.135078 ], [ -74.75326, 40.135075 ], [ -74.753496, 40.13507 ], [ -74.753737, 40.135062 ], [ -74.753984, 40.135051 ], [ -74.754239, 40.135038 ], [ -74.754378, 40.13503 ], [ -74.754655, 40.135011 ], [ -74.754932, 40.134988 ], [ -74.755209, 40.134963 ], [ -74.755486, 40.134934 ], [ -74.755762, 40.134902 ], [ -74.756038, 40.134867 ], [ -74.756312, 40.134829 ], [ -74.756585, 40.134788 ], [ -74.756604, 40.134785 ], [ -74.75679, 40.134754 ], [ -74.757004, 40.134718 ], [ -74.757217, 40.134679 ], [ -74.757237, 40.134675 ], [ -74.757256, 40.134672 ], [ -74.757276, 40.134668 ], [ -74.757295, 40.134664 ], [ -74.757557, 40.134613 ], [ -74.757818, 40.134559 ], [ -74.758078, 40.134502 ], [ -74.758336, 40.134442 ], [ -74.758375, 40.134433 ], [ -74.758508, 40.1344 ], [ -74.758878, 40.134306 ], [ -74.759244, 40.134206 ], [ -74.759488, 40.134135 ], [ -74.759731, 40.134061 ], [ -74.759801, 40.13404 ], [ -74.76, 40.133977 ], [ -74.760199, 40.133911 ], [ -74.760397, 40.133844 ], [ -74.760594, 40.133775 ], [ -74.760791, 40.133704 ], [ -74.760986, 40.133632 ], [ -74.761181, 40.133557 ], [ -74.761374, 40.133482 ], [ -74.761391, 40.133475 ], [ -74.761441, 40.133455 ], [ -74.761516, 40.133424 ], [ -74.761517, 40.133423 ], [ -74.761756, 40.133323 ], [ -74.762003, 40.133213 ], [ -74.762259, 40.133094 ], [ -74.76253, 40.132963 ], [ -74.762788, 40.132835 ], [ -74.763075, 40.132688 ], [ -74.764062, 40.132173 ], [ -74.764635, 40.131871 ], [ -74.765203, 40.131565 ], [ -74.765767, 40.131253 ], [ -74.766325, 40.130936 ], [ -74.766879, 40.130614 ], [ -74.767427, 40.130286 ], [ -74.767971, 40.129953 ], [ -74.76851, 40.129614 ], [ -74.774801, 40.125989 ], [ -74.780784, 40.12254 ], [ -74.781253, 40.122285 ], [ -74.781739, 40.12205 ], [ -74.782241, 40.121835 ], [ -74.782758, 40.121641 ], [ -74.783134, 40.12152 ], [ -74.783288, 40.12147 ], [ -74.783829, 40.121321 ], [ -74.78438, 40.121194 ], [ -74.784939, 40.121091 ], [ -74.785505, 40.121011 ], [ -74.786076, 40.120955 ], [ -74.786649, 40.120922 ], [ -74.787225, 40.120914 ], [ -74.7878, 40.12093 ], [ -74.788373, 40.120969 ], [ -74.788942, 40.121033 ], [ -74.789506, 40.121119 ], [ -74.79067, 40.121324 ], [ -74.793925, 40.121896 ], [ -74.79473, 40.122026 ], [ -74.796938, 40.122371 ], [ -74.797607, 40.122483 ], [ -74.798205, 40.122591 ], [ -74.798502, 40.12265 ], [ -74.798973, 40.122743 ], [ -74.799825, 40.122932 ], [ -74.800811, 40.123164 ], [ -74.801714, 40.123391 ], [ -74.802528, 40.123611 ], [ -74.803295, 40.123835 ], [ -74.804023, 40.124065 ], [ -74.804712, 40.124301 ], [ -74.805095, 40.124445 ], [ -74.805514, 40.124615 ], [ -74.806427, 40.125013 ], [ -74.806902, 40.12522 ], [ -74.80743, 40.125441 ], [ -74.807944, 40.125637 ], [ -74.808514, 40.125831 ], [ -74.808958, 40.12597 ], [ -74.809456, 40.126118 ], [ -74.811332, 40.126648 ], [ -74.811613, 40.126728 ], [ -74.812973, 40.12715 ], [ -74.813454, 40.127293 ], [ -74.81403, 40.127446 ], [ -74.814705, 40.127598 ], [ -74.815375, 40.127729 ], [ -74.81567, 40.127777 ], [ -74.815948, 40.127813 ], [ -74.81623, 40.127842 ], [ -74.816527, 40.127864 ], [ -74.816842, 40.12788 ], [ -74.81718, 40.127889 ], [ -74.817647, 40.127892 ], [ -74.818218, 40.127887 ], [ -74.818679, 40.127875 ], [ -74.819086, 40.127857 ], [ -74.819438, 40.127833 ], [ -74.819767, 40.127801 ], [ -74.82014, 40.127754 ], [ -74.820503, 40.1277 ], [ -74.820931, 40.127624 ], [ -74.821326, 40.127538 ], [ -74.821681, 40.127445 ], [ -74.822067, 40.127325 ], [ -74.822451, 40.127189 ], [ -74.822814, 40.127042 ], [ -74.82316, 40.126882 ], [ -74.823458, 40.126723 ], [ -74.82378, 40.126525 ], [ -74.824129, 40.126287 ], [ -74.824647, 40.125902 ], [ -74.825007, 40.125616 ], [ -74.825356, 40.125316 ], [ -74.825693, 40.125004 ], [ -74.82603, 40.124666 ], [ -74.826206, 40.124473 ], [ -74.826282, 40.124389 ], [ -74.826482, 40.124147 ], [ -74.826682, 40.123887 ], [ -74.826884, 40.123604 ], [ -74.827095, 40.123291 ], [ -74.827373, 40.122852 ], [ -74.827715, 40.122296 ], [ -74.828015, 40.121808 ], [ -74.828403, 40.121143 ], [ -74.828675, 40.120642 ], [ -74.828863, 40.120295 ], [ -74.829502, 40.119071 ], [ -74.830282, 40.117577 ], [ -74.831009, 40.116142 ], [ -74.831717, 40.114701 ], [ -74.831993, 40.114209 ], [ -74.832243, 40.113711 ], [ -74.832467, 40.113213 ], [ -74.832644, 40.112752 ], [ -74.832811, 40.112264 ], [ -74.832944, 40.111876 ], [ -74.833153, 40.111267 ], [ -74.833275, 40.110884 ], [ -74.833375, 40.110544 ], [ -74.833428, 40.110341 ], [ -74.833475, 40.110125 ], [ -74.833644, 40.109175 ], [ -74.833699, 40.108946 ], [ -74.833759, 40.108742 ], [ -74.833891, 40.1084 ], [ -74.834163, 40.1078 ], [ -74.834267, 40.107557 ], [ -74.834698, 40.106464 ], [ -74.834917, 40.105868 ], [ -74.83528, 40.104742 ], [ -74.835371, 40.104493 ], [ -74.835463, 40.104268 ], [ -74.835641, 40.103889 ], [ -74.835863, 40.103466 ], [ -74.836049, 40.103145 ], [ -74.836092, 40.103071 ], [ -74.836147, 40.102985 ], [ -74.836334, 40.102692 ], [ -74.836588, 40.102329 ], [ -74.836691, 40.102193 ], [ -74.836942, 40.101863 ], [ -74.837233, 40.101509 ], [ -74.837515, 40.101197 ], [ -74.837557, 40.101154 ], [ -74.837804, 40.100909 ], [ -74.838096, 40.100651 ], [ -74.838403, 40.100414 ], [ -74.838757, 40.100171 ], [ -74.839282, 40.09985 ], [ -74.840043, 40.099419 ], [ -74.840613, 40.09911 ], [ -74.8411, 40.098867 ], [ -74.841453, 40.098708 ], [ -74.841845, 40.098546 ], [ -74.842375, 40.098345 ], [ -74.842977, 40.098127 ], [ -74.843448, 40.097969 ], [ -74.844011, 40.097792 ], [ -74.84539, 40.097368 ], [ -74.846386, 40.097075 ], [ -74.846837, 40.096934 ], [ -74.84713, 40.096833 ], [ -74.847493, 40.096698 ], [ -74.847853, 40.096555 ], [ -74.848225, 40.0964 ], [ -74.848904, 40.096097 ], [ -74.849751, 40.09568 ], [ -74.850072, 40.095527 ], [ -74.85109, 40.095072 ], [ -74.851525, 40.094877 ], [ -74.851839, 40.094725 ], [ -74.852286, 40.094496 ], [ -74.853044, 40.094093 ], [ -74.853679, 40.09373 ], [ -74.85424, 40.093378 ], [ -74.854496, 40.093204 ], [ -74.854737, 40.093031 ], [ -74.854995, 40.092834 ], [ -74.855227, 40.092643 ], [ -74.855903, 40.092041 ], [ -74.856485, 40.091547 ], [ -74.856727, 40.091332 ], [ -74.856916, 40.09115 ], [ -74.857076, 40.090978 ], [ -74.857218, 40.090804 ], [ -74.857358, 40.090611 ], [ -74.857583, 40.090255 ], [ -74.85792, 40.089671 ], [ -74.858352, 40.088951 ], [ -74.858614, 40.088498 ], [ -74.85879, 40.088175 ], [ -74.858971, 40.087823 ], [ -74.859146, 40.087468 ], [ -74.859216, 40.087318 ], [ -74.859283, 40.087175 ], [ -74.859437, 40.086806 ], [ -74.859529, 40.086532 ], [ -74.859586, 40.086258 ], [ -74.859661, 40.08569 ], [ -74.859703, 40.085453 ], [ -74.859771, 40.085211 ], [ -74.859814, 40.085103 ], [ -74.859863, 40.085003 ], [ -74.859975, 40.084822 ], [ -74.860109, 40.084634 ], [ -74.860253, 40.084458 ], [ -74.860293, 40.084415 ], [ -74.860406, 40.084293 ], [ -74.860567, 40.08414 ], [ -74.860734, 40.084002 ], [ -74.860893, 40.083889 ], [ -74.861067, 40.083785 ], [ -74.861325, 40.083656 ], [ -74.861655, 40.083515 ], [ -74.862435, 40.083206 ], [ -74.863, 40.083005 ], [ -74.863564, 40.082825 ], [ -74.8642, 40.082639 ], [ -74.864672, 40.082518 ], [ -74.864735, 40.082503 ], [ -74.865175, 40.082406 ], [ -74.865921, 40.082265 ], [ -74.866793, 40.082129 ], [ -74.868742, 40.081862 ], [ -74.870349, 40.081627 ], [ -74.873146, 40.08126 ], [ -74.873821, 40.081162 ], [ -74.874429, 40.081065 ], [ -74.875856, 40.080809 ], [ -74.876417, 40.0807 ], [ -74.876926, 40.080593 ], [ -74.877455, 40.080475 ], [ -74.877938, 40.080358 ], [ -74.877998, 40.080344 ], [ -74.878549, 40.080203 ], [ -74.879111, 40.080052 ], [ -74.879689, 40.079888 ], [ -74.880281, 40.079712 ], [ -74.880906, 40.079519 ], [ -74.881822, 40.079214 ], [ -74.882733, 40.078899 ], [ -74.884077, 40.07842 ], [ -74.884484, 40.078271 ], [ -74.88477, 40.078164 ], [ -74.884843, 40.078136 ], [ -74.885285, 40.077963 ], [ -74.885666, 40.077804 ], [ -74.886062, 40.077628 ], [ -74.886929, 40.077224 ], [ -74.887315, 40.07705 ], [ -74.88801, 40.076755 ], [ -74.888719, 40.076464 ], [ -74.889113, 40.076308 ], [ -74.889502, 40.076158 ], [ -74.889886, 40.076012 ], [ -74.890266, 40.075872 ], [ -74.89064, 40.075739 ], [ -74.89101, 40.07561 ], [ -74.891366, 40.075489 ], [ -74.891761, 40.07536 ], [ -74.892144, 40.075238 ], [ -74.892524, 40.07512 ], [ -74.892903, 40.075005 ], [ -74.89328, 40.074895 ], [ -74.89366, 40.074788 ], [ -74.894038, 40.074685 ], [ -74.894433, 40.07458 ], [ -74.894751, 40.0745 ], [ -74.895211, 40.074392 ], [ -74.895746, 40.074274 ], [ -74.896968, 40.074015 ], [ -74.897787, 40.073835 ], [ -74.898714, 40.073647 ], [ -74.89906, 40.073573 ], [ -74.899303, 40.073517 ], [ -74.899446, 40.073484 ], [ -74.89962, 40.073439 ], [ -74.899786, 40.073394 ], [ -74.89997, 40.07334 ], [ -74.900146, 40.073285 ], [ -74.900306, 40.07323 ], [ -74.900474, 40.073167 ], [ -74.900794, 40.073037 ], [ -74.901566, 40.072708 ], [ -74.901771, 40.072626 ], [ -74.901998, 40.072541 ], [ -74.902381, 40.072402 ], [ -74.902763, 40.072268 ], [ -74.903143, 40.072138 ], [ -74.903523, 40.072014 ], [ -74.903944, 40.071881 ], [ -74.904363, 40.071755 ], [ -74.90478, 40.071634 ], [ -74.905196, 40.07152 ], [ -74.905621, 40.07141 ], [ -74.906043, 40.071306 ], [ -74.906413, 40.07122 ], [ -74.906795, 40.071138 ], [ -74.907152, 40.071066 ], [ -74.90753, 40.070996 ], [ -74.907934, 40.070924 ], [ -74.908376, 40.07085 ], [ -74.908709, 40.070797 ], [ -74.908967, 40.070756 ], [ -74.91019, 40.070567 ], [ -74.911428, 40.070366 ], [ -74.911806, 40.07031 ], [ -74.912143, 40.070265 ], [ -74.912465, 40.070228 ], [ -74.912769, 40.070199 ], [ -74.913074, 40.070177 ], [ -74.913358, 40.070161 ], [ -74.913472, 40.070155 ], [ -74.913834, 40.07014 ], [ -74.914173, 40.070131 ], [ -74.914496, 40.070129 ], [ -74.914803, 40.070133 ], [ -74.915131, 40.070146 ], [ -74.915445, 40.070167 ], [ -74.915772, 40.070198 ], [ -74.916105, 40.070238 ], [ -74.916443, 40.070288 ], [ -74.916782, 40.070347 ], [ -74.917121, 40.070415 ], [ -74.917458, 40.070491 ], [ -74.91774, 40.070562 ], [ -74.91802, 40.070638 ], [ -74.918317, 40.070727 ], [ -74.91853, 40.070796 ], [ -74.918679, 40.070852 ], [ -74.918843, 40.07092 ], [ -74.919362, 40.071152 ], [ -74.919544, 40.07123 ], [ -74.919718, 40.071298 ], [ -74.919877, 40.071354 ], [ -74.920034, 40.071401 ], [ -74.920231, 40.07145 ], [ -74.920431, 40.071493 ], [ -74.920639, 40.071529 ], [ -74.920792, 40.071552 ], [ -74.920861, 40.07156 ], [ -74.920949, 40.071572 ], [ -74.921111, 40.071589 ], [ -74.921278, 40.071603 ], [ -74.921449, 40.071615 ], [ -74.921626, 40.071624 ], [ -74.921809, 40.07163 ], [ -74.921999, 40.071634 ], [ -74.922413, 40.071633 ], [ -74.922872, 40.071622 ], [ -74.923472, 40.071595 ], [ -74.923649, 40.071584 ], [ -74.923828, 40.071569 ], [ -74.924052, 40.071547 ], [ -74.924279, 40.07152 ], [ -74.924511, 40.071488 ], [ -74.924747, 40.07145 ], [ -74.924987, 40.071408 ], [ -74.925233, 40.071361 ], [ -74.925435, 40.071318 ], [ -74.925485, 40.071308 ], [ -74.925743, 40.07125 ], [ -74.926002, 40.071188 ], [ -74.926269, 40.07112 ], [ -74.926547, 40.071046 ], [ -74.926715, 40.070999 ], [ -74.926838, 40.070965 ], [ -74.927461, 40.070783 ], [ -74.928252, 40.07054 ], [ -74.928841, 40.070353 ], [ -74.929382, 40.070171 ], [ -74.929928, 40.069975 ], [ -74.930469, 40.069769 ], [ -74.930738, 40.069662 ], [ -74.931007, 40.069552 ], [ -74.931274, 40.069439 ], [ -74.931539, 40.069324 ], [ -74.932067, 40.069086 ], [ -74.932589, 40.068838 ], [ -74.935461, 40.067657 ], [ -74.937117, 40.066958 ], [ -74.938564, 40.066323 ], [ -74.939343, 40.065969 ], [ -74.940085, 40.065623 ], [ -74.941585, 40.064889 ], [ -74.942126, 40.064632 ], [ -74.942598, 40.064425 ], [ -74.943724, 40.063957 ], [ -74.944266, 40.063712 ], [ -74.944668, 40.063505 ], [ -74.945216, 40.063191 ], [ -74.945702, 40.062887 ], [ -74.946166, 40.062574 ], [ -74.946482, 40.062343 ], [ -74.946729, 40.062139 ], [ -74.946977, 40.06191 ], [ -74.947605, 40.0613 ], [ -74.947797, 40.061128 ], [ -74.947977, 40.060981 ], [ -74.948187, 40.060828 ], [ -74.948447, 40.060664 ], [ -74.948725, 40.060506 ], [ -74.949035, 40.060347 ], [ -74.949321, 40.060213 ], [ -74.949647, 40.060069 ], [ -74.950268, 40.059808 ], [ -74.951043, 40.059483 ], [ -74.952226, 40.058938 ], [ -74.952509, 40.058815 ], [ -74.952767, 40.05871 ], [ -74.953052, 40.058606 ], [ -74.953373, 40.058502 ], [ -74.954408, 40.058207 ], [ -74.954754, 40.058103 ], [ -74.955758, 40.05776 ], [ -74.956451, 40.057506 ], [ -74.956667, 40.057422 ], [ -74.957111, 40.05725 ], [ -74.957741, 40.05699 ], [ -74.958342, 40.056726 ], [ -74.958799, 40.056514 ], [ -74.959225, 40.056305 ], [ -74.959583, 40.056117 ], [ -74.959956, 40.055908 ], [ -74.960665, 40.055479 ], [ -74.962029, 40.054609 ], [ -74.962602, 40.054253 ], [ -74.963344, 40.053823 ], [ -74.964616, 40.0531 ], [ -74.965479, 40.052621 ], [ -74.966264, 40.0522 ], [ -74.967003, 40.051818 ], [ -74.96771, 40.051468 ], [ -74.96827, 40.051205 ], [ -74.968871, 40.050937 ], [ -74.969526, 40.050659 ], [ -74.970268, 40.050356 ], [ -74.972864, 40.049333 ], [ -74.974452, 40.048685 ], [ -74.975004, 40.048477 ], [ -74.975776, 40.048199 ], [ -74.976382, 40.047981 ], [ -74.977093, 40.047704 ], [ -74.977491, 40.047531 ], [ -74.977851, 40.04736 ], [ -74.978179, 40.047186 ], [ -74.978479, 40.047007 ], [ -74.978678, 40.046876 ], [ -74.978861, 40.046744 ], [ -74.97904, 40.046602 ], [ -74.979221, 40.046445 ], [ -74.979405, 40.046273 ], [ -74.9796, 40.046078 ], [ -74.979938, 40.045718 ], [ -74.98041, 40.045215 ], [ -74.980786, 40.044842 ], [ -74.981203, 40.044469 ], [ -74.981671, 40.044063 ], [ -74.982132, 40.043676 ], [ -74.982595, 40.043298 ], [ -74.983414, 40.042659 ], [ -74.98424, 40.042051 ], [ -74.984736, 40.041715 ], [ -74.985786, 40.041052 ], [ -74.985925, 40.04096 ], [ -74.986226, 40.040761 ], [ -74.986661, 40.040449 ], [ -74.987067, 40.04012 ], [ -74.987462, 40.039764 ], [ -74.987881, 40.039352 ], [ -74.988271, 40.038944 ], [ -74.989223, 40.03792 ], [ -74.989746, 40.037388 ], [ -74.989987, 40.03716 ], [ -74.990228, 40.036944 ], [ -74.990356, 40.036832 ], [ -74.990769, 40.036471 ], [ -74.991193, 40.036112 ], [ -74.991201, 40.036106 ], [ -74.991538, 40.035833 ], [ -74.99184, 40.035602 ], [ -74.992969, 40.034788 ], [ -74.993758, 40.034207 ], [ -74.994719, 40.033491 ], [ -74.995493, 40.0329 ], [ -74.996285, 40.032266 ], [ -74.997999, 40.03084 ], [ -74.998419, 40.030506 ], [ -74.99874, 40.030251 ], [ -74.999462, 40.029714 ], [ -75.000293, 40.029128 ], [ -75.001196, 40.028519 ], [ -75.002224, 40.027849 ], [ -75.003219, 40.027218 ], [ -75.004684, 40.026299 ], [ -75.005312, 40.025923 ], [ -75.005772, 40.025657 ], [ -75.006284, 40.025361 ], [ -75.006558, 40.025205 ], [ -75.006829, 40.025046 ], [ -75.007098, 40.024886 ], [ -75.007364, 40.024723 ], [ -75.007628, 40.024558 ], [ -75.007888, 40.024391 ], [ -75.008147, 40.024222 ], [ -75.008402, 40.024051 ], [ -75.008522, 40.023968 ], [ -75.008643, 40.023882 ], [ -75.008764, 40.023792 ], [ -75.008886, 40.023698 ], [ -75.009009, 40.023601 ], [ -75.009134, 40.023499 ], [ -75.009261, 40.023393 ], [ -75.00939, 40.023281 ], [ -75.009641, 40.023058 ], [ -75.009914, 40.022805 ], [ -75.01017, 40.022562 ], [ -75.010758, 40.021997 ], [ -75.011042, 40.02173 ], [ -75.011296, 40.021497 ], [ -75.011533, 40.021289 ], [ -75.011693, 40.021153 ], [ -75.01185, 40.021025 ], [ -75.012004, 40.020904 ], [ -75.012156, 40.020789 ], [ -75.012308, 40.020679 ], [ -75.012459, 40.020575 ], [ -75.012609, 40.020476 ], [ -75.01276, 40.020382 ], [ -75.012984, 40.020248 ], [ -75.013251, 40.020092 ], [ -75.013522, 40.01994 ], [ -75.013797, 40.019791 ], [ -75.014076, 40.019645 ], [ -75.014358, 40.019503 ], [ -75.014643, 40.019364 ], [ -75.01493, 40.019229 ], [ -75.015219, 40.019098 ], [ -75.01551, 40.018971 ], [ -75.015802, 40.018849 ], [ -75.016096, 40.01873 ], [ -75.01639, 40.018617 ], [ -75.016685, 40.018508 ], [ -75.01698, 40.018404 ], [ -75.017274, 40.018305 ], [ -75.017569, 40.018211 ], [ -75.017799, 40.018142 ], [ -75.018035, 40.018076 ], [ -75.01828, 40.018013 ], [ -75.018533, 40.017953 ], [ -75.018794, 40.017895 ], [ -75.019065, 40.017841 ], [ -75.019348, 40.017788 ], [ -75.019645, 40.017737 ], [ -75.019891, 40.017697 ], [ -75.02015, 40.017658 ], [ -75.020424, 40.017619 ], [ -75.020718, 40.017579 ], [ -75.021258, 40.01751 ], [ -75.022502, 40.017358 ], [ -75.023084, 40.017282 ], [ -75.023579, 40.017211 ], [ -75.023808, 40.017176 ], [ -75.024028, 40.01714 ], [ -75.024416, 40.017076 ], [ -75.024822, 40.017012 ], [ -75.02525, 40.016947 ], [ -75.025708, 40.01688 ], [ -75.026598, 40.016754 ], [ -75.02828, 40.016525 ], [ -75.02896, 40.016431 ], [ -75.029661, 40.01633 ], [ -75.03029, 40.016235 ], [ -75.03064, 40.01618 ], [ -75.030976, 40.016126 ], [ -75.031301, 40.016071 ], [ -75.031616, 40.016016 ], [ -75.031923, 40.01596 ], [ -75.032221, 40.015904 ], [ -75.032513, 40.015847 ], [ -75.032798, 40.015789 ], [ -75.033078, 40.01573 ], [ -75.033352, 40.015669 ], [ -75.033621, 40.015608 ], [ -75.033886, 40.015545 ], [ -75.034145, 40.01548 ], [ -75.0344, 40.015415 ], [ -75.034651, 40.015347 ], [ -75.034898, 40.015279 ], [ -75.035253, 40.015176 ], [ -75.035614, 40.015069 ], [ -75.035983, 40.014956 ], [ -75.036359, 40.014837 ], [ -75.036744, 40.014713 ], [ -75.037139, 40.014582 ], [ -75.037546, 40.014444 ], [ -75.037968, 40.014299 ], [ -75.038458, 40.014126 ], [ -75.038944, 40.01395 ], [ -75.039427, 40.01377 ], [ -75.039907, 40.013587 ], [ -75.040384, 40.013401 ], [ -75.040856, 40.013211 ], [ -75.041325, 40.013018 ], [ -75.04179, 40.012822 ], [ -75.042251, 40.012623 ], [ -75.042708, 40.012421 ], [ -75.04316, 40.012216 ], [ -75.043608, 40.012008 ], [ -75.044051, 40.011797 ], [ -75.04449, 40.011584 ], [ -75.044924, 40.011367 ], [ -75.045353, 40.011148 ], [ -75.046107, 40.010756 ], [ -75.046426, 40.010587 ], [ -75.046722, 40.010429 ], [ -75.047007, 40.010274 ], [ -75.047277, 40.010125 ], [ -75.047536, 40.00998 ], [ -75.047784, 40.009837 ], [ -75.048029, 40.009694 ], [ -75.048266, 40.009553 ], [ -75.048494, 40.009414 ], [ -75.048716, 40.009276 ], [ -75.048931, 40.009138 ], [ -75.049139, 40.009002 ], [ -75.049342, 40.008866 ], [ -75.049539, 40.00873 ], [ -75.050035, 40.008381 ], [ -75.050375, 40.008136 ], [ -75.05054, 40.008014 ], [ -75.050693, 40.007898 ], [ -75.050837, 40.007785 ], [ -75.050973, 40.007676 ], [ -75.051102, 40.007568 ], [ -75.051225, 40.007462 ], [ -75.051341, 40.007358 ], [ -75.051452, 40.007255 ], [ -75.051528, 40.007181 ], [ -75.051603, 40.007105 ], [ -75.051678, 40.007026 ], [ -75.051753, 40.006946 ], [ -75.051827, 40.006862 ], [ -75.051901, 40.006776 ], [ -75.051974, 40.006688 ], [ -75.052048, 40.006596 ], [ -75.052196, 40.006404 ], [ -75.052347, 40.006196 ], [ -75.052506, 40.005966 ], [ -75.052685, 40.005697 ], [ -75.053057, 40.005126 ], [ -75.053217, 40.004882 ], [ -75.053386, 40.004635 ], [ -75.053543, 40.004415 ], [ -75.053673, 40.00424 ], [ -75.05381, 40.004057 ], [ -75.054116, 40.003661 ], [ -75.054412, 40.003284 ], [ -75.055122, 40.002391 ], [ -75.055474, 40.00194 ], [ -75.055642, 40.001719 ], [ -75.055799, 40.001511 ], [ -75.055946, 40.001311 ], [ -75.056085, 40.001118 ], [ -75.056219, 40.000928 ], [ -75.056345, 40.000743 ], [ -75.056466, 40.000562 ], [ -75.05658, 40.000384 ], [ -75.056689, 40.00021 ], [ -75.056793, 40.000037 ], [ -75.056891, 39.999867 ], [ -75.056985, 39.999699 ], [ -75.05711, 39.999463 ], [ -75.057235, 39.999216 ], [ -75.057362, 39.998954 ], [ -75.057492, 39.998672 ], [ -75.057611, 39.998405 ], [ -75.057741, 39.998106 ], [ -75.058214, 39.996992 ], [ -75.05838, 39.996602 ], [ -75.058543, 39.996212 ], [ -75.058691, 39.995862 ], [ -75.059062, 39.994935 ], [ -75.059232, 39.994481 ], [ -75.059322, 39.994239 ], [ -75.059487, 39.993755 ], [ -75.059609, 39.993328 ], [ -75.059872, 39.992319 ], [ -75.060021, 39.991827 ], [ -75.060106, 39.99159 ], [ -75.060195, 39.991369 ], [ -75.060372, 39.990998 ], [ -75.060419, 39.990899 ], [ -75.06071, 39.990372 ], [ -75.061054, 39.989818 ], [ -75.061467, 39.989214 ], [ -75.061927, 39.988591 ], [ -75.062292, 39.988145 ], [ -75.062703, 39.987686 ], [ -75.063166, 39.987207 ], [ -75.063698, 39.98669 ], [ -75.064309, 39.986125 ], [ -75.065609, 39.984953 ], [ -75.067194, 39.983508 ], [ -75.067936, 39.982859 ], [ -75.068357, 39.982509 ], [ -75.068611, 39.982298 ], [ -75.068995, 39.981996 ], [ -75.069409, 39.981682 ], [ -75.070474, 39.980902 ], [ -75.071232, 39.980337 ], [ -75.071547, 39.98011 ], [ -75.07185, 39.979905 ], [ -75.072134, 39.979727 ], [ -75.072489, 39.97952 ], [ -75.072864, 39.979318 ], [ -75.073365, 39.979066 ], [ -75.073899, 39.97882 ], [ -75.074474, 39.978574 ], [ -75.075062, 39.978343 ], [ -75.075528, 39.978176 ], [ -75.076074, 39.977995 ], [ -75.077126, 39.977667 ], [ -75.077845, 39.977452 ], [ -75.078601, 39.977238 ], [ -75.079349, 39.977039 ], [ -75.080115, 39.976848 ], [ -75.080887, 39.976668 ], [ -75.081661, 39.9765 ], [ -75.08244, 39.976344 ], [ -75.083225, 39.976199 ], [ -75.084014, 39.976066 ], [ -75.085314, 39.975787 ], [ -75.08662, 39.975526 ], [ -75.08793, 39.975281 ], [ -75.089244, 39.975052 ], [ -75.090057, 39.974919 ], [ -75.090644, 39.974835 ], [ -75.091265, 39.974756 ], [ -75.092706, 39.974585 ], [ -75.093391, 39.974495 ], [ -75.094002, 39.974401 ], [ -75.094554, 39.974301 ], [ -75.095028, 39.974202 ], [ -75.095552, 39.97408 ], [ -75.097228, 39.973657 ], [ -75.097819, 39.973514 ], [ -75.099649, 39.973113 ], [ -75.100277, 39.972968 ], [ -75.100957, 39.972792 ], [ -75.101717, 39.972567 ], [ -75.102475, 39.972324 ], [ -75.104119, 39.971779 ], [ -75.10507, 39.971452 ], [ -75.106044, 39.971104 ], [ -75.107114, 39.970709 ], [ -75.108225, 39.970286 ], [ -75.109386, 39.969831 ], [ -75.110619, 39.969336 ], [ -75.112203, 39.968685 ], [ -75.114086, 39.967897 ], [ -75.11453, 39.967709 ], [ -75.11576, 39.967208 ], [ -75.116979, 39.966694 ], [ -75.118188, 39.966167 ], [ -75.11925, 39.965689 ], [ -75.119386, 39.965627 ], [ -75.120504, 39.965107 ], [ -75.121612, 39.964576 ], [ -75.122172, 39.964298 ], [ -75.123531, 39.963625 ], [ -75.124368, 39.963202 ], [ -75.124876, 39.962934 ], [ -75.125332, 39.962685 ], [ -75.125749, 39.962444 ], [ -75.126141, 39.962205 ], [ -75.126703, 39.961844 ], [ -75.126782, 39.961792 ], [ -75.127726, 39.961166 ], [ -75.129619, 39.959925 ], [ -75.129626, 39.95992 ], [ -75.129656, 39.959894 ], [ -75.129666, 39.959886 ], [ -75.130162, 39.959455 ], [ -75.130632, 39.959008 ], [ -75.131076, 39.958545 ], [ -75.131491, 39.95807 ], [ -75.131493, 39.958068 ], [ -75.131495, 39.958066 ], [ -75.131878, 39.957582 ], [ -75.131882, 39.957577 ], [ -75.131886, 39.957571 ], [ -75.132236, 39.957081 ], [ -75.132242, 39.957073 ], [ -75.132248, 39.957064 ], [ -75.132566, 39.956567 ], [ -75.132573, 39.956557 ], [ -75.132579, 39.956547 ], [ -75.132868, 39.956041 ], [ -75.132873, 39.956031 ], [ -75.132879, 39.95602 ], [ -75.133113, 39.955558 ], [ -75.133117, 39.95555 ], [ -75.133121, 39.955541 ], [ -75.133334, 39.955065 ], [ -75.13343, 39.954822 ], [ -75.133711, 39.954117 ], [ -75.134055, 39.953182 ], [ -75.13434, 39.952345 ], [ -75.134604, 39.951504 ], [ -75.134849, 39.950658 ], [ -75.135073, 39.949808 ], [ -75.135365, 39.948635 ], [ -75.135631, 39.947459 ], [ -75.135871, 39.946279 ], [ -75.136082, 39.945096 ], [ -75.136267, 39.943911 ], [ -75.136267, 39.943911 ], [ -75.136425, 39.942723 ], [ -75.136425, 39.942723 ], [ -75.136556, 39.941533 ], [ -75.136556, 39.941532 ], [ -75.13666, 39.940342 ], [ -75.13666, 39.940341 ], [ -75.136732, 39.939233 ], [ -75.136732, 39.939231 ], [ -75.13678, 39.938123 ], [ -75.13678, 39.938121 ], [ -75.136805, 39.937021 ], [ -75.136805, 39.937021 ], [ -75.136806, 39.935943 ], [ -75.136806, 39.935899 ], [ -75.136792, 39.935065 ], [ -75.13677, 39.934329 ], [ -75.136755, 39.933814 ], [ -75.136755, 39.933811 ], [ -75.136755, 39.933811 ], [ -75.13671, 39.932521 ], [ -75.136661, 39.931462 ], [ -75.136658, 39.93131 ], [ -75.136655, 39.93114 ], [ -75.136649, 39.930791 ], [ -75.136649, 39.93079 ], [ -75.136649, 39.930789 ], [ -75.136621, 39.930371 ], [ -75.136621, 39.93037 ], [ -75.136621, 39.930369 ], [ -75.136571, 39.929952 ], [ -75.136571, 39.929951 ], [ -75.136571, 39.92995 ], [ -75.136523, 39.929656 ], [ -75.136463, 39.929362 ], [ -75.136463, 39.929362 ], [ -75.136392, 39.92907 ], [ -75.13631, 39.92878 ], [ -75.136217, 39.928491 ], [ -75.136114, 39.928204 ], [ -75.135999, 39.92792 ], [ -75.135875, 39.927639 ], [ -75.135772, 39.927427 ], [ -75.135298, 39.926451 ], [ -75.134641, 39.925147 ], [ -75.133972, 39.923853 ], [ -75.133129, 39.922245 ], [ -75.132202, 39.920475 ], [ -75.13169, 39.919476 ], [ -75.131237, 39.918576 ], [ -75.130805, 39.917691 ], [ -75.130645, 39.917363 ], [ -75.130467, 39.916979 ], [ -75.130211, 39.916376 ], [ -75.12998, 39.915767 ], [ -75.12984, 39.915359 ], [ -75.129711, 39.914948 ], [ -75.129593, 39.914536 ], [ -75.129487, 39.914121 ], [ -75.129393, 39.913706 ], [ -75.129309, 39.913288 ], [ -75.129238, 39.91287 ], [ -75.129238, 39.91287 ], [ -75.129177, 39.91245 ], [ -75.129177, 39.912449 ], [ -75.129129, 39.912032 ], [ -75.129128, 39.91203 ], [ -75.129128, 39.912027 ], [ -75.129091, 39.911612 ], [ -75.129091, 39.911608 ], [ -75.129091, 39.911605 ], [ -75.129066, 39.911191 ], [ -75.129065, 39.911187 ], [ -75.129065, 39.911182 ], [ -75.129051, 39.91077 ], [ -75.129051, 39.910769 ], [ -75.129051, 39.910764 ], [ -75.129051, 39.91076 ], [ -75.129049, 39.910347 ], [ -75.129049, 39.910342 ], [ -75.129049, 39.910337 ], [ -75.129058, 39.909925 ], [ -75.129058, 39.90992 ], [ -75.129058, 39.909915 ], [ -75.129078, 39.909503 ], [ -75.129078, 39.909498 ], [ -75.129079, 39.909493 ], [ -75.12911, 39.909081 ], [ -75.12911, 39.909077 ], [ -75.129111, 39.909073 ], [ -75.129163, 39.908585 ], [ -75.129163, 39.908582 ], [ -75.129163, 39.90858 ], [ -75.12923, 39.9081 ], [ -75.129262, 39.907896 ], [ -75.129344, 39.907381 ], [ -75.129349, 39.907347 ], [ -75.129462, 39.906739 ], [ -75.129558, 39.906292 ], [ -75.129666, 39.905863 ], [ -75.129795, 39.905403 ], [ -75.129948, 39.904913 ], [ -75.130252, 39.904026 ], [ -75.130408, 39.903595 ], [ -75.130534, 39.903271 ], [ -75.130788, 39.902675 ], [ -75.131155, 39.901856 ], [ -75.131416, 39.901273 ], [ -75.131571, 39.900906 ], [ -75.131703, 39.900572 ], [ -75.131841, 39.900187 ], [ -75.131982, 39.899759 ], [ -75.132022, 39.899621 ], [ -75.132506, 39.897987 ], [ -75.132635, 39.897579 ], [ -75.132759, 39.897216 ], [ -75.132911, 39.896814 ], [ -75.133079, 39.896413 ], [ -75.133296, 39.895932 ], [ -75.133532, 39.895443 ], [ -75.133844, 39.894839 ], [ -75.134185, 39.894219 ], [ -75.134557, 39.893579 ], [ -75.134964, 39.892915 ], [ -75.135293, 39.892399 ], [ -75.135646, 39.891861 ], [ -75.136696, 39.89031 ], [ -75.137602, 39.888867 ], [ -75.137883, 39.888429 ], [ -75.138136, 39.888053 ], [ -75.138376, 39.887717 ], [ -75.138499, 39.887555 ], [ -75.13867, 39.887332 ], [ -75.138963, 39.886985 ], [ -75.139258, 39.886669 ], [ -75.139559, 39.886381 ], [ -75.139866, 39.88612 ], [ -75.140182, 39.885884 ], [ -75.140502, 39.885675 ], [ -75.140862, 39.885471 ], [ -75.141251, 39.885277 ], [ -75.141677, 39.885089 ], [ -75.142144, 39.884903 ], [ -75.142662, 39.884718 ], [ -75.142928, 39.884631 ], [ -75.143201, 39.884541 ], [ -75.143834, 39.884347 ], [ -75.145224, 39.88394 ], [ -75.145316, 39.883914 ], [ -75.145868, 39.883761 ], [ -75.146482, 39.883603 ], [ -75.147106, 39.883454 ], [ -75.147738, 39.883314 ], [ -75.148378, 39.883184 ], [ -75.149024, 39.883064 ], [ -75.149523, 39.88298 ], [ -75.149676, 39.882954 ], [ -75.150332, 39.882854 ], [ -75.150991, 39.882765 ], [ -75.151641, 39.882688 ], [ -75.152296, 39.882624 ], [ -75.152986, 39.88257 ], [ -75.153714, 39.882526 ], [ -75.15449, 39.882492 ], [ -75.15533, 39.882466 ], [ -75.156358, 39.882447 ], [ -75.157228, 39.88244 ], [ -75.158185, 39.882454 ], [ -75.159289, 39.882491 ], [ -75.161724, 39.882604 ], [ -75.163244, 39.882663 ], [ -75.163376, 39.88267 ], [ -75.165194, 39.882766 ], [ -75.166007, 39.882801 ], [ -75.166505, 39.882815 ], [ -75.166966, 39.882821 ], [ -75.167401, 39.882819 ], [ -75.167817, 39.882809 ], [ -75.168191, 39.882792 ], [ -75.168581, 39.882767 ], [ -75.16943, 39.882692 ], [ -75.170246, 39.882601 ], [ -75.172311, 39.882347 ], [ -75.172881, 39.882286 ], [ -75.173554, 39.882222 ], [ -75.174925, 39.882111 ], [ -75.178008, 39.881891 ], [ -75.179368, 39.881777 ], [ -75.17998, 39.881716 ], [ -75.180059, 39.881708 ], [ -75.180558, 39.881652 ], [ -75.181109, 39.881584 ], [ -75.181638, 39.881511 ], [ -75.18215, 39.881432 ], [ -75.182646, 39.881348 ], [ -75.183106, 39.881261 ], [ -75.183574, 39.881164 ], [ -75.184401, 39.880972 ], [ -75.185312, 39.880737 ], [ -75.186206, 39.880489 ], [ -75.186472, 39.880413 ], [ -75.188076, 39.879955 ], [ -75.188513, 39.879831 ], [ -75.189189, 39.879647 ], [ -75.1898, 39.879489 ], [ -75.190362, 39.879354 ], [ -75.190689, 39.879283 ], [ -75.19149, 39.879139 ], [ -75.191885, 39.879068 ], [ -75.192267, 39.878993 ], [ -75.192592, 39.878919 ], [ -75.192882, 39.878841 ], [ -75.193158, 39.878753 ], [ -75.19342, 39.878652 ], [ -75.193697, 39.878529 ], [ -75.193988, 39.878383 ], [ -75.194201, 39.878263 ], [ -75.194478, 39.878107 ], [ -75.19595, 39.877221 ], [ -75.196719, 39.87674 ], [ -75.198455, 39.875625 ], [ -75.199318, 39.875054 ], [ -75.199411, 39.874992 ], [ -75.200515, 39.874251 ], [ -75.201675, 39.873473 ], [ -75.202402, 39.872998 ], [ -75.203063, 39.872579 ], [ -75.204093, 39.871951 ], [ -75.20621, 39.870697 ], [ -75.207153, 39.870129 ], [ -75.208242, 39.869459 ], [ -75.210708, 39.867923 ], [ -75.211846, 39.867226 ], [ -75.212892, 39.866602 ], [ -75.213857, 39.866046 ], [ -75.215158, 39.865331 ], [ -75.216614, 39.86456 ], [ -75.216673, 39.86453 ], [ -75.218069, 39.863816 ], [ -75.219552, 39.863083 ], [ -75.221103, 39.862343 ], [ -75.222788, 39.861565 ], [ -75.22449, 39.860801 ], [ -75.226057, 39.86012 ], [ -75.227233, 39.859626 ], [ -75.228366, 39.859167 ], [ -75.229466, 39.858738 ], [ -75.230082, 39.858508 ], [ -75.230538, 39.858338 ], [ -75.231593, 39.857962 ], [ -75.232617, 39.857616 ], [ -75.233486, 39.857342 ], [ -75.234406, 39.857072 ], [ -75.235059, 39.856892 ], [ -75.235745, 39.856711 ], [ -75.23725, 39.856338 ], [ -75.238733, 39.855993 ], [ -75.242512, 39.855139 ], [ -75.243592, 39.854884 ], [ -75.243704, 39.854857 ], [ -75.244559, 39.854645 ], [ -75.245433, 39.854418 ], [ -75.246359, 39.854164 ], [ -75.247456, 39.85385 ], [ -75.250255, 39.853047 ], [ -75.251143, 39.852799 ], [ -75.251943, 39.852584 ], [ -75.254087, 39.85202 ], [ -75.255459, 39.851673 ], [ -75.256439, 39.851441 ], [ -75.256727, 39.851373 ], [ -75.257878, 39.851126 ], [ -75.258659, 39.850976 ], [ -75.259535, 39.850822 ], [ -75.262359, 39.850366 ], [ -75.263351, 39.850199 ], [ -75.264476, 39.849997 ], [ -75.266438, 39.849634 ], [ -75.267433, 39.84945 ], [ -75.26843, 39.849276 ], [ -75.269421, 39.849113 ], [ -75.270448, 39.848954 ], [ -75.271517, 39.848797 ], [ -75.272499, 39.848663 ], [ -75.272552, 39.848656 ], [ -75.273558, 39.848528 ], [ -75.274539, 39.848413 ], [ -75.275477, 39.848314 ], [ -75.276394, 39.848227 ], [ -75.277293, 39.848152 ], [ -75.278175, 39.848089 ], [ -75.278942, 39.848045 ], [ -75.279727, 39.848011 ], [ -75.28053, 39.847986 ], [ -75.281355, 39.847972 ], [ -75.281816, 39.847968 ], [ -75.282284, 39.847967 ], [ -75.282761, 39.847969 ], [ -75.283246, 39.847974 ], [ -75.284248, 39.847993 ], [ -75.285297, 39.848023 ], [ -75.286387, 39.848065 ], [ -75.287559, 39.848119 ], [ -75.288842, 39.848188 ], [ -75.290341, 39.848275 ], [ -75.29036, 39.848276 ], [ -75.29358, 39.848473 ], [ -75.294024, 39.848503 ], [ -75.294488, 39.848539 ], [ -75.295147, 39.848596 ], [ -75.295879, 39.848666 ], [ -75.296614, 39.848741 ], [ -75.298566, 39.848945 ], [ -75.299149, 39.849004 ], [ -75.299673, 39.849053 ], [ -75.300269, 39.849105 ], [ -75.300827, 39.849148 ], [ -75.301356, 39.849183 ], [ -75.301862, 39.849211 ], [ -75.302374, 39.849232 ], [ -75.30287, 39.849245 ], [ -75.30338, 39.849252 ], [ -75.303902, 39.849251 ], [ -75.304437, 39.849242 ], [ -75.304981, 39.849227 ], [ -75.305537, 39.849204 ], [ -75.306105, 39.849173 ], [ -75.306551, 39.849145 ], [ -75.307006, 39.849112 ], [ -75.30747, 39.849075 ], [ -75.307946, 39.849033 ], [ -75.308434, 39.848987 ], [ -75.308936, 39.848935 ], [ -75.309456, 39.848878 ], [ -75.309995, 39.848816 ], [ -75.310928, 39.848702 ], [ -75.311967, 39.848566 ], [ -75.312972, 39.84843 ], [ -75.315465, 39.848085 ], [ -75.316791, 39.847908 ], [ -75.317476, 39.847822 ], [ -75.318118, 39.847744 ], [ -75.318729, 39.847674 ], [ -75.319315, 39.847611 ], [ -75.319948, 39.847548 ], [ -75.320661, 39.84748 ], [ -75.3214, 39.847414 ], [ -75.322192, 39.847345 ], [ -75.323653, 39.847225 ], [ -75.327174, 39.846945 ], [ -75.328119, 39.846867 ], [ -75.328972, 39.846793 ], [ -75.329865, 39.846712 ], [ -75.330703, 39.846631 ], [ -75.3315, 39.846549 ], [ -75.332264, 39.846466 ], [ -75.333208, 39.846355 ], [ -75.334114, 39.846239 ], [ -75.334633, 39.846168 ], [ -75.335141, 39.846095 ], [ -75.335647, 39.846019 ], [ -75.33635, 39.845909 ], [ -75.336546, 39.845881 ], [ -75.336851, 39.845837 ], [ -75.337513, 39.84575 ], [ -75.339004, 39.845567 ], [ -75.339652, 39.84548 ], [ -75.340102, 39.845415 ], [ -75.340515, 39.845349 ], [ -75.340901, 39.84528 ], [ -75.341266, 39.845208 ], [ -75.34148, 39.845163 ], [ -75.341688, 39.845115 ], [ -75.341889, 39.845067 ], [ -75.342086, 39.845016 ], [ -75.342277, 39.844964 ], [ -75.342463, 39.844909 ], [ -75.342644, 39.844853 ], [ -75.342821, 39.844795 ], [ -75.342993, 39.844734 ], [ -75.343161, 39.844672 ], [ -75.343325, 39.844608 ], [ -75.343485, 39.844541 ], [ -75.343635, 39.844474 ], [ -75.343786, 39.844404 ], [ -75.343938, 39.844328 ], [ -75.344091, 39.844249 ], [ -75.344332, 39.844116 ], [ -75.344579, 39.843971 ], [ -75.344835, 39.843812 ], [ -75.345104, 39.843636 ], [ -75.345342, 39.843475 ], [ -75.345603, 39.843292 ], [ -75.345605, 39.843291 ], [ -75.346498, 39.84265 ], [ -75.346849, 39.842402 ], [ -75.34721, 39.842157 ], [ -75.34754, 39.841944 ], [ -75.347962, 39.841687 ], [ -75.348452, 39.841391 ], [ -75.349428, 39.840813 ], [ -75.350436, 39.84023 ], [ -75.351488, 39.839634 ], [ -75.352115, 39.839285 ], [ -75.35276, 39.838929 ], [ -75.353427, 39.838566 ], [ -75.354118, 39.838193 ], [ -75.354834, 39.837809 ], [ -75.355585, 39.837411 ], [ -75.357225, 39.836551 ], [ -75.358009, 39.836144 ], [ -75.358649, 39.835822 ], [ -75.359318, 39.835493 ], [ -75.360963, 39.834695 ], [ -75.361413, 39.834473 ], [ -75.361817, 39.834271 ], [ -75.362251, 39.834049 ], [ -75.362655, 39.833836 ], [ -75.363026, 39.833635 ], [ -75.363415, 39.833418 ], [ -75.363837, 39.833177 ], [ -75.364268, 39.832925 ], [ -75.364709, 39.832662 ], [ -75.365163, 39.832387 ], [ -75.365629, 39.832099 ], [ -75.366116, 39.831793 ], [ -75.366628, 39.831467 ], [ -75.367178, 39.831112 ], [ -75.36786, 39.830668 ], [ -75.368709, 39.83011 ], [ -75.369241, 39.829757 ], [ -75.369771, 39.829402 ], [ -75.370352, 39.829007 ], [ -75.370929, 39.828609 ], [ -75.371504, 39.828209 ], [ -75.372075, 39.827806 ], [ -75.374156, 39.826329 ], [ -75.375163, 39.825622 ], [ -75.376127, 39.824959 ], [ -75.377011, 39.824368 ], [ -75.377667, 39.823943 ], [ -75.37823, 39.823592 ], [ -75.380153, 39.822444 ], [ -75.380791, 39.822055 ], [ -75.381354, 39.821697 ], [ -75.381856, 39.821362 ], [ -75.38248, 39.82092 ], [ -75.383124, 39.820453 ], [ -75.383618, 39.820085 ], [ -75.384055, 39.819744 ], [ -75.384464, 39.819411 ], [ -75.384838, 39.81909 ], [ -75.385192, 39.818766 ], [ -75.385476, 39.818485 ], [ -75.38571, 39.818225 ], [ -75.385938, 39.817945 ], [ -75.385997, 39.817864 ], [ -75.38616, 39.817641 ], [ -75.38638, 39.81731 ], [ -75.386585, 39.816976 ], [ -75.386799, 39.8166 ], [ -75.387572, 39.815144 ], [ -75.387913, 39.814541 ], [ -75.38811, 39.814221 ], [ -75.388305, 39.813929 ], [ -75.388502, 39.813659 ], [ -75.388703, 39.813408 ], [ -75.388947, 39.813132 ], [ -75.389202, 39.812879 ], [ -75.389564, 39.812554 ], [ -75.389955, 39.812233 ], [ -75.390356, 39.811928 ], [ -75.390786, 39.811624 ], [ -75.391246, 39.811319 ], [ -75.39174, 39.811012 ], [ -75.392269, 39.810701 ], [ -75.39284, 39.810382 ], [ -75.393461, 39.810051 ], [ -75.394152, 39.809697 ], [ -75.395047, 39.809253 ], [ -75.396436, 39.808579 ], [ -75.396998, 39.80832 ], [ -75.397599, 39.80806 ], [ -75.39838, 39.807741 ], [ -75.39926, 39.807403 ], [ -75.400134, 39.80708 ], [ -75.402384, 39.806266 ], [ -75.40361, 39.805802 ], [ -75.404734, 39.80535 ], [ -75.407505, 39.804215 ], [ -75.409048, 39.803594 ], [ -75.41153, 39.802607 ], [ -75.414019, 39.801632 ], [ -75.413955, 39.801594 ], [ -75.413936, 39.801583 ], [ -75.413881, 39.801551 ], [ -75.413852, 39.801534 ], [ -75.413806, 39.801507 ], [ -75.413769, 39.801485 ], [ -75.413732, 39.801463 ], [ -75.413686, 39.801436 ], [ -75.413658, 39.801419 ], [ -75.413603, 39.801386 ], [ -75.413584, 39.801375 ], [ -75.413519, 39.801337 ], [ -75.41351, 39.801331 ], [ -75.413436, 39.801288 ], [ -75.413436, 39.801288 ], [ -75.413361, 39.801244 ], [ -75.413353, 39.801239 ], [ -75.413287, 39.8012 ], [ -75.41327, 39.801189 ], [ -75.413213, 39.801156 ], [ -75.413187, 39.80114 ], [ -75.413139, 39.801112 ], [ -75.413104, 39.801091 ], [ -75.413065, 39.801068 ], [ -75.413021, 39.801041 ], [ -75.412991, 39.801024 ], [ -75.412938, 39.800992 ], [ -75.412917, 39.80098 ], [ -75.412855, 39.800942 ], [ -75.412843, 39.800936 ], [ -75.412778, 39.800897 ], [ -75.412772, 39.800893 ], [ -75.412769, 39.800891 ], [ -75.412696, 39.800847 ], [ -75.412689, 39.800843 ], [ -75.412622, 39.800803 ], [ -75.412606, 39.800794 ], [ -75.412548, 39.800759 ], [ -75.412523, 39.800744 ], [ -75.412474, 39.800715 ], [ -75.41244, 39.800695 ], [ -75.4124, 39.800671 ], [ -75.412358, 39.800645 ], [ -75.412326, 39.800626 ], [ -75.412275, 39.800596 ], [ -75.412253, 39.800582 ], [ -75.412192, 39.800546 ], [ -75.412179, 39.800538 ], [ -75.412109, 39.800496 ], [ -75.412105, 39.800494 ], [ -75.412031, 39.800449 ], [ -75.412027, 39.800446 ], [ -75.411958, 39.800405 ], [ -75.411944, 39.800397 ], [ -75.411884, 39.800361 ], [ -75.411861, 39.800347 ], [ -75.411811, 39.800316 ], [ -75.411779, 39.800297 ], [ -75.411737, 39.800272 ], [ -75.411696, 39.800247 ], [ -75.411663, 39.800227 ], [ -75.411614, 39.800197 ], [ -75.41159, 39.800183 ], [ -75.411544, 39.800155 ], [ -75.411543, 39.800155 ], [ -75.411531, 39.800147 ], [ -75.411516, 39.800138 ], [ -75.411449, 39.800098 ], [ -75.411443, 39.800094 ], [ -75.411369, 39.800049 ], [ -75.411366, 39.800048 ], [ -75.411296, 39.800005 ], [ -75.411284, 39.799998 ], [ -75.411222, 39.79996 ], [ -75.411201, 39.799948 ], [ -75.411149, 39.799916 ], [ -75.411119, 39.799898 ], [ -75.411075, 39.799871 ], [ -75.411037, 39.799848 ], [ -75.411002, 39.799826 ], [ -75.410954, 39.799797 ], [ -75.410929, 39.799782 ], [ -75.410872, 39.799747 ], [ -75.410855, 39.799737 ], [ -75.41079, 39.799697 ], [ -75.410782, 39.799692 ], [ -75.410709, 39.799648 ], [ -75.410708, 39.799647 ], [ -75.410636, 39.799603 ], [ -75.410625, 39.799597 ], [ -75.410562, 39.799558 ], [ -75.410543, 39.799547 ], [ -75.410489, 39.799513 ], [ -75.410461, 39.799496 ], [ -75.410416, 39.799469 ], [ -75.410379, 39.799446 ], [ -75.410343, 39.799424 ], [ -75.410316, 39.799408 ], [ -75.410314, 39.799406 ], [ -75.410297, 39.799396 ], [ -75.41027, 39.799379 ], [ -75.410215, 39.799345 ], [ -75.410197, 39.799334 ], [ -75.410133, 39.799295 ], [ -75.410123, 39.799289 ], [ -75.410051, 39.799245 ], [ -75.41005, 39.799244 ], [ -75.409977, 39.799199 ], [ -75.409969, 39.799194 ], [ -75.409904, 39.799154 ], [ -75.409887, 39.799144 ], [ -75.409831, 39.799109 ], [ -75.409805, 39.799093 ], [ -75.409758, 39.799064 ], [ -75.409723, 39.799043 ], [ -75.409685, 39.799019 ], [ -75.409641, 39.798992 ], [ -75.409612, 39.798974 ], [ -75.40956, 39.798942 ], [ -75.409539, 39.798929 ], [ -75.409478, 39.798891 ], [ -75.409467, 39.798884 ], [ -75.409396, 39.79884 ], [ -75.409394, 39.798839 ], [ -75.409321, 39.798794 ], [ -75.409314, 39.79879 ], [ -75.409248, 39.798749 ], [ -75.409233, 39.798739 ], [ -75.409175, 39.798703 ], [ -75.409151, 39.798688 ], [ -75.409102, 39.798658 ], [ -75.409095, 39.798653 ], [ -75.409094, 39.798653 ], [ -75.409069, 39.798637 ], [ -75.40903, 39.798613 ], [ -75.408988, 39.798587 ], [ -75.408957, 39.798568 ], [ -75.408906, 39.798536 ], [ -75.408884, 39.798522 ], [ -75.408825, 39.798485 ], [ -75.408812, 39.798477 ], [ -75.408743, 39.798434 ], [ -75.408739, 39.798432 ], [ -75.408666, 39.798386 ], [ -75.408662, 39.798383 ], [ -75.408594, 39.798341 ], [ -75.40858, 39.798332 ], [ -75.408521, 39.798296 ], [ -75.408499, 39.798281 ], [ -75.408449, 39.79825 ], [ -75.408417, 39.798231 ], [ -75.408376, 39.798205 ], [ -75.408336, 39.79818 ], [ -75.408304, 39.798159 ], [ -75.408255, 39.798129 ], [ -75.408231, 39.798114 ], [ -75.408173, 39.798077 ], [ -75.408159, 39.798068 ], [ -75.408092, 39.798026 ], [ -75.408086, 39.798023 ], [ -75.408014, 39.797977 ], [ -75.408011, 39.797975 ], [ -75.407941, 39.797932 ], [ -75.407929, 39.797924 ], [ -75.40788, 39.797893 ], [ -75.407878, 39.797892 ], [ -75.407869, 39.797886 ], [ -75.407848, 39.797873 ], [ -75.407797, 39.79784 ], [ -75.407767, 39.797822 ], [ -75.407724, 39.797795 ], [ -75.407686, 39.797771 ], [ -75.407652, 39.797749 ], [ -75.407605, 39.797719 ], [ -75.40758, 39.797703 ], [ -75.407524, 39.797668 ], [ -75.407507, 39.797658 ], [ -75.407443, 39.797617 ], [ -75.407435, 39.797612 ], [ -75.407363, 39.797566 ], [ -75.407362, 39.797565 ], [ -75.407291, 39.79752 ], [ -75.407281, 39.797514 ], [ -75.407219, 39.797475 ], [ -75.4072, 39.797463 ], [ -75.407147, 39.797429 ], [ -75.407119, 39.797411 ], [ -75.407074, 39.797383 ], [ -75.407038, 39.79736 ], [ -75.407002, 39.797337 ], [ -75.406957, 39.797308 ], [ -75.40693, 39.797291 ], [ -75.406876, 39.797257 ], [ -75.406858, 39.797245 ], [ -75.406795, 39.797205 ], [ -75.406786, 39.797199 ], [ -75.406715, 39.797154 ], [ -75.406714, 39.797153 ], [ -75.406672, 39.797127 ], [ -75.406669, 39.797124 ], [ -75.406642, 39.797107 ], [ -75.406634, 39.797102 ], [ -75.40657, 39.797062 ], [ -75.406553, 39.797051 ], [ -75.406498, 39.797015 ], [ -75.406473, 39.796999 ], [ -75.406426, 39.796969 ], [ -75.406392, 39.796947 ], [ -75.406355, 39.796923 ], [ -75.406311, 39.796896 ], [ -75.406283, 39.796877 ], [ -75.406231, 39.796844 ], [ -75.406211, 39.796831 ], [ -75.40615, 39.796792 ], [ -75.406139, 39.796785 ], [ -75.40607, 39.79674 ], [ -75.406067, 39.796739 ], [ -75.405996, 39.796693 ], [ -75.405989, 39.796689 ], [ -75.405924, 39.796647 ], [ -75.405909, 39.796637 ], [ -75.405852, 39.7966 ], [ -75.405828, 39.796585 ], [ -75.40578, 39.796554 ], [ -75.405748, 39.796533 ], [ -75.405709, 39.796508 ], [ -75.405667, 39.796481 ], [ -75.405637, 39.796462 ], [ -75.405587, 39.796429 ], [ -75.405565, 39.796415 ], [ -75.405507, 39.796377 ], [ -75.405494, 39.796369 ], [ -75.405471, 39.796354 ], [ -75.405469, 39.796353 ], [ -75.405426, 39.796325 ], [ -75.405422, 39.796323 ], [ -75.405346, 39.796273 ], [ -75.405347, 39.796273 ], [ -75.411063, 39.794136 ], [ -75.413363, 39.793042 ], [ -75.424607, 39.788645 ], [ -75.431306, 39.786296 ], [ -75.43624, 39.784439 ], [ -75.437998, 39.783653 ], [ -75.440511, 39.781729 ], [ -75.441394, 39.781149 ], [ -75.44281, 39.780193 ], [ -75.445394, 39.777881 ], [ -75.447238, 39.776401 ], [ -75.447679, 39.776034 ], [ -75.448516, 39.774417 ], [ -75.44725, 39.773643 ], [ -75.449458, 39.771869 ], [ -75.450682, 39.771027 ], [ -75.452952, 39.768607 ], [ -75.455215, 39.767062 ], [ -75.456591, 39.766309 ], [ -75.457843, 39.764989 ], [ -75.458504, 39.764441 ], [ -75.458593, 39.764368 ], [ -75.459096, 39.763952 ], [ -75.459614, 39.76372 ], [ -75.459714, 39.763456 ], [ -75.459832, 39.763147 ], [ -75.459903, 39.762575 ], [ -75.461082, 39.761602 ], [ -75.461817, 39.760451 ], [ -75.462109, 39.759994 ], [ -75.462545, 39.758618 ], [ -75.462831, 39.75713 ], [ -75.463636, 39.755582 ], [ -75.46422, 39.754264 ], [ -75.464287, 39.753119 ], [ -75.466112, 39.750986 ], [ -75.466744, 39.750005 ], [ -75.466858, 39.749748 ], [ -75.466973, 39.749473 ], [ -75.467094, 39.749211 ], [ -75.467189, 39.748977 ], [ -75.467296, 39.748746 ], [ -75.46745, 39.748399 ], [ -75.467666, 39.748038 ], [ -75.467801, 39.747668 ], [ -75.468049, 39.747081 ], [ -75.468311, 39.746602 ], [ -75.46838, 39.745917 ], [ -75.468523, 39.745687 ], [ -75.468693, 39.74538 ], [ -75.468807, 39.745051 ], [ -75.468856, 39.74455 ], [ -75.46892, 39.744302 ], [ -75.469027, 39.743793 ], [ -75.469162, 39.743513 ], [ -75.469325, 39.743053 ], [ -75.469453, 39.742854 ], [ -75.469655, 39.742718 ], [ -75.46998, 39.742604 ], [ -75.470193, 39.742477 ], [ -75.470407, 39.742296 ], [ -75.470561, 39.742151 ], [ -75.470697, 39.741853 ], [ -75.470817, 39.741317 ], [ -75.470953, 39.740938 ], [ -75.47109, 39.740577 ], [ -75.471211, 39.740293 ], [ -75.47138, 39.739977 ], [ -75.471685, 39.739682 ], [ -75.472027, 39.739384 ], [ -75.472269, 39.739036 ], [ -75.472682, 39.738809 ], [ -75.472927, 39.738619 ], [ -75.473126, 39.738393 ], [ -75.473217, 39.73814 ], [ -75.473401, 39.73781 ], [ -75.474423, 39.735801 ], [ -75.474558, 39.735648 ], [ -75.47477, 39.73539 ], [ -75.474999, 39.73515 ], [ -75.475138, 39.734956 ], [ -75.475249, 39.734861 ], [ -75.475311, 39.734793 ], [ -75.475282, 39.734663 ], [ -75.475149, 39.734546 ], [ -75.475162, 39.734388 ], [ -75.47528, 39.734266 ], [ -75.475474, 39.734099 ], [ -75.475627, 39.733954 ], [ -75.475753, 39.733841 ], [ -75.475871, 39.733777 ], [ -75.476068, 39.733858 ], [ -75.476227, 39.733614 ], [ -75.475787, 39.733399 ], [ -75.475797, 39.733178 ], [ -75.475712, 39.732697 ], [ -75.475722, 39.73217 ], [ -75.47561, 39.731774 ], [ -75.47543, 39.731229 ], [ -75.475358, 39.730711 ], [ -75.475356, 39.730355 ], [ -75.475462, 39.729945 ], [ -75.475564, 39.7294 ], [ -75.475841, 39.728646 ], [ -75.475955, 39.728384 ], [ -75.476218, 39.727901 ], [ -75.47636, 39.727581 ], [ -75.476459, 39.7274 ], [ -75.476543, 39.72713 ], [ -75.476744, 39.726602 ], [ -75.476999, 39.726204 ], [ -75.477141, 39.72573 ], [ -75.477205, 39.725469 ], [ -75.477219, 39.725018 ], [ -75.477077, 39.724758 ], [ -75.476629, 39.724552 ], [ -75.476404, 39.724184 ], [ -75.47638, 39.72381 ], [ -75.476543, 39.723372 ], [ -75.476642, 39.723223 ], [ -75.476815, 39.723087 ], [ -75.4769, 39.722974 ], [ -75.476916, 39.72288 ], [ -75.476831, 39.722767 ], [ -75.47667, 39.722619 ], [ -75.476618, 39.722403 ], [ -75.476685, 39.721939 ], [ -75.476745, 39.721569 ], [ -75.476595, 39.721178 ], [ -75.476508, 39.720827 ], [ -75.476554, 39.720507 ], [ -75.476417, 39.71989 ], [ -75.476366, 39.719458 ], [ -75.476427, 39.719075 ], [ -75.476536, 39.718723 ], [ -75.476566, 39.718507 ], [ -75.476502, 39.718228 ], [ -75.476487, 39.717782 ], [ -75.476496, 39.717588 ], [ -75.476494, 39.71734 ], [ -75.476535, 39.717106 ], [ -75.476576, 39.716858 ], [ -75.476653, 39.716677 ], [ -75.476774, 39.716506 ], [ -75.476878, 39.716311 ], [ -75.477036, 39.716099 ], [ -75.477143, 39.715936 ], [ -75.477232, 39.715801 ], [ -75.477428, 39.715597 ], [ -75.47758, 39.715426 ], [ -75.477754, 39.715258 ], [ -75.478016, 39.715041 ], [ -75.478305, 39.714864 ], [ -75.478609, 39.714556 ], [ -75.478751, 39.714285 ], [ -75.478851, 39.714028 ], [ -75.479099, 39.713825 ], [ -75.479377, 39.713792 ], [ -75.479541, 39.713809 ], [ -75.480059, 39.714127 ], [ -75.480366, 39.714184 ], [ -75.480673, 39.714201 ], [ -75.481209, 39.714181 ], [ -75.481553, 39.714107 ], [ -75.481937, 39.714151 ], [ -75.482512, 39.71422 ], [ -75.482994, 39.714633 ], [ -75.483323, 39.715122 ], [ -75.483575, 39.715491 ], [ -75.483768, 39.715738 ], [ -75.484152, 39.715916 ], [ -75.484746, 39.7159 ], [ -75.485283, 39.715957 ], [ -75.485858, 39.716026 ], [ -75.48626, 39.715944 ], [ -75.486872, 39.715725 ], [ -75.487469, 39.715335 ], [ -75.488002, 39.714941 ], [ -75.488471, 39.714808 ], [ -75.489246, 39.713926 ], [ -75.489551, 39.713655 ], [ -75.490241, 39.712899 ], [ -75.490724, 39.712186 ], [ -75.490908, 39.711933 ], [ -75.49088, 39.711901 ], [ -75.491164, 39.71158 ], [ -75.491526, 39.711205 ], [ -75.491597, 39.711141 ], [ -75.491917, 39.711063 ], [ -75.491981, 39.711018 ], [ -75.492067, 39.711009 ], [ -75.492123, 39.710878 ], [ -75.492109, 39.710747 ], [ -75.492031, 39.710648 ], [ -75.491697, 39.710483 ], [ -75.491582, 39.710267 ], [ -75.491611, 39.71011 ], [ -75.49198, 39.709495 ], [ -75.492137, 39.709251 ], [ -75.492627, 39.708736 ], [ -75.492833, 39.708546 ], [ -75.493714, 39.707654 ], [ -75.493728, 39.707636 ], [ -75.493692, 39.707605 ], [ -75.494019, 39.707333 ], [ -75.494538, 39.706313 ], [ -75.494594, 39.706268 ], [ -75.494758, 39.705929 ], [ -75.494821, 39.705821 ], [ -75.4949, 39.705757 ], [ -75.49507, 39.705401 ], [ -75.495134, 39.705297 ], [ -75.495219, 39.705238 ], [ -75.495311, 39.705012 ], [ -75.495901, 39.704023 ], [ -75.496057, 39.703522 ], [ -75.496085, 39.702941 ], [ -75.496106, 39.702873 ], [ -75.49612, 39.702864 ], [ -75.496099, 39.702702 ], [ -75.49613, 39.702306 ], [ -75.496074, 39.702148 ], [ -75.496034, 39.701842 ], [ -75.496069, 39.701522 ], [ -75.496256, 39.70135 ], [ -75.496572, 39.701087 ], [ -75.49717, 39.700778 ], [ -75.49745, 39.700633 ], [ -75.497768, 39.700605 ], [ -75.497868, 39.700636 ], [ -75.498031, 39.700689 ], [ -75.498445, 39.700904 ], [ -75.498765, 39.700961 ], [ -75.49912, 39.700815 ], [ -75.499156, 39.700657 ], [ -75.499155, 39.700509 ], [ -75.499232, 39.700269 ], [ -75.499695, 39.699952 ], [ -75.499943, 39.699852 ], [ -75.5, 39.699802 ], [ -75.500384, 39.699472 ], [ -75.501024, 39.699816 ], [ -75.501223, 39.699783 ], [ -75.501513, 39.699503 ], [ -75.501895, 39.699294 ], [ -75.502322, 39.699031 ], [ -75.502816, 39.698731 ], [ -75.504147, 39.698622 ], [ -75.505235, 39.698153 ], [ -75.506735, 39.697552 ], [ -75.506878, 39.697488 ], [ -75.507262, 39.697171 ], [ -75.508208, 39.696095 ], [ -75.508898, 39.69511 ], [ -75.509062, 39.694548 ], [ -75.509127, 39.694325 ], [ -75.509137, 39.693951 ], [ -75.509145, 39.693626 ], [ -75.509231, 39.693072 ], [ -75.509317, 39.692599 ], [ -75.509383, 39.692233 ], [ -75.509491, 39.691602 ], [ -75.50959, 39.689705 ], [ -75.509694, 39.688551 ], [ -75.50987, 39.687816 ], [ -75.509909, 39.687122 ], [ -75.509929, 39.686478 ], [ -75.509758, 39.686321 ], [ -75.50909, 39.686216 ], [ -75.509087, 39.685815 ], [ -75.509332, 39.685381 ], [ -75.509689, 39.683803 ], [ -75.510038, 39.682752 ], [ -75.510434, 39.681164 ], [ -75.510535, 39.680596 ], [ -75.510619, 39.680285 ], [ -75.510541, 39.68001 ], [ -75.510416, 39.679813 ], [ -75.510394, 39.67938 ], [ -75.510541, 39.678681 ], [ -75.51077, 39.677608 ], [ -75.511068, 39.676386 ], [ -75.511221, 39.675746 ], [ -75.511662, 39.674099 ], [ -75.512087, 39.672926 ], [ -75.512434, 39.671924 ], [ -75.512618, 39.67155 ], [ -75.512854, 39.671242 ], [ -75.513267, 39.670849 ], [ -75.51538, 39.667577 ], [ -75.516575, 39.665928 ], [ -75.517756, 39.664553 ], [ -75.518225, 39.664118 ], [ -75.518907, 39.663516 ], [ -75.519875, 39.662769 ], [ -75.520166, 39.662533 ], [ -75.520251, 39.662506 ], [ -75.520329, 39.662424 ], [ -75.520969, 39.661903 ], [ -75.521616, 39.661468 ], [ -75.521702, 39.661445 ], [ -75.522185, 39.661069 ], [ -75.522477, 39.660856 ], [ -75.522541, 39.660788 ], [ -75.523038, 39.660222 ], [ -75.52338, 39.659698 ], [ -75.52365, 39.65926 ], [ -75.525228, 39.657334 ], [ -75.525982, 39.656772 ], [ -75.526501, 39.656472 ], [ -75.526772, 39.656137 ], [ -75.526561, 39.65567 ], [ -75.5269, 39.654844 ], [ -75.527394, 39.653999 ], [ -75.527788, 39.653569 ], [ -75.528132, 39.653343 ], [ -75.528424, 39.653179 ], [ -75.52901, 39.653046 ], [ -75.52937, 39.65267 ], [ -75.529558, 39.652205 ], [ -75.529765, 39.65193 ], [ -75.530206, 39.651464 ], [ -75.532907, 39.648964 ], [ -75.533582, 39.648511 ], [ -75.533973, 39.648347 ], [ -75.534392, 39.647917 ], [ -75.535231, 39.647246 ], [ -75.535337, 39.647192 ], [ -75.535849, 39.647144 ], [ -75.536744, 39.646996 ], [ -75.537455, 39.646862 ], [ -75.537547, 39.646758 ], [ -75.538229, 39.646588 ], [ -75.539309, 39.646227 ], [ -75.539579, 39.646145 ], [ -75.540339, 39.645979 ], [ -75.540475, 39.64596 ], [ -75.540595, 39.645919 ], [ -75.541249, 39.645939 ], [ -75.541277, 39.645934 ], [ -75.541604, 39.646014 ], [ -75.541711, 39.645973 ], [ -75.541846, 39.6459 ], [ -75.543189, 39.644619 ], [ -75.543473, 39.644171 ], [ -75.544148, 39.643357 ], [ -75.544759, 39.642733 ], [ -75.545292, 39.641915 ], [ -75.545939, 39.641223 ], [ -75.546586, 39.640535 ], [ -75.547164, 39.639951 ], [ -75.547457, 39.639571 ], [ -75.547813, 39.639146 ], [ -75.548159, 39.638856 ], [ -75.548296, 39.638621 ], [ -75.548293, 39.63831 ], [ -75.548313, 39.638112 ], [ -75.548629, 39.637962 ], [ -75.549052, 39.637996 ], [ -75.5494, 39.638098 ], [ -75.549815, 39.638123 ], [ -75.550337, 39.637877 ], [ -75.550899, 39.637622 ], [ -75.552746, 39.636694 ], [ -75.554188, 39.636016 ], [ -75.554756, 39.635612 ], [ -75.555282, 39.63529 ], [ -75.555474, 39.635122 ], [ -75.556113, 39.634484 ], [ -75.556156, 39.634502 ], [ -75.557207, 39.633317 ], [ -75.557584, 39.63227 ], [ -75.557598, 39.632143 ], [ -75.557818, 39.631701 ], [ -75.558152, 39.63124 ], [ -75.558216, 39.631212 ], [ -75.558301, 39.630798 ], [ -75.558458, 39.630436 ], [ -75.558578, 39.630256 ], [ -75.558784, 39.630016 ], [ -75.558788, 39.629979 ], [ -75.558933, 39.62842 ], [ -75.559177, 39.626757 ], [ -75.559568, 39.625426 ], [ -75.559504, 39.624624 ], [ -75.559526, 39.623786 ], [ -75.559457, 39.622322 ], [ -75.559274, 39.620949 ], [ -75.559181, 39.620152 ], [ -75.559032, 39.619378 ], [ -75.55891, 39.618491 ], [ -75.558687, 39.617888 ], [ -75.558273, 39.617652 ], [ -75.557899, 39.617518 ], [ -75.557887, 39.616647 ], [ -75.557884, 39.616496 ], [ -75.557884, 39.616455 ], [ -75.55782, 39.616194 ], [ -75.557764, 39.616007 ], [ -75.557756, 39.615983 ], [ -75.557448, 39.614885 ], [ -75.557205, 39.613089 ], [ -75.55671, 39.61214 ], [ -75.556562, 39.611542 ], [ -75.556643, 39.610942 ], [ -75.556953, 39.610324 ], [ -75.557208, 39.609876 ], [ -75.557434, 39.609542 ], [ -75.557373, 39.609123 ], [ -75.557111, 39.608525 ], [ -75.557075, 39.607832 ], [ -75.556976, 39.607584 ], [ -75.556543, 39.606884 ], [ -75.556308, 39.606538 ], [ -75.555953, 39.606161 ], [ -75.555641, 39.605825 ], [ -75.55563, 39.605744 ], [ -75.555566, 39.605275 ], [ -75.555378, 39.604898 ], [ -75.554682, 39.604216 ], [ -75.55442, 39.604019 ], [ -75.554242, 39.6038 ], [ -75.554114, 39.603615 ], [ -75.55361, 39.60255 ], [ -75.553518, 39.602249 ], [ -75.553681, 39.601996 ], [ -75.553744, 39.601865 ], [ -75.553588, 39.601694 ], [ -75.551346, 39.60093 ], [ -75.550842, 39.600707 ], [ -75.549947, 39.600135 ], [ -75.549614, 39.599749 ], [ -75.549514, 39.599664 ], [ -75.549393, 39.599597 ], [ -75.548932, 39.599378 ], [ -75.548428, 39.59902 ], [ -75.547576, 39.59842 ], [ -75.547259, 39.598156 ], [ -75.546912, 39.597734 ], [ -75.546537, 39.597407 ], [ -75.545851, 39.596897 ], [ -75.545212, 39.596593 ], [ -75.544896, 39.596352 ], [ -75.544493, 39.596151 ], [ -75.544146, 39.596085 ], [ -75.543757, 39.595875 ], [ -75.542685, 39.594763 ], [ -75.542429, 39.594579 ], [ -75.54211, 39.594414 ], [ -75.541897, 39.594316 ], [ -75.541301, 39.594156 ], [ -75.539931, 39.594131 ], [ -75.539164, 39.594009 ], [ -75.538078, 39.593734 ], [ -75.53763, 39.593565 ], [ -75.537389, 39.593301 ], [ -75.537233, 39.592486 ], [ -75.537252, 39.592188 ], [ -75.536956, 39.591987 ], [ -75.534543, 39.590579 ], [ -75.533692, 39.589979 ], [ -75.532902, 39.589456 ], [ -75.532639, 39.58925 ], [ -75.532237, 39.588954 ], [ -75.531714, 39.588695 ], [ -75.531499, 39.588485 ], [ -75.531346, 39.588193 ], [ -75.53098, 39.587892 ], [ -75.53091, 39.587721 ], [ -75.530635, 39.587106 ], [ -75.530389, 39.586697 ], [ -75.52983, 39.586397 ], [ -75.5292, 39.586062 ], [ -75.52881, 39.58569 ], [ -75.528419, 39.585228 ], [ -75.528114, 39.584837 ], [ -75.527939, 39.584595 ], [ -75.527733, 39.584429 ], [ -75.527527, 39.584326 ], [ -75.527263, 39.584283 ], [ -75.526638, 39.584276 ], [ -75.526248, 39.584283 ], [ -75.525725, 39.584226 ], [ -75.525119, 39.584126 ], [ -75.524486, 39.583984 ], [ -75.523856, 39.583825 ], [ -75.523164, 39.583648 ], [ -75.522576, 39.583515 ], [ -75.522024, 39.583284 ], [ -75.521238, 39.58317 ], [ -75.520593, 39.583173 ], [ -75.520185, 39.583197 ], [ -75.519704, 39.583199 ], [ -75.519462, 39.583106 ], [ -75.519219, 39.582967 ], [ -75.519058, 39.582927 ], [ -75.518823, 39.582915 ], [ -75.51856, 39.582822 ], [ -75.518256, 39.582728 ], [ -75.518033, 39.582585 ], [ -75.517762, 39.582415 ], [ -75.517279, 39.582079 ], [ -75.516931, 39.581806 ], [ -75.516695, 39.581595 ], [ -75.516488, 39.581412 ], [ -75.516393, 39.581187 ], [ -75.51598, 39.580896 ], [ -75.515663, 39.580825 ], [ -75.515488, 39.580916 ], [ -75.515297, 39.580984 ], [ -75.515084, 39.580909 ], [ -75.514899, 39.580729 ], [ -75.514743, 39.58041 ], [ -75.514609, 39.580001 ], [ -75.514496, 39.579749 ], [ -75.514409, 39.579394 ], [ -75.514211, 39.579192 ], [ -75.513928, 39.579062 ], [ -75.513636, 39.57878 ], [ -75.513098, 39.578354 ], [ -75.512655, 39.577837 ], [ -75.512013, 39.57067 ], [ -75.511786, 39.568127 ], [ -75.512245, 39.567235 ], [ -75.513525, 39.565139 ], [ -75.514262, 39.563779 ], [ -75.516342, 39.560287 ], [ -75.516894, 39.559343 ], [ -75.517236, 39.558391 ], [ -75.517445, 39.557949 ], [ -75.517705, 39.557524 ], [ -75.517881, 39.557235 ], [ -75.518293, 39.556557 ], [ -75.518684, 39.556047 ], [ -75.519351, 39.555152 ], [ -75.519664, 39.554776 ], [ -75.520654, 39.553519 ], [ -75.521176, 39.552877 ], [ -75.522061, 39.551981 ], [ -75.523029, 39.551121 ], [ -75.527118, 39.54767 ], [ -75.529587, 39.545829 ], [ -75.531114, 39.544358 ], [ -75.532425, 39.543019 ], [ -75.533172, 39.541952 ], [ -75.533681, 39.541283 ], [ -75.533724, 39.540647 ], [ -75.533371, 39.539784 ], [ -75.53252, 39.538526 ], [ -75.531797, 39.537597 ], [ -75.531577, 39.537377 ], [ -75.531294, 39.537135 ], [ -75.531145, 39.537032 ], [ -75.530946, 39.536934 ], [ -75.530663, 39.536818 ], [ -75.530564, 39.536769 ], [ -75.530535, 39.536738 ], [ -75.529911, 39.536646 ], [ -75.5285, 39.536062 ], [ -75.527989, 39.535736 ], [ -75.527528, 39.535211 ], [ -75.527202, 39.534609 ], [ -75.527054, 39.534195 ], [ -75.52699, 39.533605 ], [ -75.527077, 39.533208 ], [ -75.527044, 39.53269 ], [ -75.526691, 39.532273 ], [ -75.526806, 39.531907 ], [ -75.526693, 39.531538 ], [ -75.526594, 39.53089 ], [ -75.526587, 39.530115 ], [ -75.526751, 39.528524 ], [ -75.526702, 39.527375 ], [ -75.526603, 39.526687 ], [ -75.526639, 39.526249 ], [ -75.526781, 39.525785 ], [ -75.52698, 39.525275 ], [ -75.527101, 39.524932 ], [ -75.5272, 39.524287 ], [ -75.527555, 39.523682 ], [ -75.527774, 39.523113 ], [ -75.528086, 39.522247 ], [ -75.528555, 39.521235 ], [ -75.528899, 39.520396 ], [ -75.529211, 39.519507 ], [ -75.529233, 39.518299 ], [ -75.528939, 39.517314 ], [ -75.528742, 39.516527 ], [ -75.528577, 39.515762 ], [ -75.528602, 39.514752 ], [ -75.528588, 39.514167 ], [ -75.528784, 39.513666 ], [ -75.529312, 39.513235 ], [ -75.52934, 39.513213 ], [ -75.529546, 39.512757 ], [ -75.529603, 39.512702 ], [ -75.529823, 39.511629 ], [ -75.529887, 39.51071 ], [ -75.530001, 39.509831 ], [ -75.53003, 39.508646 ], [ -75.529981, 39.507713 ], [ -75.530045, 39.506911 ], [ -75.530103, 39.505266 ], [ -75.530096, 39.504789 ], [ -75.530082, 39.504654 ], [ -75.529756, 39.50407 ], [ -75.529508, 39.502994 ], [ -75.529345, 39.502486 ], [ -75.529353, 39.501751 ], [ -75.529268, 39.501355 ], [ -75.529091, 39.50114 ], [ -75.528611, 39.500885 ], [ -75.528302, 39.500612 ], [ -75.527903, 39.500217 ], [ -75.527826, 39.499858 ], [ -75.527888, 39.499637 ], [ -75.527986, 39.499416 ], [ -75.528007, 39.499091 ], [ -75.528053, 39.498812 ], [ -75.528038, 39.498424 ], [ -75.528047, 39.498074 ], [ -75.528093, 39.498068 ], [ -75.528139, 39.498062 ], [ -75.528185, 39.498056 ], [ -75.528231, 39.49805 ], [ -75.528277, 39.498044 ], [ -75.528322, 39.498038 ], [ -75.528368, 39.498032 ], [ -75.528414, 39.498026 ], [ -75.52846, 39.49802 ], [ -75.528506, 39.498014 ], [ -75.528552, 39.498008 ], [ -75.528598, 39.498002 ], [ -75.528644, 39.497996 ], [ -75.528689, 39.49799 ], [ -75.528735, 39.497984 ], [ -75.528781, 39.497978 ], [ -75.528827, 39.497972 ], [ -75.528873, 39.497966 ], [ -75.528919, 39.497961 ], [ -75.528965, 39.497955 ], [ -75.529011, 39.497949 ], [ -75.529057, 39.497943 ], [ -75.529103, 39.497937 ], [ -75.529148, 39.497931 ], [ -75.529194, 39.497925 ], [ -75.52924, 39.49792 ], [ -75.529286, 39.497914 ], [ -75.529332, 39.497908 ], [ -75.529378, 39.497902 ], [ -75.529424, 39.497896 ], [ -75.52947, 39.497891 ], [ -75.529516, 39.497885 ], [ -75.529562, 39.497879 ], [ -75.529608, 39.497873 ], [ -75.529653, 39.497867 ], [ -75.529699, 39.497862 ], [ -75.529745, 39.497856 ], [ -75.529791, 39.49785 ], [ -75.529837, 39.497844 ], [ -75.529883, 39.497839 ], [ -75.529929, 39.497833 ], [ -75.529975, 39.497827 ], [ -75.530021, 39.497822 ], [ -75.530067, 39.497816 ], [ -75.530113, 39.49781 ], [ -75.530159, 39.497805 ], [ -75.530205, 39.497799 ], [ -75.530251, 39.497793 ], [ -75.530297, 39.497788 ], [ -75.530343, 39.497782 ], [ -75.530388, 39.497776 ], [ -75.530434, 39.497771 ], [ -75.53048, 39.497765 ], [ -75.530526, 39.497759 ], [ -75.530572, 39.497754 ], [ -75.530618, 39.497748 ], [ -75.530664, 39.497743 ], [ -75.53071, 39.497737 ], [ -75.530756, 39.497731 ], [ -75.530802, 39.497726 ], [ -75.530848, 39.49772 ], [ -75.530894, 39.497715 ], [ -75.53094, 39.497709 ], [ -75.530986, 39.497704 ], [ -75.531032, 39.497698 ], [ -75.531078, 39.497693 ], [ -75.531124, 39.497687 ], [ -75.53117, 39.497682 ], [ -75.531216, 39.497676 ], [ -75.531262, 39.497671 ], [ -75.531308, 39.497665 ], [ -75.531354, 39.49766 ], [ -75.5314, 39.497654 ], [ -75.531446, 39.497649 ], [ -75.531492, 39.497643 ], [ -75.531538, 39.497638 ], [ -75.531584, 39.497632 ], [ -75.53163, 39.497627 ], [ -75.531676, 39.497622 ], [ -75.531722, 39.497616 ], [ -75.531768, 39.497611 ], [ -75.531814, 39.497605 ], [ -75.53186, 39.4976 ], [ -75.531906, 39.497595 ], [ -75.531952, 39.497589 ], [ -75.531998, 39.497584 ], [ -75.532044, 39.497578 ], [ -75.53209, 39.497573 ], [ -75.532136, 39.497568 ], [ -75.532182, 39.497562 ], [ -75.532228, 39.497557 ], [ -75.532274, 39.497552 ], [ -75.53232, 39.497546 ], [ -75.532366, 39.497541 ], [ -75.532412, 39.497536 ], [ -75.532458, 39.497531 ], [ -75.532504, 39.497525 ], [ -75.53255, 39.49752 ], [ -75.532596, 39.497515 ], [ -75.532642, 39.49751 ], [ -75.532688, 39.497504 ], [ -75.532734, 39.497499 ], [ -75.53278, 39.497494 ], [ -75.532826, 39.497489 ], [ -75.532872, 39.497483 ], [ -75.532918, 39.497478 ], [ -75.532964, 39.497473 ], [ -75.53301, 39.497468 ], [ -75.533056, 39.497463 ], [ -75.533102, 39.497457 ], [ -75.533148, 39.497452 ], [ -75.533194, 39.497447 ], [ -75.53324, 39.497442 ], [ -75.533286, 39.497437 ], [ -75.533332, 39.497432 ], [ -75.533378, 39.497427 ], [ -75.533424, 39.497421 ], [ -75.53347, 39.497416 ], [ -75.533517, 39.497411 ], [ -75.533563, 39.497406 ], [ -75.533609, 39.497401 ], [ -75.533655, 39.497396 ], [ -75.533701, 39.497391 ], [ -75.533747, 39.497386 ], [ -75.533793, 39.497381 ], [ -75.533839, 39.497376 ], [ -75.533885, 39.497371 ], [ -75.533931, 39.497366 ], [ -75.533977, 39.497361 ], [ -75.534023, 39.497356 ], [ -75.534069, 39.497351 ], [ -75.534115, 39.497346 ], [ -75.534161, 39.497341 ], [ -75.534207, 39.497336 ], [ -75.534254, 39.497331 ], [ -75.5343, 39.497326 ], [ -75.534346, 39.497321 ], [ -75.534392, 39.497316 ], [ -75.534438, 39.497311 ], [ -75.534484, 39.497306 ], [ -75.53453, 39.497301 ], [ -75.534576, 39.497296 ], [ -75.534622, 39.497291 ], [ -75.534668, 39.497286 ], [ -75.534714, 39.497281 ], [ -75.53476, 39.497276 ], [ -75.534807, 39.497271 ], [ -75.534853, 39.497267 ], [ -75.534899, 39.497262 ], [ -75.534945, 39.497257 ], [ -75.534991, 39.497252 ], [ -75.535037, 39.497247 ], [ -75.535083, 39.497242 ], [ -75.535129, 39.497237 ], [ -75.535175, 39.497233 ], [ -75.535221, 39.497228 ], [ -75.535268, 39.497223 ], [ -75.535314, 39.497218 ], [ -75.53536, 39.497213 ], [ -75.535406, 39.497209 ], [ -75.535452, 39.497204 ], [ -75.535498, 39.497199 ], [ -75.535544, 39.497194 ], [ -75.53559, 39.49719 ], [ -75.535636, 39.497185 ], [ -75.535683, 39.49718 ], [ -75.535729, 39.497175 ], [ -75.535775, 39.497171 ], [ -75.535821, 39.497166 ], [ -75.535867, 39.497161 ], [ -75.535913, 39.497157 ], [ -75.535959, 39.497152 ], [ -75.536005, 39.497147 ], [ -75.536051, 39.497143 ], [ -75.536098, 39.497138 ], [ -75.536144, 39.497133 ], [ -75.53619, 39.497129 ], [ -75.536236, 39.497124 ], [ -75.536282, 39.497119 ], [ -75.536328, 39.497115 ], [ -75.536374, 39.49711 ], [ -75.536421, 39.497105 ], [ -75.536467, 39.497101 ], [ -75.536513, 39.497096 ], [ -75.536559, 39.497092 ], [ -75.536605, 39.497087 ], [ -75.536651, 39.497083 ], [ -75.536697, 39.497078 ], [ -75.536744, 39.497073 ], [ -75.53679, 39.497069 ], [ -75.536836, 39.497064 ], [ -75.536882, 39.49706 ], [ -75.536928, 39.497055 ], [ -75.536974, 39.497051 ], [ -75.53702, 39.497046 ], [ -75.537067, 39.497042 ], [ -75.537113, 39.497037 ], [ -75.537159, 39.497033 ], [ -75.537205, 39.497028 ], [ -75.537251, 39.497024 ], [ -75.537297, 39.497019 ], [ -75.537344, 39.497015 ], [ -75.53739, 39.49701 ], [ -75.537436, 39.497006 ], [ -75.537482, 39.497002 ], [ -75.537528, 39.496997 ], [ -75.537574, 39.496993 ], [ -75.537621, 39.496988 ], [ -75.537667, 39.496984 ], [ -75.537713, 39.49698 ], [ -75.537759, 39.496975 ], [ -75.537805, 39.496971 ], [ -75.537851, 39.496967 ], [ -75.537898, 39.496962 ], [ -75.537944, 39.496958 ], [ -75.53799, 39.496953 ], [ -75.538036, 39.496949 ], [ -75.538082, 39.496945 ], [ -75.538129, 39.49694 ], [ -75.538175, 39.496936 ], [ -75.538221, 39.496932 ], [ -75.538267, 39.496928 ], [ -75.538313, 39.496923 ], [ -75.53836, 39.496919 ], [ -75.538406, 39.496915 ], [ -75.538438, 39.496912 ], [ -75.538452, 39.49691 ], [ -75.538498, 39.496906 ], [ -75.538544, 39.496902 ], [ -75.53859, 39.496898 ], [ -75.538637, 39.496894 ], [ -75.538683, 39.496889 ], [ -75.538729, 39.496885 ], [ -75.538775, 39.496881 ], [ -75.538821, 39.496877 ], [ -75.538868, 39.496872 ], [ -75.538914, 39.496868 ], [ -75.53896, 39.496864 ], [ -75.539006, 39.49686 ], [ -75.539053, 39.496856 ], [ -75.539099, 39.496852 ], [ -75.539145, 39.496848 ], [ -75.539191, 39.496843 ], [ -75.539237, 39.496839 ], [ -75.539284, 39.496835 ], [ -75.53933, 39.496831 ], [ -75.539376, 39.496827 ], [ -75.539422, 39.496823 ], [ -75.539468, 39.496819 ], [ -75.539515, 39.496815 ], [ -75.539561, 39.496811 ], [ -75.539607, 39.496807 ], [ -75.539653, 39.496802 ], [ -75.5397, 39.496798 ], [ -75.539746, 39.496794 ], [ -75.539792, 39.49679 ], [ -75.539838, 39.496786 ], [ -75.539884, 39.496782 ], [ -75.539931, 39.496778 ], [ -75.539977, 39.496774 ], [ -75.540023, 39.49677 ], [ -75.540069, 39.496766 ], [ -75.540116, 39.496762 ], [ -75.540162, 39.496758 ], [ -75.540208, 39.496754 ], [ -75.540254, 39.49675 ], [ -75.540301, 39.496747 ], [ -75.540347, 39.496743 ], [ -75.540393, 39.496739 ], [ -75.540439, 39.496735 ], [ -75.540486, 39.496731 ], [ -75.540532, 39.496727 ], [ -75.540578, 39.496723 ], [ -75.540624, 39.496719 ], [ -75.540671, 39.496715 ], [ -75.540717, 39.496711 ], [ -75.540763, 39.496708 ], [ -75.540809, 39.496704 ], [ -75.540856, 39.4967 ], [ -75.540902, 39.496696 ], [ -75.540948, 39.496692 ], [ -75.540994, 39.496688 ], [ -75.541041, 39.496684 ], [ -75.541087, 39.496681 ], [ -75.541133, 39.496677 ], [ -75.541179, 39.496673 ], [ -75.541226, 39.496669 ], [ -75.541272, 39.496666 ], [ -75.541318, 39.496662 ], [ -75.541364, 39.496658 ], [ -75.541411, 39.496654 ], [ -75.541457, 39.49665 ], [ -75.541503, 39.496647 ], [ -75.541549, 39.496643 ], [ -75.541596, 39.496639 ], [ -75.541642, 39.496636 ], [ -75.541688, 39.496632 ], [ -75.541735, 39.496628 ], [ -75.541781, 39.496624 ], [ -75.541827, 39.496621 ], [ -75.541873, 39.496617 ], [ -75.54192, 39.496613 ], [ -75.541966, 39.49661 ], [ -75.542012, 39.496606 ], [ -75.542059, 39.496602 ], [ -75.542105, 39.496599 ], [ -75.542151, 39.496595 ], [ -75.542197, 39.496592 ], [ -75.542244, 39.496588 ], [ -75.542324, 39.496582 ], [ -75.54237, 39.496578 ], [ -75.542417, 39.496575 ], [ -75.542463, 39.496571 ], [ -75.542509, 39.496567 ], [ -75.542555, 39.496564 ], [ -75.542579, 39.496562 ], [ -75.542602, 39.49656 ], [ -75.542648, 39.496557 ], [ -75.542694, 39.496553 ], [ -75.542741, 39.49655 ], [ -75.542787, 39.496546 ], [ -75.542833, 39.496543 ], [ -75.542879, 39.496539 ], [ -75.542926, 39.496536 ], [ -75.542972, 39.496532 ], [ -75.543018, 39.496529 ], [ -75.543065, 39.496525 ], [ -75.543111, 39.496522 ], [ -75.543157, 39.496518 ], [ -75.543204, 39.496515 ], [ -75.54325, 39.496511 ], [ -75.543296, 39.496508 ], [ -75.543343, 39.496504 ], [ -75.543389, 39.496501 ], [ -75.543435, 39.496497 ], [ -75.543481, 39.496494 ], [ -75.543528, 39.496491 ], [ -75.543574, 39.496487 ], [ -75.54362, 39.496484 ], [ -75.543667, 39.49648 ], [ -75.543713, 39.496477 ], [ -75.543759, 39.496474 ], [ -75.543806, 39.49647 ], [ -75.543852, 39.496467 ], [ -75.543898, 39.496464 ], [ -75.543945, 39.49646 ], [ -75.543991, 39.496457 ], [ -75.544037, 39.496454 ], [ -75.544084, 39.49645 ], [ -75.54413, 39.496447 ], [ -75.544176, 39.496444 ], [ -75.544223, 39.496441 ], [ -75.544269, 39.496437 ], [ -75.544315, 39.496434 ], [ -75.544362, 39.496431 ], [ -75.544408, 39.496427 ], [ -75.544454, 39.496424 ], [ -75.544501, 39.496421 ], [ -75.544547, 39.496418 ], [ -75.544593, 39.496415 ], [ -75.54464, 39.496411 ], [ -75.544686, 39.496408 ], [ -75.544732, 39.496405 ], [ -75.544779, 39.496402 ], [ -75.544825, 39.496398 ], [ -75.544871, 39.496395 ], [ -75.544918, 39.496392 ], [ -75.544964, 39.496389 ], [ -75.54501, 39.496386 ], [ -75.545057, 39.496383 ], [ -75.545103, 39.49638 ], [ -75.545149, 39.496376 ], [ -75.545196, 39.496373 ], [ -75.545242, 39.49637 ], [ -75.545288, 39.496367 ], [ -75.545335, 39.496364 ], [ -75.545381, 39.496361 ], [ -75.545427, 39.496358 ], [ -75.545474, 39.496355 ], [ -75.54552, 39.496352 ], [ -75.545566, 39.496349 ], [ -75.545613, 39.496346 ], [ -75.545659, 39.496342 ], [ -75.545705, 39.496339 ], [ -75.545752, 39.496336 ], [ -75.545798, 39.496333 ], [ -75.545844, 39.49633 ], [ -75.545891, 39.496327 ], [ -75.545937, 39.496324 ], [ -75.545984, 39.496321 ], [ -75.54603, 39.496318 ], [ -75.546076, 39.496315 ], [ -75.546123, 39.496312 ], [ -75.546169, 39.496309 ], [ -75.546215, 39.496307 ], [ -75.546262, 39.496304 ], [ -75.546308, 39.496301 ], [ -75.546354, 39.496298 ], [ -75.546401, 39.496295 ], [ -75.546447, 39.496292 ], [ -75.546494, 39.496289 ], [ -75.54654, 39.496286 ], [ -75.546586, 39.496283 ], [ -75.546633, 39.49628 ], [ -75.546679, 39.496277 ], [ -75.546725, 39.496275 ], [ -75.546772, 39.496272 ], [ -75.546818, 39.496269 ], [ -75.546865, 39.496266 ], [ -75.546911, 39.496263 ], [ -75.546957, 39.49626 ], [ -75.547004, 39.496258 ], [ -75.54705, 39.496255 ], [ -75.547096, 39.496252 ], [ -75.547143, 39.496249 ], [ -75.547189, 39.496246 ], [ -75.547236, 39.496244 ], [ -75.547282, 39.496241 ], [ -75.547328, 39.496238 ], [ -75.547375, 39.496235 ], [ -75.547421, 39.496233 ], [ -75.547467, 39.49623 ], [ -75.547514, 39.496227 ], [ -75.54756, 39.496224 ], [ -75.547607, 39.496222 ], [ -75.547653, 39.496219 ], [ -75.547699, 39.496216 ], [ -75.547746, 39.496214 ], [ -75.547792, 39.496211 ], [ -75.547839, 39.496208 ], [ -75.547885, 39.496205 ], [ -75.547931, 39.496203 ], [ -75.547978, 39.4962 ], [ -75.548024, 39.496198 ], [ -75.548071, 39.496195 ], [ -75.548117, 39.496192 ], [ -75.548163, 39.49619 ], [ -75.54821, 39.496187 ], [ -75.548256, 39.496184 ], [ -75.548303, 39.496182 ], [ -75.548349, 39.496179 ], [ -75.548395, 39.496177 ], [ -75.548442, 39.496174 ], [ -75.548488, 39.496171 ], [ -75.548535, 39.496169 ], [ -75.548581, 39.496166 ], [ -75.548627, 39.496164 ], [ -75.548674, 39.496161 ], [ -75.54872, 39.496159 ], [ -75.548767, 39.496156 ], [ -75.548813, 39.496154 ], [ -75.548859, 39.496151 ], [ -75.548906, 39.496149 ], [ -75.548952, 39.496146 ], [ -75.548999, 39.496144 ], [ -75.549045, 39.496141 ], [ -75.549091, 39.496139 ], [ -75.549138, 39.496136 ], [ -75.549184, 39.496134 ], [ -75.549231, 39.496131 ], [ -75.549277, 39.496129 ], [ -75.549323, 39.496127 ], [ -75.54937, 39.496124 ], [ -75.549416, 39.496122 ], [ -75.549463, 39.496119 ], [ -75.549509, 39.496117 ], [ -75.549556, 39.496115 ], [ -75.549602, 39.496112 ], [ -75.549648, 39.49611 ], [ -75.549695, 39.496107 ], [ -75.549741, 39.496105 ], [ -75.549788, 39.496103 ], [ -75.549834, 39.4961 ], [ -75.54988, 39.496098 ], [ -75.549927, 39.496096 ], [ -75.549973, 39.496093 ], [ -75.55002, 39.496091 ], [ -75.550066, 39.496089 ], [ -75.550113, 39.496087 ], [ -75.550159, 39.496084 ], [ -75.550205, 39.496082 ], [ -75.550252, 39.49608 ], [ -75.550298, 39.496077 ], [ -75.550345, 39.496075 ], [ -75.550391, 39.496073 ], [ -75.550438, 39.496071 ], [ -75.550484, 39.496068 ], [ -75.55053, 39.496066 ], [ -75.550577, 39.496064 ], [ -75.550623, 39.496062 ], [ -75.55067, 39.49606 ], [ -75.550716, 39.496057 ], [ -75.550763, 39.496055 ], [ -75.550809, 39.496053 ], [ -75.550855, 39.496051 ], [ -75.550902, 39.496049 ], [ -75.550948, 39.496047 ], [ -75.550995, 39.496044 ], [ -75.551041, 39.496042 ], [ -75.551088, 39.49604 ], [ -75.551134, 39.496038 ], [ -75.551181, 39.496036 ], [ -75.551227, 39.496034 ], [ -75.551273, 39.496032 ], [ -75.55132, 39.49603 ], [ -75.551366, 39.496028 ], [ -75.551413, 39.496025 ], [ -75.551459, 39.496023 ], [ -75.551506, 39.496021 ], [ -75.551552, 39.496019 ], [ -75.551599, 39.496017 ], [ -75.551645, 39.496015 ], [ -75.551691, 39.496013 ], [ -75.551738, 39.496011 ], [ -75.551784, 39.496009 ], [ -75.551831, 39.496007 ], [ -75.551877, 39.496005 ], [ -75.551924, 39.496003 ], [ -75.55197, 39.496001 ], [ -75.552017, 39.495999 ], [ -75.552063, 39.495997 ], [ -75.552109, 39.495995 ], [ -75.552156, 39.495993 ], [ -75.552202, 39.495991 ], [ -75.552249, 39.495989 ], [ -75.552295, 39.495988 ], [ -75.552342, 39.495986 ], [ -75.552388, 39.495984 ], [ -75.552435, 39.495982 ], [ -75.552481, 39.49598 ], [ -75.552528, 39.495978 ], [ -75.552574, 39.495976 ], [ -75.55262, 39.495974 ], [ -75.552667, 39.495972 ], [ -75.552713, 39.495971 ], [ -75.55276, 39.495969 ], [ -75.552806, 39.495967 ], [ -75.552853, 39.495965 ], [ -75.552899, 39.495963 ], [ -75.552946, 39.495961 ], [ -75.552992, 39.49596 ], [ -75.553039, 39.495958 ], [ -75.553085, 39.495956 ], [ -75.553131, 39.495954 ], [ -75.553178, 39.495952 ], [ -75.553224, 39.495951 ], [ -75.553271, 39.495949 ], [ -75.553317, 39.495947 ], [ -75.553364, 39.495945 ], [ -75.55341, 39.495944 ], [ -75.553457, 39.495942 ], [ -75.553503, 39.49594 ], [ -75.55355, 39.495938 ], [ -75.553596, 39.495937 ], [ -75.553643, 39.495935 ], [ -75.553689, 39.495933 ], [ -75.553736, 39.495932 ], [ -75.553782, 39.49593 ], [ -75.553828, 39.495928 ], [ -75.553875, 39.495927 ], [ -75.553921, 39.495925 ], [ -75.553968, 39.495923 ], [ -75.554014, 39.495922 ], [ -75.554061, 39.49592 ], [ -75.554107, 39.495919 ], [ -75.554154, 39.495917 ], [ -75.5542, 39.495915 ], [ -75.554247, 39.495914 ], [ -75.554293, 39.495912 ], [ -75.55434, 39.495911 ], [ -75.554386, 39.495909 ], [ -75.554433, 39.495907 ], [ -75.554479, 39.495906 ], [ -75.554526, 39.495904 ], [ -75.554572, 39.495903 ], [ -75.554619, 39.495901 ], [ -75.554665, 39.4959 ], [ -75.554711, 39.495898 ], [ -75.554758, 39.495897 ], [ -75.554804, 39.495895 ], [ -75.554851, 39.495894 ], [ -75.554897, 39.495892 ], [ -75.554944, 39.495891 ], [ -75.55499, 39.495889 ], [ -75.555037, 39.495888 ], [ -75.555083, 39.495886 ], [ -75.55513, 39.495885 ], [ -75.555176, 39.495883 ], [ -75.555223, 39.495882 ], [ -75.555269, 39.495881 ], [ -75.555316, 39.495879 ], [ -75.555362, 39.495878 ], [ -75.555409, 39.495876 ], [ -75.555455, 39.495875 ], [ -75.555502, 39.495874 ], [ -75.555548, 39.495872 ], [ -75.555595, 39.495871 ], [ -75.555641, 39.495869 ], [ -75.555688, 39.495868 ], [ -75.555734, 39.495867 ], [ -75.555781, 39.495865 ], [ -75.555827, 39.495864 ], [ -75.555874, 39.495863 ], [ -75.55592, 39.495861 ], [ -75.555967, 39.49586 ], [ -75.556013, 39.495859 ], [ -75.556059, 39.495858 ], [ -75.556106, 39.495856 ], [ -75.556152, 39.495855 ], [ -75.556199, 39.495854 ], [ -75.556245, 39.495852 ], [ -75.556292, 39.495851 ], [ -75.556338, 39.49585 ], [ -75.556385, 39.495849 ], [ -75.556431, 39.495847 ], [ -75.556478, 39.495846 ], [ -75.556524, 39.495845 ], [ -75.556571, 39.495844 ], [ -75.556617, 39.495843 ], [ -75.556664, 39.495841 ], [ -75.55671, 39.49584 ], [ -75.556757, 39.495839 ], [ -75.556803, 39.495838 ], [ -75.55685, 39.495837 ], [ -75.556896, 39.495836 ], [ -75.556943, 39.495834 ], [ -75.556989, 39.495833 ], [ -75.557036, 39.495832 ], [ -75.557082, 39.495831 ], [ -75.557129, 39.49583 ], [ -75.557175, 39.495829 ], [ -75.557222, 39.495828 ], [ -75.557268, 39.495827 ], [ -75.557315, 39.495826 ], [ -75.557361, 39.495825 ], [ -75.557408, 39.495823 ], [ -75.557454, 39.495822 ], [ -75.557501, 39.495821 ], [ -75.557547, 39.49582 ], [ -75.557594, 39.495819 ], [ -75.55764, 39.495818 ], [ -75.557687, 39.495817 ], [ -75.557733, 39.495816 ], [ -75.55778, 39.495815 ], [ -75.557826, 39.495814 ], [ -75.557873, 39.495813 ], [ -75.557919, 39.495812 ], [ -75.557966, 39.495811 ], [ -75.558012, 39.49581 ], [ -75.558059, 39.495809 ], [ -75.558105, 39.495808 ], [ -75.558152, 39.495808 ], [ -75.558198, 39.495807 ], [ -75.558245, 39.495806 ], [ -75.558291, 39.495805 ], [ -75.558338, 39.495804 ], [ -75.558384, 39.495803 ], [ -75.558431, 39.495802 ], [ -75.558477, 39.495801 ], [ -75.558524, 39.4958 ], [ -75.55857, 39.495799 ], [ -75.558617, 39.495799 ], [ -75.558663, 39.495798 ], [ -75.55871, 39.495797 ], [ -75.558756, 39.495796 ], [ -75.558803, 39.495795 ], [ -75.558849, 39.495794 ], [ -75.558896, 39.495794 ], [ -75.558951, 39.495793 ], [ -75.563418, 39.483055 ], [ -75.560359, 39.455641 ], [ -75.346087, 39.270607 ], [ -75.268445, 39.182234 ], [ -75.167722, 39.055244 ], [ -75.049713, 38.852893 ], [ -75.00511, 38.892962 ], [ -75.00277, 38.891667 ], [ -75.001812, 38.891182 ], [ -75.00177, 38.891161 ], [ -75.000177, 38.890396 ], [ -74.997069, 38.888918 ], [ -74.996111, 38.888508 ], [ -74.994192, 38.887587 ], [ -74.990483, 38.886057 ], [ -74.986654, 38.884721 ], [ -74.982722, 38.883583 ], [ -74.978703, 38.882648 ], [ -74.974614, 38.88192 ], [ -74.970473, 38.881403 ], [ -74.966298, 38.881098 ], [ -74.962107, 38.881008 ], [ -74.959374, 38.881089 ], [ -74.958798, 38.881088 ], [ -74.956295, 38.881187 ], [ -74.955373, 38.881262 ], [ -74.954865, 38.881115 ], [ -74.950846, 38.880179 ], [ -74.946758, 38.87945 ], [ -74.942618, 38.878932 ], [ -74.938443, 38.878627 ], [ -74.934251, 38.878535 ], [ -74.934183, 38.878535 ], [ -74.931079, 38.878606 ], [ -74.929697, 38.878528 ], [ -74.925505, 38.878436 ], [ -74.921315, 38.878559 ], [ -74.919682, 38.878665 ], [ -74.916957, 38.878769 ], [ -74.912786, 38.879105 ], [ -74.908793, 38.879631 ], [ -74.904877, 38.880156 ], [ -74.90319, 38.880442 ], [ -74.899693, 38.88092 ], [ -74.895614, 38.881678 ], [ -74.891606, 38.882643 ], [ -74.887688, 38.883811 ], [ -74.887144, 38.883992 ], [ -74.886019, 38.884285 ], [ -74.8821, 38.885453 ], [ -74.881908, 38.885516 ], [ -74.880222, 38.886073 ], [ -74.878548, 38.886649 ], [ -74.877261, 38.887108 ], [ -74.873291, 38.886609 ], [ -74.869116, 38.886301 ], [ -74.864924, 38.886207 ], [ -74.860733, 38.886327 ], [ -74.858173, 38.886507 ], [ -74.854776, 38.886799 ], [ -74.853164, 38.886953 ], [ -74.849029, 38.8875 ], [ -74.844948, 38.888256 ], [ -74.844383, 38.888378 ], [ -74.844339, 38.888388 ], [ -74.840896, 38.889229 ], [ -74.836977, 38.890395 ], [ -74.833163, 38.891758 ], [ -74.829471, 38.893314 ], [ -74.825918, 38.895055 ], [ -74.822517, 38.896973 ], [ -74.819284, 38.899062 ], [ -74.816233, 38.90131 ], [ -74.813376, 38.90371 ], [ -74.810726, 38.906251 ], [ -74.808294, 38.908922 ], [ -74.807673, 38.909667 ], [ -74.807652, 38.909694 ], [ -74.806069, 38.911737 ], [ -74.804104, 38.914633 ], [ -74.802385, 38.917623 ], [ -74.800921, 38.920694 ], [ -74.80072, 38.921218 ], [ -74.800391, 38.922019 ], [ -74.799869, 38.922456 ], [ -74.799604, 38.922679 ], [ -74.799032, 38.923137 ], [ -74.798166, 38.923839 ], [ -74.797903, 38.924049 ], [ -74.796826, 38.924844 ], [ -74.795936, 38.925516 ], [ -74.795009, 38.92623 ], [ -74.794397, 38.926717 ], [ -74.794055, 38.926994 ], [ -74.792461, 38.928057 ], [ -74.790293, 38.929623 ], [ -74.789704, 38.930068 ], [ -74.788935, 38.93066 ], [ -74.788013, 38.931381 ], [ -74.787957, 38.931419 ], [ -74.787844, 38.931497 ], [ -74.7871, 38.931981 ], [ -74.7849, 38.933398 ], [ -74.784198, 38.933838 ], [ -74.78301, 38.934551 ], [ -74.780713, 38.935899 ], [ -74.780036, 38.936301 ], [ -74.779807, 38.93644 ], [ -74.779449, 38.93664 ], [ -74.777546, 38.937744 ], [ -74.777149, 38.937986 ], [ -74.776361, 38.938469 ], [ -74.774166, 38.939802 ], [ -74.772999, 38.940452 ], [ -74.771745, 38.941167 ], [ -74.769248, 38.942629 ], [ -74.768518, 38.943063 ], [ -74.765373, 38.945087 ], [ -74.763056, 38.946677 ], [ -74.762964, 38.94674 ], [ -74.762464, 38.947087 ], [ -74.760594, 38.948403 ], [ -74.760292, 38.948617 ], [ -74.757913, 38.950311 ], [ -74.756138, 38.951626 ], [ -74.755463, 38.952116 ], [ -74.753475, 38.953579 ], [ -74.752168, 38.95457 ], [ -74.750508, 38.955864 ], [ -74.750345, 38.955992 ], [ -74.747483, 38.95839 ], [ -74.747128, 38.958711 ], [ -74.74693, 38.958891 ], [ -74.744631, 38.96111 ], [ -74.742195, 38.963779 ], [ -74.739987, 38.966567 ], [ -74.739902, 38.966683 ], [ -74.739036, 38.967442 ], [ -74.736829, 38.969529 ], [ -74.736143, 38.970214 ], [ -74.735696, 38.970666 ], [ -74.733259, 38.973335 ], [ -74.731051, 38.976123 ], [ -74.73057, 38.976789 ], [ -74.7304, 38.977028 ], [ -74.728911, 38.979257 ], [ -74.727704, 38.981293 ], [ -74.727516, 38.981631 ], [ -74.726999, 38.982583 ], [ -74.72619, 38.984196 ], [ -74.713935, 39.009511 ], [ -74.713658, 39.009789 ], [ -74.711219, 39.012458 ], [ -74.710356, 39.013498 ], [ -74.709707, 39.014245 ], [ -74.707708, 39.016746 ], [ -74.707631, 39.01685 ], [ -74.7076, 39.016892 ], [ -74.707176, 39.017382 ], [ -74.706039, 39.018766 ], [ -74.705934, 39.018898 ], [ -74.704861, 39.020302 ], [ -74.704596, 39.020665 ], [ -74.703983, 39.021329 ], [ -74.70386, 39.021465 ], [ -74.702818, 39.02265 ], [ -74.701147, 39.024719 ], [ -74.699592, 39.026461 ], [ -74.697381, 39.029248 ], [ -74.697073, 39.029672 ], [ -74.696611, 39.030183 ], [ -74.696366, 39.030459 ], [ -74.695648, 39.031282 ], [ -74.694151, 39.033124 ], [ -74.693921, 39.033421 ], [ -74.693206, 39.034367 ], [ -74.691233, 39.037261 ], [ -74.690612, 39.038277 ], [ -74.690089, 39.039026 ], [ -74.689457, 39.039871 ], [ -74.68902, 39.040436 ], [ -74.687323, 39.042488 ], [ -74.686858, 39.043013 ], [ -74.686586, 39.043295 ], [ -74.684405, 39.045457 ], [ -74.683012, 39.046774 ], [ -74.68275, 39.047006 ], [ -74.680751, 39.048726 ], [ -74.679981, 39.049401 ], [ -74.679368, 39.049957 ], [ -74.677601, 39.051582 ], [ -74.675554, 39.053564 ], [ -74.675304, 39.053821 ], [ -74.674305, 39.054853 ], [ -74.672236, 39.056968 ], [ -74.670546, 39.058418 ], [ -74.668335, 39.060502 ], [ -74.668037, 39.060799 ], [ -74.667587, 39.061252 ], [ -74.666342, 39.062567 ], [ -74.665834, 39.063014 ], [ -74.665732, 39.063105 ], [ -74.665332, 39.063464 ], [ -74.665208, 39.063575 ], [ -74.663538, 39.065009 ], [ -74.660877, 39.067546 ], [ -74.660128, 39.068325 ], [ -74.660063, 39.068394 ], [ -74.658369, 39.070282 ], [ -74.657983, 39.070767 ], [ -74.656946, 39.0719 ], [ -74.655161, 39.074147 ], [ -74.65259, 39.076596 ], [ -74.650147, 39.079264 ], [ -74.647932, 39.08205 ], [ -74.645956, 39.084943 ], [ -74.644226, 39.08793 ], [ -74.64343, 39.08951 ], [ -74.64342, 39.089532 ], [ -74.64274, 39.091021 ], [ -74.641526, 39.094159 ], [ -74.640577, 39.097352 ], [ -74.639898, 39.100587 ], [ -74.639492, 39.103849 ], [ -74.639361, 39.107125 ], [ -74.639505, 39.1104 ], [ -74.639924, 39.113662 ], [ -74.640616, 39.116895 ], [ -74.64134, 39.119298 ], [ -74.640165, 39.121314 ], [ -74.639824, 39.121846 ], [ -74.63981, 39.121869 ], [ -74.63972, 39.12199 ], [ -74.639208, 39.122697 ], [ -74.638846, 39.123116 ], [ -74.63726, 39.125066 ], [ -74.636341, 39.126176 ], [ -74.63547, 39.12717 ], [ -74.633253, 39.129955 ], [ -74.631566, 39.132392 ], [ -74.630768, 39.133443 ], [ -74.630139, 39.134313 ], [ -74.630102, 39.134366 ], [ -74.628924, 39.135896 ], [ -74.628642, 39.136282 ], [ -74.628487, 39.136497 ], [ -74.62679, 39.139003 ], [ -74.626249, 39.139883 ], [ -74.6261, 39.140132 ], [ -74.624909, 39.14224 ], [ -74.624046, 39.143958 ], [ -74.623497, 39.144773 ], [ -74.62249, 39.146089 ], [ -74.620511, 39.148981 ], [ -74.620419, 39.149127 ], [ -74.620154, 39.149477 ], [ -74.620059, 39.149589 ], [ -74.618581, 39.151437 ], [ -74.618166, 39.151949 ], [ -74.61776, 39.152357 ], [ -74.616685, 39.153484 ], [ -74.615422, 39.154728 ], [ -74.614008, 39.156223 ], [ -74.613989, 39.156242 ], [ -74.613086, 39.157029 ], [ -74.612956, 39.157146 ], [ -74.611801, 39.158179 ], [ -74.610317, 39.159465 ], [ -74.609966, 39.159772 ], [ -74.609567, 39.160123 ], [ -74.60864, 39.160877 ], [ -74.608635, 39.160881 ], [ -74.607044, 39.162081 ], [ -74.605913, 39.162986 ], [ -74.605355, 39.163444 ], [ -74.603611, 39.164934 ], [ -74.603134, 39.165364 ], [ -74.602672, 39.165784 ], [ -74.600482, 39.167891 ], [ -74.598033, 39.170557 ], [ -74.595959, 39.173146 ], [ -74.595723, 39.173462 ], [ -74.595577, 39.173657 ], [ -74.593596, 39.176549 ], [ -74.591862, 39.179536 ], [ -74.591421, 39.180451 ], [ -74.590135, 39.182666 ], [ -74.589614, 39.183748 ], [ -74.588304, 39.185367 ], [ -74.588058, 39.185676 ], [ -74.58762, 39.18623 ], [ -74.587232, 39.186709 ], [ -74.585958, 39.188357 ], [ -74.585796, 39.188577 ], [ -74.585767, 39.188611 ], [ -74.583946, 39.190863 ], [ -74.583643, 39.191214 ], [ -74.583432, 39.191463 ], [ -74.582948, 39.19199 ], [ -74.581216, 39.194155 ], [ -74.580401, 39.195066 ], [ -74.580375, 39.195098 ], [ -74.579625, 39.19592 ], [ -74.579212, 39.196379 ], [ -74.578817, 39.196824 ], [ -74.578624, 39.197042 ], [ -74.578385, 39.197314 ], [ -74.578311, 39.197398 ], [ -74.576313, 39.199598 ], [ -74.575371, 39.20073 ], [ -74.574612, 39.201593 ], [ -74.573453, 39.202854 ], [ -74.573418, 39.202894 ], [ -74.573396, 39.20292 ], [ -74.57222, 39.204396 ], [ -74.572128, 39.204496 ], [ -74.571831, 39.204793 ], [ -74.569673, 39.20712 ], [ -74.568879, 39.207993 ], [ -74.568557, 39.208355 ], [ -74.568378, 39.208532 ], [ -74.56748, 39.209422 ], [ -74.567038, 39.209877 ], [ -74.566323, 39.210557 ], [ -74.56585, 39.210997 ], [ -74.565034, 39.211771 ], [ -74.564751, 39.212044 ], [ -74.564324, 39.212438 ], [ -74.562747, 39.213789 ], [ -74.56265, 39.213875 ], [ -74.56078, 39.215466 ], [ -74.560284, 39.215912 ], [ -74.559826, 39.216279 ], [ -74.558486, 39.217389 ], [ -74.558292, 39.217555 ], [ -74.558269, 39.217574 ], [ -74.558131, 39.217681 ], [ -74.556434, 39.219054 ], [ -74.556431, 39.219056 ], [ -74.555091, 39.220135 ], [ -74.554936, 39.220262 ], [ -74.554645, 39.220481 ], [ -74.553865, 39.221078 ], [ -74.552875, 39.221867 ], [ -74.552349, 39.222271 ], [ -74.552224, 39.222369 ], [ -74.55103, 39.223273 ], [ -74.550105, 39.223993 ], [ -74.549501, 39.22446 ], [ -74.549337, 39.224587 ], [ -74.548609, 39.225163 ], [ -74.546322, 39.226859 ], [ -74.546228, 39.226932 ], [ -74.545426, 39.227434 ], [ -74.544443, 39.228078 ], [ -74.544327, 39.228155 ], [ -74.543277, 39.228846 ], [ -74.542813, 39.229154 ], [ -74.541869, 39.22951 ], [ -74.540522, 39.230042 ], [ -74.54, 39.230225 ], [ -74.539871, 39.23027 ], [ -74.538037, 39.230947 ], [ -74.536009, 39.231761 ], [ -74.534499, 39.232321 ], [ -74.530783, 39.233867 ], [ -74.527205, 39.235599 ], [ -74.52378, 39.237509 ], [ -74.520523, 39.239589 ], [ -74.518777, 39.240824 ], [ -74.51728, 39.241815 ], [ -74.514204, 39.244056 ], [ -74.511323, 39.246448 ], [ -74.508649, 39.248982 ], [ -74.508441, 39.249194 ], [ -74.506212, 39.251329 ], [ -74.503757, 39.253993 ], [ -74.503619, 39.254154 ], [ -74.503572, 39.254202 ], [ -74.501117, 39.256866 ], [ -74.498891, 39.259649 ], [ -74.497045, 39.262334 ], [ -74.496459, 39.262708 ], [ -74.494946, 39.263639 ], [ -74.492467, 39.265245 ], [ -74.489389, 39.267486 ], [ -74.487045, 39.269407 ], [ -74.486291, 39.269983 ], [ -74.485613, 39.270518 ], [ -74.484466, 39.271436 ], [ -74.484083, 39.271745 ], [ -74.483119, 39.272531 ], [ -74.481315, 39.274062 ], [ -74.481309, 39.274067 ], [ -74.480477, 39.274725 ], [ -74.480298, 39.274863 ], [ -74.480043, 39.275063 ], [ -74.479836, 39.275226 ], [ -74.479649, 39.275373 ], [ -74.479643, 39.275377 ], [ -74.479465, 39.275491 ], [ -74.47902, 39.275777 ], [ -74.476299, 39.277304 ], [ -74.472962, 39.278924 ], [ -74.470936, 39.28002 ], [ -74.470024, 39.280522 ], [ -74.468837, 39.28119 ], [ -74.46856, 39.281347 ], [ -74.468201, 39.281552 ], [ -74.467092, 39.282198 ], [ -74.466123, 39.282787 ], [ -74.463763, 39.283955 ], [ -74.460334, 39.285863 ], [ -74.459321, 39.286479 ], [ -74.457672, 39.287376 ], [ -74.457241, 39.287611 ], [ -74.456949, 39.287765 ], [ -74.455983, 39.288256 ], [ -74.455291, 39.28862 ], [ -74.454608, 39.288954 ], [ -74.454579, 39.288968 ], [ -74.454204, 39.289142 ], [ -74.453039, 39.289697 ], [ -74.451272, 39.29053 ], [ -74.450709, 39.290764 ], [ -74.448541, 39.291669 ], [ -74.447151, 39.29226 ], [ -74.445051, 39.293161 ], [ -74.444597, 39.293366 ], [ -74.44441, 39.293451 ], [ -74.441978, 39.294619 ], [ -74.440745, 39.295232 ], [ -74.44033, 39.295437 ], [ -74.439327, 39.295924 ], [ -74.437492, 39.296822 ], [ -74.436524, 39.297278 ], [ -74.435657, 39.297659 ], [ -74.434371, 39.298251 ], [ -74.434359, 39.298256 ], [ -74.433919, 39.298449 ], [ -74.432269, 39.299163 ], [ -74.431787, 39.299381 ], [ -74.431626, 39.299452 ], [ -74.43106, 39.299709 ], [ -74.430171, 39.3001 ], [ -74.430016, 39.30017 ], [ -74.427903, 39.301075 ], [ -74.427774, 39.301133 ], [ -74.425991, 39.301898 ], [ -74.425152, 39.302267 ], [ -74.423462, 39.303051 ], [ -74.42122, 39.303364 ], [ -74.417111, 39.304105 ], [ -74.413073, 39.305054 ], [ -74.409124, 39.306205 ], [ -74.407224, 39.306872 ], [ -74.405921, 39.307038 ], [ -74.401812, 39.307779 ], [ -74.397774, 39.308727 ], [ -74.393823, 39.309878 ], [ -74.389979, 39.311227 ], [ -74.389188, 39.311534 ], [ -74.38871, 39.311723 ], [ -74.385777, 39.312957 ], [ -74.382191, 39.314684 ], [ -74.378758, 39.31659 ], [ -74.375493, 39.318666 ], [ -74.372409, 39.320903 ], [ -74.369811, 39.323051 ], [ -74.367863, 39.324132 ], [ -74.364598, 39.326207 ], [ -74.361513, 39.328444 ], [ -74.358624, 39.330833 ], [ -74.355941, 39.333363 ], [ -74.353478, 39.336024 ], [ -74.351243, 39.338804 ], [ -74.349247, 39.341692 ], [ -74.347499, 39.344675 ], [ -74.346277, 39.347134 ], [ -74.345162, 39.347977 ], [ -74.343077, 39.349668 ], [ -74.342883, 39.349832 ], [ -74.342721, 39.349962 ], [ -74.341488, 39.350983 ], [ -74.339938, 39.352246 ], [ -74.339177, 39.352888 ], [ -74.33885, 39.353112 ], [ -74.335966, 39.35521 ], [ -74.333977, 39.356819 ], [ -74.332124, 39.357992 ], [ -74.330447, 39.359091 ], [ -74.329965, 39.359421 ], [ -74.329781, 39.359548 ], [ -74.327347, 39.361323 ], [ -74.326271, 39.362136 ], [ -74.325097, 39.363067 ], [ -74.322632, 39.365075 ], [ -74.322491, 39.365189 ], [ -74.322065, 39.365538 ], [ -74.321568, 39.365948 ], [ -74.320372, 39.366963 ], [ -74.320325, 39.367002 ], [ -74.320155, 39.367133 ], [ -74.319532, 39.367622 ], [ -74.319358, 39.36776 ], [ -74.317278, 39.369493 ], [ -74.316462, 39.370205 ], [ -74.316274, 39.37037 ], [ -74.313588, 39.3729 ], [ -74.312793, 39.373718 ], [ -74.312586, 39.373935 ], [ -74.311086, 39.375466 ], [ -74.310939, 39.375616 ], [ -74.310762, 39.375797 ], [ -74.308956, 39.377541 ], [ -74.308221, 39.378265 ], [ -74.308169, 39.378308 ], [ -74.307012, 39.379278 ], [ -74.305903, 39.380233 ], [ -74.305154, 39.380868 ], [ -74.304316, 39.381592 ], [ -74.301629, 39.384121 ], [ -74.300715, 39.385064 ], [ -74.299823, 39.38594 ], [ -74.299759, 39.386004 ], [ -74.299715, 39.386049 ], [ -74.297247, 39.388708 ], [ -74.295246, 39.391172 ], [ -74.293829, 39.392978 ], [ -74.293782, 39.393041 ], [ -74.293406, 39.393416 ], [ -74.292411, 39.394445 ], [ -74.292371, 39.394483 ], [ -74.29231, 39.394544 ], [ -74.292283, 39.394571 ], [ -74.291876, 39.39501 ], [ -74.291273, 39.395577 ], [ -74.290178, 39.39672 ], [ -74.289232, 39.397636 ], [ -74.288096, 39.398377 ], [ -74.285007, 39.400612 ], [ -74.284953, 39.400653 ], [ -74.282058, 39.40304 ], [ -74.27937, 39.405568 ], [ -74.27883, 39.406119 ], [ -74.278544, 39.406415 ], [ -74.276614, 39.408524 ], [ -74.276367, 39.408812 ], [ -74.276192, 39.409017 ], [ -74.27436, 39.411294 ], [ -74.27409, 39.41165 ], [ -74.27393, 39.411864 ], [ -74.273339, 39.41267 ], [ -74.273319, 39.412698 ], [ -74.272743, 39.413519 ], [ -74.272412, 39.414001 ], [ -74.271577, 39.415261 ], [ -74.271403, 39.415536 ], [ -74.271391, 39.415554 ], [ -74.269813, 39.418261 ], [ -74.269312, 39.41922 ], [ -74.269238, 39.419366 ], [ -74.26824, 39.421471 ], [ -74.267143, 39.424211 ], [ -74.266851, 39.425019 ], [ -74.266849, 39.425026 ], [ -74.266724, 39.425331 ], [ -74.264777, 39.42956 ], [ -74.264376, 39.430168 ], [ -74.264335, 39.430232 ], [ -74.264178, 39.430475 ], [ -74.262423, 39.433457 ], [ -74.260924, 39.436521 ], [ -74.259687, 39.439655 ], [ -74.25958, 39.439963 ], [ -74.259543, 39.440074 ], [ -74.258678, 39.442955 ], [ -74.258033, 39.44588 ], [ -74.258017, 39.445968 ], [ -74.257962, 39.446275 ], [ -74.257934, 39.446494 ], [ -74.257653, 39.446962 ], [ -74.25738, 39.447384 ], [ -74.256571, 39.448695 ], [ -74.255929, 39.449743 ], [ -74.25562, 39.450262 ], [ -74.255519, 39.450432 ], [ -74.255053, 39.451225 ], [ -74.254209, 39.452723 ], [ -74.253667, 39.45383 ], [ -74.237272, 39.474979 ], [ -74.236017, 39.476158 ], [ -74.234733, 39.477405 ], [ -74.232854, 39.479391 ], [ -74.231391, 39.480929 ], [ -74.231334, 39.480991 ], [ -74.231296, 39.481033 ], [ -74.231083, 39.481242 ], [ -74.230816, 39.481506 ], [ -74.229291, 39.482979 ], [ -74.227522, 39.484841 ], [ -74.225978, 39.486543 ], [ -74.225409, 39.487215 ], [ -74.22516, 39.48749 ], [ -74.223926, 39.488646 ], [ -74.223332, 39.489234 ], [ -74.222903, 39.489669 ], [ -74.222866, 39.489707 ], [ -74.22082, 39.49193 ], [ -74.220749, 39.492012 ], [ -74.220745, 39.492017 ], [ -74.219801, 39.493074 ], [ -74.219373, 39.493604 ], [ -74.217007, 39.49531 ], [ -74.215254, 39.496714 ], [ -74.215096, 39.496835 ], [ -74.212194, 39.49922 ], [ -74.210317, 39.500944 ], [ -74.210298, 39.500962 ], [ -74.20948, 39.501765 ], [ -74.207005, 39.504423 ], [ -74.204759, 39.5072 ], [ -74.202753, 39.510086 ], [ -74.201799, 39.511703 ], [ -74.201694, 39.511865 ], [ -74.200611, 39.513637 ], [ -74.199875, 39.51469 ], [ -74.199395, 39.515319 ], [ -74.198905, 39.516004 ], [ -74.197727, 39.516853 ], [ -74.194824, 39.519237 ], [ -74.192129, 39.521763 ], [ -74.189652, 39.52442 ], [ -74.189097, 39.52507 ], [ -74.187207, 39.527116 ], [ -74.184731, 39.529772 ], [ -74.184121, 39.530487 ], [ -74.182585, 39.532177 ], [ -74.18255, 39.532218 ], [ -74.181727, 39.533142 ], [ -74.179479, 39.535918 ], [ -74.178932, 39.53666 ], [ -74.178321, 39.537457 ], [ -74.177018, 39.539275 ], [ -74.176966, 39.539346 ], [ -74.176751, 39.539641 ], [ -74.176191, 39.540423 ], [ -74.174845, 39.542315 ], [ -74.174758, 39.542443 ], [ -74.174162, 39.543348 ], [ -74.173793, 39.543931 ], [ -74.172643, 39.545637 ], [ -74.171556, 39.547415 ], [ -74.170212, 39.549735 ], [ -74.169991, 39.550148 ], [ -74.169983, 39.55016 ], [ -74.16941, 39.551 ], [ -74.16878, 39.551946 ], [ -74.168303, 39.552628 ], [ -74.167286, 39.554145 ], [ -74.167086, 39.554459 ], [ -74.166953, 39.554646 ], [ -74.165794, 39.55636 ], [ -74.165439, 39.55691 ], [ -74.16494, 39.557663 ], [ -74.162704, 39.560906 ], [ -74.161876, 39.562149 ], [ -74.161475, 39.562762 ], [ -74.160912, 39.56366 ], [ -74.160907, 39.563667 ], [ -74.160288, 39.564533 ], [ -74.159277, 39.566004 ], [ -74.159245, 39.566053 ], [ -74.157234, 39.568553 ], [ -74.15635, 39.569766 ], [ -74.156113, 39.570045 ], [ -74.155794, 39.570422 ], [ -74.154028, 39.572635 ], [ -74.153687, 39.573093 ], [ -74.152433, 39.574689 ], [ -74.15231, 39.574854 ], [ -74.151434, 39.576027 ], [ -74.151188, 39.576351 ], [ -74.149906, 39.577983 ], [ -74.149865, 39.578036 ], [ -74.148902, 39.579275 ], [ -74.146891, 39.582159 ], [ -74.146101, 39.58343 ], [ -74.145328, 39.584593 ], [ -74.144097, 39.586617 ], [ -74.143341, 39.587756 ], [ -74.143121, 39.588101 ], [ -74.142878, 39.588474 ], [ -74.142352, 39.58931 ], [ -74.14173, 39.590251 ], [ -74.140795, 39.591766 ], [ -74.139417, 39.59379 ], [ -74.139223, 39.594093 ], [ -74.13921, 39.594113 ], [ -74.139078, 39.594315 ], [ -74.139058, 39.594346 ], [ -74.138025, 39.595883 ], [ -74.138024, 39.595885 ], [ -74.138011, 39.595904 ], [ -74.136538, 39.598059 ], [ -74.136449, 39.598197 ], [ -74.13532, 39.599871 ], [ -74.135039, 39.600312 ], [ -74.135016, 39.600345 ], [ -74.134662, 39.600781 ], [ -74.134131, 39.601442 ], [ -74.133646, 39.602056 ], [ -74.133019, 39.602862 ], [ -74.132939, 39.602965 ], [ -74.132766, 39.603189 ], [ -74.132722, 39.603242 ], [ -74.13218, 39.603911 ], [ -74.130211, 39.606359 ], [ -74.12929, 39.607623 ], [ -74.128973, 39.608074 ], [ -74.128016, 39.609302 ], [ -74.127331, 39.610235 ], [ -74.126944, 39.610741 ], [ -74.126845, 39.610873 ], [ -74.125428, 39.612666 ], [ -74.12526, 39.612889 ], [ -74.124255, 39.614178 ], [ -74.123265, 39.615541 ], [ -74.123055, 39.615817 ], [ -74.121631, 39.617809 ], [ -74.121083, 39.618522 ], [ -74.120203, 39.619728 ], [ -74.119562, 39.62052 ], [ -74.118876, 39.621385 ], [ -74.118872, 39.62139 ], [ -74.118395, 39.621928 ], [ -74.117665, 39.622785 ], [ -74.116627, 39.624027 ], [ -74.116449, 39.624247 ], [ -74.115408, 39.625579 ], [ -74.114545, 39.62676 ], [ -74.114539, 39.626769 ], [ -74.114421, 39.626926 ], [ -74.114045, 39.627383 ], [ -74.114013, 39.62742 ], [ -74.111759, 39.630195 ], [ -74.111354, 39.63074 ], [ -74.109952, 39.632488 ], [ -74.109791, 39.632672 ], [ -74.107537, 39.635447 ], [ -74.107187, 39.635917 ], [ -74.105727, 39.637757 ], [ -74.105612, 39.63791 ], [ -74.105593, 39.637935 ], [ -74.105484, 39.63808 ], [ -74.105322, 39.638291 ], [ -74.103581, 39.640469 ], [ -74.102121, 39.642512 ], [ -74.101837, 39.642885 ], [ -74.101436, 39.643424 ], [ -74.101353, 39.643537 ], [ -74.099739, 39.645882 ], [ -74.098969, 39.647117 ], [ -74.097825, 39.648386 ], [ -74.09557, 39.651161 ], [ -74.093554, 39.654044 ], [ -74.092751, 39.655336 ], [ -74.09172, 39.656765 ], [ -74.089992, 39.658927 ], [ -74.089483, 39.659613 ], [ -74.088179, 39.661266 ], [ -74.087711, 39.661898 ], [ -74.087624, 39.662016 ], [ -74.086262, 39.663983 ], [ -74.086145, 39.664138 ], [ -74.085198, 39.665436 ], [ -74.085175, 39.665469 ], [ -74.084105, 39.667054 ], [ -74.082355, 39.669999 ], [ -74.082344, 39.670018 ], [ -74.081548, 39.671195 ], [ -74.081525, 39.67123 ], [ -74.081365, 39.671477 ], [ -74.080841, 39.672307 ], [ -74.080076, 39.673429 ], [ -74.078433, 39.675811 ], [ -74.076737, 39.678657 ], [ -74.07648, 39.679074 ], [ -74.076082, 39.67968 ], [ -74.074913, 39.681589 ], [ -74.074482, 39.682329 ], [ -74.074449, 39.682388 ], [ -74.074003, 39.683189 ], [ -74.073172, 39.684795 ], [ -74.072579, 39.685852 ], [ -74.071413, 39.688155 ], [ -74.071182, 39.688576 ], [ -74.07024, 39.690409 ], [ -74.070167, 39.690544 ], [ -74.068654, 39.693605 ], [ -74.068536, 39.693871 ], [ -74.068513, 39.693924 ], [ -74.067861, 39.695497 ], [ -74.067784, 39.695665 ], [ -74.066783, 39.697724 ], [ -74.066488, 39.698298 ], [ -74.065964, 39.699234 ], [ -74.065953, 39.699256 ], [ -74.065872, 39.699404 ], [ -74.064593, 39.701953 ], [ -74.063314, 39.704548 ], [ -74.062886, 39.705386 ], [ -74.062467, 39.706139 ], [ -74.062405, 39.706255 ], [ -74.061217, 39.708309 ], [ -74.060648, 39.70939 ], [ -74.060613, 39.709458 ], [ -74.060469, 39.709745 ], [ -74.060284, 39.710082 ], [ -74.059855, 39.71089 ], [ -74.059855, 39.71089 ], [ -74.059392, 39.711702 ], [ -74.0585, 39.713192 ], [ -74.058256, 39.713578 ], [ -74.058112, 39.713788 ], [ -74.057128, 39.714498 ], [ -74.05679, 39.714748 ], [ -74.05595, 39.715379 ], [ -74.053854, 39.71709 ], [ -74.053495, 39.717287 ], [ -74.050201, 39.719353 ], [ -74.047089, 39.721581 ], [ -74.044173, 39.723961 ], [ -74.042274, 39.725693 ], [ -74.042253, 39.725714 ], [ -74.041442, 39.726505 ], [ -74.038952, 39.729158 ], [ -74.036693, 39.731932 ], [ -74.034672, 39.734815 ], [ -74.032901, 39.737792 ], [ -74.031385, 39.740853 ], [ -74.030131, 39.743984 ], [ -74.029145, 39.747172 ], [ -74.028432, 39.750402 ], [ -74.027993, 39.753662 ], [ -74.027832, 39.756937 ], [ -74.027832, 39.75698 ], [ -74.027948, 39.760256 ], [ -74.028342, 39.763519 ], [ -74.029012, 39.766755 ], [ -74.029955, 39.76995 ], [ -74.030205, 39.770665 ], [ -74.030191, 39.770865 ], [ -74.030088, 39.771617 ], [ -74.029854, 39.772805 ], [ -74.029846, 39.772842 ], [ -74.029346, 39.775229 ], [ -74.029192, 39.776159 ], [ -74.029003, 39.777398 ], [ -74.028718, 39.779727 ], [ -74.028638, 39.780741 ], [ -74.028615, 39.781096 ], [ -74.028402, 39.782551 ], [ -74.028361, 39.782874 ], [ -74.028345, 39.78298 ], [ -74.02806, 39.785312 ], [ -74.027928, 39.787322 ], [ -74.02789, 39.787653 ], [ -74.027846, 39.788046 ], [ -74.027666, 39.789208 ], [ -74.027594, 39.789576 ], [ -74.027478, 39.790199 ], [ -74.027397, 39.790674 ], [ -74.02734, 39.791017 ], [ -74.027155, 39.792262 ], [ -74.0268, 39.793929 ], [ -74.026762, 39.794124 ], [ -74.02667, 39.794623 ], [ -74.026578, 39.795163 ], [ -74.026465, 39.79584 ], [ -74.026393, 39.796289 ], [ -74.026364, 39.796444 ], [ -74.026137, 39.797465 ], [ -74.025808, 39.799112 ], [ -74.025489, 39.801248 ], [ -74.02539, 39.801785 ], [ -74.024951, 39.805045 ], [ -74.024801, 39.807607 ], [ -74.024777, 39.807798 ], [ -74.024748, 39.808032 ], [ -74.02462, 39.809223 ], [ -74.024499, 39.810963 ], [ -74.024344, 39.812375 ], [ -74.024182, 39.815622 ], [ -74.024012, 39.817145 ], [ -74.023936, 39.818099 ], [ -74.023928, 39.818148 ], [ -74.023563, 39.820974 ], [ -74.023471, 39.822183 ], [ -74.023442, 39.822673 ], [ -74.023433, 39.8228 ], [ -74.023221, 39.824633 ], [ -74.02318, 39.825105 ], [ -74.023129, 39.825743 ], [ -74.023109, 39.825873 ], [ -74.022858, 39.827839 ], [ -74.022691, 39.829476 ], [ -74.022539, 39.830593 ], [ -74.022451, 39.831318 ], [ -74.022331, 39.832243 ], [ -74.022184, 39.833585 ], [ -74.022162, 39.833831 ], [ -74.022118, 39.834341 ], [ -74.021984, 39.835058 ], [ -74.021922, 39.835401 ], [ -74.021482, 39.83866 ], [ -74.021433, 39.83925 ], [ -74.02122, 39.840751 ], [ -74.021039, 39.842238 ], [ -74.020855, 39.843514 ], [ -74.020823, 39.843743 ], [ -74.020568, 39.845583 ], [ -74.020529, 39.845874 ], [ -74.020369, 39.846717 ], [ -74.020361, 39.846762 ], [ -74.020064, 39.848261 ], [ -74.019755, 39.850307 ], [ -74.019437, 39.852849 ], [ -74.019307, 39.854783 ], [ -74.019213, 39.855633 ], [ -74.019143, 39.856013 ], [ -74.019021, 39.856742 ], [ -74.018977, 39.857017 ], [ -74.01866, 39.859547 ], [ -74.01854, 39.861278 ], [ -74.018536, 39.861355 ], [ -74.018509, 39.861591 ], [ -74.01846, 39.861859 ], [ -74.01826, 39.863096 ], [ -74.017952, 39.865568 ], [ -74.017943, 39.865672 ], [ -74.01775, 39.867357 ], [ -74.017664, 39.868281 ], [ -74.017662, 39.868301 ], [ -74.017604, 39.869004 ], [ -74.017518, 39.869469 ], [ -74.017079, 39.872729 ], [ -74.016963, 39.874359 ], [ -74.016669, 39.876296 ], [ -74.016429, 39.878235 ], [ -74.016225, 39.879774 ], [ -74.016147, 39.880466 ], [ -74.01596, 39.881912 ], [ -74.015708, 39.883632 ], [ -74.015654, 39.883928 ], [ -74.015288, 39.886455 ], [ -74.015028, 39.888222 ], [ -74.014951, 39.888598 ], [ -74.014894, 39.888862 ], [ -74.014612, 39.890291 ], [ -74.014412, 39.89153 ], [ -74.014101, 39.893093 ], [ -74.01373, 39.895668 ], [ -74.013676, 39.895966 ], [ -74.013606, 39.896373 ], [ -74.013503, 39.896856 ], [ -74.013371, 39.897393 ], [ -74.012841, 39.899897 ], [ -74.012747, 39.900448 ], [ -74.012689, 39.900801 ], [ -74.012389, 39.903046 ], [ -74.012294, 39.903396 ], [ -74.011718, 39.90588 ], [ -74.011513, 39.906624 ], [ -74.010811, 39.909778 ], [ -74.010248, 39.9117 ], [ -74.009532, 39.91493 ], [ -74.009374, 39.915886 ], [ -74.009228, 39.916661 ], [ -74.009202, 39.916808 ], [ -74.009179, 39.916897 ], [ -74.008955, 39.917756 ], [ -74.008871, 39.918088 ], [ -74.008854, 39.918154 ], [ -74.008814, 39.918303 ], [ -74.008775, 39.918448 ], [ -74.008423, 39.919879 ], [ -74.008354, 39.920182 ], [ -74.008082, 39.921481 ], [ -74.007926, 39.922053 ], [ -74.007481, 39.923996 ], [ -74.006611, 39.925746 ], [ -74.005353, 39.928877 ], [ -74.004983, 39.929964 ], [ -74.004284, 39.932306 ], [ -74.003886, 39.933943 ], [ -74.003758, 39.934518 ], [ -74.00344, 39.936111 ], [ -74.002999, 39.939371 ], [ -74.002836, 39.942645 ], [ -74.002952, 39.945921 ], [ -74.003086, 39.947313 ], [ -74.003077, 39.947409 ], [ -74.003049, 39.947575 ], [ -74.002723, 39.949908 ], [ -74.002593, 39.950883 ], [ -74.002586, 39.950941 ], [ -74.002254, 39.952593 ], [ -74.00188, 39.955194 ], [ -74.001818, 39.955617 ], [ -74.00152, 39.957121 ], [ -74.001217, 39.959114 ], [ -74.001182, 39.959305 ], [ -74.000994, 39.960456 ], [ -74.000776, 39.961582 ], [ -74.000591, 39.962717 ], [ -74.000392, 39.96375 ], [ -74.000392, 39.963752 ], [ -74.00037, 39.963876 ], [ -74.000147, 39.965271 ], [ -73.999999, 39.966053 ], [ -73.999862, 39.966867 ], [ -73.999746, 39.967454 ], [ -73.999692, 39.967734 ], [ -73.999511, 39.968479 ], [ -73.999493, 39.968554 ], [ -73.999073, 39.970595 ], [ -73.998933, 39.971433 ], [ -73.998536, 39.973371 ], [ -73.998449, 39.973879 ], [ -73.998319, 39.974451 ], [ -73.997891, 39.976395 ], [ -73.997494, 39.978102 ], [ -73.997163, 39.979458 ], [ -73.99715, 39.979511 ], [ -73.996832, 39.980817 ], [ -73.996492, 39.982348 ], [ -73.996141, 39.983925 ], [ -73.995562, 39.986597 ], [ -73.995555, 39.986628 ], [ -73.995094, 39.98856 ], [ -73.995055, 39.988723 ], [ -73.994891, 39.989295 ], [ -73.994701, 39.989984 ], [ -73.994191, 39.992142 ], [ -73.993785, 39.994096 ], [ -73.993775, 39.99414 ], [ -73.99369, 39.994455 ], [ -73.99355, 39.994995 ], [ -73.993458, 39.995363 ], [ -73.993148, 39.99669 ], [ -73.992617, 39.99876 ], [ -73.992314, 39.999872 ], [ -73.991958, 40.001146 ], [ -73.991833, 40.001605 ], [ -73.991823, 40.001643 ], [ -73.991711, 40.002065 ], [ -73.991493, 40.002748 ], [ -73.991263, 40.003488 ], [ -73.99081, 40.005059 ], [ -73.990238, 40.007519 ], [ -73.989874, 40.009033 ], [ -73.989365, 40.011034 ], [ -73.989031, 40.012456 ], [ -73.98864, 40.01427 ], [ -73.98855, 40.014702 ], [ -73.988362, 40.015625 ], [ -73.988329, 40.01577 ], [ -73.988186, 40.016291 ], [ -73.988036, 40.016871 ], [ -73.987928, 40.017302 ], [ -73.987571, 40.01886 ], [ -73.98745, 40.019303 ], [ -73.987377, 40.019584 ], [ -73.987334, 40.019748 ], [ -73.986897, 40.021266 ], [ -73.986737, 40.02189 ], [ -73.986536, 40.022614 ], [ -73.986133, 40.024265 ], [ -73.986078, 40.024468 ], [ -73.985568, 40.026224 ], [ -73.985275, 40.027392 ], [ -73.985163, 40.027802 ], [ -73.984585, 40.030286 ], [ -73.984277, 40.031712 ], [ -73.984254, 40.031815 ], [ -73.983939, 40.032975 ], [ -73.98389, 40.033156 ], [ -73.983284, 40.035785 ], [ -73.983258, 40.035917 ], [ -73.982726, 40.038418 ], [ -73.982696, 40.038586 ], [ -73.982634, 40.038857 ], [ -73.982624, 40.0389 ], [ -73.982615, 40.038934 ], [ -73.982338, 40.040034 ], [ -73.982327, 40.040077 ], [ -73.981916, 40.041764 ], [ -73.981559, 40.043254 ], [ -73.981256, 40.04452 ], [ -73.981078, 40.045281 ], [ -73.980677, 40.047033 ], [ -73.980585, 40.047429 ], [ -73.98051, 40.047759 ], [ -73.980316, 40.048668 ], [ -73.980093, 40.04957 ], [ -73.980069, 40.04965 ], [ -73.979735, 40.050832 ], [ -73.979326, 40.052508 ], [ -73.979251, 40.052847 ], [ -73.978745, 40.054587 ], [ -73.978383, 40.056054 ], [ -73.978294, 40.05645 ], [ -73.978251, 40.056639 ], [ -73.978138, 40.057054 ], [ -73.978091, 40.057231 ], [ -73.977707, 40.058576 ], [ -73.976988, 40.061806 ], [ -73.976889, 40.062382 ], [ -73.976633, 40.063607 ], [ -73.976206, 40.065673 ], [ -73.976136, 40.066072 ], [ -73.976109, 40.066232 ], [ -73.976067, 40.06656 ], [ -73.975587, 40.068712 ], [ -73.975422, 40.069924 ], [ -73.97493, 40.071569 ], [ -73.974742, 40.072301 ], [ -73.974715, 40.072387 ], [ -73.974528, 40.073005 ], [ -73.974339, 40.073607 ], [ -73.973842, 40.075315 ], [ -73.973841, 40.075322 ], [ -73.97381, 40.075412 ], [ -73.973789, 40.075473 ], [ -73.973443, 40.076476 ], [ -73.973422, 40.076537 ], [ -73.97319, 40.077216 ], [ -73.973111, 40.07745 ], [ -73.972984, 40.077828 ], [ -73.972801, 40.078344 ], [ -73.972718, 40.078579 ], [ -73.972555, 40.079049 ], [ -73.971489, 40.080888 ], [ -73.969962, 40.083948 ], [ -73.96986, 40.084178 ], [ -73.969852, 40.084195 ], [ -73.968692, 40.087095 ], [ -73.968183, 40.088613 ], [ -73.967849, 40.089653 ], [ -73.967285, 40.091574 ], [ -73.966575, 40.094745 ], [ -73.966572, 40.094759 ], [ -73.966562, 40.094818 ], [ -73.966118, 40.098077 ], [ -73.965953, 40.101352 ], [ -73.966067, 40.104627 ], [ -73.96646, 40.10789 ], [ -73.966575, 40.108561 ], [ -73.966517, 40.109139 ], [ -73.96649, 40.109447 ], [ -73.966381, 40.110026 ], [ -73.966137, 40.11156 ], [ -73.965909, 40.112583 ], [ -73.965706, 40.113313 ], [ -73.965258, 40.115169 ], [ -73.965244, 40.115232 ], [ -73.965069, 40.116084 ], [ -73.964903, 40.11654 ], [ -73.964884, 40.116595 ], [ -73.964853, 40.11668 ], [ -73.964587, 40.117452 ], [ -73.963515, 40.120152 ], [ -73.963232, 40.120972 ], [ -73.96322, 40.121006 ], [ -73.962509, 40.123372 ], [ -73.962345, 40.124009 ], [ -73.961618, 40.126422 ], [ -73.961291, 40.127737 ], [ -73.96099, 40.128704 ], [ -73.960047, 40.131069 ], [ -73.960036, 40.131101 ], [ -73.959961, 40.131308 ], [ -73.958966, 40.134495 ], [ -73.958818, 40.135067 ], [ -73.958245, 40.137012 ], [ -73.957719, 40.139232 ], [ -73.957658, 40.1394 ], [ -73.956663, 40.142587 ], [ -73.95662, 40.14275 ], [ -73.956225, 40.143742 ], [ -73.954988, 40.146809 ], [ -73.953993, 40.149996 ], [ -73.953913, 40.150299 ], [ -73.953077, 40.153032 ], [ -73.952928, 40.153605 ], [ -73.952771, 40.154102 ], [ -73.952748, 40.154176 ], [ -73.952398, 40.155374 ], [ -73.952225, 40.155752 ], [ -73.95096, 40.158882 ], [ -73.950886, 40.159092 ], [ -73.949617, 40.16167 ], [ -73.948352, 40.1648 ], [ -73.948285, 40.164996 ], [ -73.947427, 40.166403 ], [ -73.947415, 40.166423 ], [ -73.947106, 40.166976 ], [ -73.945577, 40.170036 ], [ -73.944311, 40.173166 ], [ -73.943315, 40.176352 ], [ -73.942593, 40.179582 ], [ -73.942147, 40.182841 ], [ -73.941981, 40.186115 ], [ -73.94205, 40.188123 ], [ -73.942041, 40.188605 ], [ -73.941938, 40.189075 ], [ -73.941813, 40.189469 ], [ -73.94113, 40.191246 ], [ -73.940342, 40.193685 ], [ -73.93988, 40.194911 ], [ -73.939173, 40.196704 ], [ -73.938624, 40.198061 ], [ -73.938253, 40.198924 ], [ -73.937751, 40.199995 ], [ -73.936642, 40.202693 ], [ -73.935568, 40.205391 ], [ -73.934571, 40.208578 ], [ -73.934488, 40.208889 ], [ -73.934451, 40.209034 ], [ -73.934091, 40.21054 ], [ -73.93387, 40.211293 ], [ -73.933526, 40.212218 ], [ -73.932681, 40.214853 ], [ -73.932271, 40.216083 ], [ -73.932261, 40.216115 ], [ -73.931852, 40.217493 ], [ -73.931075, 40.22005 ], [ -73.930809, 40.221236 ], [ -73.929745, 40.223865 ], [ -73.928747, 40.227052 ], [ -73.928125, 40.229738 ], [ -73.928118, 40.229777 ], [ -73.928016, 40.23032 ], [ -73.927569, 40.233579 ], [ -73.927402, 40.236818 ], [ -73.927095, 40.237648 ], [ -73.926698, 40.238809 ], [ -73.926268, 40.239954 ], [ -73.92527, 40.24314 ], [ -73.925199, 40.243409 ], [ -73.924736, 40.244638 ], [ -73.923737, 40.247825 ], [ -73.92336, 40.249352 ], [ -73.923353, 40.24938 ], [ -73.923078, 40.250735 ], [ -73.923072, 40.250749 ], [ -73.92248, 40.252525 ], [ -73.921696, 40.2551 ], [ -73.921652, 40.255289 ], [ -73.921309, 40.256135 ], [ -73.92031, 40.259321 ], [ -73.919629, 40.262319 ], [ -73.919604, 40.262449 ], [ -73.919562, 40.26268 ], [ -73.919248, 40.26473 ], [ -73.918259, 40.267889 ], [ -73.917602, 40.270753 ], [ -73.917573, 40.270861 ], [ -73.916973, 40.273434 ], [ -73.91625, 40.275826 ], [ -73.915525, 40.279055 ], [ -73.915377, 40.279936 ], [ -73.915091, 40.280948 ], [ -73.914789, 40.282142 ], [ -73.914664, 40.282524 ], [ -73.914648, 40.282574 ], [ -73.914082, 40.284489 ], [ -73.913482, 40.287059 ], [ -73.913332, 40.287645 ], [ -73.913302, 40.287766 ], [ -73.912868, 40.289724 ], [ -73.912801, 40.28997 ], [ -73.912718, 40.290286 ], [ -73.912704, 40.290338 ], [ -73.912063, 40.293251 ], [ -73.911691, 40.295774 ], [ -73.911566, 40.296433 ], [ -73.911161, 40.29927 ], [ -73.91115, 40.299375 ], [ -73.911108, 40.299797 ], [ -73.910939, 40.303071 ], [ -73.910939, 40.303131 ], [ -73.91099, 40.305472 ], [ -73.910728, 40.306792 ], [ -73.910336, 40.309498 ], [ -73.91021, 40.310164 ], [ -73.909762, 40.313422 ], [ -73.909676, 40.314488 ], [ -73.909543, 40.315632 ], [ -73.909464, 40.316417 ], [ -73.909438, 40.316676 ], [ -73.909406, 40.317034 ], [ -73.909375, 40.317221 ], [ -73.909232, 40.31797 ], [ -73.909135, 40.318529 ], [ -73.908905, 40.3197 ], [ -73.908738, 40.320695 ], [ -73.908519, 40.321633 ], [ -73.908403, 40.322158 ], [ -73.908108, 40.323628 ], [ -73.908103, 40.323657 ], [ -73.907632, 40.325848 ], [ -73.907616, 40.325933 ], [ -73.907584, 40.326106 ], [ -73.907136, 40.329365 ], [ -73.906967, 40.332639 ], [ -73.906966, 40.332727 ], [ -73.907078, 40.336003 ], [ -73.907082, 40.336058 ], [ -73.90709, 40.336162 ], [ -73.907188, 40.337223 ], [ -73.907165, 40.337424 ], [ -73.907126, 40.337781 ], [ -73.907066, 40.33837 ], [ -73.907034, 40.338719 ], [ -73.906966, 40.339517 ], [ -73.906831, 40.342278 ], [ -73.906822, 40.342928 ], [ -73.906821, 40.343091 ], [ -73.906842, 40.34476 ], [ -73.906782, 40.345161 ], [ -73.906661, 40.345997 ], [ -73.906627, 40.346234 ], [ -73.90655, 40.34679 ], [ -73.906393, 40.348088 ], [ -73.906354, 40.348461 ], [ -73.906315, 40.3488 ], [ -73.906232, 40.349587 ], [ -73.906132, 40.350883 ], [ -73.906086, 40.351634 ], [ -73.906018, 40.353613 ], [ -73.906061, 40.355791 ], [ -73.906043, 40.356349 ], [ -73.906035, 40.356663 ], [ -73.905973, 40.35764 ], [ -73.9059, 40.359563 ], [ -73.905875, 40.361423 ], [ -73.905873, 40.361594 ], [ -73.905873, 40.362262 ], [ -73.905885, 40.363693 ], [ -73.905908, 40.364718 ], [ -73.905968, 40.366413 ], [ -73.906017, 40.367416 ], [ -73.90607, 40.368282 ], [ -73.90611, 40.368861 ], [ -73.906164, 40.369496 ], [ -73.906239, 40.370291 ], [ -73.906283, 40.370998 ], [ -73.906313, 40.371503 ], [ -73.906332, 40.371872 ], [ -73.906379, 40.372612 ], [ -73.906417, 40.37314 ], [ -73.906429, 40.373304 ], [ -73.906491, 40.374023 ], [ -73.906527, 40.374394 ], [ -73.906743, 40.376196 ], [ -73.906743, 40.3763 ], [ -73.906751, 40.377604 ], [ -73.906758, 40.378153 ], [ -73.90677, 40.378708 ], [ -73.906875, 40.380861 ], [ -73.906949, 40.381709 ], [ -73.907063, 40.382854 ], [ -73.907183, 40.383914 ], [ -73.907402, 40.385637 ], [ -73.907441, 40.38593 ], [ -73.907607, 40.387848 ], [ -73.907616, 40.38795 ], [ -73.907727, 40.389193 ], [ -73.908079, 40.391982 ], [ -73.908116, 40.392202 ], [ -73.908361, 40.393651 ], [ -73.908441, 40.394164 ], [ -73.908504, 40.3947 ], [ -73.908547, 40.395152 ], [ -73.908564, 40.395326 ], [ -73.908664, 40.396328 ], [ -73.908978, 40.398712 ], [ -73.909166, 40.39977 ], [ -73.909203, 40.399965 ], [ -73.909268, 40.400374 ], [ -73.909644, 40.402356 ], [ -73.909598, 40.403087 ], [ -73.90959, 40.403231 ], [ -73.909536, 40.404955 ], [ -73.909648, 40.40823 ], [ -73.909715, 40.409002 ], [ -73.909747, 40.409325 ], [ -73.910071, 40.411816 ], [ -73.910534, 40.414187 ], [ -73.910699, 40.414911 ], [ -73.910906, 40.415776 ], [ -73.911456, 40.417749 ], [ -73.911693, 40.418524 ], [ -73.912089, 40.419747 ], [ -73.912613, 40.421193 ], [ -73.913163, 40.422629 ], [ -73.913857, 40.424324 ], [ -73.914304, 40.425319 ], [ -73.914723, 40.426218 ], [ -73.914774, 40.426369 ], [ -73.91493, 40.426819 ], [ -73.91582, 40.429793 ], [ -73.916162, 40.430757 ], [ -73.916197, 40.430852 ], [ -73.917013, 40.432892 ], [ -73.916961, 40.43334 ], [ -73.916956, 40.433383 ], [ -73.916946, 40.433455 ], [ -73.916751, 40.435128 ], [ -73.916736, 40.435298 ], [ -73.916611, 40.436682 ], [ -73.916545, 40.437325 ], [ -73.916406, 40.442481 ], [ -73.91645, 40.443555 ], [ -73.916495, 40.444416 ], [ -73.916535, 40.445055 ], [ -73.916572, 40.445588 ], [ -73.916714, 40.44706 ], [ -73.916773, 40.447569 ], [ -73.917023, 40.44936 ], [ -73.917114, 40.449889 ], [ -73.917468, 40.452696 ], [ -73.917576, 40.453322 ], [ -73.917596, 40.453449 ], [ -73.918267, 40.456686 ], [ -73.918571, 40.457823 ], [ -73.919483, 40.460882 ], [ -73.919819, 40.461828 ], [ -73.919955, 40.462197 ], [ -73.920652, 40.463959 ], [ -73.920778, 40.464259 ], [ -73.920964, 40.464692 ], [ -73.921539, 40.465957 ], [ -73.921572, 40.466028 ], [ -73.921918, 40.466874 ], [ -73.922272, 40.46771 ], [ -73.92309, 40.46948 ], [ -73.923763, 40.470858 ], [ -73.924621, 40.472558 ], [ -73.924837, 40.472958 ], [ -73.925086, 40.473433 ], [ -73.926256, 40.475497 ], [ -73.927233, 40.477106 ], [ -73.928914, 40.479576 ], [ -73.929024, 40.479727 ], [ -73.92939, 40.480429 ], [ -73.929595, 40.480809 ], [ -73.929691, 40.480985 ], [ -73.930881, 40.483038 ], [ -73.931717, 40.484405 ], [ -73.932842, 40.486037 ], [ -73.933492, 40.487103 ], [ -73.935491, 40.490003 ], [ -73.935929, 40.490582 ], [ -73.935945, 40.490625 ], [ -73.936042, 40.490879 ], [ -73.936768, 40.492656 ], [ -73.938254, 40.49573 ], [ -73.938328, 40.495869 ], [ -73.93849, 40.49617 ], [ -73.93995, 40.498686 ], [ -73.940097, 40.498922 ], [ -73.940309, 40.49926 ], [ -73.942309, 40.502159 ], [ -73.944553, 40.504953 ], [ -73.944785, 40.50522 ], [ -73.944888, 40.505338 ], [ -73.947135, 40.507746 ], [ -73.947795, 40.508398 ], [ -73.977875, 40.519103 ], [ -74.013523, 40.513014 ], [ -74.225333, 40.476586 ], [ -74.253037, 40.486668 ], [ -74.258844, 40.498883 ], [ -74.25813, 40.508725 ], [ -74.254097, 40.515669 ], [ -74.246021, 40.520966 ], [ -74.250286, 40.542308 ], [ -74.247486, 40.549385 ], [ -74.231416, 40.559191 ], [ -74.218005, 40.557066 ], [ -74.214577, 40.560541 ], [ -74.210146, 40.573732 ], [ -74.207243, 40.587924 ], [ -74.19959, 40.597854 ], [ -74.19959, 40.60039 ], [ -74.204835, 40.606071 ], [ -74.203891, 40.614284 ], [ -74.202426, 40.616779 ], [ -74.203927, 40.624378 ], [ -74.202282, 40.628789 ], [ -74.202402, 40.631601 ], [ -74.198166, 40.634795 ], [ -74.196249, 40.637698 ], [ -74.191432, 40.642034 ], [ -74.185643, 40.64605 ], [ -74.181651, 40.646536 ], [ -74.16143, 40.644157 ], [ -74.157944, 40.643746 ], [ -74.143111, 40.641998 ], [ -74.132922, 40.643692 ], [ -74.126019, 40.642159 ], [ -74.109849, 40.648073 ], [ -74.093443, 40.648073 ], [ -74.086988, 40.651514 ], [ -74.055767, 40.651484 ], [ -74.026391, 40.700111 ], [ -74.023639, 40.718077 ], [ -74.01403, 40.75756 ], [ -73.963578, 40.82665 ], [ -73.952831, 40.851114 ], [ -73.929796, 40.888733 ], [ -73.914254, 40.927968 ], [ -73.908846, 40.946835 ], [ -73.896145, 40.981881 ], [ -73.893629, 40.997174 ], [ -73.902451, 40.997331 ], [ -73.902716, 40.997335 ], [ -73.904244, 40.998015 ], [ -73.911764, 41.001386 ], [ -73.921785, 41.005893 ], [ -73.923301, 41.006575 ], [ -73.929562, 41.009427 ], [ -73.939058, 41.013712 ], [ -73.93906, 41.013713 ], [ -73.94136, 41.01475 ], [ -73.945724, 41.016715 ], [ -73.952415, 41.019726 ], [ -73.954897, 41.020806 ], [ -73.958781, 41.022548 ], [ -73.95899, 41.022641 ], [ -73.969727, 41.027438 ], [ -73.993743, 41.038124 ], [ -73.993749, 41.038127 ], [ -73.999929, 41.040876 ], [ -74.012702, 41.046539 ], [ -74.024553, 41.051791 ], [ -74.035865, 41.056827 ], [ -74.052078, 41.064009 ], [ -74.068887, 41.071483 ], [ -74.071831, 41.072793 ], [ -74.092502, 41.08199 ], [ -74.096695, 41.083872 ], [ -74.101988, 41.086191 ], [ -74.103982, 41.087061 ], [ -74.112334, 41.090705 ], [ -74.118607, 41.093483 ], [ -74.120704, 41.09441 ], [ -74.127289, 41.097334 ], [ -74.149762, 41.107241 ], [ -74.150216, 41.107439 ], [ -74.151642, 41.108076 ], [ -74.168135, 41.115313 ], [ -74.211225, 41.133722 ], [ -74.212605, 41.134311 ], [ -74.217767, 41.136025 ], [ -74.218369, 41.136277 ], [ -74.230532, 41.141455 ], [ -74.234368, 41.143044 ], [ -74.250739, 41.150176 ], [ -74.251515, 41.150535 ], [ -74.267019, 41.157729 ], [ -74.279572, 41.163015 ], [ -74.279684, 41.163064 ], [ -74.281532, 41.163874 ], [ -74.297844, 41.170965 ], [ -74.314231, 41.178211 ], [ -74.33074, 41.185498 ], [ -74.346418, 41.192743 ], [ -74.362103, 41.200431 ], [ -74.367512, 41.203249 ], [ -74.371609, 41.205383 ], [ -74.376389, 41.207871 ], [ -74.377758, 41.208583 ], [ -74.396556, 41.218456 ], [ -74.400247, 41.220283 ], [ -74.418859, 41.229539 ], [ -74.425606, 41.232893 ], [ -74.438035, 41.23892 ], [ -74.439725, 41.239741 ], [ -74.441919, 41.240797 ], [ -74.455323, 41.247218 ], [ -74.456589, 41.247828 ], [ -74.457864, 41.248436 ], [ -74.463317, 41.250934 ], [ -74.46444, 41.251448 ], [ -74.468164, 41.253153 ], [ -74.470248, 41.254107 ], [ -74.491265, 41.263478 ], [ -74.507158, 41.271369 ], [ -74.536663, 41.285257 ], [ -74.539626, 41.286645 ], [ -74.552428, 41.292472 ], [ -74.55644, 41.294281 ], [ -74.560209, 41.295999 ], [ -74.562428, 41.296999 ], [ -74.572306, 41.301511 ], [ -74.586731, 41.308011 ], [ -74.588706, 41.308906 ], [ -74.605078, 41.316374 ], [ -74.607662, 41.317527 ], [ -74.616521, 41.321561 ], [ -74.62159, 41.323875 ], [ -74.630876, 41.32811 ], [ -74.638123, 41.33137 ], [ -74.6417, 41.333002 ], [ -74.649337, 41.33653 ], [ -74.654366, 41.338852 ], [ -74.670813, 41.34637 ] ], [ [ -74.039799, 40.698945 ], [ -74.039798, 40.698985 ], [ -74.039816, 40.699019 ], [ -74.039863, 40.699051 ], [ -74.039901, 40.699076 ], [ -74.039949, 40.699106 ], [ -74.039981, 40.699132 ], [ -74.040071, 40.69918 ], [ -74.04016, 40.699205 ], [ -74.040188, 40.699223 ], [ -74.040191, 40.699253 ], [ -74.040191, 40.699286 ], [ -74.040212, 40.699323 ], [ -74.040244, 40.699342 ], [ -74.040279, 40.699359 ], [ -74.040317, 40.699373 ], [ -74.040353, 40.699383 ], [ -74.040403, 40.699402 ], [ -74.040416, 40.699412 ], [ -74.040428, 40.699422 ], [ -74.04044, 40.699447 ], [ -74.040457, 40.699475 ], [ -74.040468, 40.699501 ], [ -74.040468, 40.699536 ], [ -74.040472, 40.699566 ], [ -74.040486, 40.699603 ], [ -74.040514, 40.699636 ], [ -74.040533, 40.699666 ], [ -74.040555, 40.699688 ], [ -74.040579, 40.699718 ], [ -74.040602, 40.699747 ], [ -74.040613, 40.699774 ], [ -74.040619, 40.699811 ], [ -74.040617, 40.699837 ], [ -74.040625, 40.699869 ], [ -74.040646, 40.699891 ], [ -74.040665, 40.699916 ], [ -74.040676, 40.699943 ], [ -74.040676, 40.69997 ], [ -74.040685, 40.699991 ], [ -74.040689, 40.700018 ], [ -74.040693, 40.700058 ], [ -74.040704, 40.70008 ], [ -74.040721, 40.700104 ], [ -74.040726, 40.700114 ], [ -74.040741, 40.700139 ], [ -74.040749, 40.700175 ], [ -74.040732, 40.700201 ], [ -74.040698, 40.700223 ], [ -74.040649, 40.700222 ], [ -74.040614, 40.700209 ], [ -74.04057, 40.700196 ], [ -74.040529, 40.700185 ], [ -74.040497, 40.700171 ], [ -74.040462, 40.700158 ], [ -74.040417, 40.700135 ], [ -74.040377, 40.70012 ], [ -74.04033, 40.700109 ], [ -74.040284, 40.70012 ], [ -74.040251, 40.700125 ], [ -74.040189, 40.700122 ], [ -74.040155, 40.700111 ], [ -74.040121, 40.700102 ], [ -74.040083, 40.700101 ], [ -74.04005, 40.700082 ], [ -74.040023, 40.700069 ], [ -74.039995, 40.700049 ], [ -74.039967, 40.700027 ], [ -74.039935, 40.700002 ], [ -74.039902, 40.699989 ], [ -74.03986, 40.699974 ], [ -74.039827, 40.699964 ], [ -74.039784, 40.69996 ], [ -74.039747, 40.699959 ], [ -74.03974, 40.699953 ], [ -74.039715, 40.699936 ], [ -74.039691, 40.699907 ], [ -74.039666, 40.699882 ], [ -74.039623, 40.699864 ], [ -74.039587, 40.699861 ], [ -74.039548, 40.699851 ], [ -74.039512, 40.699824 ], [ -74.039479, 40.69979 ], [ -74.03943, 40.699771 ], [ -74.039383, 40.699759 ], [ -74.039331, 40.699735 ], [ -74.039288, 40.699716 ], [ -74.039256, 40.699695 ], [ -74.039211, 40.699689 ], [ -74.039164, 40.699685 ], [ -74.039123, 40.699679 ], [ -74.039076, 40.699676 ], [ -74.039025, 40.699671 ], [ -74.038992, 40.69967 ], [ -74.038937, 40.699663 ], [ -74.038894, 40.699633 ], [ -74.038881, 40.69961 ], [ -74.03884, 40.69957 ], [ -74.038816, 40.69954 ], [ -74.038803, 40.699496 ], [ -74.038798, 40.699447 ], [ -74.038785, 40.699414 ], [ -74.038773, 40.699406 ], [ -74.03876, 40.699376 ], [ -74.038749, 40.699344 ], [ -74.038725, 40.69931 ], [ -74.038698, 40.699288 ], [ -74.038666, 40.699271 ], [ -74.038634, 40.699247 ], [ -74.0386, 40.699218 ], [ -74.038562, 40.699201 ], [ -74.038534, 40.69918 ], [ -74.038512, 40.699155 ], [ -74.038495, 40.699123 ], [ -74.0385, 40.699082 ], [ -74.038468, 40.699025 ], [ -74.03846, 40.698989 ], [ -74.038464, 40.698932 ], [ -74.038468, 40.698878 ], [ -74.038457, 40.698833 ], [ -74.038437, 40.6988 ], [ -74.038413, 40.698764 ], [ -74.038397, 40.698737 ], [ -74.038382, 40.698722 ], [ -74.03837, 40.698695 ], [ -74.038374, 40.698677 ], [ -74.038393, 40.698674 ], [ -74.038421, 40.698674 ], [ -74.038454, 40.698689 ], [ -74.038478, 40.698699 ], [ -74.038506, 40.69871 ], [ -74.038528, 40.69872 ], [ -74.038571, 40.698738 ], [ -74.038608, 40.698726 ], [ -74.038624, 40.698706 ], [ -74.038604, 40.698685 ], [ -74.038623, 40.69868 ], [ -74.038636, 40.698675 ], [ -74.038654, 40.698671 ], [ -74.038682, 40.698668 ], [ -74.038714, 40.698662 ], [ -74.038745, 40.698645 ], [ -74.038781, 40.698644 ], [ -74.038829, 40.698632 ], [ -74.03888, 40.698619 ], [ -74.038927, 40.698615 ], [ -74.038961, 40.698603 ], [ -74.039008, 40.698602 ], [ -74.039062, 40.698605 ], [ -74.039117, 40.698601 ], [ -74.039169, 40.698604 ], [ -74.039207, 40.698612 ], [ -74.039246, 40.698622 ], [ -74.039287, 40.69864 ], [ -74.039319, 40.698673 ], [ -74.039343, 40.698692 ], [ -74.039366, 40.698717 ], [ -74.039378, 40.69874 ], [ -74.039413, 40.698746 ], [ -74.03944, 40.698748 ], [ -74.03947, 40.69876 ], [ -74.039489, 40.698786 ], [ -74.03951, 40.698789 ], [ -74.03954, 40.698796 ], [ -74.039587, 40.698799 ], [ -74.039633, 40.698798 ], [ -74.039649, 40.698798 ], [ -74.039671, 40.698784 ], [ -74.039932, 40.698598 ], [ -74.04008, 40.698723 ], [ -74.040235, 40.698841 ], [ -74.04024, 40.698844 ], [ -74.040216, 40.698862 ], [ -74.040152, 40.69891 ], [ -74.040147, 40.698906 ], [ -74.040098, 40.698942 ], [ -74.040061, 40.698915 ], [ -74.040045, 40.698911 ], [ -74.04003, 40.698906 ], [ -74.039988, 40.698895 ], [ -74.039953, 40.69889 ], [ -74.039911, 40.698892 ], [ -74.03987, 40.698902 ], [ -74.039826, 40.698919 ], [ -74.039799, 40.698945 ] ], [ [ -74.044794, 40.688598 ], [ -74.045076, 40.688743 ], [ -74.045372, 40.688887 ], [ -74.04625, 40.689327 ], [ -74.046486, 40.689598 ], [ -74.046912, 40.690091 ], [ -74.047184, 40.690419 ], [ -74.047042, 40.690491 ], [ -74.047028, 40.690597 ], [ -74.04705, 40.690635 ], [ -74.047148, 40.690723 ], [ -74.047191, 40.690794 ], [ -74.047197, 40.690803 ], [ -74.047209, 40.690851 ], [ -74.047208, 40.690902 ], [ -74.047189, 40.690945 ], [ -74.04715, 40.690993 ], [ -74.047101, 40.691026 ], [ -74.047043, 40.691049 ], [ -74.046966, 40.691059 ], [ -74.046538, 40.691084 ], [ -74.046489, 40.691087 ], [ -74.04631, 40.691098 ], [ -74.046178, 40.6911 ], [ -74.046166, 40.691107 ], [ -74.046145, 40.691132 ], [ -74.046137, 40.691134 ], [ -74.046115, 40.691134 ], [ -74.045984, 40.691117 ], [ -74.045972, 40.691112 ], [ -74.045428, 40.690903 ], [ -74.045035, 40.690739 ], [ -74.044572, 40.690567 ], [ -74.043875, 40.690187 ], [ -74.043456, 40.689638 ], [ -74.043501, 40.689181 ], [ -74.04362, 40.688769 ], [ -74.043943, 40.688578 ], [ -74.044134, 40.688546 ], [ -74.044351, 40.688517 ], [ -74.044794, 40.688598 ] ] ] } }
]
}
