Block group,Block group code,Population (2020),Housing units (2020),Land area,County,Municipality,Census tract,Census tract code,Longitude,Latitude,Atlas ID
Block Group 1,340155002041,1043,573,0.47,Gloucester County,West Deptford Township,Census Tract 5002.04,34015500204,-75.185766,39.817326,340155002041
Block Group 3,340258093013,734,304,0.17,Monmouth County,Manasquan Borough,Census Tract 8093.01,34025809301,-74.052456,40.119561,340258093013
Block Group 2,340258008002,1392,526,0.36,Monmouth County,Middletown Township,Census Tract 8008,34025800800,-74.091548,40.40996,340258008002
Block Group 1,340170029001,1627,651,0.03,Hudson County,Jersey City,Census Tract 29,34017002900,-74.069963,40.73054,340170029001
Block Group 3,340170029003,1687,687,0.04,Hudson County,Jersey City,Census Tract 29,34017002900,-74.069425,40.726566,340170029003
Block Group 1,340170030001,969,673,0.04,Hudson County,Jersey City,Census Tract 30,34017003000,-74.066153,40.725589,340170030001
Block Group 1,340270409001,2025,761,2.19,Morris County,Boonton Township,Census Tract 409,34027040900,-74.441348,40.917705,340270409001
Block Group 1,340270410001,949,373,0.11,Morris County,Boonton Town,Census Tract 410,34027041000,-74.406863,40.90999,340270410001
Block Group 2,340270410002,1184,587,0.4,Morris County,Boonton Town,Census Tract 410,34027041000,-74.398005,40.909961,340270410002
Block Group 2,340210036012,1535,744,0.31,Mercer County,Ewing Township,Census Tract 36.01,34021003601,-74.790999,40.250505,340210036012
Block Group 1,340210036021,687,315,0.2,Mercer County,Ewing Township,Census Tract 36.02,34021003602,-74.783288,40.259444,340210036021
Block Group 3,340210036023,1491,681,0.3,Mercer County,Ewing Township,Census Tract 36.02,34021003602,-74.784789,40.254842,340210036023
Block Group 1,340210037031,2010,950,0.54,Mercer County,Ewing Township,Census Tract 37.03,34021003703,-74.766155,40.276489,340210037031
Block Group 2,340210037032,1397,570,0.5,Mercer County,Ewing Township,Census Tract 37.03,34021003703,-74.787358,40.270926,340210037032
Block Group 1,340311243211,2433,1178,0.38,Passaic County,Clifton City,Census Tract 1243.21,34031124321,-74.161358,40.870421,340311243211
Block Group 3,340258010003,1395,554,0.65,Monmouth County,Middletown Township,Census Tract 8010,34025801000,-74.101929,40.38354,340258010003
Block Group 6,340258018006,997,380,0.2,Monmouth County,Union Beach Borough,Census Tract 8018,34025801800,-74.172299,40.446129,340258018006
Block Group 1,340350526031,1144,636,0.3,Somerset County,Bernards Township,Census Tract 526.03,34035052603,-74.541153,40.66155,340350526031
Block Group 2,340350528002,1683,590,3.73,Somerset County,Peapack-Gladstone Borough,Census Tract 528,34035052800,-74.651163,40.718344,340350528002
Block Group 2,340350522012,2860,990,4.75,Somerset County,Warren Township,Census Tract 522.01,34035052201,-74.463402,40.653558,340350522012
Block Group 2,340350523002,2512,942,2.83,Somerset County,Watchung Borough,Census Tract 523,34035052300,-74.421463,40.648587,340350523002
Block Group 2,340350507032,1675,796,1.4,Somerset County,Bridgewater Township,Census Tract 507.03,34035050703,-74.616916,40.583846,340350507032
Block Group 3,340312462013,2678,877,0.96,Passaic County,Wayne Township,Census Tract 2462.01,34031246201,-74.251481,40.955396,340312462013
Block Group 1,340312462021,1187,420,0.36,Passaic County,Wayne Township,Census Tract 2462.02,34031246202,-74.248053,40.944098,340312462021
Block Group 1,340410321021,3060,997,3.57,Warren County,Greenwich Township,Census Tract 321.02,34041032102,-75.130592,40.68753,340410321021
Block Group 3,340030423023,830,288,0.84,Bergen County,Paramus Borough,Census Tract 423.02,34003042302,-74.070799,40.962327,340030423023
Block Group 1,340258062011,1259,445,0.46,Monmouth County,West Long Branch Borough,Census Tract 8062.01,34025806201,-74.023186,40.279046,340258062011
Block Group 2,340076020002,1537,728,0.22,Camden County,Camden City,Census Tract 6020,34007602000,-75.101258,39.902604,340076020002
Block Group 4,340076020004,1884,701,0.09,Camden County,Camden City,Census Tract 6020,34007602000,-75.107719,39.90619,340076020004
Block Group 2,340230027012,1754,609,0.26,Middlesex County,Woodbridge Township,Census Tract 27.01,34023002701,-74.286947,40.584951,340230027012
Block Group 1,340230027031,700,260,0.16,Middlesex County,Woodbridge Township,Census Tract 27.03,34023002703,-74.279838,40.582749,340230027031
Block Group 2,340230027032,1038,408,0.13,Middlesex County,Woodbridge Township,Census Tract 27.03,34023002703,-74.283239,40.577186,340230027032
Block Group 3,340230027033,1961,884,0.22,Middlesex County,Woodbridge Township,Census Tract 27.03,34023002703,-74.28477,40.572753,340230027033
Block Group 4,340230027034,2464,1157,0.19,Middlesex County,Woodbridge Township,Census Tract 27.03,34023002703,-74.269805,40.581201,340230027034
Block Group 1,340258018001,1072,396,0.2,Monmouth County,Union Beach Borough,Census Tract 8018,34025801800,-74.181269,40.441842,340258018001
Block Group 6,340210038006,1153,425,3.07,Mercer County,Hopewell Township,Census Tract 38,34021003800,-74.834412,40.321353,340210038006
Block Group 3,340030120013,2482,1215,3.07,Bergen County,East Rutherford Borough,Census Tract 120.01,34003012001,-74.078534,40.812406,340030120013
Block Group 1,340057021011,560,159,0.12,Burlington County,North Hanover Township,Census Tract 7021.01,34005702101,-74.591935,40.051433,340057021011
Block Group 2,340230084032,1336,463,0.46,Middlesex County,South Brunswick Township,Census Tract 84.03,34023008403,-74.58827,40.384186,340230084032
Block Group 1,340297390001,444,592,0.22,Ocean County,Ship Bottom Borough,Census Tract 7390,34029739000,-74.185211,39.647526,340297390001
Block Group 2,340297390002,437,740,0.26,Ocean County,Ship Bottom Borough,Census Tract 7390,34029739000,-74.181994,39.645723,340297390002
Block Group 3,340297390003,583,1516,0.56,Ocean County,Ship Bottom Borough; Surf City Borough,Census Tract 7390,34029739000,-74.169328,39.652008,340297390003
Block Group 3,340258061003,1213,679,0.8,Monmouth County,Long Branch City,Census Tract 8061,34025806100,-73.987898,40.27073,340258061003
Block Group 2,340210045022,515,233,0.28,Mercer County,Princeton,Census Tract 45.02,34021004502,-74.669793,40.345205,340210045022
Block Group 1,340210010001,835,275,0.04,Mercer County,Trenton City,Census Tract 10,34021001000,-74.758482,40.211026,340210010001
Block Group 3,340210010003,1232,458,0.08,Mercer County,Trenton City,Census Tract 10,34021001000,-74.76246,40.20819,340210010003
Block Group 2,340076009002,2230,805,0.5,Camden County,Camden City,Census Tract 6009,34007600900,-75.104202,39.952404,340076009002
Block Group 1,340076010001,1679,624,0.23,Camden County,Camden City,Census Tract 6010,34007601000,-75.090822,39.964056,340076010001
Block Group 4,340076072004,1009,396,0.17,Camden County,Runnemede Borough,Census Tract 6072,34007607200,-75.067588,39.849303,340076072004
Block Group 2,340076073002,807,360,0.24,Camden County,Magnolia Borough,Census Tract 6073,34007607300,-75.02968,39.858749,340076073002
Block Group 1,340076074011,1284,578,0.25,Camden County,Somerdale Borough,Census Tract 6074.01,34007607401,-75.026593,39.846237,340076074011
Block Group 2,340258065032,2396,1044,1.01,Monmouth County,Ocean Township,Census Tract 8065.03,34025806503,-74.060667,40.23923,340258065032
Block Group 2,340258065042,1825,764,1.05,Monmouth County,Ocean Township,Census Tract 8065.04,34025806504,-74.044519,40.237389,340258065042
Block Group 2,340297224022,1232,642,0.37,Ocean County,Toms River Township,Census Tract 7224.02,34029722402,-74.143576,40.000739,340297224022
Block Group 3,340210030093,1459,848,0.52,Mercer County,Hamilton Township,Census Tract 30.09,34021003009,-74.68844,40.215091,340210030093
Block Group 3,340210031003,914,387,0.36,Mercer County,Lawrence Township,Census Tract 31,34021003100,-74.726542,40.249532,340210031003
Block Group 3,340030022003,941,320,0.13,Bergen County,Northvale Borough,Census Tract 22,34003002200,-73.950207,41.005028,340030022003
Block Group 4,340030022004,1627,552,0.36,Bergen County,Northvale Borough,Census Tract 22,34003002200,-73.957645,41.016309,340030022004
Block Group 1,340030022001,1245,429,0.27,Bergen County,Northvale Borough,Census Tract 22,34003002200,-73.950184,41.013211,340030022001
Block Group 2,340030022002,1355,480,1.51,Bergen County,Northvale Borough; Rockleigh Borough,Census Tract 22,34003002200,-73.935508,41.004378,340030022002
Block Group 1,340076082101,1341,434,0.42,Camden County,Gloucester Township,Census Tract 6082.10,34007608210,-75.046065,39.797801,340076082101
Block Group 3,340076092013,1743,605,0.69,Camden County,Winslow Township,Census Tract 6092.01,34007609201,-75.000826,39.729907,340076092013
Block Group 3,340297154013,2465,458,0.59,Ocean County,Lakewood Township,Census Tract 7154.01,34029715401,-74.227353,40.103434,340297154013
Block Group 3,340297175013,1467,711,0.31,Ocean County,Jackson Township,Census Tract 7175.01,34029717501,-74.281688,40.120749,340297175013
Block Group 1,340297340031,1041,407,6.1,Ocean County,Barnegat Township; Harvey Cedars Borough,Census Tract 7340.03,34029734003,-74.190462,39.729196,340297340031
Block Group 2,340297153012,2737,534,0.16,Ocean County,Lakewood Township,Census Tract 7153.01,34029715301,-74.207698,40.102613,340297153012
Block Group 2,340130072002,2258,804,0.05,Essex County,Newark City,Census Tract 72,34013007200,-74.1527,40.723034,340130072002
Block Group 4,340030372034,875,282,0.16,Bergen County,New Milford Borough,Census Tract 372.03,34003037203,-74.021999,40.918109,340030372034
Block Group 1,340030181011,1655,497,0.04,Bergen County,Fairview Borough,Census Tract 181.01,34003018101,-73.996537,40.814461,340030181011
Block Group 2,340030546012,1150,414,0.09,Bergen County,Teaneck Township,Census Tract 546.01,34003054601,-74.018172,40.873116,340030546012
Block Group 2,340030302012,1603,674,0.06,Bergen County,Lodi Borough,Census Tract 302.01,34003030201,-74.091243,40.876593,340030302012
Block Group 2,340230014142,1155,361,0.55,Middlesex County,Edison Township,Census Tract 14.14,34023001414,-74.391568,40.555665,340230014142
Block Group 3,340230085023,1992,648,0.85,Middlesex County,South Brunswick Township,Census Tract 85.02,34023008502,-74.506173,40.360295,340230085023
Block Group 2,340230079132,1333,426,0.29,Middlesex County,Old Bridge Township,Census Tract 79.13,34023007913,-74.298693,40.380894,340230079132
Block Group 3,340230082113,2550,751,1.47,Middlesex County,Monroe Township,Census Tract 82.11,34023008211,-74.396878,40.36862,340230082113
Block Group 2,340090218052,1107,557,0.74,Cape May County,Lower Township,Census Tract 218.05,34009021805,-74.939416,38.995243,340090218052
Block Group 2,340090210022,941,395,7.83,Cape May County,Middle Township,Census Tract 210.02,34009021002,-74.840531,39.127239,340090210022
Block Group 4,340090214004,602,834,0.11,Cape May County,Wildwood City,Census Tract 214,34009021400,-74.810839,38.992845,340090214004
Block Group 6,340311165006,1372,550,4.32,Passaic County,Bloomingdale Borough,Census Tract 1165,34031116500,-74.333684,41.036728,340311165006
Block Group 6,340311250006,1413,464,0.04,Passaic County,Clifton City,Census Tract 1250,34031125000,-74.129412,40.874258,340311250006
Block Group 1,340297159021,1838,642,0.29,Ocean County,Lakewood Township,Census Tract 7159.02,34029715902,-74.19156,40.040793,340297159021
Block Group 2,340297160002,2504,1661,1.34,Ocean County,Lakewood Township,Census Tract 7160,34029716000,-74.167698,40.041975,340297160002
Block Group 3,340170140003,1414,534,0.03,Hudson County,North Bergen Township,Census Tract 140,34017014000,-74.006117,40.806881,340170140003
Block Group 1,340312568031,2150,1015,2.99,Passaic County,West Milford Township,Census Tract 2568.03,34031256803,-74.389122,41.124946,340312568031
Block Group 1,340258053001,935,342,0.26,Monmouth County,Oceanport Borough,Census Tract 8053,34025805300,-74.033509,40.304177,340258053001
Block Group 2,340258053002,1463,519,0.55,Monmouth County,Oceanport Borough,Census Tract 8053,34025805300,-74.006588,40.316059,340258053002
Block Group 3,340258053003,747,277,0.21,Monmouth County,Oceanport Borough,Census Tract 8053,34025805300,-74.021281,40.319405,340258053003
Block Group 2,340010127012,656,300,0.39,Atlantic County,Somers Point City,Census Tract 127.01,34001012701,-74.616973,39.328034,340010127012
Block Group 2,340110304022,1530,626,8.84,Cumberland County,Millville City,Census Tract 304.02,34011030402,-75.104064,39.421066,340110304022
Block Group 1,340110410011,2437,1015,21.12,Cumberland County,Vineland City,Census Tract 410.01,34011041001,-74.955161,39.431763,340110410011
Block Group 4,340110302004,852,343,0.12,Cumberland County,Millville City,Census Tract 302,34011030200,-75.033926,39.404403,340110302004
Block Group 1,340110407011,1939,841,0.8,Cumberland County,Vineland City,Census Tract 407.01,34011040701,-74.980358,39.470661,340110407011
Block Group 1,340110104011,1741,720,3.98,Cumberland County,Fairfield Township,Census Tract 104.01,34011010401,-75.19062,39.418825,340110104011
Block Group 1,340110203021,1875,494,0.08,Cumberland County,Bridgeton City,Census Tract 203.02,34011020302,-75.227914,39.430811,340110203021
Block Group 1,340030035001,1163,363,0.38,Bergen County,Bergenfield Borough,Census Tract 35,34003003500,-73.987694,40.917722,340030035001
Block Group 3,340258077003,634,268,0.38,Monmouth County,Neptune Township,Census Tract 8077,34025807700,-74.040227,40.212978,340258077003
Block Group 2,340030035002,1877,790,0.07,Bergen County,Bergenfield Borough,Census Tract 35,34003003500,-73.994502,40.913128,340030035002
Block Group 3,340030035003,1130,360,0.1,Bergen County,Bergenfield Borough,Census Tract 35,34003003500,-73.993423,40.918909,340030035003
Block Group 1,340076092061,2603,845,0.9,Camden County,Winslow Township,Census Tract 6092.06,34007609206,-74.988814,39.740985,340076092061
Block Group 2,340076103002,1661,617,0.13,Camden County,Camden City,Census Tract 6103,34007610300,-75.123582,39.948823,340076103002
Block Group 4,340373739004,1037,452,1.44,Sussex County,Stillwater Township,Census Tract 3739,34037373900,-74.832287,41.055696,340373739004
Block Group 2,340110410022,1367,493,5.14,Cumberland County,Vineland City,Census Tract 410.02,34011041002,-75.05785,39.467021,340110410022
Block Group 2,340110107012,747,253,10.04,Cumberland County,Upper Deerfield Township,Census Tract 107.01,34011010701,-75.22911,39.523322,340110107012
Block Group 1,340110101011,1557,717,19.98,Cumberland County,Maurice River Township,Census Tract 101.01,34011010101,-74.998003,39.232672,340110101011
Block Group 1,340110205031,2128,770,0.75,Cumberland County,Bridgeton City,Census Tract 205.03,34011020503,-75.228246,39.415601,340110205031
Block Group 2,340110107022,1618,613,6.07,Cumberland County,Upper Deerfield Township,Census Tract 107.02,34011010702,-75.231451,39.483126,340110107022
Block Group 1,340110107021,1816,767,5.05,Cumberland County,Upper Deerfield Township,Census Tract 107.02,34011010702,-75.187473,39.447572,340110107021
Block Group 2,340076035032,2889,989,0.86,Camden County,Cherry Hill Township,Census Tract 6035.03,34007603503,-74.978862,39.874574,340076035032
Block Group 1,340110406021,2069,716,0.25,Cumberland County,Vineland City,Census Tract 406.02,34011040602,-75.012838,39.474811,340110406021
Block Group 3,340110408003,1312,446,0.81,Cumberland County,Vineland City,Census Tract 408,34011040800,-74.962857,39.447925,340110408003
Block Group 2,340110407022,2092,742,1.86,Cumberland County,Vineland City,Census Tract 407.02,34011040702,-74.982973,39.491814,340110407022
Block Group 3,340110403003,1212,485,0.2,Cumberland County,Vineland City,Census Tract 403,34011040300,-75.011334,39.481925,340110403003
Block Group 1,340030034021,1021,308,0.13,Bergen County,Bergenfield Borough,Census Tract 34.02,34003003402,-74.006602,40.919098,340030034021
Block Group 2,340030034022,876,255,0.11,Bergen County,Bergenfield Borough,Census Tract 34.02,34003003402,-74.002449,40.91699,340030034022
Block Group 3,340030034023,2000,514,0.16,Bergen County,Bergenfield Borough,Census Tract 34.02,34003003402,-74.007025,40.911537,340030034023
Block Group 2,340030034012,1713,495,0.16,Bergen County,Bergenfield Borough,Census Tract 34.01,34003003401,-74.012874,40.914734,340030034012
Block Group 1,340230077021,2574,1196,4.59,Middlesex County,Old Bridge Township,Census Tract 77.02,34023007702,-74.335309,40.374336,340230077021
Block Group 4,340350507044,2266,1109,0.24,Somerset County,Bridgewater Township,Census Tract 507.04,34035050704,-74.66835,40.580199,340350507044
Block Group 1,340030102001,889,355,0.11,Bergen County,Dumont Borough,Census Tract 102,34003010200,-73.992039,40.94255,340030102001
Block Group 6,340030103006,792,267,0.07,Bergen County,Dumont Borough,Census Tract 103,34003010300,-74.006609,40.944601,340030103006
Block Group 1,340030191021,1886,904,0.09,Bergen County,Fort Lee Borough,Census Tract 191.02,34003019102,-73.960205,40.862379,340030191021
Block Group 3,340030251003,705,269,0.07,Bergen County,Hasbrouck Heights Borough,Census Tract 251,34003025100,-74.06933,40.867201,340030251003
Block Group 2,340057025002,2091,697,0.58,Burlington County,Eastampton Township,Census Tract 7025,34005702500,-74.754784,39.997354,340057025002
Block Group 7,340090216007,162,464,0.06,Cape May County,Wildwood Crest Borough,Census Tract 216,34009021600,-74.843388,38.965893,340090216007
Block Group 1,340090214001,554,825,0.11,Cape May County,Wildwood City,Census Tract 214,34009021400,-74.816859,38.987745,340090214001
Block Group 2,340076063002,1050,388,0.37,Camden County,Haddonfield Borough,Census Tract 6063,34007606300,-75.028975,39.886638,340076063002
Block Group 1,340076064001,1344,415,0.3,Camden County,Haddonfield Borough,Census Tract 6064,34007606400,-75.044341,39.888663,340076064001
Block Group 1,340230094001,1979,720,0.75,Middlesex County,East Brunswick Township,Census Tract 94,34023009400,-74.421837,40.460384,340230094001
Block Group 1,340076067001,626,273,0.1,Camden County,Barrington Borough,Census Tract 6067,34007606700,-75.053068,39.87222,340076067001
Block Group 2,340057003032,1392,587,0.93,Burlington County,Cinnaminson Township,Census Tract 7003.03,34005700303,-74.998463,40.001258,340057003032
Block Group 2,340210044062,1655,781,1.68,Mercer County,East Windsor Township,Census Tract 44.06,34021004406,-74.557806,40.286039,340210044062
Block Group 2,340210044092,814,285,4.93,Mercer County,East Windsor Township,Census Tract 44.09,34021004409,-74.502145,40.248748,340210044092
Block Group 3,340210039053,1485,598,9.95,Mercer County,Hopewell Township,Census Tract 39.05,34021003905,-74.779885,40.365118,340210039053
Block Group 2,340210033032,1984,950,0.37,Mercer County,Lawrence Township,Census Tract 33.03,34021003303,-74.677022,40.282277,340210033032
Block Group 3,340210043143,745,292,1.95,Mercer County,West Windsor Township,Census Tract 43.14,34021004314,-74.633283,40.327608,340210043143
Block Group 2,340130054002,2544,934,0.08,Essex County,Newark City,Census Tract 54,34013005400,-74.204495,40.719198,340130054002
Block Group 3,340130138003,1141,498,0.12,Essex County,Nutley Township,Census Tract 138,34013013800,-74.168195,40.819052,340130138003
Block Group 1,340130139001,1273,491,0.11,Essex County,Nutley Township,Census Tract 139,34013013900,-74.16723,40.814793,340130139001
Block Group 2,340130139002,1173,499,0.14,Essex County,Nutley Township,Census Tract 139,34013013900,-74.169523,40.81163,340130139002
Block Group 3,340130139003,970,359,0.15,Essex County,Nutley Township,Census Tract 139,34013013900,-74.177895,40.813234,340130139003
Block Group 4,340130142004,1462,560,0.11,Essex County,Belleville Township,Census Tract 142,34013014200,-74.158759,40.798303,340130142004
Block Group 1,340130143001,1658,611,0.13,Essex County,Belleville Township,Census Tract 143,34013014300,-74.149673,40.804063,340130143001
Block Group 2,340390307012,725,240,0.06,Union County,Elizabeth City,Census Tract 307.01,34039030701,-74.225008,40.651517,340390307012
Block Group 1,340057028051,2149,782,0.37,Burlington County,Willingboro Township,Census Tract 7028.05,34005702805,-74.889929,40.022031,340057028051
Block Group 1,340130151001,1792,711,0.13,Essex County,Bloomfield Township,Census Tract 151,34013015100,-74.189284,40.81398,340130151001
Block Group 2,340210039022,1172,522,0.43,Mercer County,Hopewell Borough,Census Tract 39.02,34021003902,-74.766012,40.387851,340210039022
Block Group 1,340210022001,931,295,0.04,Mercer County,Trenton City,Census Tract 22,34021002200,-74.737915,40.224981,340210022001
Block Group 2,340210002002,980,284,0.03,Mercer County,Trenton City,Census Tract 2,34021000200,-74.749037,40.203704,340210002002
Block Group 2,340076046002,1061,566,0.14,Camden County,Oaklyn Borough,Census Tract 6046,34007604600,-75.078465,39.901367,340076046002
Block Group 1,340076047001,1073,468,0.17,Camden County,Oaklyn Borough,Census Tract 6047,34007604700,-75.087751,39.903472,340076047001
Block Group 2,340076047002,766,329,0.15,Camden County,Oaklyn Borough,Census Tract 6047,34007604700,-75.079824,39.897778,340076047002
Block Group 2,340258032012,1871,889,0.94,Monmouth County,Holmdel Township,Census Tract 8032.01,34025803201,-74.154947,40.412449,340258032012
Block Group 1,340258032021,1377,447,1.07,Monmouth County,Holmdel Township,Census Tract 8032.02,34025803202,-74.166468,40.40496,340258032021
Block Group 3,340210002003,1000,329,0.03,Mercer County,Trenton City,Census Tract 2,34021000200,-74.745811,40.201767,340210002003
Block Group 3,340210030073,1253,501,0.25,Mercer County,Hamilton Township,Census Tract 30.07,34021003007,-74.655537,40.230836,340210030073
Block Group 1,340210030081,2814,1090,1.01,Mercer County,Hamilton Township,Census Tract 30.08,34021003008,-74.673167,40.223751,340210030081
Block Group 3,340210017003,952,383,0.09,Mercer County,Trenton City,Census Tract 17,34021001700,-74.756417,40.236195,340210017003
Block Group 3,340210021003,1657,922,0.08,Mercer County,Trenton City,Census Tract 21,34021002100,-74.75203,40.218178,340210021003
Block Group 5,340030102005,770,374,0.04,Bergen County,Dumont Borough,Census Tract 102,34003010200,-73.991148,40.937565,340030102005
Block Group 1,340030103001,917,319,0.12,Bergen County,Dumont Borough,Census Tract 103,34003010300,-73.989567,40.952072,340030103001
Block Group 1,340090218051,2045,1001,1.03,Cape May County,Lower Township,Census Tract 218.05,34009021805,-74.931902,38.984621,340090218051
Block Group 2,340030103002,1252,432,0.14,Bergen County,Dumont Borough,Census Tract 103,34003010300,-73.9932,40.949533,340030103002
Block Group 4,340030103004,990,338,0.09,Bergen County,Dumont Borough,Census Tract 103,34003010300,-73.999156,40.947172,340030103004
Block Group 5,340030103005,907,297,0.09,Bergen County,Dumont Borough,Census Tract 103,34003010300,-74.001227,40.942744,340030103005
Block Group 7,340030103007,1471,618,0.18,Bergen County,Dumont Borough,Census Tract 103,34003010300,-74.006922,40.93979,340030103007
Block Group 2,340230085052,1650,488,0.82,Middlesex County,South Brunswick Township,Census Tract 85.05,34023008505,-74.513486,40.389171,340230085052
Block Group 1,340230085061,2140,716,0.76,Middlesex County,South Brunswick Township,Census Tract 85.06,34023008506,-74.537721,40.37913,340230085061
Block Group 2,340230068002,1559,547,0.25,Middlesex County,South River Borough,Census Tract 68,34023006800,-74.39001,40.450742,340230068002
Block Group 3,340230068003,725,270,0.08,Middlesex County,South River Borough,Census Tract 68,34023006800,-74.390353,40.443912,340230068003
Block Group 4,340230014184,1039,329,0.18,Middlesex County,Edison Township,Census Tract 14.18,34023001418,-74.344147,40.559528,340230014184
Block Group 4,340230065004,2776,887,0.95,Middlesex County,East Brunswick Township,Census Tract 65,34023006500,-74.416177,40.427824,340230065004
Block Group 4,340258077004,891,394,0.23,Monmouth County,Neptune Township,Census Tract 8077,34025807700,-74.032404,40.21386,340258077004
Block Group 5,340258053005,1248,465,0.45,Monmouth County,Oceanport Borough,Census Tract 8053,34025805300,-74.007722,40.327165,340258053005
Block Group 2,340057004012,1282,485,0.34,Burlington County,Maple Shade Township,Census Tract 7004.01,34005700401,-75.005423,39.965773,340057004012
Block Group 1,340390329021,2562,1014,0.35,Union County,Union Township,Census Tract 329.02,34039032902,-74.298924,40.704262,340390329021
Block Group 3,340170027003,1237,384,0.02,Hudson County,Jersey City,Census Tract 27,34017002700,-74.082717,40.730367,340170027003
Block Group 1,340010127011,1154,538,0.32,Atlantic County,Somers Point City,Census Tract 127.01,34001012701,-74.601847,39.327133,340010127011
Block Group 5,340312641025,1517,600,0.56,Passaic County,Little Falls Township; Woodland Park Borough,Census Tract 2641.02,34031264102,-74.208848,40.885108,340312641025
Block Group 3,340270422003,833,279,0.28,Morris County,Hanover Township,Census Tract 422,34027042200,-74.466316,40.828032,340270422003
Block Group 2,340270423012,1445,508,0.36,Morris County,Morris Plains Borough,Census Tract 423.01,34027042301,-74.49005,40.827966,340270423012
Block Group 1,340030114001,1386,496,0.13,Bergen County,Elmwood Park Borough,Census Tract 114,34003011400,-74.115272,40.91051,340030114001
Block Group 2,340230086062,1653,912,0.21,Middlesex County,Plainsboro Township,Census Tract 86.06,34023008606,-74.567157,40.332509,340230086062
Block Group 1,340110101031,3034,0,1.67,Cumberland County,Maurice River Township,Census Tract 101.03,34011010103,-74.950984,39.238723,340110101031
Block Group 1,340110104021,1054,1,0.42,Cumberland County,Fairfield Township,Census Tract 104.02,34011010402,-75.161226,39.384532,340110104021
Block Group 1,340110201001,1183,420,0.2,Cumberland County,Bridgeton City,Census Tract 201,34011020100,-75.233983,39.4288,340110201001
Block Group 1,340110301001,921,523,0.2,Cumberland County,Millville City,Census Tract 301,34011030100,-75.039465,39.407283,340110301001
Block Group 4,340130122004,839,298,0.03,Essex County,Irvington Township,Census Tract 122,34013012200,-74.244791,40.726946,340130122004
Block Group 1,340130123001,1535,624,0.05,Essex County,Irvington Township,Census Tract 123,34013012300,-74.231163,40.734552,340130123001
Block Group 1,340230086021,1110,622,0.06,Middlesex County,Plainsboro Township,Census Tract 86.02,34023008602,-74.555111,40.326641,340230086021
Block Group 2,340130123002,1694,731,0.09,Essex County,Irvington Township,Census Tract 123,34013012300,-74.232934,40.730752,340130123002
Block Group 4,340130123004,814,288,0.06,Essex County,Irvington Township,Census Tract 123,34013012300,-74.23915,40.73163,340130123004
Block Group 1,340130126001,648,260,0.03,Essex County,Irvington Township,Census Tract 126,34013012600,-74.217933,40.738903,340130126001
Block Group 2,340130126002,958,465,0.04,Essex County,Irvington Township,Census Tract 126,34013012600,-74.220262,40.735772,340130126002
Block Group 4,340130126004,718,316,0.04,Essex County,Irvington Township,Census Tract 126,34013012600,-74.224264,40.731181,340130126004
Block Group 1,340230085041,1866,823,1.83,Middlesex County,South Brunswick Township,Census Tract 85.04,34023008504,-74.605693,40.370772,340230085041
Block Group 1,340230086011,1477,725,0.44,Middlesex County,Plainsboro Township,Census Tract 86.01,34023008601,-74.62302,40.347767,340230086011
Block Group 1,340130127001,1449,542,0.13,Essex County,Irvington Township,Census Tract 127,34013012700,-74.231648,40.711512,340130127001
Block Group 2,340130127002,1149,495,0.05,Essex County,Irvington Township,Census Tract 127,34013012700,-74.240539,40.711064,340130127002
Block Group 3,340130127003,1662,626,0.07,Essex County,Irvington Township,Census Tract 127,34013012700,-74.237706,40.713201,340130127003
Block Group 1,340130128001,924,351,0.1,Essex County,Irvington Township,Census Tract 128,34013012800,-74.227537,40.715362,340130128001
Block Group 2,340130128002,777,325,0.04,Essex County,Irvington Township,Census Tract 128,34013012800,-74.232796,40.715573,340130128002
Block Group 3,340130128003,1093,393,0.05,Essex County,Irvington Township,Census Tract 128,34013012800,-74.234116,40.717542,340130128003
Block Group 4,340130128004,894,362,0.05,Essex County,Irvington Township,Census Tract 128,34013012800,-74.232504,40.719776,340130128004
Block Group 2,340090214002,506,596,0.06,Cape May County,Wildwood City,Census Tract 214,34009021400,-74.823867,38.983395,340090214002
Block Group 3,340230004033,2014,809,0.18,Middlesex County,Piscataway Township,Census Tract 4.03,34023000403,-74.485779,40.562502,340230004033
Block Group 2,340230001022,1897,689,0.27,Middlesex County,Middlesex Borough,Census Tract 1.02,34023000102,-74.508386,40.568411,340230001022
Block Group 1,340230073061,1947,735,0.44,Middlesex County,Sayreville Borough,Census Tract 73.06,34023007306,-74.276465,40.451983,340230073061
Block Group 3,340076075053,1764,627,1.18,Camden County,Voorhees Township,Census Tract 6075.05,34007607505,-74.940152,39.824664,340076075053
Block Group 2,340297133002,1587,801,0.4,Ocean County,Brick Township,Census Tract 7133,34029713300,-74.126139,40.080336,340297133002
Block Group 1,340297134011,2225,961,0.31,Ocean County,Brick Township,Census Tract 7134.01,34029713401,-74.138266,40.107659,340297134011
Block Group 1,340076076001,845,324,1.47,Camden County,Gibbsboro Borough,Census Tract 6076,34007607600,-74.959669,39.830559,340076076001
Block Group 2,340076076002,1344,501,0.68,Camden County,Gibbsboro Borough,Census Tract 6076,34007607600,-74.973559,39.837217,340076076002
Block Group 4,340057038014,1712,581,1.71,Burlington County,Medford Township,Census Tract 7038.01,34005703801,-74.801359,39.842815,340057038014
Block Group 3,340057038013,1170,367,2.49,Burlington County,Medford Township,Census Tract 7038.01,34005703801,-74.774339,39.844934,340057038013
Block Group 2,340057032022,720,258,5.19,Burlington County,Southampton Township,Census Tract 7032.02,34005703202,-74.760301,39.882237,340057032022
Block Group 1,340076115001,1407,693,7.06,Camden County,Winslow Township,Census Tract 6115,34007611500,-74.830354,39.68588,340076115001
Block Group 2,340057006052,1911,625,0.41,Burlington County,Delran Township,Census Tract 7006.05,34005700605,-74.957991,40.007295,340057006052
Block Group 2,340057040052,2388,958,0.75,Burlington County,Evesham Township,Census Tract 7040.05,34005704005,-74.942748,39.901239,340057040052
Block Group 3,340057030003,2113,823,2.42,Burlington County,Hainesport Township,Census Tract 7030,34005703000,-74.826683,39.989406,340057030003
Block Group 1,340057029061,1030,283,1.79,Burlington County,Mount Laurel Township,Census Tract 7029.06,34005702906,-74.956168,39.937776,340057029061
Block Group 1,340057006031,1477,577,0.43,Burlington County,Delran Township,Census Tract 7006.03,34005700603,-74.972662,40.032458,340057006031
Block Group 1,340110204001,1318,434,0.71,Cumberland County,Bridgeton City,Census Tract 204,34011020400,-75.218135,39.447488,340110204001
Block Group 1,340258005001,995,426,0.29,Monmouth County,Middletown Township,Census Tract 8005,34025800500,-74.088794,40.434915,340258005001
Block Group 4,340258005004,822,303,0.21,Monmouth County,Middletown Township,Census Tract 8005,34025800500,-74.09947,40.426889,340258005004
Block Group 2,340076029022,1818,744,0.27,Camden County,Pennsauken Township,Census Tract 6029.02,34007602902,-75.035901,39.958318,340076029022
Block Group 1,340076030011,677,241,0.13,Camden County,Pennsauken Township,Census Tract 6030.01,34007603001,-75.046987,39.961913,340076030011
Block Group 2,340076030012,1027,409,0.18,Camden County,Pennsauken Township,Census Tract 6030.01,34007603001,-75.041978,39.954846,340076030012
Block Group 2,340170073002,3071,1826,0.21,Hudson County,Jersey City,Census Tract 73,34017007300,-74.04794,40.713221,340170073002
Block Group 3,340170074003,1574,1188,0.02,Hudson County,Jersey City,Census Tract 74,34017007400,-74.035017,40.715725,340170074003
Block Group 2,340170076022,3518,1972,0.09,Hudson County,Jersey City,Census Tract 76.02,34017007602,-74.02997,40.719929,340170076022
Block Group 1,340170076011,3505,1858,0.02,Hudson County,Jersey City,Census Tract 76.01,34017007601,-74.037641,40.719819,340170076011
Block Group 2,340170076012,1620,1081,0.04,Hudson County,Jersey City,Census Tract 76.01,34017007601,-74.038429,40.723406,340170076012
Block Group 1,340170077031,1815,1222,0.01,Hudson County,Jersey City,Census Tract 77.03,34017007703,-74.033697,40.730158,340170077031
Block Group 3,340170106023,1799,723,0.05,Hudson County,Bayonne City,Census Tract 106.02,34017010602,-74.120941,40.668149,340170106023
Block Group 2,340170110002,1157,549,0.05,Hudson County,Bayonne City,Census Tract 110,34017011000,-74.119743,40.664123,340170110002
Block Group 2,340170107022,627,268,0.02,Hudson County,Bayonne City,Census Tract 107.02,34017010702,-74.115014,40.665823,340170107022
Block Group 3,340030061013,1302,587,0.04,Bergen County,Cliffside Park Borough,Census Tract 61.01,34003006101,-73.988474,40.829868,340030061013
Block Group 1,340030063021,636,255,0.04,Bergen County,Cliffside Park Borough,Census Tract 63.02,34003006302,-73.987635,40.817019,340030063021
Block Group 2,340030063012,1514,560,0.04,Bergen County,Cliffside Park Borough,Census Tract 63.01,34003006301,-73.992959,40.813644,340030063012
Block Group 3,340350517003,1476,423,0.09,Somerset County,North Plainfield Borough,Census Tract 517,34035051700,-74.429773,40.624185,340350517003
Block Group 1,340239802001,4592,70,0.81,Middlesex County,Piscataway Township,Census Tract 9802,34023980200,-74.456833,40.520705,340239802001
Block Group 1,340270418011,1198,430,0.23,Morris County,Parsippany-Troy Hills Township,Census Tract 418.01,34027041801,-74.432568,40.86243,340270418011
Block Group 1,340258013001,1206,389,0.82,Monmouth County,Middletown Township,Census Tract 8013,34025801300,-74.101781,40.364739,340258013001
Block Group 3,340258013003,942,342,0.33,Monmouth County,Middletown Township,Census Tract 8013,34025801300,-74.089526,40.34868,340258013003
Block Group 1,340057029131,870,509,0.08,Burlington County,Mount Laurel Township,Census Tract 7029.13,34005702913,-74.882261,39.975442,340057029131
Block Group 1,340270435001,1622,447,0.2,Morris County,Morristown Town,Census Tract 435,34027043500,-74.475985,40.807352,340270435001
Block Group 2,340270435002,1208,457,0.1,Morris County,Morristown Town,Census Tract 435,34027043500,-74.474536,40.801775,340270435002
Block Group 1,340270437001,1295,613,0.38,Morris County,Morristown Town,Census Tract 437,34027043700,-74.471289,40.784979,340270437001
Block Group 1,340297311031,4844,1557,5.25,Ocean County,Berkeley Township,Census Tract 7311.03,34029731103,-74.19257,39.899904,340297311031
Block Group 2,340270437002,836,382,0.27,Morris County,Morristown Town,Census Tract 437,34027043700,-74.475693,40.7871,340270437002
Block Group 5,340270402005,675,247,0.17,Morris County,Pequannock Township,Census Tract 402,34027040200,-74.294383,40.955044,340270402005
Block Group 6,340270402006,1094,405,0.34,Morris County,Pequannock Township,Census Tract 402,34027040200,-74.296269,40.962777,340270402006
Block Group 7,340270402007,1274,440,0.28,Morris County,Pequannock Township,Census Tract 402,34027040200,-74.29999,40.974121,340270402007
Block Group 1,340270404001,1563,706,0.54,Morris County,Riverdale Borough,Census Tract 404,34027040400,-74.299194,40.993111,340270404001
Block Group 2,340170187012,947,486,0.03,Hudson County,Hoboken City,Census Tract 187.01,34017018701,-74.028758,40.742269,340170187012
Block Group 3,340170200003,1416,540,0.1,Hudson County,Secaucus Town,Census Tract 200,34017020000,-74.066261,40.791488,340170200003
Block Group 1,340076035041,2688,1000,0.94,Camden County,Cherry Hill Township,Census Tract 6035.04,34007603504,-74.991787,39.872299,340076035041
Block Group 1,340297180001,1247,502,1.71,Ocean County,Plumsted Township,Census Tract 7180,34029718000,-74.538728,40.067383,340297180001
Block Group 3,340030612003,1030,380,0.46,Bergen County,Wyckoff Township,Census Tract 612,34003061200,-74.180263,41.011588,340030612003
Block Group 1,340030613001,2193,642,0.81,Bergen County,Wyckoff Township,Census Tract 613,34003061300,-74.181244,40.98452,340030613001
Block Group 2,340230082132,1402,448,7.55,Middlesex County,Monroe Township,Census Tract 82.13,34023008213,-74.415563,40.290653,340230082132
Block Group 4,340230082144,3307,1155,1.87,Middlesex County,Monroe Township,Census Tract 82.14,34023008214,-74.463019,40.259288,340230082144
Block Group 5,340390377005,836,257,0.51,Union County,Summit City,Census Tract 377,34039037700,-74.357807,40.730333,340390377005
Block Group 3,340130218023,849,328,1.04,Essex County,West Caldwell Township,Census Tract 218.02,34013021802,-74.298346,40.859137,340130218023
Block Group 2,340090216002,679,1040,0.23,Cape May County,Wildwood Crest Borough,Census Tract 216,34009021600,-74.849989,38.964206,340090216002
Block Group 1,340090217011,1356,589,1.9,Cape May County,Lower Township,Census Tract 217.01,34009021701,-74.895666,39.002715,340090217011
Block Group 2,340090217022,1431,628,1.81,Cape May County,Lower Township,Census Tract 217.02,34009021702,-74.888976,38.993108,340090217022
Block Group 2,340210011012,818,427,0.19,Mercer County,Trenton City,Census Tract 11.01,34021001101,-74.77415,40.220868,340210011012
Block Group 3,340210012003,1343,594,0.28,Mercer County,Trenton City,Census Tract 12,34021001200,-74.804284,40.234808,340210012003
Block Group 4,340297224014,1377,866,0.27,Ocean County,Toms River Township,Census Tract 7224.01,34029722401,-74.112551,40.00955,340297224014
Block Group 0,340297225000,0,0,0,Ocean County,Toms River Township,Census Tract 7225,34029722500,-74.09098,39.990995,340297225000
Block Group 2,340390394002,2165,563,0.26,Union County,Plainfield City,Census Tract 394,34039039400,-74.44211,40.608316,340390394002
Block Group 3,340390394003,1543,471,0.27,Union County,Plainfield City,Census Tract 394,34039039400,-74.454934,40.600138,340390394003
Block Group 2,340350539042,2328,750,2.63,Somerset County,Montgomery Township,Census Tract 539.04,34035053904,-74.646136,40.442682,340350539042
Block Group 2,340090219002,868,564,2.02,Cape May County,Lower Township; West Cape May Borough,Census Tract 219,34009021900,-74.918539,38.952202,340090219002
Block Group 1,340311165001,1811,699,1,Passaic County,Bloomingdale Borough,Census Tract 1165,34031116500,-74.316279,41.022657,340311165001
Block Group 2,340311165002,976,363,1.18,Passaic County,Bloomingdale Borough,Census Tract 1165,34031116500,-74.312613,41.008734,340311165002
Block Group 3,340311165003,959,522,0.18,Passaic County,Bloomingdale Borough,Census Tract 1165,34031116500,-74.330507,41.004614,340311165003
Block Group 4,340057010014,1561,740,0.76,Burlington County,Edgewater Park Township,Census Tract 7010.01,34005701001,-74.916767,40.049857,340057010014
Block Group 2,340057040162,2522,876,0.67,Burlington County,Evesham Township,Census Tract 7040.16,34005704016,-74.896098,39.90671,340057040162
Block Group 2,340270445042,1884,809,0.78,Morris County,Rockaway Township,Census Tract 445.04,34027044504,-74.550699,40.902876,340270445042
Block Group 3,340270417013,1286,473,0.14,Morris County,Parsippany-Troy Hills Township,Census Tract 417.01,34027041701,-74.389012,40.884263,340270417013
Block Group 4,340270417014,1670,798,0.06,Morris County,Parsippany-Troy Hills Township,Census Tract 417.01,34027041701,-74.381661,40.888748,340270417014
Block Group 2,340350524002,1748,589,1.33,Somerset County,Bernards Township,Census Tract 524,34035052400,-74.554905,40.695948,340350524002
Block Group 3,340350542013,1690,786,0.57,Somerset County,Montgomery Township,Census Tract 542.01,34035054201,-74.633395,40.39175,340350542013
Block Group 2,340350529062,963,539,0.11,Somerset County,Bedminster Township,Census Tract 529.06,34035052906,-74.633219,40.650157,340350529062
Block Group 1,340297361051,810,744,0.22,Ocean County,Little Egg Harbor Township,Census Tract 7361.05,34029736105,-74.384182,39.565653,340297361051
Block Group 3,340030114003,1733,741,0.3,Bergen County,Elmwood Park Borough,Census Tract 114,34003011400,-74.112865,40.904134,340030114003
Block Group 2,340270439002,1266,901,0.21,Morris County,Chatham Township,Census Tract 439,34027043900,-74.396744,40.719448,340270439002
Block Group 3,340270437003,1090,615,0.19,Morris County,Morristown Town,Census Tract 437,34027043700,-74.485023,40.790605,340270437003
Block Group 2,340311244032,1716,385,0.17,Passaic County,Clifton City,Census Tract 1244.03,34031124403,-74.146164,40.844402,340311244032
Block Group 1,340311755021,1051,314,0.04,Passaic County,Passaic City,Census Tract 1755.02,34031175502,-74.137078,40.869258,340311755021
Block Group 3,340311756033,1389,452,0.05,Passaic County,Passaic City,Census Tract 1756.03,34031175603,-74.138242,40.861117,340311756033
Block Group 1,340311756031,1560,473,0.09,Passaic County,Passaic City,Census Tract 1756.03,34031175603,-74.139696,40.858331,340311756031
Block Group 1,340311433011,910,427,0.14,Passaic County,Hawthorne Borough,Census Tract 1433.01,34031143301,-74.155073,40.958911,340311433011
Block Group 1,340311811021,1153,345,0.05,Passaic County,Paterson City,Census Tract 1811.02,34031181102,-74.153381,40.929187,340311811021
Block Group 2,340311830022,1004,357,0.04,Passaic County,Paterson City,Census Tract 1830.02,34031183002,-74.159277,40.89322,340311830022
Block Group 3,340311753013,1326,368,0.02,Passaic County,Passaic City,Census Tract 1753.01,34031175301,-74.121839,40.868108,340311753013
Block Group 2,340030452002,850,274,1.44,Bergen County,Ridgefield Borough,Census Tract 452,34003045200,-74.021988,40.829834,340030452002
Block Group 2,340270445022,2469,917,0.52,Morris County,Rockaway Township,Census Tract 445.02,34027044502,-74.543482,40.895512,340270445022
Block Group 1,340076013001,1000,365,0.05,Camden County,Camden City,Census Tract 6013,34007601300,-75.085996,39.943349,340076013001
Block Group 3,340057040043,475,176,0.16,Burlington County,Evesham Township,Census Tract 7040.04,34005704004,-74.926863,39.910629,340057040043
Block Group 4,340057011054,2082,790,0.43,Burlington County,Burlington Township,Census Tract 7011.05,34005701105,-74.863225,40.056471,340057011054
Block Group 2,340330209002,2173,907,17.29,Salem County,Upper Pittsgrove Township,Census Tract 209,34033020900,-75.185668,39.626809,340330209002
Block Group 1,340330208001,1194,533,0.4,Salem County,Woodstown Borough,Census Tract 208,34033020800,-75.331414,39.655952,340330208001
Block Group 1,340311827011,1456,438,0.05,Passaic County,Paterson City,Census Tract 1827.01,34031182701,-74.15462,40.909872,340311827011
Block Group 2,340311811012,659,225,0.04,Passaic County,Paterson City,Census Tract 1811.01,34031181101,-74.145622,40.927483,340311811012
Block Group 2,340311825012,761,245,0.03,Passaic County,Paterson City,Census Tract 1825.01,34031182501,-74.143437,40.922142,340311825012
Block Group 3,340311825013,1504,457,0.08,Passaic County,Paterson City,Census Tract 1825.01,34031182501,-74.142049,40.915926,340311825013
Block Group 3,340076013003,2088,804,0.13,Camden County,Camden City,Census Tract 6013,34007601300,-75.088686,39.939359,340076013003
Block Group 1,340258007011,2208,797,0.47,Monmouth County,Middletown Township,Census Tract 8007.01,34025800701,-74.130002,40.417182,340258007011
Block Group 2,340258007012,1366,459,0.38,Monmouth County,Middletown Township,Census Tract 8007.01,34025800701,-74.115244,40.422071,340258007012
Block Group 4,340330216004,816,296,0.24,Salem County,Pennsville Township,Census Tract 216,34033021600,-75.524259,39.634103,340330216004
Block Group 1,340330222011,612,291,31.28,Salem County,Lower Alloways Creek Township,Census Tract 222.01,34033022201,-75.47873,39.466568,340330222011
Block Group 1,340330217001,1938,881,5.52,Salem County,Pennsville Township,Census Tract 217,34033021700,-75.484311,39.616797,340330217001
Block Group 1,340270408011,1239,432,1.44,Morris County,Montville Township,Census Tract 408.01,34027040801,-74.338254,40.933633,340270408011
Block Group 1,340330222021,1001,556,11.93,Salem County,Elsinboro Township,Census Tract 222.02,34033022202,-75.49906,39.536404,340330222021
Block Group 5,340330216005,1049,481,9.09,Salem County,Pennsville Township,Census Tract 216,34033021600,-75.527585,39.606341,340330216005
Block Group 5,340258021005,1230,455,0.33,Monmouth County,Hazlet Township,Census Tract 8021,34025802100,-74.175993,40.431977,340258021005
Block Group 1,340076083041,2258,1154,0.54,Camden County,Gloucester Township,Census Tract 6083.04,34007608304,-75.058719,39.816383,340076083041
Block Group 1,340258024001,1346,469,0.39,Monmouth County,Hazlet Township,Census Tract 8024,34025802400,-74.1847,40.417075,340258024001
Block Group 6,340030482006,842,276,0.27,Bergen County,River Edge Borough,Census Tract 482,34003048200,-74.046934,40.928855,340030482006
Block Group 1,340030490011,1722,641,0.9,Bergen County,River Vale Township,Census Tract 490.01,34003049001,-74.005142,41.032796,340030490011
Block Group 2,340030490012,1034,337,0.7,Bergen County,River Vale Township,Census Tract 490.01,34003049001,-74.011673,41.015626,340030490012
Block Group 1,340057040121,1522,629,0.39,Burlington County,Evesham Township,Census Tract 7040.12,34005704012,-74.866131,39.851037,340057040121
Block Group 2,340155011072,2384,908,0.54,Gloucester County,Deptford Township,Census Tract 5011.07,34015501107,-75.154943,39.802264,340155011072
Block Group 2,340258087022,1386,500,1.28,Monmouth County,Wall Township,Census Tract 8087.02,34025808702,-74.095486,40.131558,340258087022
Block Group 2,340258125022,1735,552,7.29,Monmouth County,Millstone Township,Census Tract 8125.02,34025812502,-74.468024,40.238,340258125022
Block Group 2,340110409022,1454,649,2.17,Cumberland County,Vineland City,Census Tract 409.02,34011040902,-75.020867,39.532209,340110409022
Block Group 3,340110409023,1187,516,1.43,Cumberland County,Vineland City,Census Tract 409.02,34011040902,-75.032078,39.518665,340110409023
Block Group 5,340110409025,2236,825,1.52,Cumberland County,Vineland City,Census Tract 409.02,34011040902,-75.008811,39.506459,340110409025
Block Group 3,340110302003,1045,436,0.12,Cumberland County,Millville City,Census Tract 302,34011030200,-75.032973,39.400324,340110302003
Block Group 6,340155002046,0,0,0.19,Gloucester County,West Deptford Township,Census Tract 5002.04,34015500204,-75.190728,39.835016,340155002046
Block Group 1,340297270011,702,1328,0.35,Ocean County,Lavallette Borough,Census Tract 7270.01,34029727001,-74.067681,39.975393,340297270011
Block Group 2,340297270012,734,861,0.28,Ocean County,Lavallette Borough,Census Tract 7270.01,34029727001,-74.078319,39.964978,340297270012
Block Group 1,340076089011,2617,1059,1.51,Camden County,Waterford Township,Census Tract 6089.01,34007608901,-74.888308,39.763169,340076089011
Block Group 2,340057007032,1076,424,0.23,Burlington County,Riverside Township,Census Tract 7007.03,34005700703,-74.959641,40.040338,340057007032
Block Group 3,340057010023,1436,593,0.35,Burlington County,Edgewater Park Township,Census Tract 7010.02,34005701002,-74.897069,40.062718,340057010023
Block Group 1,340258070051,852,417,0.07,Monmouth County,Asbury Park City,Census Tract 8070.05,34025807005,-74.009546,40.221599,340258070051
Block Group 2,340258102022,857,420,2.59,Monmouth County,Manalapan Township,Census Tract 8102.02,34025810202,-74.363962,40.269161,340258102022
Block Group 3,340258095053,1817,629,1.68,Monmouth County,Marlboro Township,Census Tract 8095.05,34025809505,-74.264206,40.355017,340258095053
Block Group 1,340258095041,2575,753,5.17,Monmouth County,Marlboro Township,Census Tract 8095.04,34025809504,-74.224515,40.35412,340258095041
Block Group 3,340258102013,2275,657,3.63,Monmouth County,Manalapan Township,Census Tract 8102.01,34025810201,-74.348373,40.232563,340258102013
Block Group 3,340258036023,869,450,0.1,Monmouth County,Red Bank Borough,Census Tract 8036.02,34025803602,-74.062809,40.349952,340258036023
Block Group 2,340258082022,861,731,0.11,Monmouth County,Bradley Beach Borough,Census Tract 8082.02,34025808202,-74.011198,40.200845,340258082022
Block Group 1,340258105051,903,340,0.42,Monmouth County,Freehold Township,Census Tract 8105.05,34025810505,-74.304057,40.236034,340258105051
Block Group 1,340258070061,673,350,0.06,Monmouth County,Asbury Park City,Census Tract 8070.06,34025807006,-74.008385,40.224873,340258070061
Block Group 3,340258059003,973,382,0.1,Monmouth County,Long Branch City,Census Tract 8059,34025805900,-73.999172,40.296037,340258059003
Block Group 3,340270406003,1022,575,0.13,Morris County,Butler Borough,Census Tract 406,34027040600,-74.362923,41.008882,340270406003
Block Group 3,340270465003,1582,584,0.15,Morris County,Victory Gardens Borough,Census Tract 465,34027046500,-74.544367,40.876245,340270465003
Block Group 1,340270436011,1043,661,0.09,Morris County,Morristown Town,Census Tract 436.01,34027043601,-74.471949,40.793567,340270436011
Block Group 3,340270461043,1689,852,0.23,Morris County,Mount Olive Township,Census Tract 461.04,34027046104,-74.748509,40.855143,340270461043
Block Group 5,340297142005,1300,579,0.7,Ocean County,Brick Township,Census Tract 7142,34029714200,-74.115138,40.030938,340297142005
Block Group 2,340057029152,1995,904,0.33,Burlington County,Mount Laurel Township,Census Tract 7029.15,34005702915,-74.878523,39.966518,340057029152
Block Group 3,340057004073,1717,943,0.27,Burlington County,Maple Shade Township,Census Tract 7004.07,34005700407,-74.985912,39.944629,340057004073
Block Group 2,340155017012,744,271,3.91,Gloucester County,Franklin Township,Census Tract 5017.01,34015501701,-75.025547,39.598953,340155017012
Block Group 1,340010124011,1787,702,0.57,Atlantic County,Northfield City,Census Tract 124.01,34001012401,-74.541149,39.375395,340010124011
Block Group 2,340010124022,695,286,0.26,Atlantic County,Northfield City,Census Tract 124.02,34001012402,-74.556114,39.369359,340010124022
Block Group 1,340210014011,1035,500,0.15,Mercer County,Trenton City,Census Tract 14.01,34021001401,-74.769374,40.233593,340210014011
Block Group 2,340210014012,984,392,0.1,Mercer County,Trenton City,Census Tract 14.01,34021001401,-74.774972,40.235988,340210014012
Block Group 4,340210014014,728,453,0.05,Mercer County,Trenton City,Census Tract 14.01,34021001401,-74.780975,40.239671,340210014014
Block Group 1,340210014021,736,313,0.08,Mercer County,Trenton City,Census Tract 14.02,34021001402,-74.778312,40.231732,340210014021
Block Group 2,340258074012,519,593,0.05,Monmouth County,Neptune Township,Census Tract 8074.01,34025807401,-74.005764,40.211034,340258074012
Block Group 1,340210008001,1872,737,0.16,Mercer County,Trenton City,Census Tract 8,34021000800,-74.753263,40.210414,340210008001
Block Group 3,340350532003,1793,613,0.19,Somerset County,Franklin Township,Census Tract 532,34035053200,-74.477556,40.49242,340350532003
Block Group 1,340210006001,1030,329,0.05,Mercer County,Trenton City,Census Tract 6,34021000600,-74.732149,40.217221,340210006001
Block Group 2,340210006002,2112,683,0.09,Mercer County,Trenton City,Census Tract 6,34021000600,-74.734894,40.215379,340210006002
Block Group 3,340210006003,1910,599,0.1,Mercer County,Trenton City,Census Tract 6,34021000600,-74.738444,40.213849,340210006003
Block Group 1,340210007001,1456,464,0.05,Mercer County,Trenton City,Census Tract 7,34021000700,-74.747727,40.211916,340210007001
Block Group 3,340210037033,3115,16,0.22,Mercer County,Ewing Township,Census Tract 37.03,34021003703,-74.777789,40.269064,340210037033
Block Group 2,340210039042,2670,1248,1.19,Mercer County,Hopewell Township,Census Tract 39.04,34021003904,-74.771375,40.304731,340210039042
Block Group 2,340210008002,936,264,0.03,Mercer County,Trenton City,Census Tract 8,34021000800,-74.758822,40.207494,340210008002
Block Group 3,340155011033,17,4,0.53,Gloucester County,Deptford Township,Census Tract 5011.03,34015501103,-75.091612,39.833317,340155011033
Block Group 4,340030482004,1669,543,0.21,Bergen County,River Edge Borough,Census Tract 482,34003048200,-74.04141,40.923404,340030482004
Block Group 1,340230008011,1863,638,0.33,Middlesex County,South Plainfield Borough,Census Tract 8.01,34023000801,-74.427471,40.595105,340230008011
Block Group 2,340230008012,848,278,0.13,Middlesex County,South Plainfield Borough,Census Tract 8.01,34023000801,-74.437251,40.593643,340230008012
Block Group 3,340230008013,1051,380,0.25,Middlesex County,South Plainfield Borough,Census Tract 8.01,34023000801,-74.436123,40.586312,340230008013
Block Group 2,340230008022,1165,387,0.36,Middlesex County,South Plainfield Borough,Census Tract 8.02,34023000802,-74.421446,40.581962,340230008022
Block Group 1,340230009011,2380,787,0.54,Middlesex County,South Plainfield Borough,Census Tract 9.01,34023000901,-74.414881,40.591271,340230009011
Block Group 2,340076002002,875,384,0.07,Camden County,Camden City,Census Tract 6002,34007600200,-75.107105,39.930174,340076002002
Block Group 5,340076008005,707,250,0.07,Camden County,Camden City; Pennsauken Township,Census Tract 6008,34007600800,-75.11222,39.954749,340076008005
Block Group 2,340076019002,878,363,0.13,Camden County,Camden City,Census Tract 6019,34007601900,-75.104504,39.91437,340076019002
Block Group 1,340076020001,840,333,0.13,Camden County,Camden City,Census Tract 6020,34007602000,-75.11314,39.904102,340076020001
Block Group 1,340297229001,3232,1358,0.67,Ocean County,Toms River Township,Census Tract 7229,34029722900,-74.20448,39.984505,340297229001
Block Group 2,340297229002,2434,1005,0.51,Ocean County,Toms River Township,Census Tract 7229,34029722900,-74.204702,39.973536,340297229002
Block Group 6,340230018066,83,37,3.28,Middlesex County,Edison Township,Census Tract 18.06,34023001806,-74.344978,40.504507,340230018066
Block Group 2,340076088002,2267,1030,1.14,Camden County,Berlin Township,Census Tract 6088,34007608800,-74.92032,39.808693,340076088002
Block Group 3,340076082113,2487,939,0.98,Camden County,Gloucester Township,Census Tract 6082.11,34007608211,-75.031547,39.788053,340076082113
Block Group 1,340350536021,2292,798,3.27,Somerset County,Branchburg Township,Census Tract 536.02,34035053602,-74.719416,40.546709,340350536021
Block Group 1,340350508011,2160,705,1.79,Somerset County,Bridgewater Township,Census Tract 508.01,34035050801,-74.655844,40.615063,340350508011
Block Group 1,340350527011,1637,573,1.23,Somerset County,Bernardsville Borough,Census Tract 527.01,34035052701,-74.584257,40.705663,340350527011
Block Group 4,340350521004,2463,894,1.17,Somerset County,Green Brook Township,Census Tract 521,34035052100,-74.498785,40.597779,340350521004
Block Group 4,340010025004,1365,993,0.17,Atlantic County,Atlantic City,Census Tract 25,34001002500,-74.415791,39.374427,340010025004
Block Group 2,340010117032,2609,883,1.03,Atlantic County,Egg Harbor Township,Census Tract 117.03,34001011703,-74.620826,39.43001,340010117032
Block Group 4,340010114044,2112,986,1.9,Atlantic County,Hamilton Township,Census Tract 114.04,34001011404,-74.649016,39.447363,340010114044
Block Group 2,340010117042,2532,901,1.14,Atlantic County,Egg Harbor Township,Census Tract 117.04,34001011704,-74.598185,39.433005,340010117042
Block Group 1,340155012021,1061,350,0.4,Gloucester County,Washington Township,Census Tract 5012.02,34015501202,-75.075748,39.759587,340155012021
Block Group 2,340155016052,1223,575,11,Gloucester County,Monroe Township,Census Tract 5016.05,34015501605,-74.929432,39.650246,340155016052
Block Group 2,340130176002,1602,501,0.1,Essex County,West Orange Township,Census Tract 176,34013017600,-74.230532,40.791953,340130176002
Block Group 1,340076092021,1834,706,0.58,Camden County,Winslow Township,Census Tract 6092.02,34007609202,-74.979049,39.719059,340076092021
Block Group 3,340230019023,784,338,0.08,Middlesex County,Edison Township,Census Tract 19.02,34023001902,-74.321318,40.531917,340230019023
Block Group 1,340230019031,1430,569,0.21,Middlesex County,Edison Township,Census Tract 19.03,34023001903,-74.336527,40.536384,340230019031
Block Group 3,340230019033,1005,467,0.15,Middlesex County,Edison Township,Census Tract 19.03,34023001903,-74.339418,40.533392,340230019033
Block Group 1,340230066041,2190,959,0.19,Middlesex County,East Brunswick Township,Census Tract 66.04,34023006604,-74.412919,40.4122,340230066041
Block Group 2,340230066052,2780,1152,0.71,Middlesex County,East Brunswick Township,Census Tract 66.05,34023006605,-74.422959,40.414391,340230066052
Block Group 1,340130204001,843,288,0.19,Essex County,Livingston Township,Census Tract 204,34013020400,-74.317933,40.809349,340130204001
Block Group 1,340230018031,1072,400,0.29,Middlesex County,Edison Township,Census Tract 18.03,34023001803,-74.406483,40.495845,340230018031
Block Group 1,340190116001,2336,1006,21.95,Hunterdon County,Delaware Township,Census Tract 116,34019011600,-74.96151,40.461507,340190116001
Block Group 2,340190115002,2030,893,20.14,Hunterdon County,Kingwood Township,Census Tract 115,34019011500,-75.044635,40.482337,340190115002
Block Group 1,340190106001,1802,705,9.58,Hunterdon County,Alexandria Township,Census Tract 106,34019010600,-75.044336,40.613383,340190106001
Block Group 6,340230085026,6,1,0.7,Middlesex County,South Brunswick Township,Census Tract 85.02,34023008502,-74.507037,40.340538,340230085026
Block Group 3,340230018063,764,261,0.05,Middlesex County,Edison Township,Census Tract 18.06,34023001806,-74.36293,40.510756,340230018063
Block Group 4,340311248004,952,313,0.07,Passaic County,Clifton City,Census Tract 1248,34031124800,-74.138425,40.879433,340311248004
Block Group 5,340311248005,918,319,0.07,Passaic County,Clifton City,Census Tract 1248,34031124800,-74.141349,40.876929,340311248005
Block Group 2,340311249002,1161,374,0.07,Passaic County,Clifton City,Census Tract 1249,34031124900,-74.139977,40.873045,340311249002
Block Group 3,340311249003,2148,684,0.11,Passaic County,Clifton City,Census Tract 1249,34031124900,-74.134315,40.873608,340311249003
Block Group 2,340230029022,1049,389,0.19,Middlesex County,Woodbridge Township,Census Tract 29.02,34023002902,-74.28119,40.55793,340230029022
Block Group 3,340230029023,726,286,0.08,Middlesex County,Woodbridge Township,Census Tract 29.02,34023002902,-74.278467,40.551469,340230029023
Block Group 1,340230030011,1788,776,0.27,Middlesex County,Woodbridge Township,Census Tract 30.01,34023003001,-74.284992,40.548632,340230030011
Block Group 2,340230030012,1491,520,0.23,Middlesex County,Woodbridge Township,Census Tract 30.01,34023003001,-74.289303,40.56218,340230030012
Block Group 3,340230030013,1116,426,0.19,Middlesex County,Woodbridge Township,Census Tract 30.01,34023003001,-74.287715,40.55505,340230030013
Block Group 1,340170179001,870,434,0.22,Hudson County,Weehawken Township,Census Tract 179,34017017900,-74.019041,40.768767,340170179001
Block Group 2,340170179002,4488,2750,0.21,Hudson County,Weehawken Township,Census Tract 179,34017017900,-74.011967,40.768096,340170179002
Block Group 2,340057028042,1139,461,0.22,Burlington County,Willingboro Township,Census Tract 7028.04,34005702804,-74.881789,40.017477,340057028042
Block Group 1,340057039001,1366,539,0.47,Burlington County,Medford Lakes Borough,Census Tract 7039,34005703900,-74.797764,39.859495,340057039001
Block Group 3,340311247003,727,312,0.06,Passaic County,Clifton City,Census Tract 1247,34031124700,-74.134211,40.888192,340311247003
Block Group 4,340311247004,975,331,0.05,Passaic County,Clifton City,Census Tract 1247,34031124700,-74.135222,40.886209,340311247004
Block Group 5,340311247005,1026,353,0.05,Passaic County,Clifton City,Census Tract 1247,34031124700,-74.133576,40.884942,340311247005
Block Group 1,340170182001,933,471,0.03,Hudson County,Weehawken Township,Census Tract 182,34017018200,-74.025143,40.765478,340170182001
Block Group 1,340230009021,944,327,0.15,Middlesex County,South Plainfield Borough,Census Tract 9.02,34023000902,-74.397507,40.597161,340230009021
Block Group 2,340230009022,1215,481,0.38,Middlesex County,South Plainfield Borough,Census Tract 9.02,34023000902,-74.405874,40.591488,340230009022
Block Group 3,340230009023,1017,375,0.17,Middlesex County,South Plainfield Borough,Census Tract 9.02,34023000902,-74.405949,40.583674,340230009023
Block Group 1,340230010011,2646,909,0.73,Middlesex County,South Plainfield Borough,Census Tract 10.01,34023001001,-74.396764,40.582166,340230010011
Block Group 3,340390315003,1375,499,0.06,Union County,Elizabeth City,Census Tract 315,34039031500,-74.205944,40.678314,340390315003
Block Group 1,340390317001,1909,809,0.07,Union County,Elizabeth City,Census Tract 317,34039031700,-74.215386,40.681006,340390317001
Block Group 1,340130041001,1252,538,0.04,Essex County,Newark City,Census Tract 41,34013004100,-74.202926,40.724049,340130041001
Block Group 3,340030061023,863,384,0.03,Bergen County,Cliffside Park Borough,Census Tract 61.02,34003006102,-73.986277,40.825602,340030061023
Block Group 3,340030340023,888,349,0.19,Bergen County,Midland Park Borough,Census Tract 340.02,34003034002,-74.135806,40.992761,340030340023
Block Group 3,340030541013,1050,356,0.14,Bergen County,Teaneck Township,Census Tract 541.01,34003054101,-73.994541,40.901281,340030541013
Block Group 3,340030175013,919,293,0.13,Bergen County,Fair Lawn Borough,Census Tract 175.01,34003017501,-74.10955,40.926029,340030175013
Block Group 2,340155003002,738,271,0.3,Gloucester County,National Park Borough,Census Tract 5003,34015500300,-75.175888,39.861999,340155003002
Block Group 2,340390387012,1052,417,0.23,Union County,Fanwood Borough,Census Tract 387.01,34039038701,-74.387556,40.637116,340390387012
Block Group 1,340390387021,800,278,0.12,Union County,Fanwood Borough,Census Tract 387.02,34039038702,-74.380464,40.647652,340390387021
Block Group 2,340390387022,857,388,0.21,Union County,Fanwood Borough,Census Tract 387.02,34039038702,-74.382877,40.643352,340390387022
Block Group 2,340350534052,1863,648,6.55,Somerset County,Franklin Township,Census Tract 534.05,34035053405,-74.558453,40.476008,340350534052
Block Group 4,340057003034,0,1,0.37,Burlington County,Cinnaminson Township,Census Tract 7003.03,34005700303,-74.985599,40.008598,340057003034
Block Group 2,340057042022,526,227,0.28,Burlington County,Fieldsboro Borough,Census Tract 7042.02,34005704202,-74.731353,40.136855,340057042022
Block Group 1,340270416021,1255,523,1.1,Morris County,Parsippany-Troy Hills Township,Census Tract 416.02,34027041602,-74.452364,40.875694,340270416021
Block Group 2,340270449002,1886,591,0.17,Morris County,Dover Town,Census Tract 449,34027044900,-74.564208,40.877808,340270449002
Block Group 3,340270449003,834,273,0.12,Morris County,Dover Town,Census Tract 449,34027044900,-74.567725,40.877313,340270449003
Block Group 3,340057010013,863,435,0.07,Burlington County,Edgewater Park Township,Census Tract 7010.01,34005701001,-74.910852,40.050881,340057010013
Block Group 3,340057038023,1208,653,0.77,Burlington County,Medford Township,Census Tract 7038.02,34005703802,-74.842419,39.909688,340057038023
Block Group 3,340390387023,946,329,0.14,Union County,Fanwood Borough,Census Tract 387.02,34039038702,-74.376861,40.641109,340390387023
Block Group 3,340258091003,744,728,0.48,Monmouth County,Spring Lake Borough,Census Tract 8091,34025809100,-74.024749,40.146842,340258091003
Block Group 4,340258091004,809,559,0.25,Monmouth County,Spring Lake Borough,Census Tract 8091,34025809100,-74.032768,40.14975,340258091004
Block Group 2,340258092002,1286,754,0.42,Monmouth County,Sea Girt Borough,Census Tract 8092,34025809200,-74.03978,40.133551,340258092002
Block Group 1,340258097041,1448,453,0.58,Monmouth County,Marlboro Township,Census Tract 8097.04,34025809704,-74.270007,40.304925,340258097041
Block Group 3,340390370003,1327,421,0.24,Union County,Cranford Township,Census Tract 370,34039037000,-74.30647,40.669077,340390370003
Block Group 2,340076091032,1766,697,3.28,Camden County,Winslow Township,Census Tract 6091.03,34007609103,-74.897458,39.737838,340076091032
Block Group 2,340210043062,2364,778,4.81,Mercer County,West Windsor Township,Census Tract 43.06,34021004306,-74.655139,40.269507,340210043062
Block Group 4,340230062054,2131,862,0.27,Middlesex County,North Brunswick Township,Census Tract 62.05,34023006205,-74.507546,40.444694,340230062054
Block Group 2,340390374002,1045,428,0.11,Union County,Cranford Township,Census Tract 374,34039037400,-74.315909,40.645445,340390374002
Block Group 3,340076112003,859,284,0.15,Camden County,Stratford Borough,Census Tract 6112,34007611200,-75.014838,39.828075,340076112003
Block Group 4,340076112004,790,292,0.15,Camden County,Stratford Borough,Census Tract 6112,34007611200,-75.020273,39.82677,340076112004
Block Group 1,340076036011,1916,669,0.83,Camden County,Cherry Hill Township,Census Tract 6036.01,34007603601,-75.009173,39.889989,340076036011
Block Group 2,340373731002,1685,558,5.19,Sussex County,Sparta Township,Census Tract 3731,34037373100,-74.633399,41.069339,340373731002
Block Group 4,340373734004,839,448,0.35,Sussex County,Sparta Township,Census Tract 3734,34037373400,-74.653159,41.020565,340373734004
Block Group 1,340373712001,667,313,0.25,Sussex County,Sussex Borough,Census Tract 3712,34037371200,-74.610726,41.211283,340373712001
Block Group 3,340350541003,1695,425,0.94,Somerset County,Bernards Township,Census Tract 541,34035054100,-74.548287,40.674206,340350541003
Block Group 1,340076075031,2130,675,0.95,Camden County,Voorhees Township,Census Tract 6075.03,34007607503,-74.935173,39.855264,340076075031
Block Group 2,340076075032,1967,744,0.38,Camden County,Voorhees Township,Census Tract 6075.03,34007607503,-74.934669,39.866239,340076075032
Block Group 1,340076075041,1474,545,1.42,Camden County,Voorhees Township,Census Tract 6075.04,34007607504,-74.929181,39.8429,340076075041
Block Group 1,340076075051,1621,539,0.83,Camden County,Voorhees Township,Census Tract 6075.05,34007607505,-74.95055,39.847042,340076075051
Block Group 1,340076033011,2380,972,1.13,Camden County,Cherry Hill Township,Census Tract 6033.01,34007603301,-75.024753,39.924367,340076033011
Block Group 3,340076033013,2246,937,0.3,Camden County,Cherry Hill Township,Census Tract 6033.01,34007603301,-75.013422,39.934314,340076033013
Block Group 1,340010106001,955,391,9.77,Atlantic County,Egg Harbor City,Census Tract 106,34001010600,-74.602838,39.563357,340010106001
Block Group 3,340010115003,1941,766,3.02,Atlantic County,Hamilton Township,Census Tract 115,34001011500,-74.751121,39.463447,340010115003
Block Group 3,340155010023,1277,765,0.2,Gloucester County,Woodbury City,Census Tract 5010.02,34015501002,-75.150477,39.836962,340155010023
Block Group 3,340258104013,1912,582,2.44,Monmouth County,Freehold Township,Census Tract 8104.01,34025810401,-74.295088,40.275049,340258104013
Block Group 1,340258104021,2039,627,1.62,Monmouth County,Freehold Township,Census Tract 8104.02,34025810402,-74.238557,40.280899,340258104021
Block Group 3,340057005033,967,375,0.24,Burlington County,Moorestown Township,Census Tract 7005.03,34005700503,-74.95009,39.968292,340057005033
Block Group 3,340057045003,2393,1075,6.03,Burlington County,North Hanover Township; Wrightstown Borough,Census Tract 7045,34005704500,-74.598932,40.064617,340057045003
Block Group 2,340297201062,793,520,0.36,Ocean County,Manchester Township,Census Tract 7201.06,34029720106,-74.32866,39.955368,340297201062
Block Group 2,340350529052,1797,944,0.48,Somerset County,Bedminster Township,Census Tract 529.05,34035052905,-74.632681,40.658226,340350529052
Block Group 3,340350526053,1894,627,0.31,Somerset County,Bernards Township,Census Tract 526.05,34035052605,-74.625651,40.659125,340350526053
Block Group 3,340297157013,2239,464,0.17,Ocean County,Lakewood Township,Census Tract 7157.01,34029715701,-74.222788,40.065757,340297157013
Block Group 2,340297101012,621,765,0.29,Ocean County,Point Pleasant Beach Borough,Census Tract 7101.01,34029710101,-74.035848,40.099311,340297101012
Block Group 2,340350539052,2106,672,1.72,Somerset County,Montgomery Township,Census Tract 539.05,34035053905,-74.633565,40.454539,340350539052
Block Group 3,340030261003,1091,388,0.27,Bergen County,Hillsdale Borough,Census Tract 261,34003026100,-74.028875,41.005844,340030261003
Block Group 1,340258042001,2172,832,0.83,Monmouth County,Little Silver Borough,Census Tract 8042,34025804200,-74.045009,40.344195,340258042001
Block Group 2,340258042002,698,271,0.4,Monmouth County,Little Silver Borough,Census Tract 8042,34025804200,-74.034385,40.339332,340258042002
Block Group 2,340130042002,1336,537,0.04,Essex County,Newark City,Census Tract 42,34013004200,-74.215113,40.726176,340130042002
Block Group 2,340130037002,1129,429,0.05,Essex County,Newark City,Census Tract 37,34013003700,-74.211985,40.729184,340130037002
Block Group 1,340130046001,1626,665,0.04,Essex County,Newark City,Census Tract 46,34013004600,-74.21246,40.71272,340130046001
Block Group 3,340130165003,677,365,0.11,Essex County,Montclair Township,Census Tract 165,34013016500,-74.207831,40.819248,340130165003
Block Group 1,340130177001,751,267,0.09,Essex County,West Orange Township,Census Tract 177,34013017700,-74.224781,40.788051,340130177001
Block Group 1,340130010001,1100,561,0.1,Essex County,Newark City,Census Tract 10,34013001000,-74.178817,40.745967,340130010001
Block Group 1,340130184001,1510,611,0.12,Essex County,City of Orange Township,Census Tract 184,34013018400,-74.222691,40.769862,340130184001
Block Group 3,340130159003,1886,651,0.07,Essex County,Bloomfield Township,Census Tract 159,34013015900,-74.191928,40.773434,340130159003
Block Group 1,340130023001,1391,540,0.06,Essex County,Newark City,Census Tract 23,34013002300,-74.231778,40.741273,340130023001
Block Group 1,340311635011,1890,675,0.7,Passaic County,North Haledon Borough,Census Tract 1635.01,34031163501,-74.176577,40.970133,340311635011
Block Group 2,340311432022,1013,357,0.34,Passaic County,Hawthorne Borough,Census Tract 1432.02,34031143202,-74.163664,40.970501,340311432022
Block Group 3,340312238023,893,340,0.2,Passaic County,Totowa Borough,Census Tract 2238.02,34031223802,-74.220809,40.901241,340312238023
Block Group 4,340030381004,767,321,0.04,Bergen County,North Arlington Borough,Census Tract 381,34003038100,-74.132972,40.791078,340030381004
Block Group 2,340076089012,1227,507,0.9,Camden County,Waterford Township,Census Tract 6089.01,34007608901,-74.900663,39.77995,340076089012
Block Group 3,340030202003,1920,669,1.45,Bergen County,Franklin Lakes Borough,Census Tract 202,34003020200,-74.228717,41.006457,340030202003
Block Group 1,340030212001,1369,606,0.14,Bergen County,Garfield City,Census Tract 212,34003021200,-74.121159,40.887819,340030212001
Block Group 1,340350541001,1342,477,1.18,Somerset County,Bernards Township,Census Tract 541,34035054100,-74.567618,40.668875,340350541001
Block Group 4,340030191044,848,372,0.04,Bergen County,Fort Lee Borough,Census Tract 191.04,34003019104,-73.965345,40.86303,340030191044
Block Group 3,340030193043,1083,371,0.09,Bergen County,Fort Lee Borough,Census Tract 193.04,34003019304,-73.983578,40.837169,340030193043
Block Group 1,340030120011,936,449,0.09,Bergen County,East Rutherford Borough,Census Tract 120.01,34003012001,-74.102016,40.836334,340030120011
Block Group 1,340297201051,1035,519,19.56,Ocean County,Manchester Township,Census Tract 7201.05,34029720105,-74.371311,39.988922,340297201051
Block Group 3,340297312043,1112,762,14.94,Ocean County,Berkeley Township,Census Tract 7312.04,34029731204,-74.25615,39.918838,340297312043
Block Group 1,340297340041,1396,926,17.79,Ocean County,Barnegat Township,Census Tract 7340.04,34029734004,-74.362236,39.791532,340297340041
Block Group 1,340297330021,3348,1850,17.27,Ocean County,Ocean Township,Census Tract 7330.02,34029733002,-74.292622,39.799789,340297330021
Block Group 1,340030091001,1391,488,0.79,Bergen County,Demarest Borough,Census Tract 91,34003009100,-73.945255,40.949092,340030091001
Block Group 2,340030091002,1728,559,0.68,Bergen County,Demarest Borough,Census Tract 91,34003009100,-73.954895,40.958456,340030091002
Block Group 1,340297320011,2205,706,1.35,Ocean County,Lacey Township,Census Tract 7320.01,34029732001,-74.183193,39.867985,340297320011
Block Group 1,340297320041,2212,968,3.28,Ocean County,Lacey Township,Census Tract 7320.04,34029732004,-74.214185,39.826528,340297320041
Block Group 1,340297280011,519,1400,0.26,Ocean County,Berkeley Township,Census Tract 7280.01,34029728001,-74.086895,39.908481,340297280011
Block Group 2,340297280042,583,571,0.06,Ocean County,Seaside Heights Borough,Census Tract 7280.04,34029728004,-74.077293,39.942328,340297280042
Block Group 4,340030091004,974,335,0.42,Bergen County,Demarest Borough,Census Tract 91,34003009100,-73.969224,40.962512,340030091004
Block Group 1,340030092001,1075,356,0.3,Bergen County,Haworth Borough,Census Tract 92,34003009200,-73.979328,40.962726,340030092001
Block Group 2,340030092002,1112,391,0.41,Bergen County,Haworth Borough,Census Tract 92,34003009200,-73.986868,40.961211,340030092002
Block Group 1,340297226001,1230,441,1.78,Ocean County,Toms River Township,Census Tract 7226,34029722600,-74.121996,39.984431,340297226001
Block Group 2,340297226002,1159,409,0.21,Ocean County,Toms River Township,Census Tract 7226,34029722600,-74.133317,39.973744,340297226002
Block Group 2,340297361072,1892,745,1.56,Ocean County,Little Egg Harbor Township,Census Tract 7361.07,34029736107,-74.361317,39.600114,340297361072
Block Group 1,340297150011,5934,1215,1.86,Ocean County,Lakewood Township,Census Tract 7150.01,34029715001,-74.18421,40.095806,340297150011
Block Group 2,340297152012,4215,824,0.59,Ocean County,Lakewood Township,Census Tract 7152.01,34029715201,-74.194444,40.105093,340297152012
Block Group 2,340258076002,1532,559,0.21,Monmouth County,Neptune Township,Census Tract 8076,34025807600,-74.029573,40.221604,340258076002
Block Group 1,340390354001,1239,440,5.2,Union County,Linden City,Census Tract 354,34039035400,-74.249626,40.616462,340390354001
Block Group 2,340311827012,1207,365,0.03,Passaic County,Paterson City,Census Tract 1827.01,34031182701,-74.155984,40.905135,340311827012
Block Group 3,340311830013,1152,360,0.06,Passaic County,Paterson City,Census Tract 1830.01,34031183001,-74.153613,40.891728,340311830013
Block Group 1,340311830021,1196,375,0.04,Passaic County,Paterson City,Census Tract 1830.02,34031183002,-74.157668,40.890184,340311830021
Block Group 3,340311801023,1042,301,0.08,Passaic County,Paterson City,Census Tract 1801.02,34031180102,-74.201766,40.918612,340311801023
Block Group 2,340311802012,1094,440,0.06,Passaic County,Paterson City,Census Tract 1802.01,34031180201,-74.190637,40.925805,340311802012
Block Group 3,340311801013,1462,412,0.1,Passaic County,Paterson City,Census Tract 1801.01,34031180101,-74.195175,40.91326,340311801013
Block Group 1,340311801011,1781,566,0.1,Passaic County,Paterson City,Census Tract 1801.01,34031180101,-74.194323,40.91857,340311801011
Block Group 1,340311758031,853,229,0.01,Passaic County,Passaic City,Census Tract 1758.03,34031175803,-74.131535,40.862718,340311758031
Block Group 1,340311758041,992,272,0.01,Passaic County,Passaic City,Census Tract 1758.04,34031175804,-74.133137,40.860693,340311758041
Block Group 3,340311758043,1581,413,0.03,Passaic County,Passaic City,Census Tract 1758.04,34031175804,-74.129874,40.861916,340311758043
Block Group 3,340057011033,1952,611,0.72,Burlington County,Burlington Township,Census Tract 7011.03,34005701103,-74.82239,40.075653,340057011033
Block Group 1,340170148021,1095,452,0.84,Hudson County,North Bergen Township,Census Tract 148.02,34017014802,-74.050797,40.771701,340170148021
Block Group 1,340170144011,1407,484,0.05,Hudson County,North Bergen Township,Census Tract 144.01,34017014401,-74.008565,40.812302,340170144011
Block Group 1,340170144021,2118,653,0.08,Hudson County,North Bergen Township,Census Tract 144.02,34017014402,-74.013656,40.805912,340170144021
Block Group 4,340170059024,828,328,0.03,Hudson County,Jersey City,Census Tract 59.02,34017005902,-74.091338,40.702493,340170059024
Block Group 1,340170106011,1678,1027,0.05,Hudson County,Bayonne City; Elizabeth City; Newark City,Census Tract 106.01,34017010601,-74.130301,40.673272,340170106011
Block Group 1,340170041041,1644,694,0.04,Hudson County,Jersey City,Census Tract 41.04,34017004104,-74.076801,40.723617,340170041041
Block Group 1,340170041031,1133,507,0.04,Hudson County,Jersey City,Census Tract 41.03,34017004103,-74.078705,40.721191,340170041031
Block Group 2,340390352002,877,298,0.53,Union County,Linden City,Census Tract 352,34039035200,-74.230442,40.643808,340390352002
Block Group 2,340390353002,883,286,0.05,Union County,Linden City,Census Tract 353,34039035300,-74.237677,40.623449,340390353002
Block Group 4,340390353004,1704,722,0.15,Union County,Linden City,Census Tract 353,34039035300,-74.244761,40.624226,340390353004
Block Group 5,340390353005,1554,531,0.1,Union County,Linden City,Census Tract 353,34039035300,-74.251225,40.626876,340390353005
Block Group 2,340210014022,1018,457,0.07,Mercer County,Trenton City,Census Tract 14.02,34021001402,-74.778692,40.234184,340210014022
Block Group 1,340210015001,735,338,0.06,Mercer County,Trenton City,Census Tract 15,34021001500,-74.765961,40.228973,340210015001
Block Group 2,340170148012,2566,1140,0.29,Hudson County,North Bergen Township,Census Tract 148.01,34017014801,-74.045151,40.768122,340170148012
Block Group 1,340312366041,827,296,2.13,Passaic County,Wanaque Borough,Census Tract 2366.04,34031236604,-74.309294,41.051671,340312366041
Block Group 2,340312461042,1345,791,0.78,Passaic County,Wayne Township,Census Tract 2461.04,34031246104,-74.230737,40.920001,340312461042
Block Group 2,340311635022,1276,305,0.53,Passaic County,North Haledon Borough,Census Tract 1635.02,34031163502,-74.193384,40.955745,340311635022
Block Group 1,340311964041,1132,467,0.14,Passaic County,Pompton Lakes Borough,Census Tract 1964.04,34031196404,-74.284064,41.007296,340311964041
Block Group 2,340311758042,1377,450,0.04,Passaic County,Passaic City,Census Tract 1758.04,34031175804,-74.130393,40.859998,340311758042
Block Group 1,340311803011,1096,347,0.03,Passaic County,Paterson City,Census Tract 1803.01,34031180301,-74.181218,40.923428,340311803011
Block Group 2,340311758032,2048,574,0.05,Passaic County,Passaic City,Census Tract 1758.03,34031175803,-74.131651,40.864485,340311758032
Block Group 3,340076035073,1563,536,0.52,Camden County,Cherry Hill Township,Census Tract 6035.07,34007603507,-74.939,39.875092,340076035073
Block Group 1,340076092071,762,338,1.66,Camden County,Winslow Township,Census Tract 6092.07,34007609207,-74.962004,39.762901,340076092071
Block Group 1,340230085011,2330,966,0.85,Middlesex County,South Brunswick Township,Census Tract 85.01,34023008501,-74.519288,40.418539,340230085011
Block Group 2,340230084062,1316,411,0.36,Middlesex County,South Brunswick Township,Census Tract 84.06,34023008406,-74.526188,40.429235,340230084062
Block Group 2,340297250012,1503,542,0.23,Ocean County,Beachwood Borough,Census Tract 7250.01,34029725001,-74.199451,39.932514,340297250012
Block Group 2,340297139002,1575,636,0.41,Ocean County,Brick Township,Census Tract 7139,34029713900,-74.118802,40.047308,340297139002
Block Group 2,340297380022,265,840,1.16,Ocean County,Long Beach Township,Census Tract 7380.02,34029738002,-74.271003,39.528391,340297380022
Block Group 2,340297312052,1808,953,1.07,Ocean County,Berkeley Township,Census Tract 7312.05,34029731205,-74.224375,39.952332,340297312052
Block Group 2,340230021022,1083,398,0.2,Middlesex County,Metuchen Borough,Census Tract 21.02,34023002102,-74.348218,40.546473,340230021022
Block Group 1,340258057001,928,312,0.09,Monmouth County,Long Branch City,Census Tract 8057,34025805700,-74.002567,40.30252,340258057001
Block Group 2,340258065012,2260,1284,1.05,Monmouth County,Ocean Township,Census Tract 8065.01,34025806501,-74.060948,40.266328,340258065012
Block Group 1,340258108001,1336,321,0.15,Monmouth County,Freehold Borough,Census Tract 8108,34025810800,-74.270255,40.254965,340258108001
Block Group 1,340258123001,1613,564,0.5,Monmouth County,Shrewsbury Borough,Census Tract 8123,34025812300,-74.0566,40.331573,340258123001
Block Group 3,340258125023,808,331,1.94,Monmouth County,Roosevelt Borough,Census Tract 8125.02,34025812502,-74.473617,40.222393,340258125023
Block Group 2,340258032022,2591,884,2.44,Monmouth County,Holmdel Township,Census Tract 8032.02,34025803202,-74.174491,40.393639,340258032022
Block Group 3,340258062023,1719,711,0.97,Monmouth County,West Long Branch Borough,Census Tract 8062.02,34025806202,-74.027543,40.292161,340258062023
Block Group 1,340258115021,2839,936,4.8,Monmouth County,Howell Township,Census Tract 8115.02,34025811502,-74.163942,40.131266,340258115021
Block Group 2,340155014042,1218,630,0.44,Gloucester County,Glassboro Borough,Census Tract 5014.04,34015501404,-75.129936,39.717563,340155014042
Block Group 4,340311245004,904,333,0.1,Passaic County,Clifton City,Census Tract 1245,34031124500,-74.154959,40.865955,340311245004
Block Group 5,340311245005,2120,1083,0.19,Passaic County,Clifton City,Census Tract 1245,34031124500,-74.149421,40.861135,340311245005
Block Group 1,340030462001,1485,510,0.11,Bergen County,Ridgefield Park Village,Census Tract 462,34003046200,-74.019222,40.862322,340030462001
Block Group 3,340030381003,1142,584,0.08,Bergen County,North Arlington Borough,Census Tract 381,34003038100,-74.129723,40.795988,340030381003
Block Group 1,340030216001,1038,383,0.03,Bergen County,Garfield City,Census Tract 216,34003021600,-74.108251,40.872483,340030216001
Block Group 1,340130161001,1059,324,0.25,Essex County,Montclair Township,Census Tract 161,34013016100,-74.199687,40.850442,340130161001
Block Group 3,340130161003,785,276,0.22,Essex County,Montclair Township,Census Tract 161,34013016100,-74.206275,40.850442,340130161003
Block Group 1,340130178001,955,439,0.09,Essex County,West Orange Township,Census Tract 178,34013017800,-74.241146,40.775616,340130178001
Block Group 4,340130178004,899,309,0.04,Essex County,West Orange Township,Census Tract 178,34013017800,-74.246669,40.76862,340130178004
Block Group 1,340258050011,2388,1254,0.31,Monmouth County,Eatontown Borough,Census Tract 8050.01,34025805001,-74.066789,40.294632,340258050011
Block Group 2,340258084012,647,435,0.16,Monmouth County,Belmar Borough,Census Tract 8084.01,34025808401,-74.020178,40.182209,340258084012
Block Group 1,340258046001,1947,744,1.94,Monmouth County,Tinton Falls Borough,Census Tract 8046,34025804600,-74.099912,40.289513,340258046001
Block Group 2,340390354002,1653,601,1.28,Union County,Linden City,Census Tract 354,34039035400,-74.222301,40.62662,340390354002
Block Group 4,340130160004,889,355,0.14,Essex County,Glen Ridge Borough,Census Tract 160,34013016000,-74.202005,40.802966,340130160004
Block Group 5,340130160005,1014,409,0.19,Essex County,Glen Ridge Borough,Census Tract 160,34013016000,-74.207269,40.800081,340130160005
Block Group 4,340130161004,1997,245,0.17,Essex County,Montclair Township,Census Tract 161,34013016100,-74.20227,40.857245,340130161004
Block Group 1,340130162001,1234,428,0.29,Essex County,Montclair Township,Census Tract 162,34013016200,-74.187181,40.847585,340130162001
Block Group 4,340130162004,782,238,0.16,Essex County,Montclair Township,Census Tract 162,34013016200,-74.201603,40.843451,340130162004
Block Group 5,340258037005,885,308,0.15,Monmouth County,Fair Haven Borough,Census Tract 8037,34025803700,-74.039726,40.36055,340258037005
Block Group 4,340030571024,1048,438,0.11,Bergen County,Wallington Borough,Census Tract 571.02,34003057102,-74.104742,40.845218,340030571024
Block Group 2,340030572002,1625,683,0.09,Bergen County,Wallington Borough,Census Tract 572,34003057200,-74.114099,40.85589,340030572002
Block Group 3,340030572003,802,334,0.04,Bergen County,Wallington Borough,Census Tract 572,34003057200,-74.109762,40.851258,340030572003
Block Group 6,340030101006,1035,334,0.12,Bergen County,Dumont Borough,Census Tract 101,34003010100,-73.984815,40.943397,340030101006
Block Group 3,340030333003,929,351,0.08,Bergen County,Maywood Borough,Census Tract 333,34003033300,-74.063685,40.892459,340030333003
Block Group 1,340190109001,1221,530,0.9,Hunterdon County,High Bridge Borough,Census Tract 109,34019010900,-74.89589,40.672396,340190109001
Block Group 5,340030371005,846,303,0.09,Bergen County,New Milford Borough,Census Tract 371,34003037100,-74.020374,40.94963,340030371005
Block Group 4,340030545004,1288,483,0.19,Bergen County,Teaneck Township,Census Tract 545,34003054500,-74.012843,40.882458,340030545004
Block Group 5,340030312005,618,262,0.05,Bergen County,Lyndhurst Township,Census Tract 312,34003031200,-74.119619,40.818284,340030312005
Block Group 3,340030513003,767,338,0.07,Bergen County,Rutherford Borough,Census Tract 513,34003051300,-74.105674,40.830146,340030513003
Block Group 3,340030280013,919,292,0.1,Bergen County,Leonia Borough,Census Tract 280.01,34003028001,-73.984152,40.870981,340030280013
Block Group 1,340030581001,1197,399,0.64,Bergen County,Washington Township,Census Tract 581,34003058100,-74.076675,40.990711,340030581001
Block Group 2,340030581002,1164,432,0.44,Bergen County,Washington Township,Census Tract 581,34003058100,-74.065391,40.996087,340030581002
Block Group 3,340010105013,2103,1069,2.57,Atlantic County,Galloway Township,Census Tract 105.01,34001010501,-74.474973,39.482458,340010105013
Block Group 1,340230062041,1878,768,0.45,Middlesex County,North Brunswick Township,Census Tract 62.04,34023006204,-74.512743,40.438352,340230062041
Block Group 1,340230062051,1182,442,0.19,Middlesex County,North Brunswick Township,Census Tract 62.05,34023006205,-74.506093,40.45775,340230062051
Block Group 2,340230062052,2091,850,0.35,Middlesex County,North Brunswick Township,Census Tract 62.05,34023006205,-74.498277,40.45011,340230062052
Block Group 3,340230062053,1928,769,0.66,Middlesex County,North Brunswick Township,Census Tract 62.05,34023006205,-74.515378,40.44753,340230062053
Block Group 1,340155013011,1115,521,0.35,Gloucester County,Pitman Borough,Census Tract 5013.01,34015501301,-75.11781,39.736205,340155013011
Block Group 1,340155013021,1147,593,0.13,Gloucester County,Pitman Borough,Census Tract 5013.02,34015501302,-75.130851,39.731746,340155013021
Block Group 3,340230021023,1834,756,0.22,Middlesex County,Metuchen Borough,Census Tract 21.02,34023002102,-74.353877,40.537263,340230021023
Block Group 1,340230022001,1014,437,0.19,Middlesex County,Metuchen Borough,Census Tract 22,34023002200,-74.355389,40.532087,340230022001
Block Group 2,340230022002,1054,409,0.22,Middlesex County,Metuchen Borough,Census Tract 22,34023002200,-74.372539,40.533614,340230022002
Block Group 1,340230023011,2059,767,0.4,Middlesex County,Woodbridge Township,Census Tract 23.01,34023002301,-74.322434,40.603221,340230023011
Block Group 2,340230023012,1854,615,0.26,Middlesex County,Woodbridge Township,Census Tract 23.01,34023002301,-74.333877,40.602269,340230023012
Block Group 2,340155013022,1526,650,0.25,Gloucester County,Pitman Borough,Census Tract 5013.02,34015501302,-75.131512,39.728133,340155013022
Block Group 2,340155013032,1007,358,0.27,Gloucester County,Pitman Borough,Census Tract 5013.03,34015501303,-75.139837,39.736305,340155013032
Block Group 1,340230023021,2130,725,0.43,Middlesex County,Woodbridge Township,Census Tract 23.02,34023002302,-74.335352,40.592443,340230023021
Block Group 1,340076011011,1090,313,0.11,Camden County,Camden City,Census Tract 6011.01,34007601101,-75.09125,39.948379,340076011011
Block Group 2,340076011012,1937,611,0.18,Camden County,Camden City,Census Tract 6011.01,34007601101,-75.084452,39.949434,340076011012
Block Group 1,340390393021,1103,334,0.07,Union County,Plainfield City,Census Tract 393.02,34039039302,-74.420126,40.617981,340390393021
Block Group 2,340390307042,1644,644,0.05,Union County,Elizabeth City,Census Tract 307.04,34039030704,-74.219414,40.65883,340390307042
Block Group 4,340390315004,1125,366,0.05,Union County,Elizabeth City,Census Tract 315,34039031500,-74.203468,40.677314,340390315004
Block Group 2,340390389002,1808,554,0.11,Union County,Plainfield City,Census Tract 389,34039038900,-74.411605,40.630973,340390389002
Block Group 4,340390387014,1060,362,0.17,Union County,Fanwood Borough,Census Tract 387.01,34039038701,-74.395751,40.639925,340390387014
Block Group 1,340390387011,1228,432,0.16,Union County,Fanwood Borough,Census Tract 387.01,34039038701,-74.381238,40.634734,340390387011
Block Group 2,340390335022,3733,1148,0.65,Union County,Union Township,Census Tract 335.02,34039033502,-74.232276,40.678686,340390335022
Block Group 1,340390313011,1544,507,0.07,Union County,Elizabeth City,Census Tract 313.01,34039031301,-74.197336,40.68128,340390313011
Block Group 4,340390314004,1093,368,0.04,Union County,Elizabeth City,Census Tract 314,34039031400,-74.205541,40.673144,340390314004
Block Group 4,340390387024,1088,378,0.16,Union County,Fanwood Borough,Census Tract 387.02,34039038702,-74.386899,40.64924,340390387024
Block Group 3,340390387013,743,245,0.15,Union County,Fanwood Borough,Census Tract 387.01,34039038701,-74.392535,40.643415,340390387013
Block Group 2,340390395012,1598,403,0.08,Union County,Plainfield City,Census Tract 395.01,34039039501,-74.438131,40.603121,340390395012
Block Group 1,340390321021,787,269,0.08,Union County,Elizabeth City,Census Tract 321.02,34039032102,-74.237574,40.671866,340390321021
Block Group 2,340390320042,1742,698,0.05,Union County,Elizabeth City,Census Tract 320.04,34039032004,-74.239618,40.662071,340390320042
Block Group 1,340390327011,960,349,0.08,Union County,Union Township,Census Tract 327.01,34039032701,-74.275578,40.702333,340390327011
Block Group 1,340390324011,855,282,0.04,Union County,Hillside Township,Census Tract 324.01,34039032401,-74.227465,40.694612,340390324011
Block Group 3,340390316013,1836,876,0.05,Union County,Elizabeth City,Census Tract 316.01,34039031601,-74.211527,40.680411,340390316013
Block Group 1,340076071001,652,254,0.13,Camden County,Runnemede Borough,Census Tract 6071,34007607100,-75.078272,39.854265,340076071001
Block Group 2,340076071002,642,257,0.11,Camden County,Runnemede Borough,Census Tract 6071,34007607100,-75.075186,39.844487,340076071002
Block Group 2,340390362002,1757,653,0.43,Union County,Clark Township,Census Tract 362,34039036200,-74.304754,40.614845,340390362002
Block Group 2,340297171012,2569,832,2.47,Ocean County,Jackson Township,Census Tract 7171.01,34029717101,-74.270349,40.154655,340297171012
Block Group 1,340297312031,973,685,1.93,Ocean County,Berkeley Township,Census Tract 7312.03,34029731203,-74.297777,39.952076,340297312031
Block Group 2,340297138002,1262,664,0.3,Ocean County,Brick Township,Census Tract 7138,34029713800,-74.09633,40.048683,340297138002
Block Group 1,340297202021,1691,1019,2,Ocean County,Manchester Township,Census Tract 7202.02,34029720202,-74.253444,40.017058,340297202021
Block Group 3,340297202043,2282,776,0.68,Ocean County,Manchester Township,Census Tract 7202.04,34029720204,-74.247406,39.997988,340297202043
Block Group 1,340297250021,2211,751,0.38,Ocean County,Beachwood Borough,Census Tract 7250.02,34029725002,-74.194207,39.922993,340297250021
Block Group 1,340258094001,1181,417,0.34,Monmouth County,Brielle Borough,Census Tract 8094,34025809400,-74.060657,40.115159,340258094001
Block Group 2,340270426022,2066,843,1.05,Morris County,Florham Park Borough,Census Tract 426.02,34027042602,-74.388932,40.763902,340270426022
Block Group 1,340230082071,1067,595,0.53,Middlesex County,Monroe Township,Census Tract 82.07,34023008207,-74.445269,40.334731,340230082071
Block Group 1,340330216001,1019,443,0.24,Salem County,Pennsville Township,Census Tract 216,34033021600,-75.524003,39.651062,340330216001
Block Group 1,340330212011,1489,642,12.83,Salem County,Alloway Township,Census Tract 212.01,34033021201,-75.351774,39.582255,340330212011
Block Group 1,340230082091,1684,566,0.48,Middlesex County,Monroe Township,Census Tract 82.09,34023008209,-74.384347,40.369409,340230082091
Block Group 1,340030021001,835,327,1.24,Bergen County,Alpine Borough,Census Tract 21,34003002100,-73.931686,40.937137,340030021001
Block Group 4,340270451004,1196,441,0.14,Morris County,Wharton Borough,Census Tract 451,34027045100,-74.582586,40.899393,340270451004
Block Group 3,340390313023,1360,431,0.04,Union County,Elizabeth City,Census Tract 313.02,34039031302,-74.202775,40.672284,340390313023
Block Group 4,340390304004,1828,677,0.05,Union County,Elizabeth City,Census Tract 304,34039030400,-74.184144,40.650557,340390304004
Block Group 1,340390398011,1244,452,0.03,Union County,Elizabeth City,Census Tract 398.01,34039039801,-74.182282,40.655298,340390398011
Block Group 2,340390307032,1239,414,0.05,Union County,Elizabeth City,Census Tract 307.03,34039030703,-74.217952,40.649638,340390307032
Block Group 3,340350527013,945,406,5.19,Somerset County,Bernardsville Borough,Census Tract 527.01,34035052701,-74.606051,40.730819,340350527013
Block Group 2,340350537052,1459,565,0.32,Somerset County,Hillsborough Township,Census Tract 537.05,34035053705,-74.668104,40.504916,340350537052
Block Group 2,340390381032,1270,431,0.41,Union County,New Providence Borough,Census Tract 381.03,34039038103,-74.415246,40.704168,340390381032
Block Group 1,340390327021,1095,396,0.11,Union County,Union Township,Census Tract 327.02,34039032702,-74.262362,40.713877,340390327021
Block Group 3,340390351003,2082,992,0.11,Union County,Linden City,Census Tract 351,34039035100,-74.249222,40.634417,340390351003
Block Group 3,340350538043,897,373,0.3,Somerset County,Hillsborough Township,Census Tract 538.04,34035053804,-74.643229,40.510322,340350538043
Block Group 3,340350538073,1364,451,1.41,Somerset County,Hillsborough Township,Census Tract 538.07,34035053807,-74.614919,40.486031,340350538073
Block Group 1,340155010031,1329,550,0.31,Gloucester County,Woodbury City,Census Tract 5010.03,34015501003,-75.162846,39.841857,340155010031
Block Group 2,340030383002,710,283,0.06,Bergen County,North Arlington Borough,Census Tract 383,34003038300,-74.135336,40.796501,340030383002
Block Group 1,340076025031,1036,345,0.15,Camden County,Pennsauken Township,Census Tract 6025.03,34007602503,-75.071761,39.941374,340076025031
Block Group 2,340076025032,750,252,0.14,Camden County,Pennsauken Township,Census Tract 6025.03,34007602503,-75.074551,39.937629,340076025032
Block Group 1,340270416051,1095,466,0.65,Morris County,Parsippany-Troy Hills Township,Census Tract 416.05,34027041605,-74.479861,40.86194,340270416051
Block Group 3,340076025033,835,309,0.11,Camden County,Pennsauken Township,Census Tract 6025.03,34007602503,-75.082648,39.938039,340076025033
Block Group 5,340390383005,1458,500,0.84,Union County,Mountainside Borough,Census Tract 383,34039038300,-74.343778,40.676045,340390383005
Block Group 1,340390384001,934,359,0.99,Union County,Scotch Plains Township,Census Tract 384,34039038400,-74.392197,40.667157,340390384001
Block Group 2,340390384002,1796,642,0.24,Union County,Scotch Plains Township,Census Tract 384,34039038400,-74.397203,40.654338,340390384002
Block Group 2,340390329012,1499,580,0.14,Union County,Union Township,Census Tract 329.01,34039032901,-74.290271,40.706117,340390329012
Block Group 1,340390337001,1473,497,0.09,Union County,Roselle Park Borough,Census Tract 337,34039033700,-74.255218,40.664716,340390337001
Block Group 2,340390345002,1026,631,0.05,Union County,Linden City,Census Tract 345,34039034500,-74.243328,40.648123,340390345002
Block Group 4,340390345004,860,286,0.07,Union County,Linden City,Census Tract 345,34039034500,-74.237322,40.649931,340390345004
Block Group 1,340390346001,1117,398,0.08,Union County,Linden City,Census Tract 346,34039034600,-74.249774,40.63989,340390346001
Block Group 3,340390348003,756,282,0.11,Union County,Linden City,Census Tract 348,34039034800,-74.284094,40.639811,340390348003
Block Group 3,340170003003,1450,669,0.03,Hudson County,Jersey City,Census Tract 3,34017000300,-74.044164,40.749188,340170003003
Block Group 1,340170004001,1896,714,0.06,Hudson County,Jersey City,Census Tract 4,34017000400,-74.056254,40.751355,340170004001
Block Group 1,340170005001,2162,852,0.04,Hudson County,Jersey City,Census Tract 5,34017000500,-74.05077,40.750564,340170005001
Block Group 2,340170005002,993,415,0.02,Hudson County,Jersey City,Census Tract 5,34017000500,-74.051057,40.749496,340170005002
Block Group 1,340170006001,1460,582,0.02,Hudson County,Jersey City,Census Tract 6,34017000600,-74.053591,40.747623,340170006001
Block Group 3,340170006003,1319,600,0.03,Hudson County,Jersey City,Census Tract 6,34017000600,-74.052073,40.744258,340170006003
Block Group 4,340170006004,1124,494,0.03,Hudson County,Jersey City,Census Tract 6,34017000600,-74.050114,40.747074,340170006004
Block Group 2,340170003002,1690,717,0.04,Hudson County,Jersey City,Census Tract 3,34017000300,-74.043039,40.750714,340170003002
Block Group 4,340258053004,1489,721,0.99,Monmouth County,Oceanport Borough,Census Tract 8053,34025805300,-74.022015,40.309647,340258053004
Block Group 1,340010101051,696,991,0.67,Atlantic County,Brigantine City,Census Tract 101.05,34001010105,-74.412657,39.384108,340010101051
Block Group 4,340010105014,2833,1233,28.64,Atlantic County,Galloway Township; Port Republic City,Census Tract 105.01,34001010501,-74.384068,39.497476,340010105014
Block Group 2,340010133022,753,687,0.11,Atlantic County,Ventnor City,Census Tract 133.02,34001013302,-74.477676,39.334715,340010133022
Block Group 2,340390383002,1639,623,0.66,Union County,Mountainside Borough,Census Tract 383,34039038300,-74.369175,40.67083,340390383002
Block Group 3,340390383003,1239,459,1.71,Union County,Mountainside Borough,Census Tract 383,34039038300,-74.364583,40.686187,340390383003
Block Group 5,340130205005,1427,484,0.27,Essex County,Livingston Township,Census Tract 205,34013020500,-74.309831,40.806212,340130205005
Block Group 1,340130206001,957,314,0.34,Essex County,Livingston Township,Census Tract 206,34013020600,-74.301045,40.776627,340130206001
Block Group 1,340030611001,1642,557,0.69,Bergen County,Wyckoff Township,Census Tract 611,34003061100,-74.157723,41.017855,340030611001
Block Group 5,340230018065,87,5,2.3,Middlesex County,Edison Township,Census Tract 18.06,34023001806,-74.375072,40.48746,340230018065
Block Group 4,340230018064,61,13,0.36,Middlesex County,Edison Township,Census Tract 18.06,34023001806,-74.354049,40.510195,340230018064
Block Group 1,340258086001,2000,700,10.21,Monmouth County,Wall Township,Census Tract 8086,34025808600,-74.119971,40.200119,340258086001
Block Group 2,340258086002,1364,492,0.38,Monmouth County,Wall Township,Census Tract 8086,34025808600,-74.069125,40.178103,340258086002
Block Group 4,340258070044,538,435,0.03,Monmouth County,Asbury Park City,Census Tract 8070.04,34025807004,-74.002873,40.226699,340258070044
Block Group 2,340258017002,598,245,0.04,Monmouth County,Keansburg Borough,Census Tract 8017,34025801700,-74.136516,40.45087,340258017002
Block Group 4,340030032004,865,402,0.11,Bergen County,Bergenfield Borough,Census Tract 32,34003003200,-73.998411,40.917842,340030032004
Block Group 4,340350541004,935,473,0.66,Somerset County,Bernards Township,Census Tract 541,34035054100,-74.558251,40.654275,340350541004
Block Group 2,340350541002,1868,918,0.41,Somerset County,Bernards Township,Census Tract 541,34035054100,-74.559634,40.659287,340350541002
Block Group 2,340155010022,1626,782,0.31,Gloucester County,Woodbury City,Census Tract 5010.02,34015501002,-75.151841,39.829913,340155010022
Block Group 4,340258038004,1223,413,1.57,Monmouth County,Rumson Borough,Census Tract 8038,34025803800,-74.00441,40.351899,340258038004
Block Group 1,340258039001,1549,546,0.46,Monmouth County,Rumson Borough,Census Tract 8039,34025803900,-73.999281,40.369015,340258039001
Block Group 1,340030172001,1788,985,0.35,Bergen County,Fair Lawn Borough,Census Tract 172,34003017200,-74.127072,40.944038,340030172001
Block Group 2,340090208002,823,2549,0.72,Cape May County,Sea Isle City,Census Tract 208,34009020800,-74.705558,39.141573,340090208002
Block Group 2,340297201042,1048,820,0.26,Ocean County,Manchester Township,Census Tract 7201.04,34029720104,-74.363988,39.95977,340297201042
Block Group 2,340210043122,1462,442,1.07,Mercer County,Robbinsville Township,Census Tract 43.12,34021004312,-74.610531,40.227843,340210043122
Block Group 1,340010125011,1331,590,0.39,Atlantic County,Linwood City,Census Tract 125.01,34001012501,-74.572513,39.360137,340010125011
Block Group 1,340270426011,635,215,1.17,Morris County,Florham Park Borough,Census Tract 426.01,34027042601,-74.406488,40.785338,340270426011
Block Group 1,340258033001,858,272,1.21,Monmouth County,Holmdel Township,Census Tract 8033,34025803300,-74.176242,40.383065,340258033001
Block Group 1,340076044001,1798,784,0.48,Camden County,Collingswood Borough,Census Tract 6044,34007604400,-75.076073,39.913189,340076044001
Block Group 5,340030050005,940,350,3.45,Bergen County,Carlstadt Borough,Census Tract 50,34003005000,-74.05358,40.823518,340030050005
Block Group 2,340297221002,2287,655,1.98,Ocean County,Toms River Township,Census Tract 7221,34029722100,-74.204981,40.00655,340297221002
Block Group 1,340297173001,1998,607,2.28,Ocean County,Jackson Township,Census Tract 7173,34029717300,-74.406763,40.143315,340297173001
Block Group 1,340297174001,822,326,17.87,Ocean County,Jackson Township,Census Tract 7174,34029717400,-74.409108,40.06918,340297174001
Block Group 2,340297228002,1456,613,0.16,Ocean County,Toms River Township,Census Tract 7228,34029722800,-74.196191,39.965988,340297228002
Block Group 2,340297141002,1710,837,0.56,Ocean County,Brick Township,Census Tract 7141,34029714100,-74.133183,40.025834,340297141002
Block Group 2,340270418012,1679,761,0.27,Morris County,Parsippany-Troy Hills Township,Census Tract 418.01,34027041801,-74.423915,40.858021,340270418012
Block Group 3,340270447013,1747,873,1.09,Morris County,Jefferson Township,Census Tract 447.01,34027044701,-74.624477,40.968515,340270447013
Block Group 5,340130149005,735,263,0.12,Essex County,Bloomfield Township,Census Tract 149,34013014900,-74.174551,40.824527,340130149005
Block Group 2,340130153002,996,379,0.09,Essex County,Bloomfield Township,Census Tract 153,34013015300,-74.185343,40.796997,340130153002
Block Group 2,340270436022,1657,846,0.18,Morris County,Morristown Town,Census Tract 436.02,34027043602,-74.465682,40.79167,340270436022
Block Group 1,340312238021,1174,444,0.17,Passaic County,Totowa Borough,Census Tract 2238.02,34031223802,-74.208732,40.909997,340312238021
Block Group 4,340312238024,1346,505,0.15,Passaic County,Totowa Borough,Census Tract 2238.02,34031223802,-74.21525,40.906985,340312238024
Block Group 1,340297158001,6065,1523,1.88,Ocean County,Lakewood Township,Census Tract 7158,34029715800,-74.200062,40.056866,340297158001
Block Group 2,340210035002,886,324,0.2,Mercer County,Ewing Township,Census Tract 35,34021003500,-74.761625,40.2535,340210035002
Block Group 3,340210035003,1752,852,0.35,Mercer County,Ewing Township,Census Tract 35,34021003500,-74.768909,40.249919,340210035003
Block Group 4,340210035004,1193,474,0.22,Mercer County,Ewing Township,Census Tract 35,34021003500,-74.772677,40.255917,340210035004
Block Group 6,340210035006,2102,951,0.48,Mercer County,Ewing Township,Census Tract 35,34021003500,-74.766853,40.262066,340210035006
Block Group 1,340210036011,1815,738,0.31,Mercer County,Ewing Township,Census Tract 36.01,34021003601,-74.779837,40.246344,340210036011
Block Group 2,340350501002,2128,980,0.38,Somerset County,Somerville Borough,Census Tract 501,34035050100,-74.620246,40.574371,340350501002
Block Group 1,340350533001,2616,829,0.6,Somerset County,Franklin Township,Census Tract 533,34035053300,-74.490035,40.485211,340350533001
Block Group 1,340350501001,904,389,0.13,Somerset County,Somerville Borough,Census Tract 501,34035050100,-74.604624,40.569582,340350501001
Block Group 4,340311824004,1507,449,0.04,Passaic County,Paterson City,Census Tract 1824,34031182400,-74.151559,40.915104,340311824004
Block Group 4,340170159004,1112,359,0.02,Hudson County,West New York Town,Census Tract 159,34017015900,-74.017363,40.785558,340170159004
Block Group 5,340170028005,799,447,0.02,Hudson County,Jersey City,Census Tract 28,34017002800,-74.075429,40.725508,340170028005
Block Group 3,340170125003,1250,462,0.06,Hudson County,Kearny Town,Census Tract 125,34017012500,-74.149163,40.767816,340170125003
Block Group 3,340170040003,1028,437,0.07,Hudson County,Jersey City,Census Tract 40,34017004000,-74.09198,40.724001,340170040003
Block Group 3,340170127003,1854,757,0.08,Hudson County,Kearny Town,Census Tract 127,34017012700,-74.141349,40.766077,340170127003
Block Group 3,340170105003,1123,493,0.06,Hudson County,Bayonne City,Census Tract 105,34017010500,-74.11211,40.6779,340170105003
Block Group 1,340170114001,882,320,0.03,Hudson County,Bayonne City,Census Tract 114,34017011400,-74.123951,40.652992,340170114001
Block Group 1,340170174001,1274,516,0.02,Hudson County,Union City,Census Tract 174,34017017400,-74.035249,40.762052,340170174001
Block Group 2,340230084052,2302,751,1.05,Middlesex County,South Brunswick Township,Census Tract 84.05,34023008405,-74.53537,40.422065,340230084052
Block Group 3,340076016003,842,331,0.09,Camden County,Camden City,Census Tract 6016,34007601600,-75.114194,39.926467,340076016003
Block Group 5,340076078015,939,528,0.14,Camden County,Lindenwold Borough,Census Tract 6078.01,34007607801,-75.00745,39.807207,340076078015
Block Group 4,340311250004,986,302,0.04,Passaic County,Clifton City,Census Tract 1250,34031125000,-74.132844,40.877827,340311250004
Block Group 2,340057029082,2042,669,1.28,Burlington County,Mount Laurel Township,Census Tract 7029.08,34005702908,-74.895003,39.925408,340057029082
Block Group 2,340311821002,1417,512,0.05,Passaic County,Paterson City,Census Tract 1821,34031182100,-74.166784,40.899799,340311821002
Block Group 3,340312568053,2153,847,6.78,Passaic County,West Milford Township,Census Tract 2568.05,34031256805,-74.388338,41.034568,340312568053
Block Group 4,340312568024,1176,443,7.41,Passaic County,West Milford Township,Census Tract 2568.02,34031256802,-74.33476,41.113377,340312568024
Block Group 6,340311247006,1378,409,0.16,Passaic County,Clifton City,Census Tract 1247,34031124700,-74.145557,40.885623,340311247006
Block Group 4,340076077024,2548,1144,0.24,Camden County,Lindenwold Borough,Census Tract 6077.02,34007607702,-74.987012,39.816899,340076077024
Block Group 4,340076078014,1462,691,0.21,Camden County,Lindenwold Borough,Census Tract 6078.01,34007607801,-75.01549,39.808311,340076078014
Block Group 1,340230086061,1037,306,0.08,Middlesex County,Plainsboro Township,Census Tract 86.06,34023008606,-74.561005,40.32934,340230086061
Block Group 3,340230086063,1994,1035,0.09,Middlesex County,Plainsboro Township,Census Tract 86.06,34023008606,-74.560207,40.333091,340230086063
Block Group 1,340270403021,1433,475,0.44,Morris County,Pequannock Township,Census Tract 403.02,34027040302,-74.304978,40.96676,340270403021
Block Group 2,340270455042,1340,670,0.63,Morris County,Roxbury Township,Census Tract 455.04,34027045504,-74.659792,40.869435,340270455042
Block Group 4,340297180004,3506,1371,7.13,Ocean County,Plumsted Township,Census Tract 7180,34029718000,-74.471947,40.088352,340297180004
Block Group 2,340297132032,2961,1142,0.47,Ocean County,Brick Township,Census Tract 7132.03,34029713203,-74.115702,40.106172,340297132032
Block Group 2,340297270022,528,976,0.24,Ocean County,Toms River Township,Census Tract 7270.02,34029727002,-74.071061,39.951821,340297270022
Block Group 1,340258115011,1515,511,0.47,Monmouth County,Howell Township,Census Tract 8115.01,34025811501,-74.150835,40.105237,340258115011
Block Group 1,340312036001,1512,495,0.26,Passaic County,Prospect Park Borough,Census Tract 2036,34031203600,-74.174514,40.940646,340312036001
Block Group 4,340312036004,1276,400,0.06,Passaic County,Prospect Park Borough,Census Tract 2036,34031203600,-74.169793,40.933785,340312036004
Block Group 5,340312036005,1368,427,0.05,Passaic County,Prospect Park Borough,Census Tract 2036,34031203600,-74.170507,40.93776,340312036005
Block Group 2,340258125012,1003,353,2.29,Monmouth County,Millstone Township,Census Tract 8125.01,34025812501,-74.3939,40.185297,340258125012
Block Group 1,340155017011,2334,821,3.32,Gloucester County,Franklin Township,Census Tract 5017.01,34015501701,-75.033859,39.648445,340155017011
Block Group 2,340390336002,2020,742,1.14,Union County,Kenilworth Borough,Census Tract 336,34039033600,-74.278721,40.678547,340390336002
Block Group 2,340076082102,2299,1236,1.44,Camden County,Gloucester Township,Census Tract 6082.10,34007608210,-75.044696,39.783111,340076082102
Block Group 2,340297311012,836,330,0.21,Ocean County,Berkeley Township,Census Tract 7311.01,34029731101,-74.150237,39.925898,340297311012
Block Group 3,340311243113,1126,410,0.22,Passaic County,Clifton City,Census Tract 1243.11,34031124311,-74.177667,40.859846,340311243113
Block Group 2,340010118042,1378,705,6.78,Atlantic County,Egg Harbor Township,Census Tract 118.04,34001011804,-74.64863,39.327854,340010118042
Block Group 2,340010117022,2480,1035,8.64,Atlantic County,Egg Harbor Township,Census Tract 117.02,34001011702,-74.564141,39.434614,340010117022
Block Group 2,340010130002,387,580,0.1,Atlantic County,Margate City,Census Tract 130,34001013000,-74.501418,39.330868,340010130002
Block Group 1,340010132011,717,674,0.05,Atlantic County,Ventnor City,Census Tract 132.01,34001013201,-74.46763,39.343616,340010132011
Block Group 5,340350541005,2094,659,1.63,Somerset County,Bernards Township,Census Tract 541,34035054100,-74.563116,40.685907,340350541005
Block Group 2,340390316022,2354,873,0.1,Union County,Elizabeth City,Census Tract 316.02,34039031602,-74.211292,40.684873,340390316022
Block Group 1,340390318021,1770,689,0.07,Union County,Elizabeth City,Census Tract 318.02,34039031802,-74.2231,40.672887,340390318021
Block Group 5,340390322005,1133,392,0.08,Union County,Hillside Township,Census Tract 322,34039032200,-74.226239,40.701581,340390322005
Block Group 4,340390367004,2652,928,0.4,Union County,Westfield Town,Census Tract 367,34039036700,-74.336979,40.641706,340390367004
Block Group 1,340076019001,1926,788,0.31,Camden County,Camden City,Census Tract 6019,34007601900,-75.110117,39.911846,340076019001
Block Group 1,340130105001,1421,578,0.05,Essex County,East Orange City,Census Tract 105,34013010500,-74.212808,40.768762,340130105001
Block Group 1,340130119001,1164,544,0.07,Essex County,Irvington Township,Census Tract 119,34013011900,-74.225328,40.728273,340130119001
Block Group 1,340130120001,1355,516,0.11,Essex County,Irvington Township,Census Tract 120,34013012000,-74.240485,40.715136,340130120001
Block Group 2,340230040002,2465,811,0.29,Middlesex County,Perth Amboy City,Census Tract 40,34023004000,-74.288667,40.532008,340230040002
Block Group 1,340230006081,1609,649,0.28,Middlesex County,Piscataway Township,Census Tract 6.08,34023000608,-74.461441,40.53151,340230006081
Block Group 1,340230007011,874,265,0.92,Middlesex County,Piscataway Township,Census Tract 7.01,34023000701,-74.505189,40.555401,340230007011
Block Group 2,340230078012,983,365,5.39,Middlesex County,Old Bridge Township,Census Tract 78.01,34023007801,-74.324055,40.426892,340230078012
Block Group 2,340410322002,2776,897,1.2,Warren County,Lopatcong Township,Census Tract 322,34041032200,-75.160746,40.714435,340410322002
Block Group 1,340297200011,1481,545,11.16,Ocean County,Manchester Township,Census Tract 7200.01,34029720001,-74.407178,39.897088,340297200011
Block Group 1,340270444031,2815,1019,2.26,Morris County,Rockaway Township,Census Tract 444.03,34027044403,-74.49373,40.924883,340270444031
Block Group 3,340258054003,1577,940,0.35,Monmouth County,Long Branch City,Census Tract 8054,34025805400,-73.978588,40.319473,340258054003
Block Group 2,340155016092,2030,616,0.92,Gloucester County,Monroe Township,Census Tract 5016.09,34015501609,-75.047193,39.68237,340155016092
Block Group 1,340057011021,1316,651,1.36,Burlington County,Burlington Township,Census Tract 7011.02,34005701102,-74.834763,40.056143,340057011021
Block Group 1,340057024001,1144,448,9.99,Burlington County,Springfield Township,Census Tract 7024,34005702400,-74.761085,40.042753,340057024001
Block Group 3,340057006023,1026,390,1.15,Burlington County,Delran Township,Census Tract 7006.02,34005700602,-74.937899,40.020006,340057006023
Block Group 2,340057040092,2460,992,2.04,Burlington County,Evesham Township,Census Tract 7040.09,34005704009,-74.878877,39.869572,340057040092
Block Group 2,340057028072,1678,681,0.5,Burlington County,Willingboro Township,Census Tract 7028.07,34005702807,-74.899737,40.044125,340057028072
Block Group 2,340057014012,1748,773,5.9,Burlington County,Mansfield Township,Census Tract 7014.01,34005701401,-74.674626,40.071645,340057014012
Block Group 1,340057031021,845,279,3.29,Burlington County,Lumberton Township,Census Tract 7031.02,34005703102,-74.83401,39.948876,340057031021
Block Group 2,340110408002,1629,596,1.55,Cumberland County,Vineland City,Census Tract 408,34011040800,-74.983123,39.445963,340110408002
Block Group 1,340270459031,1645,626,10.38,Morris County,Chester Township,Census Tract 459.03,34027045903,-74.704676,40.751358,340270459031
Block Group 2,340270459032,1485,528,4.71,Morris County,Chester Township,Census Tract 459.03,34027045903,-74.667619,40.759394,340270459032
Block Group 2,340270417042,1823,976,0.81,Morris County,Parsippany-Troy Hills Township,Census Tract 417.04,34027041704,-74.349595,40.853726,340270417042
Block Group 3,340270404003,1731,744,1.3,Morris County,Riverdale Borough,Census Tract 404,34027040400,-74.31149,40.992186,340270404003
Block Group 3,340270461103,2149,718,10.43,Morris County,Mount Olive Township,Census Tract 461.10,34027046110,-74.785171,40.884563,340270461103
Block Group 1,340270465001,2640,932,2.56,Morris County,Randolph Township,Census Tract 465,34027046500,-74.59668,40.856256,340270465001
Block Group 3,340270461083,926,318,0.78,Morris County,Mount Olive Township,Census Tract 461.08,34027046108,-74.740188,40.88957,340270461083
Block Group 4,340270457014,1645,537,2.55,Morris County,Randolph Township,Census Tract 457.01,34027045701,-74.621653,40.845815,340270457014
Block Group 3,340270444013,1754,915,13.01,Morris County,Rockaway Township,Census Tract 444.01,34027044401,-74.519623,40.974031,340270444013
Block Group 2,340076074022,1369,611,0.34,Camden County,Somerdale Borough,Census Tract 6074.02,34007607402,-75.009686,39.840916,340076074022
Block Group 3,340076085043,951,414,0.6,Camden County,Pine Hill Borough,Census Tract 6085.04,34007608504,-75.002965,39.787312,340076085043
Block Group 3,340076114003,2681,965,0.59,Camden County,Pine Hill Borough,Census Tract 6114,34007611400,-74.987873,39.787454,340076114003
Block Group 1,340030231001,2041,982,0.64,Bergen County,Hackensack City,Census Tract 231,34003023100,-74.034241,40.902716,340030231001
Block Group 2,340030070012,2119,751,0.73,Bergen County,Closter Borough,Census Tract 70.01,34003007001,-73.967027,40.974432,340030070012
Block Group 3,340110405003,1346,539,0.46,Cumberland County,Vineland City,Census Tract 405,34011040500,-75.031139,39.471623,340110405003
Block Group 1,340110403001,1014,441,0.36,Cumberland County,Vineland City,Census Tract 403,34011040300,-75.003377,39.484263,340110403001
Block Group 2,340110106002,1583,661,11.63,Cumberland County,Hopewell Township; Shiloh Borough,Census Tract 106,34011010600,-75.279007,39.48577,340110106002
Block Group 4,340110409024,1066,422,1.25,Cumberland County,Vineland City,Census Tract 409.02,34011040902,-75.005609,39.516575,340110409024
Block Group 3,340110102003,987,470,11.48,Cumberland County,Commercial Township,Census Tract 102,34011010200,-75.046921,39.238356,340110102003
Block Group 4,340110106004,977,325,13.96,Cumberland County,Hopewell Township,Census Tract 106,34011010600,-75.274274,39.40768,340110106004
Block Group 1,340110409011,877,424,5.27,Cumberland County,Vineland City,Census Tract 409.01,34011040901,-75.058042,39.532182,340110409011
Block Group 1,340110105001,1312,568,18.27,Cumberland County,Stow Creek Township,Census Tract 105,34011010500,-75.337255,39.463502,340110105001
Block Group 1,340230066061,1201,379,0.56,Middlesex County,East Brunswick Township,Census Tract 66.06,34023006606,-74.437299,40.420876,340230066061
Block Group 2,340311243112,1308,508,0.28,Passaic County,Clifton City,Census Tract 1243.11,34031124311,-74.175463,40.865771,340311243112
Block Group 2,340110304012,1330,573,0.39,Cumberland County,Millville City,Census Tract 304.01,34011030401,-75.015992,39.401985,340110304012
Block Group 1,340110407021,1701,677,1.28,Cumberland County,Vineland City,Census Tract 407.02,34011040702,-74.978087,39.483997,340110407021
Block Group 3,340030234013,1640,757,0.09,Bergen County,Hackensack City,Census Tract 234.01,34003023401,-74.059602,40.889441,340030234013
Block Group 4,340057026014,1290,535,0.33,Burlington County,Mount Holly Township,Census Tract 7026.01,34005702601,-74.786949,40.00327,340057026014
Block Group 1,340210045021,639,341,0.25,Mercer County,Princeton,Census Tract 45.02,34021004502,-74.675647,40.349535,340210045021
Block Group 5,340210010005,0,0,0.04,Mercer County,Trenton City,Census Tract 10,34021001000,-74.764197,40.206417,340210010005
Block Group 7,340210043147,1969,673,2,Mercer County,West Windsor Township,Census Tract 43.14,34021004314,-74.664971,40.294805,340210043147
Block Group 1,340210002001,1032,331,0.08,Mercer County,Trenton City,Census Tract 2,34021000200,-74.751801,40.202211,340210002001
Block Group 3,340170005003,1162,453,0.02,Hudson County,Jersey City,Census Tract 5,34017000500,-74.052879,40.748947,340170005003
Block Group 1,340170153001,1474,619,0.02,Hudson County,West New York Town,Census Tract 153,34017015300,-74.004857,40.790516,340170153001
Block Group 3,340170162003,1185,425,0.03,Hudson County,Union City,Census Tract 162,34017016200,-74.025298,40.777793,340170162003
Block Group 2,340170060002,2316,924,0.07,Hudson County,Jersey City,Census Tract 60,34017006000,-74.091268,40.6984,340170060002
Block Group 1,340299801001,2,1,8.12,Ocean County,Little Egg Harbor Township,Census Tract 9801,34029980100,-74.323749,39.537275,340299801001
Block Group 0,340299900000,0,0,0,Ocean County,,Census Tract 9900,34029990000,-74.059014,39.787914,340299900000
Block Group 1,340230071021,1338,519,0.13,Middlesex County,Sayreville Borough,Census Tract 71.02,34023007102,-74.358089,40.460431,340230071021
Block Group 1,340230049001,2193,1032,0.07,Middlesex County,Perth Amboy City,Census Tract 49,34023004900,-74.264518,40.508174,340230049001
Block Group 1,340230024011,1539,547,0.22,Middlesex County,Woodbridge Township,Census Tract 24.01,34023002401,-74.316376,40.596387,340230024011
Block Group 3,340390382023,1928,787,0.69,Union County,Berkeley Heights Township,Census Tract 382.02,34039038202,-74.429223,40.690517,340390382023
Block Group 1,340210034001,625,243,0.45,Mercer County,Ewing Township,Census Tract 34,34021003400,-74.757983,40.240476,340210034001
Block Group 1,340210035001,782,343,0.63,Mercer County,Ewing Township,Census Tract 35,34021003500,-74.755212,40.261169,340210035001
Block Group 2,340057005052,1511,422,1.7,Burlington County,Moorestown Township,Census Tract 7005.05,34005700505,-74.923649,39.990464,340057005052
Block Group 2,340057007012,1513,652,0.3,Burlington County,Riverside Township,Census Tract 7007.01,34005700701,-74.967958,40.037002,340057007012
Block Group 1,340057027021,1396,489,2.01,Burlington County,Westampton Township,Census Tract 7027.02,34005702702,-74.829497,40.007103,340057027021
Block Group 1,340057014011,1881,606,1.49,Burlington County,Mansfield Township,Census Tract 7014.01,34005701401,-74.682035,40.098511,340057014011
Block Group 3,340057001043,0,0,0.61,Burlington County,Palmyra Borough,Census Tract 7001.04,34005700104,-75.046008,40.001771,340057001043
Block Group 2,340057001042,754,297,0.18,Burlington County,Palmyra Borough,Census Tract 7001.04,34005700104,-75.03295,40.001901,340057001042
Block Group 4,340258048024,1549,1372,0.19,Monmouth County,Tinton Falls Borough,Census Tract 8048.02,34025804802,-74.086939,40.232884,340258048024
Block Group 2,340258060002,1390,597,0.33,Monmouth County,Long Branch City,Census Tract 8060,34025806000,-73.99577,40.287787,340258060002
Block Group 2,340076034002,1986,1063,0.69,Camden County,Cherry Hill Township,Census Tract 6034,34007603400,-74.978921,39.914587,340076034002
Block Group 2,340390386012,2257,875,1.2,Union County,Scotch Plains Township,Census Tract 386.01,34039038601,-74.359676,40.622187,340390386012
Block Group 3,340390386013,2439,829,0.54,Union County,Scotch Plains Township,Census Tract 386.01,34039038601,-74.368287,40.638694,340390386013
Block Group 3,340155002023,900,333,0.39,Gloucester County,West Deptford Township,Census Tract 5002.02,34015500202,-75.167443,39.848286,340155002023
Block Group 1,340030242001,1011,299,0.41,Bergen County,Harrington Park Borough,Census Tract 242,34003024200,-73.985332,40.995083,340030242001
Block Group 4,340390380004,819,282,0.11,Union County,Summit City,Census Tract 380,34039038000,-74.353947,40.713167,340390380004
Block Group 5,340390380005,1224,455,0.19,Union County,Summit City,Census Tract 380,34039038000,-74.359575,40.710807,340390380005
Block Group 5,340030242005,844,292,0.2,Bergen County,Harrington Park Borough,Census Tract 242,34003024200,-73.979564,40.993184,340030242005
Block Group 1,340030251001,729,264,0.17,Bergen County,Hasbrouck Heights Borough,Census Tract 251,34003025100,-74.06309,40.870518,340030251001
Block Group 2,340030242002,1227,473,0.68,Bergen County,Harrington Park Borough,Census Tract 242,34003024200,-73.972187,40.992567,340030242002
Block Group 2,340170153002,1168,466,0.02,Hudson County,West New York Town,Census Tract 153,34017015300,-74.006965,40.789685,340170153002
Block Group 3,340170324003,2442,1002,0.04,Hudson County,West New York Town,Census Tract 324,34017032400,-74.013751,40.791624,340170324003
Block Group 1,340170062001,2117,843,0.06,Hudson County,Jersey City,Census Tract 62,34017006200,-74.093665,40.696044,340170062001
Block Group 3,340170101003,1452,594,0.04,Hudson County,Bayonne City,Census Tract 101,34017010100,-74.105394,40.6864,340170101003
Block Group 2,340030262002,1004,331,0.41,Bergen County,Hillsdale Borough,Census Tract 262,34003026200,-74.073332,41.00741,340030262002
Block Group 5,340057048015,0,0,2.43,Burlington County,New Hanover Township,Census Tract 7048.01,34005704801,-74.541839,40.026737,340057048015
Block Group 4,340057040084,1374,681,0.36,Burlington County,Evesham Township,Census Tract 7040.08,34005704008,-74.914964,39.871105,340057040084
Block Group 5,340297390005,317,615,0.16,Ocean County,Surf City Borough,Census Tract 7390,34029739000,-74.172428,39.666354,340297390005
Block Group 2,340170145012,1568,654,0.04,Hudson County,North Bergen Township,Census Tract 145.01,34017014501,-74.019779,40.796408,340170145012
Block Group 1,340170150011,2286,1323,0.01,Hudson County,Guttenberg Town,Census Tract 150.01,34017015001,-73.999993,40.791196,340170150011
Block Group 3,340258051003,742,274,0.68,Monmouth County,Eatontown Borough,Census Tract 8051,34025805100,-74.070367,40.283879,340258051003
Block Group 2,340312568042,1696,597,2.33,Passaic County,West Milford Township,Census Tract 2568.04,34031256804,-74.386967,41.078737,340312568042
Block Group 1,340311251001,1000,334,0.04,Passaic County,Clifton City,Census Tract 1251,34031125100,-74.126944,40.878239,340311251001
Block Group 3,340311810003,1446,462,0.08,Passaic County,Paterson City,Census Tract 1810,34031181000,-74.143888,40.933283,340311810003
Block Group 2,340312568032,2485,1249,2.51,Passaic County,West Milford Township,Census Tract 2568.03,34031256803,-74.368619,41.122457,340312568032
Block Group 6,340312460036,970,334,0.67,Passaic County,Wayne Township,Census Tract 2460.03,34031246003,-74.251029,40.978699,340312460036
Block Group 5,340390355005,919,342,0.08,Union County,Rahway City,Census Tract 355,34039035500,-74.276341,40.617265,340390355005
Block Group 8,340390355008,699,287,0.21,Union County,Rahway City,Census Tract 355,34039035500,-74.28582,40.620244,340390355008
Block Group 1,340390356001,928,362,0.17,Union County,Rahway City,Census Tract 356,34039035600,-74.296107,40.613273,340390356001
Block Group 2,340390356002,905,318,0.18,Union County,Rahway City,Census Tract 356,34039035600,-74.298265,40.608269,340390356002
Block Group 3,340390356003,758,288,0.09,Union County,Rahway City,Census Tract 356,34039035600,-74.299472,40.603461,340390356003
Block Group 4,340390356004,1136,403,0.13,Union County,Rahway City,Census Tract 356,34039035600,-74.299513,40.599379,340390356004
Block Group 1,340390369001,1010,461,0.1,Union County,Garwood Borough,Census Tract 369,34039036900,-74.3194,40.655799,340390369001
Block Group 1,340390394001,2429,626,0.15,Union County,Plainfield City,Census Tract 394,34039039400,-74.429269,40.608688,340390394001
Block Group 2,340390385002,915,316,0.17,Union County,Scotch Plains Township,Census Tract 385,34039038500,-74.370137,40.650813,340390385002
Block Group 6,340390355006,968,436,0.06,Union County,Rahway City,Census Tract 355,34039035500,-74.281001,40.616149,340390355006
Block Group 3,340390376023,1717,718,0.35,Union County,Springfield Township,Census Tract 376.02,34039037602,-74.319605,40.698282,340390376023
Block Group 4,340390331004,886,278,0.06,Union County,Union Township,Census Tract 331,34039033100,-74.265312,40.703462,340390331004
Block Group 3,340390355003,835,296,0.07,Union County,Rahway City,Census Tract 355,34039035500,-74.268933,40.616767,340390355003
Block Group 4,340390355004,1147,485,0.11,Union County,Rahway City,Census Tract 355,34039035500,-74.273707,40.613805,340390355004
Block Group 2,340230010042,1705,554,0.89,Middlesex County,South Plainfield Borough,Census Tract 10.04,34023001004,-74.420301,40.550708,340230010042
Block Group 1,340219800001,1479,1,0.03,Mercer County,Trenton City,Census Tract 9800,34021980000,-74.756247,40.207249,340219800001
Block Group 3,340230067033,749,260,0.22,Middlesex County,East Brunswick Township,Census Tract 67.03,34023006703,-74.365358,40.417358,340230067033
Block Group 4,340230067034,1299,405,0.24,Middlesex County,East Brunswick Township,Census Tract 67.03,34023006703,-74.361054,40.423919,340230067034
Block Group 2,340210042062,1246,464,0.28,Mercer County,Princeton,Census Tract 42.06,34021004206,-74.662578,40.363417,340210042062
Block Group 3,340390371003,966,344,0.13,Union County,Cranford Township,Census Tract 371,34039037100,-74.318254,40.659539,340390371003
Block Group 2,340076092012,1826,817,0.52,Camden County,Winslow Township,Census Tract 6092.01,34007609201,-74.989864,39.71921,340076092012
Block Group 4,340390371004,1226,411,0.24,Union County,Cranford Township,Census Tract 371,34039037100,-74.310706,40.660469,340390371004
Block Group 2,340230011002,1207,419,0.2,Middlesex County,Highland Park Borough,Census Tract 11,34023001100,-74.434745,40.503257,340230011002
Block Group 1,340230068001,1256,470,0.54,Middlesex County,South River Borough,Census Tract 68,34023006800,-74.389285,40.458392,340230068001
Block Group 2,340230088012,3514,2,0.45,Middlesex County,Piscataway Township,Census Tract 88.01,34023008801,-74.439183,40.525486,340230088012
Block Group 4,340230084034,2772,875,1.3,Middlesex County,South Brunswick Township,Census Tract 84.03,34023008403,-74.577882,40.40909,340230084034
Block Group 3,340230082143,2115,709,4.51,Middlesex County,Monroe Township,Census Tract 82.14,34023008214,-74.462531,40.276382,340230082143
Block Group 2,340230082122,1780,507,3.59,Middlesex County,Monroe Township,Census Tract 82.12,34023008212,-74.38881,40.344931,340230082122
Block Group 3,340230045013,2163,689,0.11,Middlesex County,Perth Amboy City,Census Tract 45.01,34023004501,-74.266971,40.518607,340230045013
Block Group 5,340230046005,757,348,0.04,Middlesex County,Perth Amboy City,Census Tract 46,34023004600,-74.26055,40.510474,340230046005
Block Group 1,340230005031,980,403,0.21,Middlesex County,Piscataway Township,Census Tract 5.03,34023000503,-74.442811,40.576649,340230005031
Block Group 4,340230001024,302,152,0.38,Middlesex County,Middlesex Borough,Census Tract 1.02,34023000102,-74.514528,40.561759,340230001024
Block Group 2,340110403002,1202,645,0.16,Cumberland County,Vineland City,Census Tract 403,34011040300,-75.010856,39.48813,340110403002
Block Group 1,340110404001,1496,568,0.36,Cumberland County,Vineland City,Census Tract 404,34011040400,-75.001192,39.49594,340110404001
Block Group 2,340110404002,1292,468,0.6,Cumberland County,Vineland City,Census Tract 404,34011040400,-75.015793,39.49611,340110404002
Block Group 3,340110404003,2125,605,0.41,Cumberland County,Vineland City,Census Tract 404,34011040400,-75.02986,39.497334,340110404003
Block Group 4,340110404004,1644,672,0.67,Cumberland County,Vineland City,Census Tract 404,34011040400,-75.035848,39.500153,340110404004
Block Group 1,340110405001,2420,942,0.52,Cumberland County,Vineland City,Census Tract 405,34011040500,-75.039601,39.478104,340110405001
Block Group 2,340258090002,648,337,0.1,Monmouth County,Lake Como Borough,Census Tract 8090,34025809000,-74.02918,40.170355,340258090002
Block Group 1,340258091001,633,386,0.2,Monmouth County,Spring Lake Borough,Census Tract 8091,34025809100,-74.03065,40.160886,340258091001
Block Group 2,340270460002,2176,1025,0.62,Morris County,Netcong Borough,Census Tract 460,34027046000,-74.701465,40.896783,340270460002
Block Group 2,340270461032,1750,789,1.57,Morris County,Mount Olive Township,Census Tract 461.03,34027046103,-74.689595,40.835785,340270461032
Block Group 1,340057048011,782,290,2.12,Burlington County,New Hanover Township,Census Tract 7048.01,34005704801,-74.555638,40.047164,340057048011
Block Group 3,340258026003,2061,974,0.4,Monmouth County,Aberdeen Township,Census Tract 8026,34025802600,-74.236123,40.43163,340258026003
Block Group 3,340076008003,1353,616,0.08,Camden County,Camden City,Census Tract 6008,34007600800,-75.118521,39.949984,340076008003
Block Group 1,340373713001,943,347,3.22,Sussex County,Vernon Township,Census Tract 3713,34037371300,-74.555582,41.219085,340373713001
Block Group 3,340373735003,1003,220,1.77,Sussex County,Andover Township,Census Tract 3735,34037373500,-74.698519,41.038491,340373735003
Block Group 2,340373738002,1369,578,0.28,Sussex County,Newton Town,Census Tract 3738,34037373800,-74.752938,41.050728,340373738002
Block Group 1,340373744001,1409,461,1.23,Sussex County,Byram Township,Census Tract 3744,34037374400,-74.669025,40.995061,340373744001
Block Group 5,340030392005,1233,452,0.31,Bergen County,Oakland Borough,Census Tract 392,34003039200,-74.231263,41.035826,340030392005
Block Group 1,340030393001,1328,534,0.63,Bergen County,Oakland Borough,Census Tract 393,34003039300,-74.240039,41.02081,340030393001
Block Group 2,340030393002,1568,483,1.61,Bergen County,Oakland Borough,Census Tract 393,34003039300,-74.248973,41.007583,340030393002
Block Group 3,340130126003,848,335,0.04,Essex County,Irvington Township,Census Tract 126,34013012600,-74.222233,40.734118,340130126003
Block Group 4,340130208004,2341,945,3.68,Essex County,Livingston Township,Census Tract 208,34013020800,-74.359676,40.779382,340130208004
Block Group 4,340130210004,1404,456,0.25,Essex County,Verona Township,Census Tract 210,34013021000,-74.258163,40.829528,340130210004
Block Group 2,340130228002,954,354,0.04,Essex County,Newark City,Census Tract 228,34013022800,-74.186866,40.732943,340130228002
Block Group 2,340130080002,1434,629,0.13,Essex County,Newark City,Census Tract 80,34013008000,-74.172365,40.729761,340130080002
Block Group 3,340130113003,2217,1030,0.06,Essex County,East Orange City,Census Tract 113,34013011300,-74.22342,40.763299,340130113003
Block Group 2,340130057002,838,311,0.03,Essex County,Newark City,Census Tract 57,34013005700,-74.18428,40.721319,340130057002
Block Group 1,340312239001,7,3,0.33,Passaic County,Totowa Borough,Census Tract 2239,34031223900,-74.228805,40.902532,340312239001
Block Group 1,340311249001,2051,649,0.1,Passaic County,Clifton City,Census Tract 1249,34031124900,-74.143295,40.871494,340311249001
Block Group 3,340311818003,961,200,0.05,Passaic County,Paterson City,Census Tract 1818,34031181800,-74.174387,40.912832,340311818003
Block Group 3,340057048013,0,0,1.58,Burlington County,Pemberton Township,Census Tract 7048.01,34005704801,-74.515549,39.983233,340057048013
Block Group 1,340230090001,1707,109,1.17,Middlesex County,Woodbridge Township,Census Tract 90,34023009000,-74.263836,40.591483,340230090001
Block Group 1,340057026011,977,475,0.18,Burlington County,Mount Holly Township,Census Tract 7026.01,34005702601,-74.777307,40.002946,340057026011
Block Group 1,340210033041,753,272,2.22,Mercer County,Lawrence Township,Census Tract 33.04,34021003304,-74.691255,40.304906,340210033041
Block Group 1,340110107011,1532,565,2.24,Cumberland County,Upper Deerfield Township,Census Tract 107.01,34011010701,-75.218477,39.502375,340110107011
Block Group 1,340110411011,1374,492,0.22,Cumberland County,Vineland City,Census Tract 411.01,34011041101,-75.024864,39.489977,340110411011
Block Group 2,340110411022,1557,496,0.17,Cumberland County,Vineland City,Census Tract 411.02,34011041102,-75.022806,39.481961,340110411022
Block Group 2,340110203012,1091,302,0.09,Cumberland County,Bridgeton City,Census Tract 203.01,34011020301,-75.226108,39.441879,340110203012
Block Group 2,340110203022,2466,622,0.22,Cumberland County,Bridgeton City,Census Tract 203.02,34011020302,-75.22453,39.434404,340110203022
Block Group 3,340030270003,1149,390,0.26,Bergen County,Ho-Ho-Kus Borough,Census Tract 270,34003027000,-74.108333,41.00509,340030270003
Block Group 1,340350517001,1691,516,0.13,Somerset County,North Plainfield Borough,Census Tract 517,34035051700,-74.433925,40.625464,340350517001
Block Group 1,340350521001,2042,692,1.88,Somerset County,Green Brook Township,Census Tract 521,34035052100,-74.474307,40.614987,340350521001
Block Group 2,340350521002,1342,460,0.67,Somerset County,Green Brook Township,Census Tract 521,34035052100,-74.468865,40.60173,340350521002
Block Group 3,340076075033,1746,722,0.51,Camden County,Voorhees Township,Census Tract 6075.03,34007607503,-74.94742,39.860773,340076075033
Block Group 2,340350520022,1389,705,0.11,Somerset County,North Plainfield Borough,Census Tract 520.02,34035052002,-74.458651,40.614415,340350520022
Block Group 1,340076109001,1078,474,0.2,Camden County,Audubon Borough,Census Tract 6109,34007610900,-75.073664,39.892874,340076109001
Block Group 2,340076109002,991,499,0.15,Camden County,Audubon Park Borough,Census Tract 6109,34007610900,-75.088172,39.897159,340076109002
Block Group 1,340350520021,952,581,0.06,Somerset County,North Plainfield Borough,Census Tract 520.02,34035052002,-74.428201,40.634591,340350520021
Block Group 1,340258116001,852,371,0.25,Monmouth County,Farmingdale Borough,Census Tract 8116,34025811600,-74.171164,40.201077,340258116001
Block Group 1,340030191031,1192,739,0.19,Bergen County,Fort Lee Borough,Census Tract 191.03,34003019103,-73.975224,40.863287,340030191031
Block Group 2,340030191042,1361,564,0.11,Bergen County,Fort Lee Borough,Census Tract 191.04,34003019104,-73.970261,40.858303,340030191042
Block Group 1,340030192031,1023,504,0.07,Bergen County,Fort Lee Borough,Census Tract 192.03,34003019203,-73.975264,40.856117,340030192031
Block Group 1,340030192041,1025,567,0.06,Bergen County,Fort Lee Borough,Census Tract 192.04,34003019204,-73.979258,40.855448,340030192041
Block Group 3,340030192043,1009,544,0.02,Bergen County,Fort Lee Borough,Census Tract 192.04,34003019204,-73.982555,40.855189,340030192043
Block Group 1,340030261001,1132,438,0.49,Bergen County,Hillsdale Borough,Census Tract 261,34003026100,-74.026894,41.014014,340030261001
Block Group 4,340297312024,1243,837,0.89,Ocean County,Berkeley Township,Census Tract 7312.02,34029731202,-74.287821,39.964937,340297312024
Block Group 4,340030383004,1004,383,0.16,Bergen County,North Arlington Borough,Census Tract 383,34003038300,-74.140475,40.794799,340030383004
Block Group 5,340030383005,1055,425,0.07,Bergen County,North Arlington Borough,Census Tract 383,34003038300,-74.137468,40.791834,340030383005
Block Group 6,340030383006,1272,484,0.08,Bergen County,North Arlington Borough,Census Tract 383,34003038300,-74.139525,40.789525,340030383006
Block Group 2,340230038022,1893,748,0.09,Middlesex County,Carteret Borough,Census Tract 38.02,34023003802,-74.225293,40.569277,340230038022
Block Group 2,340230036012,2904,972,0.17,Middlesex County,Carteret Borough,Census Tract 36.01,34023003601,-74.220376,40.582245,340230036012
Block Group 2,340230001012,1742,597,0.42,Middlesex County,Middlesex Borough,Census Tract 1.01,34023000101,-74.516548,40.572969,340230001012
Block Group 1,340297152021,3386,939,0.32,Ocean County,Lakewood Township,Census Tract 7152.02,34029715202,-74.206219,40.088633,340297152021
Block Group 4,340297172004,1820,916,2.38,Ocean County,Jackson Township,Census Tract 7172,34029717200,-74.324296,40.162355,340297172004
Block Group 2,340057004082,793,550,0.31,Burlington County,Maple Shade Township,Census Tract 7004.08,34005700408,-74.971444,39.939735,340057004082
Block Group 2,340258012002,2013,694,1.08,Monmouth County,Middletown Township,Census Tract 8012,34025801200,-74.12971,40.373806,340258012002
Block Group 2,340390332002,2142,729,0.36,Union County,Union Township,Census Tract 332,34039033200,-74.249129,40.692498,340390332002
Block Group 3,340390332003,1252,440,0.41,Union County,Union Township,Census Tract 332,34039033200,-74.257102,40.688972,340390332003
Block Group 4,340311165004,1248,563,0.98,Passaic County,Bloomingdale Borough,Census Tract 1165,34031116500,-74.353391,41.017906,340311165004
Block Group 1,340297202041,1364,592,0.3,Ocean County,Manchester Township,Census Tract 7202.04,34029720204,-74.272354,39.995768,340297202041
Block Group 1,340297210001,1268,485,0.69,Ocean County,Lakehurst Borough,Census Tract 7210,34029721000,-74.312154,40.012802,340297210001
Block Group 1,340297202031,2076,1296,0.75,Ocean County,Manchester Township,Census Tract 7202.03,34029720203,-74.283706,40.003687,340297202031
Block Group 2,340297210002,577,190,0.08,Ocean County,Lakehurst Borough,Census Tract 7210,34029721000,-74.328866,40.016474,340297210002
Block Group 1,340155018001,737,294,0.51,Gloucester County,Newfield Borough,Census Tract 5018,34015501800,-75.022346,39.552757,340155018001
Block Group 1,340010103001,1314,551,1.04,Atlantic County,Absecon City,Census Tract 103,34001010300,-74.518528,39.426791,340010103001
Block Group 2,340270432002,2755,584,0.47,Morris County,Madison Borough,Census Tract 432,34027043200,-74.425397,40.760427,340270432002
Block Group 1,340270433011,1456,546,0.6,Morris County,Morris Township,Census Tract 433.01,34027043301,-74.441429,40.800623,340270433011
Block Group 5,340057013035,8,4,1.05,Burlington County,Florence Township,Census Tract 7013.03,34005701303,-74.804448,40.104103,340057013035
Block Group 1,340057029091,2485,986,0.57,Burlington County,Mount Laurel Township,Census Tract 7029.09,34005702909,-74.923692,39.943086,340057029091
Block Group 5,340090213005,501,1089,0.25,Cape May County,North Wildwood City; Stone Harbor Borough,Census Tract 213,34009021300,-74.787439,39.014151,340090213005
Block Group 4,340090201024,779,1039,0.16,Cape May County,Ocean City,Census Tract 201.02,34009020102,-74.589031,39.273762,340090201024
Block Group 5,340090201025,130,729,0.12,Cape May County,Ocean City,Census Tract 201.02,34009020102,-74.583806,39.26983,340090201025
Block Group 5,340090208005,308,1360,0.3,Cape May County,Sea Isle City,Census Tract 208,34009020800,-74.700665,39.137164,340090208005
Block Group 1,340090216001,476,1020,0.16,Cape May County,Wildwood Crest Borough,Census Tract 216,34009021600,-74.840321,38.969957,340090216001
Block Group 3,340258032023,2148,718,1.21,Monmouth County,Holmdel Township,Census Tract 8032.02,34025803202,-74.150379,40.399095,340258032023
Block Group 1,340258087011,1483,583,1.05,Monmouth County,Wall Township,Census Tract 8087.01,34025808701,-74.076117,40.128828,340258087011
Block Group 3,340057029093,1836,922,0.52,Burlington County,Mount Laurel Township,Census Tract 7029.09,34005702909,-74.927949,39.937827,340057029093
Block Group 2,340057029132,1502,897,0.18,Burlington County,Mount Laurel Township,Census Tract 7029.13,34005702913,-74.885522,39.973304,340057029132
Block Group 3,340057029133,1019,698,0.14,Burlington County,Mount Laurel Township,Census Tract 7029.13,34005702913,-74.875733,39.973023,340057029133
Block Group 1,340230077031,1398,472,0.97,Middlesex County,Old Bridge Township,Census Tract 77.03,34023007703,-74.373,40.396384,340230077031
Block Group 1,340030070021,844,271,0.25,Bergen County,Closter Borough,Census Tract 70.02,34003007002,-73.939686,40.976511,340030070021
Block Group 2,340311829002,1068,322,0.1,Passaic County,Paterson City,Census Tract 1829,34031182900,-74.170757,40.903448,340311829002
Block Group 1,340311832001,1408,654,0.14,Passaic County,Paterson City,Census Tract 1832,34031183200,-74.16904,40.922448,340311832001
Block Group 2,340311832002,2159,931,0.17,Passaic County,Paterson City,Census Tract 1832,34031183200,-74.169785,40.915878,340311832002
Block Group 6,340030313006,835,330,0.16,Bergen County,Lyndhurst Township,Census Tract 313,34003031300,-74.135056,40.81478,340030313006
Block Group 1,340030314001,968,427,0.1,Bergen County,Lyndhurst Township,Census Tract 314,34003031400,-74.117499,40.805423,340030314001
Block Group 2,340030314002,800,311,0.08,Bergen County,Lyndhurst Township,Census Tract 314,34003031400,-74.119144,40.800129,340030314002
Block Group 3,340030314003,640,255,0.06,Bergen County,Lyndhurst Township,Census Tract 314,34003031400,-74.122494,40.801406,340030314003
Block Group 4,340030314004,857,338,0.06,Bergen County,Lyndhurst Township,Census Tract 314,34003031400,-74.127581,40.80112,340030314004
Block Group 5,340030314005,1123,436,0.08,Bergen County,Lyndhurst Township,Census Tract 314,34003031400,-74.125203,40.803935,340030314005
Block Group 6,340030314006,1333,550,0.1,Bergen County,Lyndhurst Township,Census Tract 314,34003031400,-74.122509,40.807649,340030314006
Block Group 3,340057008003,901,521,1.25,Burlington County,Delanco Township,Census Tract 7008,34005700800,-74.937118,40.042152,340057008003
Block Group 1,340057009001,735,318,0.13,Burlington County,Beverly City,Census Tract 7009,34005700900,-74.91623,40.062563,340057009001
Block Group 2,340350534032,1598,669,0.13,Somerset County,Franklin Township,Census Tract 534.03,34035053403,-74.553693,40.433626,340350534032
Block Group 2,340350536032,1208,390,0.76,Somerset County,Branchburg Township,Census Tract 536.03,34035053603,-74.712907,40.574803,340350536032
Block Group 2,340350536022,2247,888,1.48,Somerset County,Branchburg Township,Census Tract 536.02,34035053602,-74.725319,40.557357,340350536022
Block Group 2,340155011062,1472,513,1.92,Gloucester County,Deptford Township,Census Tract 5011.06,34015501106,-75.120353,39.804484,340155011062
Block Group 4,340210010004,0,0,0.13,Mercer County,Trenton City,Census Tract 10,34021001000,-74.766108,40.212656,340210010004
Block Group 2,340330212012,1794,703,20.64,Salem County,Alloway Township,Census Tract 212.01,34033021201,-75.308613,39.548535,340330212012
Block Group 1,340297221001,1983,1278,0.83,Ocean County,Toms River Township,Census Tract 7221,34029722100,-74.192381,40.029828,340297221001
Block Group 3,340297392003,331,498,0.39,Ocean County,Mantoloking Borough,Census Tract 7392,34029739200,-74.048783,40.043371,340297392003
Block Group 2,340297280022,494,865,0.23,Ocean County,Berkeley Township; Seaside Park Borough,Census Tract 7280.02,34029728002,-74.08154,39.935376,340297280022
Block Group 1,340297392001,448,882,0.42,Ocean County,Brick Township,Census Tract 7392,34029739200,-74.067237,40.014151,340297392001
Block Group 2,340230065002,1192,436,0.21,Middlesex County,East Brunswick Township,Census Tract 65,34023006500,-74.398115,40.437589,340230065002
Block Group 3,340390390003,880,260,0.12,Union County,Plainfield City,Census Tract 390,34039039000,-74.40492,40.627339,340390390003
Block Group 1,340057025001,1949,857,0.52,Burlington County,Eastampton Township,Census Tract 7025,34005702500,-74.766968,39.999954,340057025001
Block Group 3,340057025003,1523,717,3.17,Burlington County,Eastampton Township,Census Tract 7025,34005702500,-74.756152,40.009118,340057025003
Block Group 1,340030542001,1114,397,0.24,Bergen County,Teaneck Township,Census Tract 542,34003054200,-74.005302,40.90285,340030542001
Block Group 4,340312460034,808,321,0.38,Passaic County,Wayne Township,Census Tract 2460.03,34031246003,-74.27775,40.980562,340312460034
Block Group 3,340258114023,1517,610,0.42,Monmouth County,Howell Township,Census Tract 8114.02,34025811402,-74.218695,40.14335,340258114023
Block Group 3,340076030013,2032,732,0.31,Camden County,Pennsauken Township,Census Tract 6030.01,34007603001,-75.05502,39.955585,340076030013
Block Group 1,340076108001,1689,650,0.49,Camden County,Pennsauken Township,Census Tract 6108,34007610800,-75.046113,39.979379,340076108001
Block Group 2,340076074012,1705,738,0.37,Camden County,Somerdale Borough,Census Tract 6074.01,34007607401,-75.03308,39.842695,340076074012
Block Group 1,340076074021,1208,510,0.43,Camden County,Somerdale Borough,Census Tract 6074.02,34007607402,-75.019229,39.850276,340076074021
Block Group 1,340057015021,1116,497,0.69,Burlington County,Bordentown Township,Census Tract 7015.02,34005701502,-74.687757,40.160049,340057015021
Block Group 1,340297311011,2465,973,1,Ocean County,Berkeley Township,Census Tract 7311.01,34029731101,-74.149752,39.931959,340297311011
Block Group 1,340155001001,868,391,0.25,Gloucester County,Westville Borough,Census Tract 5001,34015500100,-75.134642,39.878709,340155001001
Block Group 1,340190115001,1370,677,1.13,Hunterdon County,Frenchtown Borough,Census Tract 115,34019011500,-75.056799,40.527475,340190115001
Block Group 3,340258017003,755,357,0.06,Monmouth County,Keansburg Borough,Census Tract 8017,34025801700,-74.131288,40.450148,340258017003
Block Group 1,340258107001,765,321,0.2,Monmouth County,Freehold Borough,Census Tract 8107,34025810700,-74.266001,40.267253,340258107001
Block Group 1,340258112001,1015,394,6.18,Monmouth County,Howell Township,Census Tract 8112,34025811200,-74.19142,40.169361,340258112001
Block Group 3,340258113033,1650,526,0.43,Monmouth County,Howell Township,Census Tract 8113.03,34025811303,-74.235011,40.149593,340258113033
Block Group 2,340390370002,1189,415,0.35,Union County,Cranford Township,Census Tract 370,34039037000,-74.288887,40.664841,340390370002
Block Group 5,340390370005,1988,665,0.3,Union County,Cranford Township,Census Tract 370,34039037000,-74.296267,40.663792,340390370005
Block Group 1,340230002001,2656,925,0.35,Middlesex County,Middlesex Borough,Census Tract 2,34023000200,-74.482167,40.587191,340230002001
Block Group 2,340230002002,1228,476,0.54,Middlesex County,Middlesex Borough,Census Tract 2,34023000200,-74.484642,40.578256,340230002002
Block Group 2,340057013032,1345,586,0.75,Burlington County,Florence Township,Census Tract 7013.03,34005701303,-74.780202,40.102434,340057013032
Block Group 2,340390369002,866,389,0.18,Union County,Garwood Borough,Census Tract 369,34039036900,-74.319909,40.651738,340390369002
Block Group 5,340390369005,1027,514,0.17,Union County,Garwood Borough,Census Tract 369,34039036900,-74.327428,40.653471,340390369005
Block Group 1,340270402001,867,332,0.65,Morris County,Pequannock Township,Census Tract 402,34027040200,-74.288733,40.975895,340270402001
Block Group 1,340390370001,809,274,0.17,Union County,Cranford Township,Census Tract 370,34039037000,-74.298568,40.669365,340390370001
Block Group 1,340057010021,1445,534,0.46,Burlington County,Edgewater Park Township,Census Tract 7010.02,34005701002,-74.907924,40.062261,340057010021
Block Group 1,340030160001,854,319,0.24,Bergen County,Englewood Cliffs Borough,Census Tract 160,34003016000,-73.944645,40.900879,340030160001
Block Group 2,340030160002,984,350,0.25,Bergen County,Englewood Cliffs Borough,Census Tract 160,34003016000,-73.953915,40.886259,340030160002
Block Group 3,340030160003,777,278,0.23,Bergen County,Englewood Cliffs Borough,Census Tract 160,34003016000,-73.955153,40.877895,340030160003
Block Group 4,340410312004,1672,659,13.94,Warren County,Knowlton Township,Census Tract 312,34041031200,-75.078574,40.954621,340410312004
Block Group 2,340258091002,603,434,0.39,Monmouth County,Spring Lake Borough,Census Tract 8091,34025809100,-74.022306,40.160457,340258091002
Block Group 1,340258092001,580,551,0.64,Monmouth County,Sea Girt Borough,Census Tract 8092,34025809200,-74.029506,40.128039,340258092001
Block Group 2,340390304002,1548,477,0.05,Union County,Elizabeth City,Census Tract 304,34039030400,-74.18976,40.654,340390304002
Block Group 4,340210044074,3320,1336,0.24,Mercer County,East Windsor Township,Census Tract 44.07,34021004407,-74.564623,40.273299,340210044074
Block Group 5,340076110005,26,3,0.33,Camden County,Gloucester City,Census Tract 6110,34007611000,-75.130333,39.891703,340076110005
Block Group 3,340230094003,919,285,1.1,Middlesex County,East Brunswick Township,Census Tract 94,34023009400,-74.408724,40.450037,340230094003
Block Group 3,340230048003,2911,800,0.53,Middlesex County,Perth Amboy City,Census Tract 48,34023004800,-74.287112,40.508706,340230048003
Block Group 2,340230056012,1167,337,0.22,Middlesex County,New Brunswick City,Census Tract 56.01,34023005601,-74.46303,40.478044,340230056012
Block Group 1,340230060011,2193,818,0.75,Middlesex County,New Brunswick City,Census Tract 60.01,34023006001,-74.404245,40.485818,340230060011
Block Group 2,340230079112,2077,653,1.87,Middlesex County,Old Bridge Township,Census Tract 79.11,34023007911,-74.274112,40.391577,340230079112
Block Group 3,340210037083,1037,436,0.31,Mercer County,Ewing Township,Census Tract 37.08,34021003708,-74.818239,40.262644,340210037083
Block Group 2,340130131002,1218,454,0.22,Essex County,Irvington Township,Census Tract 131,34013013100,-74.222136,40.720682,340130131002
Block Group 3,340130133003,1313,572,0.05,Essex County,Irvington Township,Census Tract 133,34013013300,-74.216457,40.736977,340130133003
Block Group 4,340130133004,912,454,0.04,Essex County,Irvington Township,Census Tract 133,34013013300,-74.214394,40.740289,340130133004
Block Group 1,340057028061,2058,725,0.41,Burlington County,Willingboro Township,Census Tract 7028.06,34005702806,-74.886614,40.042708,340057028061
Block Group 2,340057028062,1745,551,0.31,Burlington County,Willingboro Township,Census Tract 7028.06,34005702806,-74.882863,40.03864,340057028062
Block Group 3,340090221023,1634,738,1.2,Cape May County,Middle Township,Census Tract 221.02,34009022102,-74.886291,39.021558,340090221023
Block Group 2,340155011042,1001,353,0.39,Gloucester County,Deptford Township,Census Tract 5011.04,34015501104,-75.117538,39.816955,340155011042
Block Group 1,340155011051,1819,806,0.76,Gloucester County,Deptford Township,Census Tract 5011.05,34015501105,-75.12897,39.820817,340155011051
Block Group 3,340390326003,1730,692,0.27,Union County,Union Township,Census Tract 326,34039032600,-74.249121,40.704177,340390326003
Block Group 4,340390336004,872,338,0.09,Union County,Kenilworth Borough,Census Tract 336,34039033600,-74.29041,40.678328,340390336004
Block Group 3,340390337003,848,270,0.07,Union County,Roselle Park Borough,Census Tract 337,34039033700,-74.254664,40.666996,340390337003
Block Group 2,340210030042,2042,915,0.69,Mercer County,Hamilton Township,Census Tract 30.04,34021003004,-74.679627,40.197325,340210030042
Block Group 2,340170114002,1080,436,0.03,Hudson County,Bayonne City,Census Tract 114,34017011400,-74.127571,40.652667,340170114002
Block Group 3,340170124003,799,280,0.1,Hudson County,Kearny Town,Census Tract 124,34017012400,-74.145206,40.782636,340170124003
Block Group 2,340170125002,927,363,0.08,Hudson County,Kearny Town,Census Tract 125,34017012500,-74.146251,40.77241,340170125002
Block Group 1,340170126001,1054,383,0.04,Hudson County,Kearny Town,Census Tract 126,34017012600,-74.140851,40.774846,340170126001
Block Group 3,340270401023,2111,862,0.79,Morris County,Lincoln Park Borough,Census Tract 401.02,34027040102,-74.310422,40.919727,340270401023
Block Group 2,340170126002,1140,407,0.06,Hudson County,Kearny Town,Census Tract 126,34017012600,-74.142362,40.771604,340170126002
Block Group 0,340019900000,0,0,0,Atlantic County,,Census Tract 9900,34001990000,-74.334583,39.388861,340019900000
Block Group 1,340076033021,2402,1009,0.55,Camden County,Cherry Hill Township,Census Tract 6033.02,34007603302,-74.987444,39.936647,340076033021
Block Group 2,340057027022,2262,821,4.86,Burlington County,Westampton Township,Census Tract 7027.02,34005702702,-74.798489,40.025686,340057027022
Block Group 2,340057014022,1278,601,1.34,Burlington County,Mansfield Township,Census Tract 7014.02,34005701402,-74.759313,40.074941,340057014022
Block Group 1,340057027011,2917,1169,3.36,Burlington County,Westampton Township,Census Tract 7027.01,34005702701,-74.84871,40.01429,340057027011
Block Group 4,340057013034,1640,661,0.55,Burlington County,Florence Township,Census Tract 7013.03,34005701303,-74.777401,40.111159,340057013034
Block Group 2,340057024002,2101,790,19.16,Burlington County,Springfield Township,Census Tract 7024,34005702400,-74.687933,40.029517,340057024002
Block Group 3,340130075013,1221,428,0.05,Essex County,Newark City,Census Tract 75.01,34013007501,-74.142005,40.732096,340130075013
Block Group 1,340130075021,943,313,0.59,Essex County,Newark City,Census Tract 75.02,34013007502,-74.127405,40.728867,340130075021
Block Group 2,340130075022,2290,843,0.06,Essex County,Newark City,Census Tract 75.02,34013007502,-74.139721,40.730108,340130075022
Block Group 2,340130078002,1992,733,0.04,Essex County,Newark City,Census Tract 78,34013007800,-74.166912,40.72665,340130078002
Block Group 1,340130079001,1715,777,0.1,Essex County,Newark City,Census Tract 79,34013007900,-74.159612,40.732841,340130079001
Block Group 2,340130079002,847,338,0.04,Essex County,Newark City,Census Tract 79,34013007900,-74.163238,40.731215,340130079002
Block Group 2,340210027012,1330,526,0.1,Mercer County,Hamilton Township,Census Tract 27.01,34021002701,-74.727966,40.218373,340210027012
Block Group 3,340076091033,2730,1244,1.55,Camden County,Winslow Township,Census Tract 6091.03,34007609103,-74.906543,39.761715,340076091033
Block Group 2,340057029062,1193,410,1.18,Burlington County,Mount Laurel Township,Census Tract 7029.06,34005702906,-74.956152,39.921726,340057029062
Block Group 3,340057014013,1375,510,9.15,Burlington County,Mansfield Township,Census Tract 7014.01,34005701401,-74.737843,40.090141,340057014013
Block Group 3,340076030023,799,254,0.1,Camden County,Pennsauken Township,Census Tract 6030.02,34007603002,-75.061341,39.956105,340076030023
Block Group 3,340076038003,1467,575,0.29,Camden County,Haddon Township,Census Tract 6038,34007603800,-75.048183,39.918123,340076038003
Block Group 4,340030322024,746,288,0.19,Bergen County,Mahwah Township,Census Tract 322.02,34003032202,-74.155375,41.097001,340030322024
Block Group 1,340030351001,1517,518,0.38,Bergen County,Montvale Borough,Census Tract 351,34003035100,-74.019745,41.045999,340030351001
Block Group 1,340297270021,803,1504,0.38,Ocean County,Toms River Township,Census Tract 7270.02,34029727002,-74.093275,39.952195,340297270021
Block Group 4,340076010004,1311,402,0.09,Camden County,Camden City,Census Tract 6010,34007601000,-75.091725,39.955707,340076010004
Block Group 2,340210030062,1628,630,0.38,Mercer County,Hamilton Township,Census Tract 30.06,34021003006,-74.673272,40.238944,340210030062
Block Group 5,340210035005,616,254,0.13,Mercer County,Ewing Township,Census Tract 35,34021003500,-74.776733,40.260937,340210035005
Block Group 1,340210003001,1499,488,0.08,Mercer County,Trenton City,Census Tract 3,34021000300,-74.737666,40.206268,340210003001
Block Group 3,340258042003,1719,652,0.93,Monmouth County,Little Silver Borough; Oceanport Borough,Census Tract 8042,34025804200,-74.026668,40.330277,340258042003
Block Group 4,340258042004,1542,568,0.55,Monmouth County,Little Silver Borough,Census Tract 8042,34025804200,-74.044168,40.332848,340258042004
Block Group 3,340130001003,1939,827,0.16,Essex County,Newark City,Census Tract 1,34013000100,-74.169812,40.784589,340130001003
Block Group 1,340170181001,1820,932,0.07,Hudson County,Weehawken Township,Census Tract 181,34017018100,-74.018456,40.773229,340170181001
Block Group 1,340390392001,863,283,0.18,Union County,Plainfield City,Census Tract 392,34039039200,-74.404058,40.6205,340390392001
Block Group 2,340390392002,1617,497,0.17,Union County,Plainfield City,Census Tract 392,34039039200,-74.408395,40.6188,340390392002
Block Group 2,340312462032,1313,453,0.81,Passaic County,Wayne Township,Census Tract 2462.03,34031246203,-74.25426,40.916435,340312462032
Block Group 3,340312462033,877,286,0.6,Passaic County,Wayne Township,Census Tract 2462.03,34031246203,-74.262927,40.925655,340312462033
Block Group 3,340270451003,1469,477,0.22,Morris County,Wharton Borough,Census Tract 451,34027045100,-74.575632,40.891491,340270451003
Block Group 4,340010130004,591,1142,0.24,Atlantic County,Margate City,Census Tract 130,34001013000,-74.495779,39.326811,340010130004
Block Group 1,340170125001,897,318,0.08,Hudson County,Kearny Town,Census Tract 125,34017012500,-74.146085,40.77626,340170125001
Block Group 1,340130004001,2514,895,0.07,Essex County,Newark City,Census Tract 4,34013000400,-74.183611,40.774158,340130004001
Block Group 2,340130005002,880,325,0.04,Essex County,Newark City,Census Tract 5,34013000500,-74.184678,40.769675,340130005002
Block Group 2,340130014002,1742,716,0.07,Essex County,Newark City,Census Tract 14,34013001400,-74.198915,40.741898,340130014002
Block Group 1,340130016001,1201,467,0.05,Essex County,Newark City,Census Tract 16,34013001600,-74.19074,40.751106,340130016001
Block Group 3,340130021003,736,264,0.04,Essex County,Newark City,Census Tract 21,34013002100,-74.237875,40.742312,340130021003
Block Group 2,340130025002,1762,687,0.06,Essex County,Newark City,Census Tract 25,34013002500,-74.220155,40.744237,340130025002
Block Group 1,340130043001,1577,560,0.06,Essex County,Newark City,Census Tract 43,34013004300,-74.216266,40.721174,340130043001
Block Group 3,340130046003,1300,542,0.08,Essex County,Newark City,Census Tract 46,34013004600,-74.216513,40.709623,340130046003
Block Group 1,340130049001,1052,526,0.04,Essex County,Newark City,Census Tract 49,34013004900,-74.204337,40.7092,340130049001
Block Group 1,340410306001,1269,657,0.22,Warren County,Phillipsburg Town,Census Tract 306,34041030600,-75.179477,40.692917,340410306001
Block Group 3,340410306003,1630,725,0.61,Warren County,Phillipsburg Town,Census Tract 306,34041030600,-75.182701,40.700556,340410306003
Block Group 3,340030331003,929,348,0.12,Bergen County,Maywood Borough,Census Tract 331,34003033100,-74.062083,40.910006,340030331003
Block Group 4,340030331004,1058,388,0.15,Bergen County,Maywood Borough,Census Tract 331,34003033100,-74.066172,40.911795,340030331004
Block Group 1,340030332001,987,406,0.1,Bergen County,Maywood Borough,Census Tract 332,34003033200,-74.06328,40.905108,340030332001
Block Group 3,340030332003,792,252,0.28,Bergen County,Maywood Borough,Census Tract 332,34003033200,-74.068533,40.897267,340030332003
Block Group 1,340030333001,807,375,0.07,Bergen County,Maywood Borough,Census Tract 333,34003033300,-74.058646,40.899636,340030333001
Block Group 1,340410307001,798,346,0.09,Warren County,Phillipsburg Town,Census Tract 307,34041030700,-75.196143,40.694004,340410307001
Block Group 3,340410307003,1495,597,0.15,Warren County,Phillipsburg Town,Census Tract 307,34041030700,-75.19085,40.689352,340410307003
Block Group 4,340410307004,1483,658,0.12,Warren County,Phillipsburg Town,Census Tract 307,34041030700,-75.199221,40.691323,340410307004
Block Group 3,340030113003,769,296,0.11,Bergen County,Elmwood Park Borough,Census Tract 113,34003011300,-74.116283,40.893988,340030113003
Block Group 4,340030113004,1520,492,0.2,Bergen County,Elmwood Park Borough,Census Tract 113,34003011300,-74.122747,40.894358,340030113004
Block Group 2,340030114002,1267,451,0.09,Bergen County,Elmwood Park Borough,Census Tract 114,34003011400,-74.122875,40.904871,340030114002
Block Group 3,340130168003,778,432,0.06,Essex County,Montclair Township,Census Tract 168,34013016800,-74.217177,40.81638,340130168003
Block Group 4,340130075014,1687,672,0.05,Essex County,Newark City,Census Tract 75.01,34013007501,-74.146702,40.732134,340130075014
Block Group 1,340130142001,696,266,0.05,Essex County,Belleville Township,Census Tract 142,34013014200,-74.155863,40.805989,340130142001
Block Group 2,340130047002,1086,485,0.05,Essex County,Newark City,Census Tract 47,34013004700,-74.211435,40.704807,340130047002
Block Group 2,340130182002,1334,549,0.05,Essex County,City of Orange Township,Census Tract 182,34013018200,-74.22546,40.778875,340130182002
Block Group 7,340130160007,1550,519,0.19,Essex County,Glen Ridge Borough,Census Tract 160,34013016000,-74.212597,40.790268,340130160007
Block Group 2,340130099002,688,417,0.05,Essex County,East Orange City,Census Tract 99,34013009900,-74.219831,40.781573,340130099002
Block Group 2,340130088002,805,278,0.02,Essex County,Newark City,Census Tract 88,34013008800,-74.173876,40.754193,340130088002
Block Group 1,340170072001,1974,889,0.09,Hudson County,Jersey City,Census Tract 72,34017007200,-74.049945,40.728799,340170072001
Block Group 1,340130048011,1681,782,0.03,Essex County,Newark City,Census Tract 48.01,34013004801,-74.200345,40.709603,340130048011
Block Group 1,340130195001,731,224,0.09,Essex County,Maplewood Township,Census Tract 195,34013019500,-74.260249,40.733775,340130195001
Block Group 2,340076080012,813,321,0.19,Camden County,Stratford Borough,Census Tract 6080.01,34007608001,-75.01108,39.831326,340076080012
Block Group 2,340170072002,1295,612,0.02,Hudson County,Jersey City,Census Tract 72,34017007200,-74.042443,40.7285,340170072002
Block Group 1,340170073001,1875,992,0.02,Hudson County,Jersey City,Census Tract 73,34017007300,-74.044586,40.715267,340170073001
Block Group 4,340270414004,683,268,0.25,Morris County,Denville Township,Census Tract 414,34027041400,-74.486832,40.897529,340270414004
Block Group 1,340270415001,1156,446,0.56,Morris County,Denville Township,Census Tract 415,34027041500,-74.483653,40.873751,340270415001
Block Group 1,340130218011,1342,441,1.02,Essex County,West Caldwell Township,Census Tract 218.01,34013021801,-74.314404,40.839036,340130218011
Block Group 1,340130218021,1369,436,0.66,Essex County,West Caldwell Township,Census Tract 218.02,34013021802,-74.282117,40.856714,340130218021
Block Group 3,340057022083,1382,567,0.57,Burlington County,Pemberton Township,Census Tract 7022.08,34005702208,-74.538903,39.951897,340057022083
Block Group 2,340373742002,1353,512,1.77,Sussex County,Byram Township,Census Tract 3742,34037374200,-74.728558,40.932285,340373742002
Block Group 1,340270445031,1352,711,1.64,Morris County,Rockaway Township,Census Tract 445.03,34027044503,-74.553249,40.92199,340270445031
Block Group 2,340270445032,1015,740,0.32,Morris County,Rockaway Township,Census Tract 445.03,34027044503,-74.534354,40.914966,340270445032
Block Group 2,340170102002,1140,443,0.04,Hudson County,Bayonne City,Census Tract 102,34017010200,-74.105016,40.68154,340170102002
Block Group 1,340170105001,1008,441,0.04,Hudson County,Bayonne City,Census Tract 105,34017010500,-74.108476,40.682936,340170105001
Block Group 1,340170116001,1256,527,0.06,Hudson County,Bayonne City,Census Tract 116,34017011600,-74.138141,40.645497,340170116001
Block Group 1,340330204001,2767,1192,2.19,Salem County,Carneys Point Township,Census Tract 204,34033020400,-75.453893,39.733304,340330204001
Block Group 1,340330201001,1910,766,19.51,Salem County,Oldmans Township,Census Tract 201,34033020100,-75.41241,39.739003,340330201001
Block Group 2,340330222012,1105,490,14.03,Salem County,Lower Alloways Creek Township,Census Tract 222.01,34033022201,-75.408232,39.496581,340330222012
Block Group 1,340330215001,1751,815,1.88,Salem County,Pennsville Township,Census Tract 215,34033021500,-75.503035,39.676795,340330215001
Block Group 2,340270446022,2241,914,0.83,Morris County,Jefferson Township,Census Tract 446.02,34027044602,-74.518604,41.030133,340270446022
Block Group 3,340270414003,1175,456,0.48,Morris County,Denville Township,Census Tract 414,34027041400,-74.472649,40.892042,340270414003
Block Group 1,340330202001,698,284,0.1,Salem County,Penns Grove Borough,Census Tract 202,34033020200,-75.472234,39.735458,340330202001
Block Group 1,340330207001,1792,665,13.03,Salem County,Pilesgrove Township,Census Tract 207,34033020700,-75.364105,39.672266,340330207001
Block Group 2,340330206002,1659,721,11.86,Salem County,Carneys Point Township,Census Tract 206,34033020600,-75.443165,39.690613,340330206002
Block Group 2,340330213002,584,228,13.11,Salem County,Mannington Township,Census Tract 213,34033021300,-75.4535,39.615514,340330213002
Block Group 3,340330211023,1621,619,8.26,Salem County,Pittsgrove Township,Census Tract 211.02,34033021102,-75.104519,39.491343,340330211023
Block Group 2,340330211022,1341,493,7.82,Salem County,Pittsgrove Township,Census Tract 211.02,34033021102,-75.110157,39.517649,340330211022
Block Group 2,340330207002,1005,393,9.62,Salem County,Pilesgrove Township,Census Tract 207,34033020700,-75.290258,39.670824,340330207002
Block Group 2,340330202002,1226,515,0.27,Salem County,Penns Grove Borough,Census Tract 202,34033020200,-75.464639,39.730019,340330202002
Block Group 2,340330203002,1915,744,0.33,Salem County,Penns Grove Borough,Census Tract 203,34033020300,-75.467341,39.723872,340330203002
Block Group 1,340330213001,891,330,20.77,Salem County,Mannington Township,Census Tract 213,34033021300,-75.401793,39.632701,340330213001
Block Group 1,340330211021,1248,511,9.71,Salem County,Pittsgrove Township,Census Tract 211.02,34033021102,-75.097924,39.554181,340330211021
Block Group 2,340330214002,1529,827,2.76,Salem County,Pennsville Township,Census Tract 214,34033021400,-75.494696,39.658994,340330214002
Block Group 2,340297290002,819,404,0.19,Ocean County,Ocean Gate Borough,Census Tract 7290,34029729000,-74.135292,39.924681,340297290002
Block Group 1,340297300001,1234,569,0.33,Ocean County,Pine Beach Borough,Census Tract 7300,34029730000,-74.16959,39.937708,340297300001
Block Group 2,340297300002,914,366,0.31,Ocean County,Pine Beach Borough,Census Tract 7300,34029730000,-74.171678,39.933784,340297300002
Block Group 2,340311540052,1060,396,0.18,Passaic County,Little Falls Township,Census Tract 1540.05,34031154005,-74.239825,40.882798,340311540052
Block Group 1,340311244031,876,361,0.15,Passaic County,Clifton City,Census Tract 1244.03,34031124403,-74.154361,40.852122,340311244031
Block Group 3,340311830023,1809,562,0.06,Passaic County,Paterson City,Census Tract 1830.02,34031183002,-74.162755,40.89492,340311830023
Block Group 3,340311755023,1414,399,0.05,Passaic County,Passaic City,Census Tract 1755.02,34031175502,-74.137689,40.867392,340311755023
Block Group 1,340311755011,2100,554,0.07,Passaic County,Passaic City,Census Tract 1755.01,34031175501,-74.136036,40.862441,340311755011
Block Group 2,340350527012,1694,664,2.78,Somerset County,Bernardsville Borough,Census Tract 527.01,34035052701,-74.600869,40.712366,340350527012
Block Group 1,340350534051,2266,826,3.15,Somerset County,Franklin Township,Census Tract 534.05,34035053405,-74.512972,40.477933,340350534051
Block Group 4,340210029024,677,235,0.7,Mercer County,Hamilton Township,Census Tract 29.02,34021002902,-74.725348,40.242896,340210029024
Block Group 2,340210013002,2305,1023,0.38,Mercer County,Trenton City,Census Tract 13,34021001300,-74.788335,40.238469,340210013002
Block Group 3,340210029023,1244,560,0.17,Mercer County,Hamilton Township,Census Tract 29.02,34021002902,-74.724494,40.235877,340210029023
Block Group 3,340155011013,1900,1079,0.79,Gloucester County,Deptford Township,Census Tract 5011.01,34015501101,-75.133151,39.839609,340155011013
Block Group 3,340390327023,1898,633,0.44,Union County,Union Township,Census Tract 327.02,34039032702,-74.271529,40.71001,340390327023
Block Group 2,340390335012,1892,915,0.25,Union County,Union Township,Census Tract 335.01,34039033501,-74.267315,40.673913,340390335012
Block Group 3,340258006013,1053,389,0.11,Monmouth County,Middletown Township,Census Tract 8006.01,34025800601,-74.114354,40.438493,340258006013
Block Group 4,340258055004,835,473,0.09,Monmouth County,Long Branch City; Oceanport Borough,Census Tract 8055,34025805500,-73.997857,40.314084,340258055004
Block Group 2,340258013002,1649,1085,0.56,Monmouth County,Middletown Township,Census Tract 8013,34025801300,-74.088809,40.35467,340258013002
Block Group 1,340258012001,1704,527,1.39,Monmouth County,Middletown Township,Census Tract 8012,34025801200,-74.124531,40.360381,340258012001
Block Group 1,340390366001,1236,605,0.31,Union County,Westfield Town,Census Tract 366,34039036600,-74.350427,40.654485,340390366001
Block Group 2,340390366002,1328,582,0.31,Union County,Westfield Town,Census Tract 366,34039036600,-74.340557,40.650137,340390366002
Block Group 3,340390367003,1548,709,0.26,Union County,Westfield Town,Census Tract 367,34039036700,-74.345292,40.644684,340390367003
Block Group 2,340390368002,1441,474,0.26,Union County,Westfield Town,Census Tract 368,34039036800,-74.324774,40.632392,340390368002
Block Group 3,340311635023,1630,564,0.92,Passaic County,North Haledon Borough,Census Tract 1635.02,34031163502,-74.190933,40.970907,340311635023
Block Group 1,340311802041,1942,518,0.05,Passaic County,Paterson City,Census Tract 1802.04,34031180204,-74.185997,40.915554,340311802041
Block Group 1,340311964031,1333,694,0.81,Passaic County,Pompton Lakes Borough,Census Tract 1964.03,34031196403,-74.280694,41.015522,340311964031
Block Group 3,340350524003,1620,542,1.46,Somerset County,Bernards Township,Census Tract 524,34035052400,-74.553335,40.718258,340350524003
Block Group 2,340030113002,873,332,0.1,Bergen County,Elmwood Park Borough,Census Tract 113,34003011300,-74.122501,40.890109,340030113002
Block Group 1,340155011011,945,345,0.28,Gloucester County,Deptford Township,Census Tract 5011.01,34015501101,-75.135543,39.855542,340155011011
Block Group 2,340155011012,1399,624,0.35,Gloucester County,Deptford Township,Census Tract 5011.01,34015501101,-75.12962,39.8515,340155011012
Block Group 1,340030600021,2992,1273,0.42,Bergen County,South Hackensack Township; Wood-Ridge Borough,Census Tract 600.02,34003060002,-74.092049,40.859039,340030600021
Block Group 1,340030202001,2361,770,1.81,Bergen County,Franklin Lakes Borough,Census Tract 202,34003020200,-74.204058,41.005086,340030202001
Block Group 2,340030202002,2469,905,2.34,Bergen County,Franklin Lakes Borough,Census Tract 202,34003020200,-74.216582,40.989417,340030202002
Block Group 1,340030532021,1749,567,1.2,Bergen County,Upper Saddle River Borough,Census Tract 532.02,34003053202,-74.091374,41.072671,340030532021
Block Group 2,340076083032,1261,459,0.77,Camden County,Gloucester Township,Census Tract 6083.03,34007608303,-75.074356,39.814149,340076083032
Block Group 1,340297351011,1620,898,0.95,Ocean County,Stafford Township,Census Tract 7351.01,34029735101,-74.272681,39.695468,340297351011
Block Group 1,340311810001,934,303,0.11,Passaic County,Paterson City,Census Tract 1810,34031181000,-74.144339,40.93781,340311810001
Block Group 2,340311810002,1365,412,0.07,Passaic County,Hawthorne Borough; Paterson City,Census Tract 1810,34031181000,-74.151961,40.937875,340311810002
Block Group 4,340311810004,1670,531,0.06,Passaic County,Paterson City,Census Tract 1810,34031181000,-74.148686,40.936378,340311810004
Block Group 2,340311808002,1947,781,0.18,Passaic County,Paterson City,Census Tract 1808,34031180800,-74.164589,40.931643,340311808002
Block Group 1,340057005051,1318,560,1.68,Burlington County,Moorestown Township,Census Tract 7005.05,34005700505,-74.94989,39.990309,340057005051
Block Group 3,340258112003,2637,984,1.31,Monmouth County,Howell Township,Census Tract 8112,34025811200,-74.221598,40.167662,340258112003
Block Group 1,340258113041,1400,470,1.97,Monmouth County,Howell Township,Census Tract 8113.04,34025811304,-74.232112,40.125241,340258113041
Block Group 3,340030214003,1626,710,0.08,Bergen County,Garfield City,Census Tract 214,34003021400,-74.098996,40.876786,340030214003
Block Group 4,340030214004,796,290,0.05,Bergen County,Garfield City,Census Tract 214,34003021400,-74.100672,40.874955,340030214004
Block Group 3,340030215003,1273,444,0.04,Bergen County,Garfield City,Census Tract 215,34003021500,-74.100595,40.870424,340030215003
Block Group 4,340030215004,725,270,0.07,Bergen County,Garfield City,Census Tract 215,34003021500,-74.105027,40.864047,340030215004
Block Group 5,340030215005,980,348,0.06,Bergen County,Garfield City,Census Tract 215,34003021500,-74.104445,40.869101,340030215005
Block Group 6,340030215006,743,349,0.03,Bergen County,Garfield City,Census Tract 215,34003021500,-74.103653,40.873601,340030215006
Block Group 3,340312167013,2345,935,0.94,Passaic County,Ringwood Borough,Census Tract 2167.01,34031216701,-74.254492,41.098906,340312167013
Block Group 3,340312238013,969,366,0.09,Passaic County,Totowa Borough,Census Tract 2238.01,34031223801,-74.213155,40.901241,340312238013
Block Group 2,340312641022,811,319,0.13,Passaic County,Totowa Borough; Woodland Park Borough,Census Tract 2641.02,34031264102,-74.212971,40.892885,340312641022
Block Group 1,340312642001,826,279,0.02,Passaic County,Paterson City,Census Tract 2642,34031264200,-74.17589,40.924372,340312642001
Block Group 2,340373714002,1491,579,2.67,Sussex County,Vernon Township,Census Tract 3714,34037371400,-74.485636,41.239439,340373714002
Block Group 1,340076088001,978,371,0.2,Camden County,Berlin Township,Census Tract 6088,34007608800,-74.936607,39.810843,340076088001
Block Group 3,340076072003,763,337,0.14,Camden County,Runnemede Borough,Census Tract 6072,34007607200,-75.073065,39.850239,340076072003
Block Group 2,340270415002,2505,1115,2.03,Morris County,Denville Township,Census Tract 415,34027041500,-74.506997,40.873558,340270415002
Block Group 1,340410313021,928,419,16.41,Warren County,Allamuchy Township,Census Tract 313.02,34041031302,-74.803001,40.918285,340410313021
Block Group 1,340410318001,563,239,4.44,Warren County,Harmony Township,Census Tract 318,34041031800,-75.144153,40.765827,340410318001
Block Group 3,340312642003,1921,821,0.1,Passaic County,Paterson City,Census Tract 2642,34031264200,-74.179666,40.919769,340312642003
Block Group 1,340311823011,1846,582,0.08,Passaic County,Paterson City,Census Tract 1823.01,34031182301,-74.159739,40.912136,340311823011
Block Group 2,340312238022,1308,520,1.26,Passaic County,Totowa Borough,Census Tract 2238.02,34031223802,-74.219108,40.896336,340312238022
Block Group 4,340312366014,985,344,0.18,Passaic County,Wanaque Borough,Census Tract 2366.01,34031236601,-74.297661,41.023486,340312366014
Block Group 1,340155007031,846,316,4.67,Gloucester County,Mantua Township,Census Tract 5007.03,34015500703,-75.182962,39.752128,340155007031
Block Group 1,340155012091,1656,753,0.3,Gloucester County,Washington Township,Census Tract 5012.09,34015501209,-75.078049,39.797391,340155012091
Block Group 1,340258120001,1734,724,0.6,Monmouth County,Allentown Borough,Census Tract 8120,34025812000,-74.587839,40.178659,340258120001
Block Group 1,340170138001,1294,489,0.05,Hudson County,Harrison Town,Census Tract 138,34017013800,-74.159077,40.744883,340170138001
Block Group 1,340390328001,2006,732,0.16,Union County,Union Township,Census Tract 328,34039032800,-74.27217,40.714939,340390328001
Block Group 4,340390328004,831,313,0.06,Union County,Union Township,Census Tract 328,34039032800,-74.280394,40.717939,340390328004
Block Group 3,340155016063,841,304,4.28,Gloucester County,Monroe Township,Census Tract 5016.06,34015501606,-75.003519,39.659836,340155016063
Block Group 1,340057026031,746,283,0.11,Burlington County,Mount Holly Township,Census Tract 7026.03,34005702603,-74.781306,39.99468,340057026031
Block Group 2,340057026032,606,273,0.09,Burlington County,Mount Holly Township,Census Tract 7026.03,34005702603,-74.789019,39.991291,340057026032
Block Group 1,340373747001,1476,680,0.5,Sussex County,Hopatcong Borough,Census Tract 3747,34037374700,-74.654215,40.946794,340373747001
Block Group 2,340373716002,1754,1233,2.79,Sussex County,Vernon Township,Census Tract 3716,34037371600,-74.50295,41.186767,340373716002
Block Group 4,340155017014,1443,502,3.01,Gloucester County,Franklin Township,Census Tract 5017.01,34015501701,-75.033983,39.626696,340155017014
Block Group 3,340057026033,1247,417,0.16,Burlington County,Mount Holly Township,Census Tract 7026.03,34005702603,-74.788209,39.995759,340057026033
Block Group 3,340155016033,2216,758,1.16,Gloucester County,Monroe Township,Census Tract 5016.03,34015501603,-74.979939,39.694572,340155016033
Block Group 1,340297154011,2498,532,1.09,Ocean County,Lakewood Township,Census Tract 7154.01,34029715401,-74.246691,40.109099,340297154011
Block Group 2,340297154012,1491,288,0.18,Ocean County,Lakewood Township,Census Tract 7154.01,34029715401,-74.236336,40.102459,340297154012
Block Group 2,340258075002,954,329,0.12,Monmouth County,Neptune Township,Census Tract 8075,34025807500,-74.022617,40.204884,340258075002
Block Group 2,340258006012,728,281,0.22,Monmouth County,Middletown Township,Census Tract 8006.01,34025800601,-74.108029,40.438531,340258006012
Block Group 2,340258099022,2192,796,7.8,Monmouth County,Colts Neck Township,Census Tract 8099.02,34025809902,-74.151009,40.283176,340258099022
Block Group 4,340258016004,860,329,0.12,Monmouth County,Keansburg Borough,Census Tract 8016,34025801600,-74.124213,40.441729,340258016004
Block Group 1,340258037001,1243,435,0.44,Monmouth County,Fair Haven Borough,Census Tract 8037,34025803700,-74.043358,40.366161,340258037001
Block Group 1,340057038031,1452,541,0.75,Burlington County,Medford Township,Census Tract 7038.03,34005703803,-74.837449,39.871266,340057038031
Block Group 2,340057038032,1156,415,0.78,Burlington County,Medford Township,Census Tract 7038.03,34005703803,-74.826033,39.876877,340057038032
Block Group 2,340057022092,990,394,1.01,Burlington County,Pemberton Township,Census Tract 7022.09,34005702209,-74.54274,39.983233,340057022092
Block Group 1,340057047001,1544,521,92.64,Burlington County,Woodland Township,Census Tract 7047,34005704700,-74.521773,39.842073,340057047001
Block Group 2,340057047002,1355,597,75.12,Burlington County,Bass River Township,Census Tract 7047,34005704700,-74.458952,39.657242,340057047002
Block Group 1,340057023001,1371,632,0.59,Burlington County,Pemberton Borough,Census Tract 7023,34005702300,-74.685662,39.971561,340057023001
Block Group 1,340350509031,1239,442,1.56,Somerset County,Bridgewater Township,Census Tract 509.03,34035050903,-74.573739,40.605258,340350509031
Block Group 3,340076033023,2515,875,0.44,Camden County,Cherry Hill Township,Census Tract 6033.02,34007603302,-75.006458,39.932777,340076033023
Block Group 1,340076033031,1596,913,0.18,Camden County,Cherry Hill Township,Census Tract 6033.03,34007603303,-75.004253,39.922284,340076033031
Block Group 3,340030473003,1322,430,0.48,Bergen County,Ridgewood Village,Census Tract 473,34003047300,-74.140759,40.974579,340030473003
Block Group 1,340030474001,1442,661,0.22,Bergen County,Ridgewood Village,Census Tract 474,34003047400,-74.118389,40.981067,340030474001
Block Group 2,340030474002,694,298,0.18,Bergen County,Ridgewood Village,Census Tract 474,34003047400,-74.112542,40.982055,340030474002
Block Group 3,340030474003,1021,418,0.17,Bergen County,Ridgewood Village,Census Tract 474,34003047400,-74.120498,40.974772,340030474003
Block Group 4,340076012004,1470,508,0.08,Camden County,Camden City,Census Tract 6012,34007601200,-75.079594,39.941423,340076012004
Block Group 2,340258063002,1102,608,0.64,Monmouth County,Ocean Township,Census Tract 8063,34025806300,-74.011642,40.247956,340258063002
Block Group 4,340210038004,345,133,1.88,Mercer County,Hopewell Township,Census Tract 38,34021003800,-74.797452,40.298367,340210038004
Block Group 2,340210021002,937,357,0.05,Mercer County,Trenton City,Census Tract 21,34021002100,-74.748915,40.219136,340210021002
Block Group 2,340210028002,2901,896,0.26,Mercer County,Hamilton Township,Census Tract 28,34021002800,-74.725194,40.225826,340210028002
Block Group 2,340270418022,1283,439,0.16,Morris County,Parsippany-Troy Hills Township,Census Tract 418.02,34027041802,-74.434975,40.858225,340270418022
Block Group 1,340270452001,1825,667,1.56,Morris County,Mine Hill Township,Census Tract 452,34027045200,-74.595409,40.886589,340270452001
Block Group 2,340270452002,2190,856,1.38,Morris County,Mine Hill Township,Census Tract 452,34027045200,-74.606401,40.87232,340270452002
Block Group 3,340230084043,1821,590,0.9,Middlesex County,South Brunswick Township,Census Tract 84.04,34023008404,-74.557901,40.407019,340230084043
Block Group 2,340270453002,1518,662,6.3,Morris County,Roxbury Township,Census Tract 453,34027045300,-74.617257,40.906445,340270453002
Block Group 1,340311817021,1392,565,0.03,Passaic County,Paterson City,Census Tract 1817.02,34031181702,-74.164946,40.914049,340311817021
Block Group 3,340076065003,1308,501,0.52,Camden County,Lawnside Borough,Census Tract 6065,34007606500,-75.024806,39.864267,340076065003
Block Group 2,340297132012,1110,589,0.49,Ocean County,Brick Township,Census Tract 7132.01,34029713201,-74.100741,40.11047,340297132012
Block Group 2,340110405002,2234,744,1.12,Cumberland County,Vineland City,Census Tract 405,34011040500,-75.053032,39.477535,340110405002
Block Group 1,340076035071,2122,683,0.9,Camden County,Cherry Hill Township,Census Tract 6035.07,34007603507,-74.964537,39.87117,340076035071
Block Group 2,340076035072,1857,961,0.2,Camden County,Cherry Hill Township,Census Tract 6035.07,34007603507,-74.951856,39.870171,340076035072
Block Group 2,340350530002,1332,481,0.15,Somerset County,South Bound Brook Borough,Census Tract 530,34035053000,-74.527304,40.550406,340350530002
Block Group 3,340350530003,1605,672,0.23,Somerset County,South Bound Brook Borough,Census Tract 530,34035053000,-74.534096,40.556057,340350530003
Block Group 1,340350531021,1090,502,0.18,Somerset County,Franklin Township,Census Tract 531.02,34035053102,-74.477636,40.507397,340350531021
Block Group 2,340076033022,1421,522,0.46,Camden County,Cherry Hill Township,Census Tract 6033.02,34007603302,-75.001019,39.936046,340076033022
Block Group 4,340270408034,1867,604,1.12,Morris County,Montville Township,Census Tract 408.03,34027040803,-74.344647,40.876202,340270408034
Block Group 2,340311757032,2322,816,0.12,Passaic County,Passaic City,Census Tract 1757.03,34031175703,-74.126519,40.852966,340311757032
Block Group 2,340311758012,1840,683,0.05,Passaic County,Passaic City,Census Tract 1758.01,34031175801,-74.128619,40.858748,340311758012
Block Group 2,340258100022,1724,1231,0.58,Monmouth County,Manalapan Township,Census Tract 8100.02,34025810002,-74.310633,40.327688,340258100022
Block Group 1,340155003001,1003,400,0.16,Gloucester County,National Park Borough,Census Tract 5003,34015500300,-75.175118,39.86606,340155003001
Block Group 6,340230063006,1031,411,0.35,Middlesex County,Milltown Borough,Census Tract 63,34023006300,-74.428693,40.445963,340230063006
Block Group 3,340230058003,1666,410,0.04,Middlesex County,New Brunswick City,Census Tract 58,34023005800,-74.446888,40.48682,340230058003
Block Group 2,340230061042,1555,478,0.3,Middlesex County,North Brunswick Township,Census Tract 61.04,34023006104,-74.49493,40.464891,340230061042
Block Group 3,340297361053,1116,980,1.92,Ocean County,Little Egg Harbor Township,Census Tract 7361.05,34029736105,-74.385544,39.548745,340297361053
Block Group 3,340297381003,282,679,0.5,Ocean County,Barnegat Light Borough,Census Tract 7381,34029738100,-74.103859,39.752475,340297381003
Block Group 0,340297321040,0,0,0,Ocean County,Lacey Township,Census Tract 7321.04,34029732104,-74.119093,39.835991,340297321040
Block Group 1,340297391001,944,780,0.37,Ocean County,Manchester Township,Census Tract 7391,34029739100,-74.400705,39.955013,340297391001
Block Group 2,340297156002,1861,442,0.25,Ocean County,Lakewood Township,Census Tract 7156,34029715600,-74.220068,40.078791,340297156002
Block Group 1,340230070001,1242,410,0.44,Middlesex County,South River Borough,Census Tract 70,34023007000,-74.360904,40.438801,340230070001
Block Group 2,340230070002,1998,782,0.2,Middlesex County,South River Borough,Census Tract 70,34023007000,-74.379388,40.442994,340230070002
Block Group 3,340230035003,984,409,0.68,Middlesex County,Carteret Borough,Census Tract 35,34023003500,-74.245777,40.587519,340230035003
Block Group 1,340230037001,1155,357,0.12,Middlesex County,Carteret Borough,Census Tract 37,34023003700,-74.227981,40.586047,340230037001
Block Group 2,340230037002,1562,516,0.19,Middlesex County,Carteret Borough,Census Tract 37,34023003700,-74.230957,40.589259,340230037002
Block Group 3,340230037003,1143,398,0.16,Middlesex County,Carteret Borough,Census Tract 37,34023003700,-74.231451,40.582139,340230037003
Block Group 2,340258111012,1498,655,0.31,Monmouth County,Howell Township,Census Tract 8111.01,34025811101,-74.26207,40.209367,340258111012
Block Group 3,340258124003,900,925,1.18,Monmouth County,Deal Borough,Census Tract 8124,34025812400,-73.996488,40.250549,340258124003
Block Group 3,340030322013,2283,1200,0.39,Bergen County,Mahwah Township,Census Tract 322.01,34003032201,-74.131235,41.082971,340030322013
Block Group 3,340030322023,994,438,0.38,Bergen County,Mahwah Township,Census Tract 322.02,34003032202,-74.149233,41.096914,340030322023
Block Group 1,340030612001,1444,545,0.53,Bergen County,Wyckoff Township,Census Tract 612,34003061200,-74.168553,41.005164,340030612001
Block Group 2,340030612002,932,312,0.45,Bergen County,Wyckoff Township,Census Tract 612,34003061200,-74.180501,41.001904,340030612002
Block Group 3,340030442023,1085,551,0.27,Bergen County,Ramsey Borough,Census Tract 442.02,34003044202,-74.138862,41.066021,340030442023
Block Group 7,340373734007,731,309,0.19,Sussex County,Sparta Township,Census Tract 3734,34037373400,-74.659211,41.01143,340373734007
Block Group 2,340258111022,1852,591,2.4,Monmouth County,Howell Township,Census Tract 8111.02,34025811102,-74.221526,40.244257,340258111022
Block Group 3,340258100013,1167,358,0.42,Monmouth County,Manalapan Township,Census Tract 8100.01,34025810001,-74.327247,40.338076,340258100013
Block Group 1,340258100021,2149,1021,0.54,Monmouth County,Manalapan Township,Census Tract 8100.02,34025810002,-74.324382,40.328728,340258100021
Block Group 1,340230075001,1118,493,0.36,Middlesex County,Perth Amboy City; South Amboy City,Census Tract 75,34023007500,-74.274484,40.489265,340230075001
Block Group 3,340230075003,1390,539,0.25,Middlesex County,South Amboy City,Census Tract 75,34023007500,-74.292618,40.481878,340230075003
Block Group 2,340230076002,1423,562,0.11,Middlesex County,South Amboy City,Census Tract 76,34023007600,-74.281991,40.480818,340230076002
Block Group 3,340230076003,1472,711,0.2,Middlesex County,South Amboy City,Census Tract 76,34023007600,-74.263369,40.486069,340230076003
Block Group 4,340230076004,708,303,0.08,Middlesex County,South Amboy City,Census Tract 76,34023007600,-74.285768,40.472981,340230076004
Block Group 2,340230073012,1877,668,0.86,Middlesex County,Sayreville Borough,Census Tract 73.01,34023007301,-74.32216,40.457728,340230073012
Block Group 1,340230074021,660,270,0.44,Middlesex County,Sayreville Borough,Census Tract 74.02,34023007402,-74.268167,40.476363,340230074021
Block Group 2,340270461102,2118,793,0.79,Morris County,Mount Olive Township,Census Tract 461.10,34027046110,-74.771335,40.856184,340270461102
Block Group 1,340270423021,1477,506,0.63,Morris County,Morris Plains Borough,Census Tract 423.02,34027042302,-74.485742,40.841623,340270423021
Block Group 2,340270438022,1552,976,0.09,Morris County,Morristown Town,Census Tract 438.02,34027043802,-74.482028,40.799018,340270438022
Block Group 3,340076104003,2648,1046,0.29,Camden County,Camden City,Census Tract 6104,34007610400,-75.116234,39.941769,340076104003
Block Group 1,340297321041,1460,932,0.48,Ocean County,Lacey Township,Census Tract 7321.04,34029732104,-74.167177,39.820623,340297321041
Block Group 1,340030201001,1211,412,1.29,Bergen County,Franklin Lakes Borough,Census Tract 201,34003020100,-74.183919,41.027059,340030201001
Block Group 2,340030201002,1474,752,1.05,Bergen County,Franklin Lakes Borough,Census Tract 201,34003020100,-74.198555,41.014267,340030201002
Block Group 1,340030140001,1036,430,0.76,Bergen County,Emerson Borough,Census Tract 140,34003014000,-74.002355,40.976881,340030140001
Block Group 3,340076083043,2561,1141,0.76,Camden County,Gloucester Township,Census Tract 6083.04,34007608304,-75.062171,39.825152,340076083043
Block Group 3,340076084033,1216,345,0.64,Camden County,Gloucester Township,Census Tract 6084.03,34007608403,-75.006122,39.745476,340076084033
Block Group 1,340076103001,196,160,0.23,Camden County,Camden City,Census Tract 6103,34007610300,-75.13022,39.944568,340076103001
Block Group 3,340030201003,1644,543,1.48,Bergen County,Franklin Lakes Borough,Census Tract 201,34003020100,-74.203604,41.031898,340030201003
Block Group 2,340030140002,1288,474,0.23,Bergen County,Emerson Borough,Census Tract 140,34003014000,-74.015779,40.977462,340030140002
Block Group 1,340258007021,965,332,0.43,Monmouth County,Middletown Township,Census Tract 8007.02,34025800702,-74.101955,40.418977,340258007021
Block Group 2,340057028032,1875,701,0.33,Burlington County,Willingboro Township,Census Tract 7028.03,34005702803,-74.870767,40.023188,340057028032
Block Group 2,340076104002,1317,509,0.13,Camden County,Camden City,Census Tract 6104,34007610400,-75.122197,39.939522,340076104002
Block Group 1,340390302001,1194,375,0.1,Union County,Elizabeth City,Census Tract 302,34039030200,-74.190816,40.657368,340390302001
Block Group 1,340390305001,933,286,0.03,Union County,Elizabeth City,Census Tract 305,34039030500,-74.194717,40.650754,340390305001
Block Group 2,340390305002,1695,570,0.1,Union County,Elizabeth City,Census Tract 305,34039030500,-74.189249,40.646591,340390305002
Block Group 3,340390305003,1494,470,0.18,Union County,Elizabeth City,Census Tract 305,34039030500,-74.197293,40.646088,340390305003
Block Group 4,340390305004,1820,560,0.05,Union County,Elizabeth City,Census Tract 305,34039030500,-74.195833,40.649225,340390305004
Block Group 3,340258005003,1591,555,1.1,Monmouth County,Middletown Township,Census Tract 8005,34025800500,-74.067612,40.453057,340258005003
Block Group 3,340312461013,1449,474,0.43,Passaic County,Wayne Township,Census Tract 2461.01,34031246101,-74.219976,40.942206,340312461013
Block Group 1,340312461021,1523,849,0.14,Passaic County,Wayne Township,Census Tract 2461.02,34031246102,-74.229657,40.953959,340312461021
Block Group 1,340312461031,1776,640,0.64,Passaic County,Wayne Township,Census Tract 2461.03,34031246103,-74.239436,40.925232,340312461031
Block Group 4,340258058004,1107,886,0.14,Monmouth County,Long Branch City,Census Tract 8058,34025805800,-73.978608,40.297331,340258058004
Block Group 1,340258113031,1526,523,0.47,Monmouth County,Howell Township,Census Tract 8113.03,34025811303,-74.244207,40.140091,340258113031
Block Group 3,340155002043,66,11,0.87,Gloucester County,West Deptford Township,Census Tract 5002.04,34015500204,-75.213363,39.820802,340155002043
Block Group 4,340258013004,1216,599,0.65,Monmouth County,Middletown Township,Census Tract 8013,34025801300,-74.109976,40.354541,340258013004
Block Group 1,340258119001,3311,1238,16.65,Monmouth County,Upper Freehold Township,Census Tract 8119,34025811900,-74.557284,40.133284,340258119001
Block Group 5,340258015005,1134,385,0.72,Monmouth County,Middletown Township,Census Tract 8015,34025801500,-74.116607,40.326012,340258015005
Block Group 2,340258097012,2803,905,1.76,Monmouth County,Marlboro Township,Census Tract 8097.01,34025809701,-74.256258,40.32323,340258097012
Block Group 2,340258046002,1456,495,1.04,Monmouth County,Tinton Falls Borough,Census Tract 8046,34025804600,-74.102582,40.309996,340258046002
Block Group 3,340230074023,1174,404,0.42,Middlesex County,Sayreville Borough,Census Tract 74.02,34023007402,-74.287584,40.468376,340230074023
Block Group 4,340230074024,1501,787,0.42,Middlesex County,Sayreville Borough,Census Tract 74.02,34023007402,-74.271884,40.457957,340230074024
Block Group 5,340230074025,1041,408,0.23,Middlesex County,Sayreville Borough,Census Tract 74.02,34023007402,-74.257094,40.473382,340230074025
Block Group 1,340270436021,807,305,0.24,Morris County,Morristown Town,Census Tract 436.02,34027043602,-74.462173,40.79523,340270436021
Block Group 2,340270436012,1228,644,0.16,Morris County,Morristown Town,Census Tract 436.01,34027043601,-74.473373,40.798535,340270436012
Block Group 1,340270403011,2566,1119,2.01,Morris County,Pequannock Township,Census Tract 403.01,34027040301,-74.318666,40.96719,340270403011
Block Group 3,340230003003,1899,710,0.22,Middlesex County,Dunellen Borough,Census Tract 3,34023000300,-74.47299,40.590645,340230003003
Block Group 1,340076112001,1929,738,0.58,Camden County,Stratford Borough,Census Tract 6112,34007611200,-75.026831,39.826595,340076112001
Block Group 2,340076112002,927,420,0.22,Camden County,Hi-Nella Borough,Census Tract 6112,34007611200,-75.020682,39.837059,340076112002
Block Group 4,340230015024,2156,720,0.36,Middlesex County,Edison Township,Census Tract 15.02,34023001502,-74.418336,40.510198,340230015024
Block Group 4,340390326004,885,263,0.07,Union County,Union Township,Census Tract 326,34039032600,-74.256118,40.701984,340390326004
Block Group 2,340230004012,1111,365,0.25,Middlesex County,Piscataway Township,Census Tract 4.01,34023000401,-74.471321,40.57712,340230004012
Block Group 3,340270417043,1975,616,0.96,Morris County,Parsippany-Troy Hills Township,Census Tract 417.04,34027041704,-74.36804,40.865281,340270417043
Block Group 2,340270417062,1927,1063,0.49,Morris County,Parsippany-Troy Hills Township,Census Tract 417.06,34027041706,-74.408173,40.867055,340270417062
Block Group 1,340297280041,394,489,0.26,Ocean County,Seaside Heights Borough; Toms River Township,Census Tract 7280.04,34029728004,-74.081496,39.947311,340297280041
Block Group 1,340297280031,433,719,0.1,Ocean County,Seaside Heights Borough,Census Tract 7280.03,34029728003,-74.067628,39.944093,340297280031
Block Group 4,340030430024,969,333,0.24,Bergen County,Park Ridge Borough,Census Tract 430.02,34003043002,-74.024158,41.025626,340030430024
Block Group 3,340270410003,1305,464,0.41,Morris County,Boonton Town,Census Tract 410,34027041000,-74.394215,40.904509,340270410003
Block Group 1,340270440001,1202,353,0.33,Morris County,Chatham Township,Census Tract 440,34027044000,-74.411333,40.721297,340270440001
Block Group 3,340350509013,1018,355,0.98,Somerset County,Bridgewater Township,Census Tract 509.01,34035050901,-74.604318,40.629072,340350509013
Block Group 2,340350509022,2123,713,3.84,Somerset County,Bridgewater Township,Census Tract 509.02,34035050902,-74.596687,40.590565,340350509022
Block Group 1,340210044031,1863,628,0.42,Mercer County,Hightstown Borough,Census Tract 44.03,34021004403,-74.526701,40.263788,340210044031
Block Group 1,340130096001,1733,580,0.21,Essex County,Newark City,Census Tract 96,34013009600,-74.157107,40.771149,340130096001
Block Group 3,340130097003,1473,528,0.05,Essex County,Newark City,Census Tract 97,34013009700,-74.161744,40.774534,340130097003
Block Group 1,340130099001,632,247,0.05,Essex County,East Orange City,Census Tract 99,34013009900,-74.217144,40.785981,340130099001
Block Group 1,340210037071,211,22,0.26,Mercer County,Ewing Township,Census Tract 37.07,34021003707,-74.805336,40.262035,340210037071
Block Group 5,340210038005,786,303,1.66,Mercer County,Hopewell Township,Census Tract 38,34021003800,-74.806691,40.319938,340210038005
Block Group 1,340030023001,2288,874,0.64,Bergen County,Norwood Borough,Census Tract 23,34003002300,-73.96452,41.001562,340030023001
Block Group 2,340030023002,1462,509,1.51,Bergen County,Norwood Borough,Census Tract 23,34003002300,-73.941866,40.988661,340030023002
Block Group 2,340030031002,989,308,0.08,Bergen County,Bergenfield Borough,Census Tract 31,34003003100,-73.988227,40.934528,340030031002
Block Group 3,340030031003,1366,475,0.15,Bergen County,Bergenfield Borough,Census Tract 31,34003003100,-73.986401,40.930244,340030031003
Block Group 4,340030031004,836,296,0.06,Bergen County,Bergenfield Borough,Census Tract 31,34003003100,-73.99254,40.926071,340030031004
Block Group 1,340390379001,1399,454,0.33,Union County,Summit City,Census Tract 379,34039037900,-74.367953,40.709135,340390379001
Block Group 2,340390379002,1447,482,0.82,Union County,Summit City,Census Tract 379,34039037900,-74.366433,40.698426,340390379002
Block Group 3,340390376013,1062,388,0.15,Union County,Springfield Township,Census Tract 376.01,34039037601,-74.33537,40.690021,340390376013
Block Group 2,340390378002,1882,758,0.37,Union County,Summit City,Census Tract 378,34039037800,-74.366956,40.720843,340390378002
Block Group 1,340311808001,1255,393,0.06,Passaic County,Paterson City,Census Tract 1808,34031180800,-74.155917,40.927111,340311808001
Block Group 1,340297236001,1203,528,0.53,Ocean County,Berkeley Township; Toms River Township,Census Tract 7236,34029723600,-74.178143,39.948173,340297236001
Block Group 1,340297240001,1506,469,0.22,Ocean County,South Toms River Borough,Census Tract 7240,34029724000,-74.217946,39.937069,340297240001
Block Group 1,340155012051,1584,691,1.51,Gloucester County,Washington Township,Census Tract 5012.05,34015501205,-75.043138,39.729665,340155012051
Block Group 1,340155016051,1328,396,1.31,Gloucester County,Monroe Township,Census Tract 5016.05,34015501605,-74.956523,39.693867,340155016051
Block Group 3,340155016043,1382,485,0.41,Gloucester County,Monroe Township,Census Tract 5016.04,34015501604,-74.985275,39.674107,340155016043
Block Group 2,340130075012,540,337,0.62,Essex County,Newark City,Census Tract 75.01,34013007501,-74.130588,40.737284,340130075012
Block Group 1,340130076001,1509,629,0.04,Essex County,Newark City,Census Tract 76,34013007600,-74.154156,40.729768,340130076001
Block Group 1,340130077001,1492,617,0.03,Essex County,Newark City,Census Tract 77,34013007700,-74.157885,40.727409,340130077001
Block Group 1,340130088001,1204,436,0.04,Essex County,Newark City,Census Tract 88,34013008800,-74.17207,40.75292,340130088001
Block Group 2,340130092002,1114,279,0.04,Essex County,Newark City,Census Tract 92,34013009200,-74.169167,40.759342,340130092002
Block Group 1,340130093001,2865,1002,0.08,Essex County,Newark City,Census Tract 93,34013009300,-74.164835,40.769225,340130093001
Block Group 2,340130094002,2835,1102,0.06,Essex County,Newark City,Census Tract 94,34013009400,-74.175045,40.761354,340130094002
Block Group 3,340130094003,1882,853,0.08,Essex County,Newark City,Census Tract 94,34013009400,-74.173295,40.76576,340130094003
Block Group 1,340297154031,1567,367,0.08,Ocean County,Lakewood Township,Census Tract 7154.03,34029715403,-74.219341,40.100581,340297154031
Block Group 1,340258097031,2330,702,0.93,Monmouth County,Marlboro Township,Census Tract 8097.03,34025809703,-74.280975,40.324748,340258097031
Block Group 2,340258097032,1319,471,0.62,Monmouth County,Marlboro Township,Census Tract 8097.03,34025809703,-74.273337,40.317314,340258097032
Block Group 2,340258109002,1789,618,0.31,Monmouth County,Freehold Borough,Census Tract 8109,34025810900,-74.279392,40.255169,340258109002
Block Group 2,340258064002,1719,608,0.93,Monmouth County,Ocean Township,Census Tract 8064,34025806400,-74.032139,40.26068,340258064002
Block Group 1,340390378001,1141,632,0.21,Union County,Summit City,Census Tract 378,34039037800,-74.358282,40.719259,340390378001
Block Group 3,340390378003,1462,589,0.31,Union County,Summit City,Census Tract 378,34039037800,-74.377,40.715079,340390378003
Block Group 0,340339900000,0,0,0,Salem County,,Census Tract 9900,34033990000,-75.496042,39.426999,340339900000
Block Group 3,340230052003,1202,550,0.06,Middlesex County,New Brunswick City,Census Tract 52,34023005200,-74.456388,40.497547,340230052003
Block Group 4,340230052004,626,324,0.03,Middlesex County,New Brunswick City,Census Tract 52,34023005200,-74.455401,40.49963,340230052004
Block Group 1,340230053001,2255,421,0.08,Middlesex County,New Brunswick City,Census Tract 53,34023005300,-74.453269,40.493556,340230053001
Block Group 2,340230053002,1718,403,0.09,Middlesex County,New Brunswick City,Census Tract 53,34023005300,-74.456322,40.489036,340230053002
Block Group 5,340410312005,1222,538,10.78,Warren County,Knowlton Township,Census Tract 312,34041031200,-75.050979,40.899071,340410312005
Block Group 3,340410314023,2321,680,0.73,Warren County,Hackettstown Town,Census Tract 314.02,34041031402,-74.836462,40.841291,340410314023
Block Group 3,340090218063,622,580,0.66,Cape May County,Lower Township,Census Tract 218.06,34009021806,-74.961451,38.974805,340090218063
Block Group 1,340311758011,1364,449,0.06,Passaic County,Passaic City,Census Tract 1758.01,34031175801,-74.123386,40.855229,340311758011
Block Group 3,340311758013,890,317,0.04,Passaic County,Passaic City,Census Tract 1758.01,34031175801,-74.12498,40.857435,340311758013
Block Group 1,340311802011,1255,389,0.06,Passaic County,Paterson City,Census Tract 1802.01,34031180201,-74.189851,40.922932,340311802011
Block Group 1,340230055001,1810,542,0.28,Middlesex County,New Brunswick City,Census Tract 55,34023005500,-74.467034,40.485497,340230055001
Block Group 2,340230055002,1808,676,0.9,Middlesex County,New Brunswick City,Census Tract 55,34023005500,-74.476068,40.478188,340230055002
Block Group 2,340410312002,593,349,2.07,Warren County,Liberty Township,Census Tract 312,34041031200,-74.985147,40.860357,340410312002
Block Group 3,340090220003,582,209,0.61,Cape May County,Cape May City,Census Tract 220,34009022000,-74.880702,38.943844,340090220003
Block Group 2,340090221022,1900,1039,1.19,Cape May County,Middle Township,Census Tract 221.02,34009022102,-74.86874,39.017805,340090221022
Block Group 2,340258057002,1517,516,0.21,Monmouth County,Long Branch City,Census Tract 8057,34025805700,-73.995512,40.302714,340258057002
Block Group 1,340258060001,949,797,0.13,Monmouth County,Long Branch City,Census Tract 8060,34025806000,-73.982213,40.289741,340258060001
Block Group 3,340373731003,1351,471,0.73,Sussex County,Sparta Township,Census Tract 3731,34037373100,-74.673909,41.023763,340373731003
Block Group 2,340230026032,2581,1176,0.18,Middlesex County,Woodbridge Township,Census Tract 26.03,34023002603,-74.306856,40.563836,340230026032
Block Group 2,340390376012,1605,566,1.69,Union County,Springfield Township,Census Tract 376.01,34039037601,-74.340492,40.699724,340390376012
Block Group 1,340297170021,2366,571,0.41,Ocean County,Jackson Township,Census Tract 7170.02,34029717002,-74.248763,40.121292,340297170021
Block Group 2,340297201052,2220,1173,3.5,Ocean County,Manchester Township,Census Tract 7201.05,34029720105,-74.293495,39.991411,340297201052
Block Group 2,340297154032,1767,462,0.09,Ocean County,Lakewood Township,Census Tract 7154.03,34029715403,-74.221539,40.095616,340297154032
Block Group 1,340297153041,1245,476,0.06,Ocean County,Lakewood Township,Census Tract 7153.04,34029715304,-74.215151,40.096062,340297153041
Block Group 3,340297153043,2276,425,0.06,Ocean County,Lakewood Township,Census Tract 7153.04,34029715304,-74.210917,40.096555,340297153043
Block Group 3,340390333003,951,331,0.12,Union County,Union Township,Census Tract 333,34039033300,-74.274212,40.684916,340390333003
Block Group 2,340076008002,791,240,0.08,Camden County,Camden City,Census Tract 6008,34007600800,-75.110747,39.948223,340076008002
Block Group 1,340210025001,2914,1098,0.72,Mercer County,Hamilton Township,Census Tract 25,34021002500,-74.743861,40.192784,340210025001
Block Group 1,340258109001,1152,411,0.26,Monmouth County,Freehold Borough,Census Tract 8109,34025810900,-74.284852,40.252752,340258109001
Block Group 2,340297340052,1265,805,0.51,Ocean County,Barnegat Township,Census Tract 7340.05,34029734005,-74.268066,39.769235,340297340052
Block Group 2,340190118002,1134,484,9.62,Hunterdon County,West Amwell Township,Census Tract 118,34019011800,-74.897317,40.363399,340190118002
Block Group 1,340190104001,1387,521,6.95,Hunterdon County,Bethlehem Township,Census Tract 104,34019010400,-74.958565,40.68191,340190104001
Block Group 4,340190105004,1431,604,6.72,Hunterdon County,Holland Township,Census Tract 105,34019010500,-75.151864,40.581307,340190105004
Block Group 1,340297312051,869,604,0.34,Ocean County,Berkeley Township,Census Tract 7312.05,34029731205,-74.235653,39.960259,340297312051
Block Group 3,340297312053,937,643,0.22,Ocean County,Berkeley Township,Census Tract 7312.05,34029731205,-74.238941,39.955414,340297312053
Block Group 3,340030103003,1128,380,0.2,Bergen County,Dumont Borough,Census Tract 103,34003010300,-73.998519,40.949949,340030103003
Block Group 3,340030112003,981,343,0.13,Bergen County,Elmwood Park Borough,Census Tract 112,34003011200,-74.126009,40.909896,340030112003
Block Group 2,340297236002,1352,601,0.27,Ocean County,Toms River Township,Census Tract 7236,34029723600,-74.160097,39.948274,340297236002
Block Group 3,340155012093,1809,590,1.28,Gloucester County,Washington Township,Census Tract 5012.09,34015501209,-75.103849,39.774378,340155012093
Block Group 2,340155013012,1001,383,0.39,Gloucester County,Pitman Borough,Census Tract 5013.01,34015501301,-75.127399,39.740788,340155013012
Block Group 4,340155001004,1182,606,0.25,Gloucester County,Westville Borough,Census Tract 5001,34015500100,-75.134263,39.86671,340155001004
Block Group 2,340155010032,1345,564,0.31,Gloucester County,Woodbury City,Census Tract 5010.03,34015501003,-75.160919,39.831313,340155010032
Block Group 4,340030160004,1043,381,0.15,Bergen County,Englewood Cliffs Borough,Census Tract 160,34003016000,-73.961423,40.867481,340030160004
Block Group 3,340030216003,1234,467,0.05,Bergen County,Garfield City,Census Tract 216,34003021600,-74.112603,40.871931,340030216003
Block Group 2,340030500002,1323,523,0.2,Bergen County,Rochelle Park Township,Census Tract 500,34003050000,-74.07376,40.905312,340030500002
Block Group 4,340030462004,1268,460,0.09,Bergen County,Ridgefield Park Village,Census Tract 462,34003046200,-74.028088,40.865232,340030462004
Block Group 2,340297280012,449,768,0.21,Ocean County,Seaside Park Borough,Census Tract 7280.01,34029728001,-74.076711,39.917485,340297280012
Block Group 2,340297170012,2140,596,0.83,Ocean County,Jackson Township,Census Tract 7170.01,34029717001,-74.251418,40.136089,340297170012
Block Group 1,340297175021,1317,433,2.38,Ocean County,Jackson Township,Census Tract 7175.02,34029717502,-74.286332,40.078366,340297175021
Block Group 2,340057029142,2932,1109,1.11,Burlington County,Mount Laurel Township,Census Tract 7029.14,34005702914,-74.861559,39.990384,340057029142
Block Group 1,340057031031,1527,608,1.59,Burlington County,Lumberton Township,Census Tract 7031.03,34005703103,-74.784367,39.953859,340057031031
Block Group 4,340297350014,1576,547,0.29,Ocean County,Stafford Township,Census Tract 7350.01,34029735001,-74.293264,39.736381,340297350014
Block Group 3,340057031033,2495,1038,2.27,Burlington County,Lumberton Township,Census Tract 7031.03,34005703103,-74.766162,39.968263,340057031033
Block Group 1,340390375001,1148,530,0.22,Union County,Springfield Township,Census Tract 375,34039037500,-74.303984,40.708398,340390375001
Block Group 2,340258034002,1508,494,0.1,Monmouth County,Red Bank Borough,Census Tract 8034,34025803400,-74.07682,40.345547,340258034002
Block Group 3,340258034003,1274,389,0.16,Monmouth County,Red Bank Borough,Census Tract 8034,34025803400,-74.082455,40.338762,340258034003
Block Group 2,340030241002,1570,511,1.01,Bergen County,Old Tappan Borough,Census Tract 241,34003024100,-73.996621,41.006842,340030241002
Block Group 1,340330203001,998,467,0.2,Salem County,Penns Grove Borough,Census Tract 203,34033020300,-75.473149,39.727005,340330203001
Block Group 1,340297320031,1391,548,0.33,Ocean County,Lacey Township,Census Tract 7320.03,34029732003,-74.20403,39.851491,340297320031
Block Group 2,340297320042,1577,621,0.4,Ocean County,Lacey Township,Census Tract 7320.04,34029732004,-74.217345,39.85156,340297320042
Block Group 2,340297201072,1408,993,1.1,Ocean County,Manchester Township,Census Tract 7201.07,34029720107,-74.34103,39.938152,340297201072
Block Group 5,340030251005,1492,646,0.28,Bergen County,Hasbrouck Heights Borough,Census Tract 251,34003025100,-74.073922,40.854037,340030251005
Block Group 1,340297153011,4616,1095,0.29,Ocean County,Lakewood Township,Census Tract 7153.01,34029715301,-74.206204,40.10874,340297153011
Block Group 3,340297202023,977,792,0.31,Ocean County,Manchester Township,Census Tract 7202.02,34029720202,-74.269582,40.015515,340297202023
Block Group 0,340297340020,0,0,0,Ocean County,Barnegat Township,Census Tract 7340.02,34029734002,-74.168802,39.751381,340297340020
Block Group 4,340230063004,859,397,0.15,Middlesex County,Milltown Borough,Census Tract 63,34023006300,-74.441014,40.450748,340230063004
Block Group 1,340230067031,1318,435,0.24,Middlesex County,East Brunswick Township,Census Tract 67.03,34023006703,-74.388663,40.436574,340230067031
Block Group 2,340230071012,917,379,0.32,Middlesex County,Sayreville Borough,Census Tract 71.01,34023007101,-74.368655,40.457097,340230071012
Block Group 1,340230035001,1367,418,0.23,Middlesex County,Carteret Borough,Census Tract 35,34023003500,-74.236984,40.597932,340230035001
Block Group 2,340270457032,1194,384,0.56,Morris County,Randolph Township,Census Tract 457.03,34027045703,-74.548081,40.828409,340270457032
Block Group 3,340270462013,1632,592,1.14,Morris County,Washington Township,Census Tract 462.01,34027046201,-74.81275,40.832781,340270462013
Block Group 2,340297171022,2662,1038,1.42,Ocean County,Jackson Township,Census Tract 7171.02,34029717102,-74.289606,40.128429,340297171022
Block Group 2,340297351062,1181,797,5.37,Ocean County,Stafford Township,Census Tract 7351.06,34029735106,-74.260516,39.666953,340297351062
Block Group 3,340030611003,1169,479,0.58,Bergen County,Wyckoff Township,Census Tract 611,34003061100,-74.166596,41.011398,340030611003
Block Group 4,340030611004,728,269,0.15,Bergen County,Wyckoff Township,Census Tract 611,34003061100,-74.158781,41.009294,340030611004
Block Group 4,340030292004,979,390,0.1,Bergen County,Little Ferry Borough,Census Tract 292,34003029200,-74.046998,40.848709,340030292004
Block Group 5,340030292005,658,346,0.04,Bergen County,Little Ferry Borough,Census Tract 292,34003029200,-74.044114,40.845356,340030292005
Block Group 5,340130139005,853,299,0.09,Essex County,Nutley Township,Census Tract 139,34013013900,-74.17314,40.818679,340130139005
Block Group 3,340130140003,1616,687,0.19,Essex County,Belleville Township,Census Tract 140,34013014000,-74.174182,40.799271,340130140003
Block Group 4,340130140004,681,238,0.06,Essex County,Belleville Township,Census Tract 140,34013014000,-74.172711,40.793189,340130140004
Block Group 1,340130141001,1435,564,0.13,Essex County,Belleville Township,Census Tract 141,34013014100,-74.164347,40.806028,340130141001
Block Group 3,340076084043,2604,1102,1.06,Camden County,Gloucester Township,Census Tract 6084.04,34007608404,-75.026559,39.757179,340076084043
Block Group 2,340130141002,1073,379,0.07,Essex County,Belleville Township,Census Tract 141,34013014100,-74.16645,40.802552,340130141002
Block Group 3,340130141003,1291,487,0.22,Essex County,Belleville Township,Census Tract 141,34013014100,-74.166741,40.795958,340130141003
Block Group 3,340130142003,1077,338,0.08,Essex County,Belleville Township,Census Tract 142,34013014200,-74.156876,40.800881,340130142003
Block Group 3,340258015003,1072,353,0.52,Monmouth County,Middletown Township,Census Tract 8015,34025801500,-74.109816,40.338828,340258015003
Block Group 4,340258015004,998,352,0.39,Monmouth County,Middletown Township,Census Tract 8015,34025801500,-74.103725,40.329879,340258015004
Block Group 1,340210037041,1346,688,0.71,Mercer County,Ewing Township,Census Tract 37.04,34021003704,-74.789915,40.283503,340210037041
Block Group 2,340130091002,1725,589,0.05,Essex County,Newark City,Census Tract 91,34013009100,-74.177017,40.757531,340130091002
Block Group 4,340130095004,1554,582,0.04,Essex County,Newark City,Census Tract 95,34013009500,-74.165289,40.774051,340130095004
Block Group 3,340130114003,2486,1359,0.06,Essex County,East Orange City,Census Tract 114,34013011400,-74.227149,40.760071,340130114003
Block Group 2,340130116002,2022,736,0.06,Essex County,East Orange City,Census Tract 116,34013011600,-74.221147,40.756697,340130116002
Block Group 5,340130173025,1206,481,0.45,Essex County,West Orange Township,Census Tract 173.02,34013017302,-74.290238,40.773643,340130173025
Block Group 2,340057029102,2791,1085,1.83,Burlington County,Mount Laurel Township,Census Tract 7029.10,34005702910,-74.877786,39.93369,340057029102
Block Group 2,340210037062,1138,486,0.94,Mercer County,Ewing Township,Census Tract 37.06,34021003706,-74.829072,40.282429,340210037062
Block Group 1,340210001001,1421,712,0.34,Mercer County,Trenton City,Census Tract 1,34021000100,-74.755437,40.194993,340210001001
Block Group 2,340210045012,857,209,0.12,Mercer County,Princeton,Census Tract 45.01,34021004501,-74.664416,40.344155,340210045012
Block Group 3,340057043023,972,337,2.25,Burlington County,Chesterfield Township,Census Tract 7043.02,34005704302,-74.674089,40.142828,340057043023
Block Group 3,340057013033,1575,566,0.61,Burlington County,Florence Township,Census Tract 7013.03,34005701303,-74.765887,40.103534,340057013033
Block Group 2,340057043022,923,323,5.87,Burlington County,Chesterfield Township,Census Tract 7043.02,34005704302,-74.628876,40.126527,340057043022
Block Group 1,340350508021,1680,656,0.52,Somerset County,Bridgewater Township,Census Tract 508.02,34035050802,-74.616142,40.599494,340350508021
Block Group 3,340155003003,1285,521,0.55,Gloucester County,National Park Borough,Census Tract 5003,34015500300,-75.18939,39.86914,340155003003
Block Group 2,340230086012,2958,854,3.63,Middlesex County,Plainsboro Township,Census Tract 86.01,34023008601,-74.605862,40.343801,340230086012
Block Group 2,340155011052,1299,623,0.55,Gloucester County,Deptford Township,Census Tract 5011.05,34015501105,-75.142241,39.824633,340155011052
Block Group 1,340155011061,1846,718,0.68,Gloucester County,Deptford Township,Census Tract 5011.06,34015501106,-75.139794,39.799735,340155011061
Block Group 3,340030424003,1130,403,1.6,Bergen County,Paramus Borough,Census Tract 424,34003042400,-74.081311,40.943602,340030424003
Block Group 1,340330205001,1158,506,0.64,Salem County,Carneys Point Township,Census Tract 205,34033020500,-75.461468,39.714337,340330205001
Block Group 2,340330205002,1961,845,0.48,Salem County,Carneys Point Township,Census Tract 205,34033020500,-75.464302,39.704652,340330205002
Block Group 1,340330206001,1092,444,1.74,Salem County,Carneys Point Township,Census Tract 206,34033020600,-75.484058,39.703538,340330206001
Block Group 2,340076075062,1748,864,0.13,Camden County,Voorhees Township,Census Tract 6075.06,34007607506,-74.99315,39.850938,340076075062
Block Group 4,340030424004,929,313,0.42,Bergen County,Paramus Borough,Census Tract 424,34003042400,-74.097135,40.954429,340030424004
Block Group 2,340258115022,1028,427,7.69,Monmouth County,Howell Township,Census Tract 8115.02,34025811502,-74.155577,40.180959,340258115022
Block Group 1,340410324001,1009,435,0.88,Warren County,Alpha Borough,Census Tract 324,34041032400,-75.150021,40.663957,340410324001
Block Group 2,340410324002,1319,612,0.8,Warren County,Alpha Borough,Census Tract 324,34041032400,-75.163651,40.654771,340410324002
Block Group 1,340258019001,1458,607,0.25,Monmouth County,Keyport Borough,Census Tract 8019,34025801900,-74.192129,40.440841,340258019001
Block Group 1,340258080021,1234,494,1.02,Monmouth County,Neptune Township,Census Tract 8080.02,34025808002,-74.064466,40.201206,340258080021
Block Group 4,340057029134,1364,600,0.44,Burlington County,Mount Laurel Township,Census Tract 7029.13,34005702913,-74.866448,39.975498,340057029134
Block Group 3,340057015023,1121,523,0.9,Burlington County,Bordentown Township,Census Tract 7015.02,34005701502,-74.69045,40.174497,340057015023
Block Group 1,340258099031,194,59,7.25,Monmouth County,Colts Neck Township,Census Tract 8099.03,34025809903,-74.147907,40.26549,340258099031
Block Group 1,340258022001,597,292,0.14,Monmouth County,Hazlet Township,Census Tract 8022,34025802200,-74.133923,40.431361,340258022001
Block Group 2,340258119002,1558,507,11.89,Monmouth County,Upper Freehold Township,Census Tract 8119,34025811900,-74.516171,40.196444,340258119002
Block Group 4,340258033004,1908,598,3.38,Monmouth County,Holmdel Township,Census Tract 8033,34025803300,-74.159636,40.345931,340258033004
Block Group 2,340258030002,1034,430,0.22,Monmouth County,Matawan Borough,Census Tract 8030,34025803000,-74.239336,40.406462,340258030002
Block Group 1,340030441001,1832,597,0.8,Bergen County,Ramsey Borough,Census Tract 441,34003044100,-74.154957,41.068286,340030441001
Block Group 3,340270464003,1560,580,1.59,Morris County,Mendham Borough,Census Tract 464,34027046400,-74.61018,40.775477,340270464003
Block Group 3,340297280033,709,711,0.11,Ocean County,Seaside Heights Borough,Census Tract 7280.03,34029728003,-74.074066,39.938943,340297280033
Block Group 2,340057005022,1186,493,1.42,Burlington County,Moorestown Township,Census Tract 7005.02,34005700502,-74.985431,39.969407,340057005022
Block Group 3,340057017003,1087,599,0.48,Burlington County,Bordentown City,Census Tract 7017,34005701700,-74.706975,40.153287,340057017003
Block Group 1,340057011051,443,31,1.75,Burlington County,Burlington Township,Census Tract 7011.05,34005701105,-74.839411,40.037737,340057011051
Block Group 3,340390364003,887,291,0.17,Union County,Westfield Town,Census Tract 364,34039036400,-74.339344,40.655196,340390364003
Block Group 4,340390364004,1463,458,0.26,Union County,Westfield Town,Census Tract 364,34039036400,-74.341747,40.661477,340390364004
Block Group 5,340390364005,2260,721,0.69,Union County,Westfield Town,Census Tract 364,34039036400,-74.339379,40.668433,340390364005
Block Group 2,340390365002,1179,355,0.32,Union County,Westfield Town,Census Tract 365,34039036500,-74.362868,40.661028,340390365002
Block Group 4,340390365004,1528,510,0.37,Union County,Westfield Town,Census Tract 365,34039036500,-74.369424,40.660015,340390365004
Block Group 2,340030441002,940,308,0.65,Bergen County,Ramsey Borough,Census Tract 441,34003044100,-74.157776,41.058513,340030441002
Block Group 2,340057031022,1755,649,3.27,Burlington County,Lumberton Township,Census Tract 7031.02,34005703102,-74.810489,39.952208,340057031022
Block Group 1,340057031041,1758,590,1.21,Burlington County,Lumberton Township,Census Tract 7031.04,34005703104,-74.809375,39.972828,340057031041
Block Group 3,340057036003,1181,426,31.92,Burlington County,Tabernacle Township,Census Tract 7036,34005703600,-74.638691,39.809645,340057036003
Block Group 3,340030511003,827,277,0.09,Bergen County,Rutherford Borough,Census Tract 511,34003051100,-74.115184,40.837272,340030511003
Block Group 4,340030544004,1213,535,0.16,Bergen County,Teaneck Township,Census Tract 544,34003054400,-74.030295,40.887337,340030544004
Block Group 1,340010130001,1348,778,0.25,Atlantic County,Margate City,Census Tract 130,34001013000,-74.506276,39.335851,340010130001
Block Group 3,340030413023,1197,529,0.1,Bergen County,Palisades Park Borough,Census Tract 413.02,34003041302,-73.984999,40.844058,340030413023
Block Group 1,340030062011,1084,449,0.05,Bergen County,Cliffside Park Borough,Census Tract 62.01,34003006201,-73.990505,40.823288,340030062011
Block Group 2,340010114012,1426,628,0.83,Atlantic County,Hamilton Township,Census Tract 114.01,34001011401,-74.725279,39.456098,340010114012
Block Group 4,340030120014,1811,934,0.13,Bergen County,East Rutherford Borough,Census Tract 120.01,34003012001,-74.099437,40.831389,340030120014
Block Group 3,340030191043,967,600,0.03,Bergen County,Fort Lee Borough,Census Tract 191.04,34003019104,-73.967648,40.856947,340030191043
Block Group 1,340057028111,2568,944,0.83,Burlington County,Willingboro Township,Census Tract 7028.11,34005702811,-74.87841,40.006863,340057028111
Block Group 2,340270428002,816,307,0.28,Morris County,Chatham Borough,Census Tract 428,34027042800,-74.385851,40.729301,340270428002
Block Group 1,340057029051,2417,997,0.83,Burlington County,Mount Laurel Township,Census Tract 7029.05,34005702905,-74.945343,39.931771,340057029051
Block Group 3,340030372013,1294,423,0.17,Bergen County,New Milford Borough,Census Tract 372.01,34003037201,-74.021182,40.93123,340030372013
Block Group 4,340030371004,1091,362,0.12,Bergen County,New Milford Borough,Census Tract 371,34003037100,-74.018243,40.94415,340030371004
Block Group 1,340170018001,2025,795,0.05,Hudson County,Jersey City,Census Tract 18,34017001800,-74.069739,40.735288,340170018001
Block Group 1,340170019001,1337,668,0.04,Hudson County,Jersey City,Census Tract 19,34017001900,-74.062306,40.734189,340170019001
Block Group 1,340170023001,1125,614,0.03,Hudson County,Jersey City,Census Tract 23,34017002300,-74.048023,40.725258,340170023001
Block Group 2,340170023002,1345,708,0.03,Hudson County,Jersey City,Census Tract 23,34017002300,-74.04774,40.722081,340170023002
Block Group 2,340170024002,791,409,0.01,Hudson County,Jersey City,Census Tract 24,34017002400,-74.046496,40.727394,340170024002
Block Group 4,340312641014,1496,571,0.22,Passaic County,Woodland Park Borough,Census Tract 2641.01,34031264101,-74.186585,40.901543,340312641014
Block Group 2,340130218012,1305,462,0.33,Essex County,West Caldwell Township,Census Tract 218.01,34013021801,-74.297694,40.834314,340130218012
Block Group 1,340076037001,1456,621,0.29,Camden County,Cherry Hill Township,Census Tract 6037,34007603700,-75.014296,39.905654,340076037001
Block Group 3,340030062013,991,575,0.02,Bergen County,Cliffside Park Borough,Census Tract 62.01,34003006201,-73.985628,40.823539,340030062013
Block Group 4,340030062024,1153,656,0.01,Bergen County,Cliffside Park Borough,Census Tract 62.02,34003006202,-73.979341,40.827143,340030062024
Block Group 2,340030192032,1433,807,0.02,Bergen County,Fort Lee Borough,Census Tract 192.03,34003019203,-73.971989,40.854299,340030192032
Block Group 1,340312641021,1957,1047,1.16,Passaic County,Woodland Park Borough,Census Tract 2641.02,34031264102,-74.184682,40.887638,340312641021
Block Group 2,340270447012,1752,864,0.76,Morris County,Jefferson Township,Census Tract 447.01,34027044701,-74.62582,40.950407,340270447012
Block Group 2,340373710002,751,340,29.71,Sussex County,Montague Township,Census Tract 3710,34037371000,-74.719713,41.287465,340373710002
Block Group 3,340373710003,459,168,1.83,Sussex County,Montague Township,Census Tract 3710,34037371000,-74.780355,41.28483,340373710003
Block Group 1,340373711001,1866,748,12.95,Sussex County,Wantage Township,Census Tract 3711,34037371100,-74.590665,41.230841,340373711001
Block Group 2,340373743002,2113,848,4.94,Sussex County,Byram Township,Census Tract 3743,34037374300,-74.708763,40.943861,340373743002
Block Group 2,340270411002,1178,436,0.12,Morris County,Boonton Town,Census Tract 411,34027041100,-74.41598,40.910677,340270411002
Block Group 1,340270412001,1507,475,1.26,Morris County,Mountain Lakes Borough,Census Tract 412,34027041200,-74.448093,40.893505,340270412001
Block Group 4,340270410004,980,384,0.45,Morris County,Boonton Town,Census Tract 410,34027041000,-74.398214,40.898228,340270410004
Block Group 1,340270411001,1195,504,0.23,Morris County,Boonton Town,Census Tract 411,34027041100,-74.410272,40.911982,340270411001
Block Group 2,340057026012,836,302,0.17,Burlington County,Mount Holly Township,Census Tract 7026.01,34005702601,-74.79201,40.007329,340057026012
Block Group 3,340057026013,1042,406,0.33,Burlington County,Mount Holly Township,Census Tract 7026.01,34005702601,-74.774984,39.994547,340057026013
Block Group 2,340410314022,1242,600,0.25,Warren County,Hackettstown Town,Census Tract 314.02,34041031402,-74.82646,40.838035,340410314022
Block Group 3,340057046003,694,242,0.26,Burlington County,Mount Holly Township,Census Tract 7046,34005704600,-74.798648,39.993036,340057046003
Block Group 2,340170137002,1040,383,0.04,Hudson County,Harrison Town,Census Tract 137,34017013700,-74.162142,40.746472,340170137002
Block Group 2,340373715032,1125,458,6.05,Sussex County,Vernon Township,Census Tract 3715.03,34037371503,-74.451561,41.205721,340373715032
Block Group 3,340373713003,1558,600,7.31,Sussex County,Vernon Township,Census Tract 3713,34037371300,-74.517172,41.260919,340373713003
Block Group 2,340210043142,16,7,0.56,Mercer County,West Windsor Township,Census Tract 43.14,34021004314,-74.675557,40.306263,340210043142
Block Group 1,340210043151,746,241,0.98,Mercer County,West Windsor Township,Census Tract 43.15,34021004315,-74.603175,40.308891,340210043151
Block Group 3,340210043093,1494,580,1.3,Mercer County,Robbinsville Township,Census Tract 43.09,34021004309,-74.59818,40.223521,340210043093
Block Group 3,340373729003,1495,696,0.65,Sussex County,Franklin Borough,Census Tract 3729,34037372900,-74.58168,41.12921,340373729003
Block Group 2,340373725002,927,365,6.89,Sussex County,Hardyston Township,Census Tract 3725,34037372500,-74.608829,41.131552,340373725002
Block Group 4,340270443004,2899,1088,1.16,Morris County,Rockaway Borough,Census Tract 443,34027044300,-74.522178,40.89578,340270443004
Block Group 1,340270444041,1836,641,0.5,Morris County,Rockaway Township,Census Tract 444.04,34027044404,-74.523192,40.914666,340270444041
Block Group 5,340230025005,1540,475,0.19,Middlesex County,Woodbridge Township,Census Tract 25,34023002500,-74.328198,40.580751,340230025005
Block Group 1,340270453001,1423,527,0.59,Morris County,Roxbury Township,Census Tract 453,34027045300,-74.638265,40.873862,340270453001
Block Group 2,340270455032,1595,631,0.89,Morris County,Roxbury Township,Census Tract 455.03,34027045503,-74.653734,40.864374,340270455032
Block Group 3,340270457013,1306,442,1.73,Morris County,Randolph Township,Census Tract 457.01,34027045701,-74.596489,40.837409,340270457013
Block Group 4,340130173024,1350,770,0.18,Essex County,West Orange Township,Census Tract 173.02,34013017302,-74.299563,40.7639,340130173024
Block Group 6,340057048016,0,0,4.72,Burlington County,New Hanover Township,Census Tract 7048.01,34005704801,-74.534669,40.007851,340057048016
Block Group 3,340130175003,1637,704,0.19,Essex County,West Orange Township,Census Tract 175,34013017500,-74.246799,40.778908,340130175003
Block Group 3,340390343003,1821,620,0.23,Union County,Roselle Borough,Census Tract 343,34039034300,-74.273425,40.648661,340390343003
Block Group 4,340270462014,948,412,0.95,Morris County,Washington Township,Census Tract 462.01,34027046201,-74.8158,40.815692,340270462014
Block Group 1,340270438021,1389,424,0.21,Morris County,Morristown Town,Census Tract 438.02,34027043802,-74.484245,40.810895,340270438021
Block Group 3,340270426023,2104,976,1.19,Morris County,Florham Park Borough,Census Tract 426.02,34027042602,-74.372369,40.766616,340270426023
Block Group 4,340270456034,638,365,0.04,Morris County,Randolph Township,Census Tract 456.03,34027045603,-74.567894,40.870408,340270456034
Block Group 3,340130177003,1225,382,0.09,Essex County,West Orange Township,Census Tract 177,34013017700,-74.230167,40.785522,340130177003
Block Group 1,340230079111,1342,446,0.38,Middlesex County,Old Bridge Township,Census Tract 79.11,34023007911,-74.256878,40.40337,340230079111
Block Group 4,340270461044,937,348,3.49,Morris County,Mount Olive Township,Census Tract 461.04,34027046104,-74.755611,40.842268,340270461044
Block Group 1,340270445021,1866,596,0.62,Morris County,Rockaway Township,Census Tract 445.02,34027044502,-74.536432,40.890296,340270445021
Block Group 5,340270417015,999,460,0.04,Morris County,Parsippany-Troy Hills Township,Census Tract 417.01,34027041701,-74.384324,40.886254,340270417015
Block Group 3,340270417063,1211,528,0.04,Morris County,Parsippany-Troy Hills Township,Census Tract 417.06,34027041706,-74.398236,40.868117,340270417063
Block Group 3,340130178003,1065,322,0.07,Essex County,West Orange Township,Census Tract 178,34013017800,-74.245046,40.770898,340130178003
Block Group 1,340270419021,2296,815,1.9,Morris County,East Hanover Township,Census Tract 419.02,34027041902,-74.382819,40.802701,340270419021
Block Group 3,340270447023,1351,592,8.7,Morris County,Jefferson Township,Census Tract 447.02,34027044702,-74.566104,40.972067,340270447023
Block Group 2,340270451002,1477,458,0.63,Morris County,Wharton Borough,Census Tract 451,34027045100,-74.589316,40.895685,340270451002
Block Group 2,340130180002,799,285,0.35,Essex County,West Orange Township,Census Tract 180,34013018000,-74.264563,40.770133,340130180002
Block Group 3,340130183003,2988,1225,0.11,Essex County,City of Orange Township,Census Tract 183,34013018300,-74.233175,40.775518,340130183003
Block Group 1,340130188001,842,337,0.12,Essex County,City of Orange Township,Census Tract 188,34013018800,-74.238892,40.760732,340130188001
Block Group 3,340130188003,1424,569,0.16,Essex County,City of Orange Township,Census Tract 188,34013018800,-74.244485,40.756094,340130188003
Block Group 1,340130189001,1515,659,0.06,Essex County,City of Orange Township,Census Tract 189,34013018900,-74.244621,40.76376,340130189001
Block Group 1,340130191001,816,274,0.12,Essex County,South Orange Village,Census Tract 191,34013019100,-74.238119,40.746893,340130191001
Block Group 3,340130191003,1176,411,0.24,Essex County,South Orange Village,Census Tract 191,34013019100,-74.256165,40.753198,340130191003
Block Group 4,340130191004,1444,434,0.39,Essex County,South Orange Village,Census Tract 191,34013019100,-74.247191,40.750276,340130191004
Block Group 1,340076066001,2280,1088,0.75,Camden County,Barrington Borough,Census Tract 6066,34007606600,-75.048011,39.872356,340076066001
Block Group 2,340076067002,905,353,0.16,Camden County,Barrington Borough,Census Tract 6067,34007606700,-75.061254,39.871221,340076067002
Block Group 3,340076067003,912,369,0.16,Camden County,Barrington Borough,Census Tract 6067,34007606700,-75.05845,39.867012,340076067003
Block Group 4,340076067004,2352,1332,0.41,Camden County,Barrington Borough,Census Tract 6067,34007606700,-75.055007,39.860293,340076067004
Block Group 1,340076068001,1235,512,0.23,Camden County,Bellmawr Borough,Census Tract 6068,34007606800,-75.064723,39.86598,340076068001
Block Group 2,340410314012,1627,733,0.69,Warren County,Hackettstown Town,Census Tract 314.01,34041031401,-74.824785,40.860989,340410314012
Block Group 1,340076079001,695,305,0.15,Camden County,Laurel Springs Borough,Census Tract 6079,34007607900,-75.010222,39.821973,340076079001
Block Group 3,340297350043,1663,642,0.4,Ocean County,Stafford Township,Census Tract 7350.04,34029735004,-74.281906,39.722715,340297350043
Block Group 2,340297200012,1423,1067,0.62,Ocean County,Manchester Township,Census Tract 7200.01,34029720001,-74.378182,39.944952,340297200012
Block Group 3,340297200013,1236,550,1.76,Ocean County,Manchester Township,Census Tract 7200.01,34029720001,-74.369804,39.937045,340297200013
Block Group 3,340297225003,386,1934,0.25,Ocean County,Toms River Township,Census Tract 7225,34029722500,-74.062728,39.986734,340297225003
Block Group 1,340210039021,746,306,0.3,Mercer County,Hopewell Borough,Census Tract 39.02,34021003902,-74.758826,40.39203,340210039021
Block Group 1,340230072021,1096,425,0.18,Middlesex County,Sayreville Borough,Census Tract 72.02,34023007202,-74.340056,40.462825,340230072021
Block Group 2,340210036022,951,373,0.16,Mercer County,Ewing Township,Census Tract 36.02,34021003602,-74.791137,40.260004,340210036022
Block Group 5,340210025005,0,0,2.11,Mercer County,Hamilton Township,Census Tract 25,34021002500,-74.719645,40.168127,340210025005
Block Group 2,340230072022,2807,953,0.76,Middlesex County,Sayreville Borough,Census Tract 72.02,34023007202,-74.331346,40.469819,340230072022
Block Group 3,340230072023,737,297,0.11,Middlesex County,Sayreville Borough,Census Tract 72.02,34023007202,-74.347403,40.469776,340230072023
Block Group 2,340297312022,932,669,0.28,Ocean County,Berkeley Township,Census Tract 7312.02,34029731202,-74.251262,39.964874,340297312022
Block Group 3,340297340053,834,482,0.26,Ocean County,Barnegat Township,Census Tract 7340.05,34029734005,-74.288268,39.769235,340297340053
Block Group 3,340297312023,1229,906,0.28,Ocean County,Berkeley Township,Census Tract 7312.02,34029731202,-74.264211,39.965078,340297312023
Block Group 4,340155011024,0,0,0.57,Gloucester County,Deptford Township,Census Tract 5011.02,34015501102,-75.090652,39.842582,340155011024
Block Group 1,340076026011,1493,534,0.27,Camden County,Pennsauken Township,Census Tract 6026.01,34007602601,-75.056579,39.943894,340076026011
Block Group 1,340330209001,1259,502,22.95,Salem County,Upper Pittsgrove Township,Census Tract 209,34033020900,-75.239851,39.606366,340330209001
Block Group 2,340170109002,976,459,0.05,Hudson County,Bayonne City,Census Tract 109,34017010900,-74.116521,40.663547,340170109002
Block Group 2,340170059012,878,305,0.03,Hudson County,Jersey City,Census Tract 59.01,34017005901,-74.096435,40.699332,340170059012
Block Group 2,340170077012,1643,801,0.03,Hudson County,Jersey City,Census Tract 77.01,34017007701,-74.029325,40.725386,340170077012
Block Group 2,340170184022,1438,633,0.04,Hudson County,Hoboken City,Census Tract 184.02,34017018402,-74.033638,40.752776,340170184022
Block Group 1,340170001021,1794,682,0.05,Hudson County,Jersey City,Census Tract 1.02,34017000102,-74.051182,40.754028,340170001021
Block Group 2,340170185022,779,369,0.02,Hudson County,Hoboken City,Census Tract 185.02,34017018502,-74.033561,40.747606,340170185022
Block Group 2,340170184012,819,405,0.01,Hudson County,Hoboken City,Census Tract 184.01,34017018401,-74.029912,40.751621,340170184012
Block Group 3,340170064003,1268,679,0.03,Hudson County,Jersey City,Census Tract 64,34017006400,-74.043139,40.71774,340170064003
Block Group 1,340170150031,2700,959,0.04,Hudson County,Guttenberg Town,Census Tract 150.03,34017015003,-74.007521,40.794077,340170150031
Block Group 4,340170027004,1079,380,0.03,Hudson County,Jersey City,Census Tract 27,34017002700,-74.079494,40.728826,340170027004
Block Group 2,340297351052,946,1166,0.31,Ocean County,Stafford Township,Census Tract 7351.05,34029735105,-74.221858,39.656687,340297351052
Block Group 1,340297160001,1685,1429,0.37,Ocean County,Lakewood Township,Census Tract 7160,34029716000,-74.166246,40.031268,340297160001
Block Group 2,340297155032,3295,548,0.48,Ocean County,Lakewood Township,Census Tract 7155.03,34029715503,-74.219721,40.085054,340297155032
Block Group 2,340170144022,1539,513,0.07,Hudson County,North Bergen Township,Census Tract 144.02,34017014402,-74.014466,40.802541,340170144022
Block Group 1,340170020011,289,174,0.01,Hudson County,Jersey City,Census Tract 20.01,34017002001,-74.065825,40.731301,340170020011
Block Group 4,340170042004,1537,578,0.03,Hudson County,Jersey City,Census Tract 42,34017004200,-74.080358,40.719234,340170042004
Block Group 3,340170041043,1524,640,0.02,Hudson County,Jersey City,Census Tract 41.04,34017004104,-74.073001,40.722919,340170041043
Block Group 3,340170052003,2168,854,0.05,Hudson County,Jersey City,Census Tract 52,34017005200,-74.081281,40.707495,340170052003
Block Group 2,340170150042,1861,783,0.03,Hudson County,Guttenberg Town,Census Tract 150.04,34017015004,-74.004515,40.792858,340170150042
Block Group 3,340170077013,1788,911,0.01,Hudson County,Jersey City,Census Tract 77.01,34017007701,-74.025975,40.726986,340170077013
Block Group 1,340170076021,1716,841,0.02,Hudson County,Jersey City,Census Tract 76.02,34017007602,-74.034903,40.722078,340170076021
Block Group 3,340297320033,1485,537,0.37,Ocean County,Lacey Township,Census Tract 7320.03,34029732003,-74.211393,39.856931,340297320033
Block Group 5,340297139005,993,455,0.31,Ocean County,Brick Township,Census Tract 7139,34029713900,-74.134232,40.051196,340297139005
Block Group 1,340076090001,748,311,0.81,Camden County,Chesilhurst Borough,Census Tract 6090,34007609000,-74.877908,39.735214,340076090001
Block Group 4,340030500004,1423,671,0.28,Bergen County,Rochelle Park Township,Census Tract 500,34003050000,-74.0839,40.90853,340030500004
Block Group 2,340030482002,675,272,0.08,Bergen County,River Edge Borough,Census Tract 482,34003048200,-74.039839,40.91594,340030482002
Block Group 3,340030482003,1151,381,0.19,Bergen County,River Edge Borough,Census Tract 482,34003048200,-74.045202,40.917473,340030482003
Block Group 1,340130152001,963,357,0.07,Essex County,Bloomfield Township,Census Tract 152,34013015200,-74.183703,40.809509,340130152001
Block Group 3,340230079133,1012,498,0.64,Middlesex County,Old Bridge Township,Census Tract 79.13,34023007913,-74.298931,40.373015,340230079133
Block Group 4,340230082044,783,447,0.33,Middlesex County,Monroe Township,Census Tract 82.04,34023008204,-74.462519,40.32034,340230082044
Block Group 2,340230010032,1961,653,0.98,Middlesex County,South Plainfield Borough,Census Tract 10.03,34023001003,-74.397805,40.572492,340230010032
Block Group 3,340230086013,988,547,0.59,Middlesex County,Plainsboro Township,Census Tract 86.01,34023008601,-74.615904,40.357678,340230086013
Block Group 1,340390371001,1084,370,0.5,Union County,Cranford Township,Census Tract 371,34039037100,-74.315321,40.669716,340390371001
Block Group 5,340230015045,936,391,0.46,Middlesex County,Edison Township,Census Tract 15.04,34023001504,-74.391257,40.538805,340230015045
Block Group 1,340230086051,1386,513,0.34,Middlesex County,Plainsboro Township,Census Tract 86.05,34023008605,-74.57959,40.332053,340230086051
Block Group 2,340230015042,1020,360,0.09,Middlesex County,Edison Township,Census Tract 15.04,34023001504,-74.396694,40.546354,340230015042
Block Group 1,340297312061,1043,750,0.26,Ocean County,Berkeley Township,Census Tract 7312.06,34029731206,-74.257871,39.978867,340297312061
Block Group 2,340297312062,1372,889,0.41,Ocean County,Berkeley Township,Census Tract 7312.06,34029731206,-74.245304,39.968268,340297312062
Block Group 1,340373722001,1031,666,2.78,Sussex County,Frankford Township,Census Tract 3722,34037372200,-74.769196,41.165505,340373722001
Block Group 1,340297351061,1016,1093,0.37,Ocean County,Stafford Township,Census Tract 7351.06,34029735106,-74.238662,39.670389,340297351061
Block Group 2,340270465002,1555,571,0.72,Morris County,Randolph Township,Census Tract 465,34027046500,-74.585136,40.869218,340270465002
Block Group 1,340270454031,958,452,0.26,Morris County,Mount Arlington Borough,Census Tract 454.03,34027045403,-74.650013,40.896773,340270454031
Block Group 1,340270426021,1852,1056,1.11,Morris County,Florham Park Borough,Census Tract 426.02,34027042602,-74.373198,40.788623,340270426021
Block Group 3,340312167023,1064,374,0.58,Passaic County,Ringwood Borough,Census Tract 2167.02,34031216702,-74.260394,41.068609,340312167023
Block Group 2,340312238012,1228,449,0.36,Passaic County,Totowa Borough,Census Tract 2238.01,34031223801,-74.204831,40.902143,340312238012
Block Group 4,340230068004,1121,407,0.1,Middlesex County,South River Borough,Census Tract 68,34023006800,-74.384845,40.449596,340230068004
Block Group 1,340230069001,491,171,0.13,Middlesex County,South River Borough,Census Tract 69,34023006900,-74.373183,40.451739,340230069001
Block Group 2,340230069002,888,315,0.06,Middlesex County,South River Borough,Census Tract 69,34023006900,-74.37995,40.449711,340230069002
Block Group 3,340230069003,1097,378,0.11,Middlesex County,South River Borough,Census Tract 69,34023006900,-74.383213,40.44533,340230069003
Block Group 4,340230069004,1089,407,0.06,Middlesex County,South River Borough,Census Tract 69,34023006900,-74.377156,40.446563,340230069004
Block Group 2,340170192002,3156,1433,0.06,Hudson County,Hoboken City,Census Tract 192,34017019200,-74.041399,40.738578,340170192002
Block Group 1,340170193001,3260,1780,0.06,Hudson County,Hoboken City,Census Tract 193,34017019300,-74.032649,40.737385,340170193001
Block Group 1,340170194001,1432,889,0.01,Hudson County,Hoboken City,Census Tract 194,34017019400,-74.029302,40.74049,340170194001
Block Group 1,340390399001,721,200,0.1,Union County,Elizabeth City,Census Tract 399,34039039900,-74.212622,40.666024,340390399001
Block Group 1,340390307011,1465,494,0.07,Union County,Elizabeth City,Census Tract 307.01,34039030701,-74.220011,40.648099,340390307011
Block Group 2,340390399002,1194,512,0.16,Union County,Elizabeth City,Census Tract 399,34039039900,-74.216752,40.666178,340390399002
Block Group 2,340155002042,1700,512,0.99,Gloucester County,West Deptford Township,Census Tract 5002.04,34015500204,-75.173212,39.830334,340155002042
Block Group 1,340155002051,2129,853,0.97,Gloucester County,West Deptford Township,Census Tract 5002.05,34015500205,-75.180268,39.846623,340155002051
Block Group 1,340030331001,1017,357,0.12,Bergen County,Maywood Borough,Census Tract 331,34003033100,-74.055003,40.909801,340030331001
Block Group 2,340297113002,997,371,0.12,Ocean County,Point Pleasant Borough,Census Tract 7113,34029711300,-74.078036,40.076259,340297113002
Block Group 1,340330212021,2580,1148,23.79,Salem County,Quinton Township,Census Tract 212.02,34033021202,-75.378123,39.525225,340330212021
Block Group 1,340330214001,1701,756,0.6,Salem County,Pennsville Township,Census Tract 214,34033021400,-75.508325,39.661427,340330214001
Block Group 4,340350510004,1632,596,0.83,Somerset County,Bridgewater Township,Census Tract 510,34035051000,-74.567641,40.5729,340350510004
Block Group 1,340350537031,1063,423,9.33,Somerset County,Hillsborough Township,Census Tract 537.03,34035053703,-74.755005,40.473426,340350537031
Block Group 1,340350504001,1057,393,0.17,Somerset County,Somerville Borough,Census Tract 504,34035050400,-74.596354,40.563567,340350504001
Block Group 1,340350512001,2002,824,0.2,Somerset County,Bound Brook Borough,Census Tract 512,34035051200,-74.551069,40.571484,340350512001
Block Group 3,340210014013,1137,501,0.06,Mercer County,Trenton City,Census Tract 14.01,34021001401,-74.777086,40.238609,340210014013
Block Group 2,340210007002,1091,344,0.03,Mercer County,Trenton City,Census Tract 7,34021000700,-74.749484,40.214176,340210007002
Block Group 5,340030522005,1005,428,0.16,Bergen County,Saddle Brook Township,Census Tract 522,34003052200,-74.098025,40.893714,340030522005
Block Group 1,340030531001,989,425,2.02,Bergen County,Saddle River Borough,Census Tract 531,34003053100,-74.092424,41.018106,340030531001
Block Group 2,340270440002,1210,369,0.44,Morris County,Chatham Township,Census Tract 440,34027044000,-74.440708,40.696733,340270440002
Block Group 2,340030425002,2080,789,1.57,Bergen County,Paramus Borough,Census Tract 425,34003042500,-74.078882,40.925947,340030425002
Block Group 3,340030425003,1059,361,0.19,Bergen County,Paramus Borough,Census Tract 425,34003042500,-74.063287,40.923546,340030425003
Block Group 1,340373729001,756,314,0.4,Sussex County,Franklin Borough,Census Tract 3729,34037372900,-74.586597,41.115119,340373729001
Block Group 4,340030451024,806,300,0.07,Bergen County,Ridgefield Borough,Census Tract 451.02,34003045102,-74.002002,40.834737,340030451024
Block Group 1,340030451021,893,326,0.09,Bergen County,Ridgefield Borough,Census Tract 451.02,34003045102,-73.99464,40.831107,340030451021
Block Group 3,340030173023,750,232,0.1,Bergen County,Fair Lawn Borough,Census Tract 173.02,34003017302,-74.125336,40.925709,340030173023
Block Group 3,340030080023,1538,559,0.25,Bergen County,Cresskill Borough,Census Tract 80.02,34003008002,-73.970044,40.94449,340030080023
Block Group 2,340030552012,1290,417,0.26,Bergen County,Tenafly Borough,Census Tract 552.01,34003055201,-73.974892,40.917155,340030552012
Block Group 1,340230026041,1166,398,0.2,Middlesex County,Woodbridge Township,Census Tract 26.04,34023002604,-74.297787,40.57243,340230026041
Block Group 2,340230026042,918,418,0.28,Middlesex County,Woodbridge Township,Census Tract 26.04,34023002604,-74.294271,40.565572,340230026042
Block Group 4,340230026044,1132,374,0.21,Middlesex County,Woodbridge Township,Census Tract 26.04,34023002604,-74.307772,40.571575,340230026044
Block Group 5,340230026045,674,238,0.26,Middlesex County,Woodbridge Township,Census Tract 26.04,34023002604,-74.309794,40.577877,340230026045
Block Group 6,340230026046,1114,346,0.11,Middlesex County,Woodbridge Township,Census Tract 26.04,34023002604,-74.30518,40.575925,340230026046
Block Group 1,340230026051,930,334,0.14,Middlesex County,Woodbridge Township,Census Tract 26.05,34023002605,-74.299367,40.578864,340230026051
Block Group 4,340311246014,759,360,0.29,Passaic County,Clifton City,Census Tract 1246.01,34031124601,-74.166338,40.886466,340311246014
Block Group 2,340311246022,1298,525,0.16,Passaic County,Clifton City,Census Tract 1246.02,34031124602,-74.149469,40.881253,340311246022
Block Group 4,340311246024,1405,510,0.16,Passaic County,Clifton City,Census Tract 1246.02,34031124602,-74.155316,40.874639,340311246024
Block Group 1,340311247001,1766,570,0.15,Passaic County,Clifton City,Census Tract 1247,34031124700,-74.146267,40.889825,340311247001
Block Group 2,340311247002,1084,354,0.12,Passaic County,Clifton City,Census Tract 1247,34031124700,-74.134214,40.891902,340311247002
Block Group 1,340373716001,1330,716,7.04,Sussex County,Vernon Township,Census Tract 3716,34037371600,-74.517461,41.159605,340373716001
Block Group 2,340373717002,2288,914,1.57,Sussex County,Vernon Township,Census Tract 3717,34037371700,-74.546508,41.185249,340373717002
Block Group 4,340057025004,628,297,1.46,Burlington County,Eastampton Township,Census Tract 7025,34005702500,-74.752321,39.98518,340057025004
Block Group 4,340057040044,7,1,0.35,Burlington County,Evesham Township,Census Tract 7040.04,34005704004,-74.934823,39.91264,340057040044
Block Group 2,340057040042,1298,807,0.23,Burlington County,Evesham Township,Census Tract 7040.04,34005704004,-74.919524,39.900271,340057040042
Block Group 2,340155012032,1415,523,0.4,Gloucester County,Washington Township,Census Tract 5012.03,34015501203,-75.052287,39.752996,340155012032
Block Group 1,340155012041,1125,393,0.56,Gloucester County,Washington Township,Census Tract 5012.04,34015501204,-75.043103,39.758761,340155012041
Block Group 2,340312366042,1309,529,0.44,Passaic County,Wanaque Borough,Census Tract 2366.04,34031236604,-74.290532,41.049375,340312366042
Block Group 1,340311434021,992,383,0.13,Passaic County,Hawthorne Borough,Census Tract 1434.02,34031143402,-74.166028,40.93883,340311434021
Block Group 3,340311964043,1077,414,0.18,Passaic County,Pompton Lakes Borough; Wayne Township,Census Tract 1964.04,34031196404,-74.275297,41.011135,340311964043
Block Group 7,340030101007,1013,350,0.12,Bergen County,Dumont Borough,Census Tract 101,34003010100,-73.983652,40.939,340030101007
Block Group 2,340030102002,886,365,0.09,Bergen County,Dumont Borough,Census Tract 102,34003010200,-73.989813,40.938236,340030102002
Block Group 1,340311831011,1440,501,0.08,Passaic County,Paterson City,Census Tract 1831.01,34031183101,-74.142564,40.892915,340311831011
Block Group 1,340270458041,1944,663,4.8,Morris County,Mendham Township,Census Tract 458.04,34027045804,-74.563277,40.771163,340270458041
Block Group 1,340270462971,1702,589,6.19,Morris County,Washington Township,Census Tract 462.97,34027046297,-74.824758,40.79806,340270462971
Block Group 2,340270462972,1798,646,6.88,Morris County,Washington Township,Census Tract 462.97,34027046297,-74.852756,40.779494,340270462972
Block Group 2,340311964012,1261,409,0.19,Passaic County,Pompton Lakes Borough,Census Tract 1964.01,34031196401,-74.284026,40.989669,340311964012
Block Group 1,340130207001,650,234,0.14,Essex County,Livingston Township,Census Tract 207,34013020700,-74.317817,40.792253,340130207001
Block Group 3,340390375003,1386,570,0.35,Union County,Springfield Township,Census Tract 375,34039037500,-74.318607,40.709698,340390375003
Block Group 2,340390327012,2427,976,0.4,Union County,Union Township,Census Tract 327.01,34039032701,-74.28255,40.704365,340390327012
Block Group 3,340030102003,706,290,0.08,Bergen County,Dumont Borough,Census Tract 102,34003010200,-73.997662,40.940681,340030102003
Block Group 1,340390381031,2130,806,0.8,Union County,New Providence Borough,Census Tract 381.03,34039038103,-74.412176,40.696431,340390381031
Block Group 4,340390381044,1429,473,0.33,Union County,New Providence Borough,Census Tract 381.04,34039038104,-74.394056,40.705705,340390381044
Block Group 1,340170180001,1696,930,0.03,Hudson County,Weehawken Township,Census Tract 180,34017018000,-74.014077,40.778941,340170180001
Block Group 2,340170180002,1598,726,0.03,Hudson County,Weehawken Township,Census Tract 180,34017018000,-74.016076,40.776812,340170180002
Block Group 2,340390313022,1119,356,0.03,Union County,Elizabeth City,Census Tract 313.02,34039031302,-74.204422,40.669435,340390313022
Block Group 2,340076083022,1530,775,0.25,Camden County,Gloucester Township,Census Tract 6083.02,34007608302,-75.080411,39.838342,340076083022
Block Group 2,340030321022,1921,743,0.99,Bergen County,Mahwah Township,Census Tract 321.02,34003032102,-74.159961,41.032437,340030321022
Block Group 4,340030311004,2678,1356,2.84,Bergen County,Lyndhurst Township,Census Tract 311,34003031100,-74.101616,40.787654,340030311004
Block Group 2,340030442022,1481,526,0.46,Bergen County,Ramsey Borough,Census Tract 442.02,34003044202,-74.145949,41.067323,340030442022
Block Group 1,340030562001,1292,571,0.32,Bergen County,Waldwick Borough,Census Tract 562,34003056200,-74.124822,41.013982,340030562001
Block Group 2,340030562002,1079,350,0.35,Bergen County,Waldwick Borough,Census Tract 562,34003056200,-74.133084,41.016499,340030562002
Block Group 1,340030241001,1135,402,0.52,Bergen County,Old Tappan Borough,Census Tract 241,34003024100,-73.979596,41.006357,340030241001
Block Group 3,340030392003,1292,447,0.32,Bergen County,Oakland Borough,Census Tract 392,34003039200,-74.223429,41.03129,340030392003
Block Group 2,340030532022,1834,599,1.25,Bergen County,Upper Saddle River Borough,Census Tract 532.02,34003053202,-74.106715,41.069328,340030532022
Block Group 2,340350502002,1974,936,0.25,Somerset County,Somerville Borough,Census Tract 502,34035050200,-74.613844,40.57733,340350502002
Block Group 1,340350503001,967,369,0.14,Somerset County,Somerville Borough,Census Tract 503,34035050300,-74.590723,40.567625,340350503001
Block Group 2,340350503002,785,338,0.15,Somerset County,Somerville Borough,Census Tract 503,34035050300,-74.597291,40.568356,340350503002
Block Group 4,340350503004,848,314,0.18,Somerset County,Somerville Borough,Census Tract 503,34035050300,-74.599375,40.57467,340350503004
Block Group 2,340350505002,1640,633,0.21,Somerset County,Raritan Borough,Census Tract 505,34035050500,-74.631841,40.571058,340350505002
Block Group 1,340130173021,1307,450,0.41,Essex County,West Orange Township,Census Tract 173.02,34013017302,-74.273819,40.796591,340130173021
Block Group 2,340130173022,870,313,0.14,Essex County,West Orange Township,Census Tract 173.02,34013017302,-74.283139,40.796387,340130173022
Block Group 1,340130130001,3327,1917,0.04,Essex County,Irvington Township,Census Tract 130,34013013000,-74.220952,40.730484,340130130001
Block Group 1,340130137001,1004,418,0.09,Essex County,Nutley Township,Census Tract 137,34013013700,-74.152287,40.813842,340130137001
Block Group 2,340130189002,978,350,0.05,Essex County,City of Orange Township,Census Tract 189,34013018900,-74.247423,40.761491,340130189002
Block Group 2,340130216012,763,243,0.89,Essex County,Fairfield Township,Census Tract 216.01,34013021601,-74.275372,40.888147,340130216012
Block Group 3,340130216013,823,337,2.31,Essex County,Fairfield Township,Census Tract 216.01,34013021601,-74.309073,40.864676,340130216013
Block Group 2,340258124002,696,523,0.34,Monmouth County,Allenhurst Borough; Loch Arbour Village,Census Tract 8124,34025812400,-74.001191,40.234974,340258124002
Block Group 3,340170112003,726,304,0.04,Hudson County,Bayonne City,Census Tract 112,34017011200,-74.129964,40.655872,340170112003
Block Group 4,340170112004,2508,1003,0.12,Hudson County,Bayonne City; Elizabeth City,Census Tract 112,34017011200,-74.139748,40.662019,340170112004
Block Group 2,340170113002,1143,508,0.04,Hudson County,Bayonne City,Census Tract 113,34017011300,-74.124798,40.656837,340170113002
Block Group 1,340155005001,2034,835,2.83,Gloucester County,Greenwich Township,Census Tract 5005,34015500500,-75.281775,39.809769,340155005001
Block Group 4,340170152024,1929,702,0.03,Hudson County,West New York Town,Census Tract 152.02,34017015202,-74.00749,40.78726,340170152024
Block Group 2,340170158012,3324,1902,0.07,Hudson County,West New York Town,Census Tract 158.01,34017015801,-74.004529,40.779279,340170158012
Block Group 1,340170183011,1574,772,0.04,Hudson County,Hoboken City,Census Tract 183.01,34017018301,-74.019889,40.745669,340170183011
Block Group 2,340170183012,1606,725,0.08,Hudson County,Hoboken City,Census Tract 183.01,34017018301,-74.023394,40.735686,340170183012
Block Group 2,340170008002,1214,538,0.04,Hudson County,Jersey City,Census Tract 8,34017000800,-74.041602,40.746818,340170008002
Block Group 2,340170186002,783,437,0.01,Hudson County,Hoboken City,Census Tract 186,34017018600,-74.030694,40.745743,340170186002
Block Group 1,340170187021,1001,551,0.02,Hudson County,Hoboken City,Census Tract 187.02,34017018702,-74.02815,40.745891,340170187021
Block Group 4,340170187024,925,510,0.01,Hudson County,Hoboken City,Census Tract 187.02,34017018702,-74.026811,40.752218,340170187024
Block Group 3,340170189003,749,410,0.02,Hudson County,Hoboken City,Census Tract 189,34017018900,-74.034001,40.742984,340170189003
Block Group 1,340057003031,559,227,0.4,Burlington County,Cinnaminson Township,Census Tract 7003.03,34005700303,-74.995295,40.014092,340057003031
Block Group 1,340090203011,1052,487,1.67,Cape May County,Ocean City; Upper Township,Census Tract 203.01,34009020301,-74.62313,39.278974,340090203011
Block Group 4,340130045004,1065,465,0.05,Essex County,Newark City,Census Tract 45,34013004500,-74.223652,40.712989,340130045004
Block Group 3,340130047003,772,335,0.04,Essex County,Newark City,Census Tract 47,34013004700,-74.213724,40.703361,340130047003
Block Group 4,340130047004,894,401,0.03,Essex County,Newark City,Census Tract 47,34013004700,-74.216514,40.703815,340130047004
Block Group 5,340130047005,913,371,0.04,Essex County,Newark City,Census Tract 47,34013004700,-74.213494,40.708077,340130047005
Block Group 2,340130048012,912,314,0.03,Essex County,Newark City,Census Tract 48.01,34013004801,-74.202751,40.711878,340130048012
Block Group 1,340130048021,1899,473,0.76,Essex County,Newark City,Census Tract 48.02,34013004802,-74.199645,40.703707,340130048021
Block Group 3,340258094003,1271,653,0.54,Monmouth County,Brielle Borough,Census Tract 8094,34025809400,-74.064972,40.105801,340258094003
Block Group 2,340258096002,1517,462,0.55,Monmouth County,Marlboro Township,Census Tract 8096,34025809600,-74.291727,40.332748,340258096002
Block Group 3,340258096003,1336,452,1.25,Monmouth County,Marlboro Township,Census Tract 8096,34025809600,-74.30008,40.339302,340258096003
Block Group 1,340130025001,980,366,0.03,Essex County,Newark City,Census Tract 25,34013002500,-74.219196,40.747366,340130025001
Block Group 6,340130216016,1677,526,0.94,Essex County,Fairfield Township,Census Tract 216.01,34013021601,-74.314216,40.884589,340130216016
Block Group 1,340130216021,1418,497,0.53,Essex County,North Caldwell Borough,Census Tract 216.02,34013021602,-74.252605,40.874029,340130216021
Block Group 1,340210042031,1567,553,3.37,Mercer County,Princeton,Census Tract 42.03,34021004203,-74.700943,40.362091,340210042031
Block Group 2,340210042032,1683,678,0.98,Mercer County,Princeton,Census Tract 42.03,34021004203,-74.669942,40.376886,340210042032
Block Group 3,340130209013,595,227,0.4,Essex County,Essex Fells Borough,Census Tract 209.01,34013020901,-74.289769,40.829923,340130209013
Block Group 2,340130044002,1067,393,0.06,Essex County,Newark City,Census Tract 44,34013004400,-74.218948,40.714287,340130044002
Block Group 1,340130045001,986,419,0.07,Essex County,Newark City,Census Tract 45,34013004500,-74.220741,40.710494,340130045001
Block Group 2,340130045002,707,265,0.03,Essex County,Newark City,Census Tract 45,34013004500,-74.224324,40.708787,340130045002
Block Group 3,340130045003,964,357,0.04,Essex County,Newark City,Census Tract 45,34013004500,-74.225344,40.710261,340130045003
Block Group 1,340130179001,696,241,0.12,Essex County,West Orange Township,Census Tract 179,34013017900,-74.250597,40.773392,340130179001
Block Group 2,340130179002,886,283,0.09,Essex County,West Orange Township,Census Tract 179,34013017900,-74.251886,40.769712,340130179002
Block Group 3,340230093003,735,289,0.07,Middlesex County,New Brunswick City,Census Tract 93,34023009300,-74.437053,40.490368,340230093003
Block Group 4,340230094004,2231,1272,0.31,Middlesex County,East Brunswick Township,Census Tract 94,34023009400,-74.402267,40.459249,340230094004
Block Group 2,340210030032,1036,609,0.33,Mercer County,Hamilton Township,Census Tract 30.03,34021003003,-74.670456,40.192351,340210030032
Block Group 3,340030475003,1653,542,0.36,Bergen County,Ridgewood Village,Census Tract 475,34003047500,-74.100339,40.961331,340030475003
Block Group 3,340258099023,1092,375,4.34,Monmouth County,Colts Neck Township,Census Tract 8099.02,34025809902,-74.1692,40.316254,340258099023
Block Group 1,340311246011,1097,367,0.16,Passaic County,Clifton City,Census Tract 1246.01,34031124601,-74.16232,40.888297,340311246011
Block Group 3,340311246013,1173,398,0.08,Passaic County,Clifton City,Census Tract 1246.01,34031124601,-74.154801,40.884569,340311246013
Block Group 5,340258013005,997,356,0.87,Monmouth County,Middletown Township,Census Tract 8013,34025801300,-74.094625,40.337595,340258013005
Block Group 1,340258111021,2524,818,6.19,Monmouth County,Howell Township,Census Tract 8111.02,34025811102,-74.213909,40.207393,340258111021
Block Group 2,340258115012,1833,594,0.42,Monmouth County,Howell Township,Census Tract 8115.01,34025811501,-74.146652,40.113613,340258115012
Block Group 1,340373745001,768,504,4.28,Sussex County,Hopatcong Borough,Census Tract 3745,34037374500,-74.646209,40.977109,340373745001
Block Group 1,340258125021,2469,822,10.39,Monmouth County,Millstone Township,Census Tract 8125.02,34025812502,-74.44794,40.178889,340258125021
Block Group 4,340258022004,1345,504,0.3,Monmouth County,Hazlet Township,Census Tract 8022,34025802200,-74.138769,40.442183,340258022004
Block Group 2,340030391002,1063,383,0.24,Bergen County,Oakland Borough,Census Tract 391,34003039100,-74.240022,41.032005,340030391002
Block Group 1,340130117001,987,510,0.06,Essex County,East Orange City,Census Tract 117,34013011700,-74.213898,40.7517,340130117001
Block Group 3,340130123003,1146,448,0.04,Essex County,Irvington Township,Census Tract 123,34013012300,-74.23591,40.732314,340130123003
Block Group 2,340030392002,1083,368,0.28,Bergen County,Oakland Borough,Census Tract 392,34003039200,-74.216137,41.035819,340030392002
Block Group 6,340030222006,968,336,0.3,Bergen County,Glen Rock Borough,Census Tract 222,34003022200,-74.137155,40.955398,340030222006
Block Group 7,340030222007,1336,429,0.28,Bergen County,Glen Rock Borough,Census Tract 222,34003022200,-74.140984,40.957496,340030222007
Block Group 2,340155012062,1408,632,0.43,Gloucester County,Washington Township,Census Tract 5012.06,34015501206,-75.05181,39.74021,340155012062
Block Group 1,340210019001,1500,565,0.28,Mercer County,Trenton City,Census Tract 19,34021001900,-74.741004,40.233572,340210019001
Block Group 1,340410321011,1575,652,9.03,Warren County,Franklin Township,Census Tract 321.01,34041032101,-75.051754,40.736683,340410321011
Block Group 1,340410322001,1008,388,1.47,Warren County,Lopatcong Township,Census Tract 322,34041032200,-75.184849,40.712649,340410322001
Block Group 2,340155012132,1918,757,0.6,Gloucester County,Washington Township,Census Tract 5012.13,34015501213,-75.055741,39.72005,340155012132
Block Group 3,340210044043,1727,619,0.17,Mercer County,East Windsor Township,Census Tract 44.04,34021004404,-74.491508,40.271853,340210044043
Block Group 3,340155012043,1173,416,0.25,Gloucester County,Washington Township,Census Tract 5012.04,34015501204,-75.034862,39.747856,340155012043
Block Group 3,340311803013,1367,391,0.03,Passaic County,Paterson City,Census Tract 1803.01,34031180301,-74.184707,40.922934,340311803013
Block Group 1,340311802031,1257,344,0.04,Passaic County,Paterson City,Census Tract 1802.03,34031180203,-74.186481,40.920978,340311802031
Block Group 1,340155012061,716,258,0.19,Gloucester County,Washington Township,Census Tract 5012.06,34015501206,-75.04922,39.747445,340155012061
Block Group 1,340110410021,2069,847,4.31,Cumberland County,Vineland City,Census Tract 410.02,34011041002,-75.028696,39.429922,340110410021
Block Group 2,340311801022,1339,386,0.1,Passaic County,Paterson City,Census Tract 1801.02,34031180102,-74.201378,40.915466,340311801022
Block Group 2,340311811022,1291,421,0.05,Passaic County,Paterson City,Census Tract 1811.02,34031181102,-74.148655,40.928641,340311811022
Block Group 3,340311757043,1560,417,0.08,Passaic County,Passaic City,Census Tract 1757.04,34031175704,-74.12775,40.849051,340311757043
Block Group 2,340373713002,1024,1035,1.95,Sussex County,Vernon Township,Census Tract 3713,34037371300,-74.534717,41.229631,340373713002
Block Group 1,340373717001,1073,365,3.87,Sussex County,Vernon Township,Census Tract 3717,34037371700,-74.516961,41.200928,340373717001
Block Group 3,340373734003,1387,587,0.83,Sussex County,Sparta Township,Census Tract 3734,34037373400,-74.666152,41.021646,340373734003
Block Group 2,340311756042,2014,727,0.14,Passaic County,Passaic City,Census Tract 1756.04,34031175604,-74.141985,40.851959,340311756042
Block Group 1,340311242011,1868,657,0.13,Passaic County,Clifton City,Census Tract 1242.01,34031124201,-74.17134,40.893897,340311242011
Block Group 2,340373739002,1439,714,14.03,Sussex County,Stillwater Township,Census Tract 3739,34037373900,-74.878883,41.093077,340373739002
Block Group 2,340170022002,1169,645,0.04,Hudson County,Jersey City,Census Tract 22,34017002200,-74.050744,40.726303,340170022002
Block Group 1,340170055001,3141,1181,0.08,Hudson County,Jersey City,Census Tract 55,34017005500,-74.083325,40.704285,340170055001
Block Group 2,340170164002,1310,605,0.02,Hudson County,Union City,Census Tract 164,34017016400,-74.023841,40.773827,340170164002
Block Group 2,340170007002,1693,720,0.04,Hudson County,Jersey City,Census Tract 7,34017000700,-74.048903,40.744958,340170007002
Block Group 1,340170188001,801,445,0.01,Hudson County,Hoboken City,Census Tract 188,34017018800,-74.031076,40.744476,340170188001
Block Group 3,340170170003,1264,514,0.02,Hudson County,Union City,Census Tract 170,34017017000,-74.038276,40.768953,340170170003
Block Group 1,340170113001,1290,529,0.04,Hudson County,Bayonne City,Census Tract 113,34017011300,-74.123182,40.658351,340170113001
Block Group 1,340170109001,1724,937,0.06,Hudson County,Bayonne City,Census Tract 109,34017010900,-74.120049,40.65891,340170109001
Block Group 4,340170101004,1356,523,0.04,Hudson County,Bayonne City,Census Tract 101,34017010100,-74.106848,40.684572,340170101004
Block Group 3,340076089043,0,0,8.72,Camden County,Waterford Township,Census Tract 6089.04,34007608904,-74.787365,39.736452,340076089043
Block Group 3,340076113003,832,314,0.16,Camden County,Gloucester Township,Census Tract 6113,34007611300,-75.056264,39.79385,340076113003
Block Group 1,340076082111,2635,981,1.17,Camden County,Gloucester Township,Census Tract 6082.11,34007608211,-75.02313,39.791553,340076082111
Block Group 3,340130022043,134,52,0.04,Essex County,Newark City,Census Tract 22.04,34013002204,-74.246003,40.736142,340130022043
Block Group 2,340130022042,876,349,0.03,Essex County,Newark City,Census Tract 22.04,34013002204,-74.243691,40.736087,340130022042
Block Group 2,340030546022,1810,864,0.53,Bergen County,Teaneck Township,Census Tract 546.02,34003054602,-74.003161,40.874383,340030546022
Block Group 3,340030532013,1965,701,1.15,Bergen County,Upper Saddle River Borough,Census Tract 532.01,34003053201,-74.109161,41.054097,340030532013
Block Group 2,340030513002,866,358,0.04,Bergen County,Rutherford Borough,Census Tract 513,34003051300,-74.10499,40.832119,340030513002
Block Group 6,340030513006,881,392,0.09,Bergen County,Rutherford Borough,Census Tract 513,34003051300,-74.107206,40.827673,340030513006
Block Group 1,340190108021,1665,828,0.9,Hunterdon County,Lebanon Borough,Census Tract 108.02,34019010802,-74.833026,40.641471,340190108021
Block Group 1,340030514001,828,393,0.99,Bergen County,Rutherford Borough,Census Tract 514,34003051400,-74.093335,40.80614,340030514001
Block Group 2,340312568012,849,376,0.76,Passaic County,West Milford Township,Census Tract 2568.01,34031256801,-74.364242,41.192315,340312568012
Block Group 3,340030581003,1416,573,0.41,Bergen County,Washington Township,Census Tract 581,34003058100,-74.068213,40.987447,340030581003
Block Group 1,340258101021,2533,928,1.77,Monmouth County,Manalapan Township,Census Tract 8101.02,34025810102,-74.313629,40.28301,340258101021
Block Group 2,340258101022,1664,576,1.04,Monmouth County,Manalapan Township,Census Tract 8101.02,34025810102,-74.309813,40.301928,340258101022
Block Group 2,340230049002,1389,407,0.08,Middlesex County,Perth Amboy City,Census Tract 49,34023004900,-74.270385,40.509736,340230049002
Block Group 1,340230030021,1856,796,0.29,Middlesex County,Woodbridge Township,Census Tract 30.02,34023003002,-74.313667,40.55721,340230030021
Block Group 1,340170067001,1384,522,0.16,Hudson County,Jersey City,Census Tract 67,34017006700,-74.060562,40.718998,340170067001
Block Group 2,340155016042,1083,355,1,Gloucester County,Monroe Township,Census Tract 5016.04,34015501604,-74.964245,39.682791,340155016042
Block Group 4,340270428004,1017,338,0.17,Morris County,Chatham Borough,Census Tract 428,34027042800,-74.387436,40.736098,340270428004
Block Group 5,340270428005,1014,340,0.17,Morris County,Chatham Borough,Census Tract 428,34027042800,-74.391614,40.740634,340270428005
Block Group 1,340270429001,1840,827,0.51,Morris County,Madison Borough,Census Tract 429,34027042900,-74.413662,40.769258,340270429001
Block Group 2,340270429002,1208,559,0.16,Morris County,Madison Borough,Census Tract 429,34027042900,-74.416484,40.763906,340270429002
Block Group 2,340210032012,1343,496,0.41,Mercer County,Lawrence Township,Census Tract 32.01,34021003201,-74.734291,40.26654,340210032012
Block Group 4,340210042044,1785,608,0.8,Mercer County,Princeton,Census Tract 42.04,34021004204,-74.630608,40.358371,340210042044
Block Group 6,340210043146,1638,713,0.4,Mercer County,West Windsor Township,Census Tract 43.14,34021004314,-74.652003,40.324669,340210043146
Block Group 4,340210043144,1032,565,0.22,Mercer County,West Windsor Township,Census Tract 43.14,34021004314,-74.665918,40.316913,340210043144
Block Group 1,340210043131,2913,1237,0.48,Mercer County,West Windsor Township,Census Tract 43.13,34021004313,-74.644812,40.304059,340210043131
Block Group 1,340076009001,1829,588,0.19,Camden County,Camden City,Census Tract 6009,34007600900,-75.097432,39.956813,340076009001
Block Group 3,340210032013,1168,426,0.49,Mercer County,Lawrence Township,Census Tract 32.01,34021003201,-74.74766,40.267494,340210032013
Block Group 1,340210032021,2186,977,0.88,Mercer County,Lawrence Township,Census Tract 32.02,34021003202,-74.724585,40.259693,340210032021
Block Group 1,340076084041,2210,748,0.98,Camden County,Gloucester Township,Census Tract 6084.04,34007608404,-75.032497,39.771471,340076084041
Block Group 1,340170185011,5445,2591,0.1,Hudson County,Hoboken City,Census Tract 185.01,34017018501,-74.034486,40.748616,340170185011
Block Group 2,340170141022,2002,936,0.05,Hudson County,North Bergen Township,Census Tract 141.02,34017014102,-74.001235,40.79768,340170141022
Block Group 1,340076085031,1422,626,0.47,Camden County,Pine Hill Borough,Census Tract 6085.03,34007608503,-74.998627,39.795795,340076085031
Block Group 2,340076085032,1460,682,0.5,Camden County,Pine Hill Borough,Census Tract 6085.03,34007608503,-75.010591,39.798721,340076085032
Block Group 3,340373738003,1678,641,0.6,Sussex County,Newton Town,Census Tract 3738,34037373800,-74.750623,41.043321,340373738003
Block Group 4,340373737004,1096,454,0.31,Sussex County,Newton Town,Census Tract 3737,34037373700,-74.762,41.045507,340373737004
Block Group 1,340373738001,1354,685,1.01,Sussex County,Newton Town,Census Tract 3738,34037373800,-74.739256,41.055279,340373738001
Block Group 4,340350532004,1588,484,0.45,Somerset County,Franklin Township,Census Tract 532,34035053200,-74.48337,40.495036,340350532004
Block Group 1,340350537041,1500,492,1.3,Somerset County,Hillsborough Township,Census Tract 537.04,34035053704,-74.676084,40.493683,340350537041
Block Group 1,340350538011,448,168,0.68,Somerset County,Millstone Borough,Census Tract 538.01,34035053801,-74.593815,40.500991,340350538011
Block Group 1,340350538041,2011,770,3.36,Somerset County,Hillsborough Township,Census Tract 538.04,34035053804,-74.627122,40.53994,340350538041
Block Group 1,340350528001,875,347,2,Somerset County,Peapack-Gladstone Borough,Census Tract 528,34035052800,-74.668485,40.713764,340350528001
Block Group 3,340390329013,1186,364,0.31,Union County,Union Township,Census Tract 329.01,34039032901,-74.286376,40.713348,340390329013
Block Group 3,340258060003,2003,1483,0.27,Monmouth County,Long Branch City,Census Tract 8060,34025806000,-73.980518,40.285764,340258060003
Block Group 3,340258073003,1430,475,0.1,Monmouth County,Asbury Park City,Census Tract 8073,34025807300,-74.022952,40.215786,340258073003
Block Group 1,340258090001,1049,744,0.15,Monmouth County,Lake Como Borough,Census Tract 8090,34025809000,-74.02393,40.170523,340258090001
Block Group 4,340258106004,790,356,0.33,Monmouth County,Freehold Township,Census Tract 8106,34025810600,-74.265428,40.211796,340258106004
Block Group 2,340258112002,996,335,2.4,Monmouth County,Howell Township,Census Tract 8112,34025811200,-74.237608,40.190982,340258112002
Block Group 2,340258113012,2793,1123,2.18,Monmouth County,Howell Township,Census Tract 8113.01,34025811301,-74.252967,40.171021,340258113012
Block Group 1,340076058001,1118,439,0.25,Camden County,Haddon Heights Borough,Census Tract 6058,34007605800,-75.071593,39.880836,340076058001
Block Group 2,340076058002,1028,452,0.21,Camden County,Haddon Heights Borough,Census Tract 6058,34007605800,-75.077611,39.873648,340076058002
Block Group 2,340390319032,2747,995,0.1,Union County,Elizabeth City,Census Tract 319.03,34039031903,-74.224102,40.659804,340390319032
Block Group 1,340297235001,1817,929,0.42,Ocean County,Toms River Township,Census Tract 7235,34029723500,-74.109061,39.943276,340297235001
Block Group 2,340297235002,897,458,0.21,Ocean County,Toms River Township,Census Tract 7235,34029723500,-74.129122,39.941179,340297235002
Block Group 3,340057004033,1087,431,0.23,Burlington County,Maple Shade Township,Census Tract 7004.03,34005700403,-75.004377,39.950065,340057004033
Block Group 4,340030193034,1655,779,0.05,Bergen County,Fort Lee Borough,Census Tract 193.03,34003019303,-73.982934,40.842734,340030193034
Block Group 2,340030321042,1646,583,4.39,Bergen County,Mahwah Township,Census Tract 321.04,34003032104,-74.178292,41.109322,340030321042
Block Group 3,340030400013,935,305,0.22,Bergen County,Oradell Borough,Census Tract 400.01,34003040001,-74.044822,40.961313,340030400013
Block Group 1,340030413021,2226,887,0.11,Bergen County,Palisades Park Borough,Census Tract 413.02,34003041302,-73.990664,40.84336,340030413021
Block Group 2,340030463002,841,331,0.05,Bergen County,Ridgefield Park Village,Census Tract 463,34003046300,-74.02452,40.851673,340030463002
Block Group 1,340210039041,2520,895,1.12,Mercer County,Hopewell Township,Census Tract 39.04,34021003904,-74.764358,40.296259,340210039041
Block Group 4,340390378004,1593,576,0.58,Union County,Summit City,Census Tract 378,34039037800,-74.382385,40.720762,340390378004
Block Group 2,340258018002,876,361,0.13,Monmouth County,Union Beach Borough,Census Tract 8018,34025801800,-74.173237,40.44971,340258018002
Block Group 1,340297157021,4127,1901,1.6,Ocean County,Lakewood Township,Census Tract 7157.02,34029715702,-74.244899,40.064431,340297157021
Block Group 3,340297173003,2014,647,12.41,Ocean County,Jackson Township,Census Tract 7173,34029717300,-74.430765,40.124906,340297173003
Block Group 3,340258087023,1752,867,1.04,Monmouth County,Wall Township,Census Tract 8087.02,34025808702,-74.08342,40.109172,340258087023
Block Group 1,340258101011,1489,517,0.78,Monmouth County,Manalapan Township,Census Tract 8101.01,34025810101,-74.296222,40.314169,340258101011
Block Group 2,340258101012,1222,395,0.44,Monmouth County,Manalapan Township,Census Tract 8101.01,34025810101,-74.290865,40.309038,340258101012
Block Group 1,340373743001,1296,503,1.38,Sussex County,Byram Township,Census Tract 3743,34037374300,-74.723268,40.968092,340373743001
Block Group 3,340130156003,736,395,0.04,Essex County,Bloomfield Township,Census Tract 156,34013015600,-74.206401,40.788591,340130156003
Block Group 2,340270412002,1739,565,0.95,Morris County,Mountain Lakes Borough,Census Tract 412,34027041200,-74.428635,40.889204,340270412002
Block Group 3,340270412003,1226,389,0.43,Morris County,Mountain Lakes Borough,Census Tract 412,34027041200,-74.438479,40.88911,340270412003
Block Group 1,340297153031,1822,319,0.06,Ocean County,Lakewood Township,Census Tract 7153.03,34029715303,-74.207611,40.098281,340297153031
Block Group 2,340297175012,1531,710,0.56,Ocean County,Jackson Township,Census Tract 7175.01,34029717501,-74.279116,40.106187,340297175012
Block Group 2,340297155022,4254,747,0.27,Ocean County,Lakewood Township,Census Tract 7155.02,34029715502,-74.247951,40.089578,340297155022
Block Group 1,340170061021,823,313,0.03,Hudson County,Jersey City,Census Tract 61.02,34017006102,-74.095679,40.69104,340170061021
Block Group 2,340170061022,1050,386,0.07,Hudson County,Jersey City,Census Tract 61.02,34017006102,-74.10009,40.689777,340170061022
Block Group 1,340170077011,2650,1390,0.12,Hudson County,Jersey City,Census Tract 77.01,34017007701,-74.036113,40.727092,340170077011
Block Group 1,340170031021,2108,805,0.04,Hudson County,Jersey City,Census Tract 31.02,34017003102,-74.062883,40.725362,340170031021
Block Group 4,340170067004,503,531,0.06,Hudson County,Jersey City,Census Tract 67,34017006700,-74.063692,40.714992,340170067004
Block Group 2,340270401022,2079,834,0.7,Morris County,Lincoln Park Borough,Census Tract 401.02,34027040102,-74.289476,40.91702,340270401022
Block Group 3,340270402003,837,344,0.38,Morris County,Pequannock Township,Census Tract 402,34027040200,-74.2882,40.942593,340270402003
Block Group 1,340270462011,2394,935,3.75,Morris County,Washington Township,Census Tract 462.01,34027046201,-74.783008,40.833464,340270462011
Block Group 3,340270448003,2336,735,0.21,Morris County,Dover Town,Census Tract 448,34027044800,-74.547375,40.886407,340270448003
Block Group 3,340270411003,1249,507,0.44,Morris County,Boonton Town,Census Tract 411,34027041100,-74.417267,40.904291,340270411003
Block Group 1,340270408031,2300,939,1.21,Morris County,Montville Township,Census Tract 408.03,34027040803,-74.334641,40.855528,340270408031
Block Group 2,340270408012,1920,717,1.59,Morris County,Montville Township,Census Tract 408.01,34027040801,-74.375188,40.925645,340270408012
Block Group 2,340258015002,1512,644,0.69,Monmouth County,Middletown Township,Census Tract 8015,34025801500,-74.121897,40.34321,340258015002
Block Group 1,340010128021,1025,569,0.79,Atlantic County,Egg Harbor Township; Somers Point City,Census Tract 128.02,34001012802,-74.609173,39.305458,340010128021
Block Group 2,340010128022,693,577,0.21,Atlantic County,Somers Point City,Census Tract 128.02,34001012802,-74.591675,39.312907,340010128022
Block Group 2,340010025002,1028,885,0.09,Atlantic County,Atlantic City; Brigantine City,Census Tract 25,34001002500,-74.41468,39.366553,340010025002
Block Group 1,340170031011,1015,586,0.01,Hudson County,Jersey City,Census Tract 31.01,34017003101,-74.064055,40.722706,340170031011
Block Group 1,340155020021,743,313,0.82,Gloucester County,Harrison Township,Census Tract 5020.02,34015502002,-75.216239,39.743727,340155020021
Block Group 3,340190114003,1949,862,0.54,Hunterdon County,Flemington Borough,Census Tract 114,34019011400,-74.863716,40.509202,340190114003
Block Group 3,340190116003,495,255,0.55,Hunterdon County,Stockton Borough,Census Tract 116,34019011600,-74.975605,40.405876,340190116003
Block Group 2,340057003062,1929,659,0.68,Burlington County,Cinnaminson Township,Census Tract 7003.06,34005700306,-74.98345,39.998519,340057003062
Block Group 1,340057003071,1231,413,0.31,Burlington County,Cinnaminson Township,Census Tract 7003.07,34005700307,-74.964881,39.994562,340057003071
Block Group 3,340130229003,2568,630,0.18,Essex County,Newark City,Census Tract 229,34013022900,-74.172733,40.743167,340130229003
Block Group 1,340258077001,814,338,0.52,Monmouth County,Neptune Township,Census Tract 8077,34025807700,-74.043088,40.223019,340258077001
Block Group 1,340258096001,1730,541,0.83,Monmouth County,Marlboro Township,Census Tract 8096,34025809600,-74.279172,40.338412,340258096001
Block Group 4,340258096004,2488,951,1.04,Monmouth County,Marlboro Township,Census Tract 8096,34025809600,-74.316122,40.342206,340258096004
Block Group 2,340030311002,1187,505,0.1,Bergen County,Lyndhurst Township,Census Tract 311,34003031100,-74.112709,40.812639,340030311002
Block Group 3,340030311003,1508,599,0.15,Bergen County,Lyndhurst Township,Census Tract 311,34003031100,-74.116955,40.809885,340030311003
Block Group 3,340258041003,1652,782,0.52,Monmouth County,Monmouth Beach Borough; Oceanport Borough,Census Tract 8041,34025804100,-73.992666,40.336372,340258041003
Block Group 4,340076115004,883,344,2.72,Camden County,Winslow Township,Census Tract 6115,34007611500,-74.86704,39.69867,340076115004
Block Group 3,340076110003,1409,540,0.08,Camden County,Gloucester City,Census Tract 6110,34007611000,-75.122238,39.90072,340076110003
Block Group 3,340076108003,0,0,1.62,Camden County,Pennsauken Township,Census Tract 6108,34007610800,-75.040272,39.985817,340076108003
Block Group 5,340076092055,2328,900,13.57,Camden County,Winslow Township,Census Tract 6092.05,34007609205,-74.863794,39.657227,340076092055
Block Group 2,340076113002,1289,499,0.28,Camden County,Gloucester Township,Census Tract 6113,34007611300,-75.059098,39.798635,340076113002
Block Group 2,340258048012,2260,1058,2.72,Monmouth County,Tinton Falls Borough,Census Tract 8048.01,34025804801,-74.093618,40.264227,340258048012
Block Group 3,340258126003,1660,675,0.54,Monmouth County,Tinton Falls Borough,Census Tract 8126,34025812600,-74.078673,40.329093,340258126003
Block Group 3,340258085023,793,331,0.16,Monmouth County,Wall Township,Census Tract 8085.02,34025808502,-74.038113,40.170787,340258085023
Block Group 2,340258089012,836,598,0.24,Monmouth County,Spring Lake Heights Borough,Census Tract 8089.01,34025808901,-74.037849,40.149379,340258089012
Block Group 1,340297223001,1817,547,1.72,Ocean County,Toms River Township,Census Tract 7223,34029722300,-74.196059,39.997001,340297223001
Block Group 1,340110411021,1790,590,0.21,Cumberland County,Vineland City,Census Tract 411.02,34011041102,-75.031161,39.482352,340110411021
Block Group 2,340297223002,2341,763,2.55,Ocean County,Toms River Township,Census Tract 7223,34029722300,-74.169569,40.005074,340297223002
Block Group 3,340297226003,658,434,0.17,Ocean County,Toms River Township,Census Tract 7226,34029722600,-74.143966,39.991915,340297226003
Block Group 1,340297222001,956,564,0.68,Ocean County,Toms River Township,Census Tract 7222,34029722200,-74.179662,40.023825,340297222001
Block Group 1,340190119001,1727,950,0.27,Hunterdon County,Lambertville City,Census Tract 119,34019011900,-74.948627,40.372636,340190119001
Block Group 2,340057013012,2652,1242,0.47,Burlington County,Florence Township,Census Tract 7013.01,34005701301,-74.800133,40.119308,340057013012
Block Group 1,340057013021,1672,701,0.42,Burlington County,Florence Township,Census Tract 7013.02,34005701302,-74.772672,40.119489,340057013021
Block Group 3,340390353003,903,308,0.06,Union County,Linden City,Census Tract 353,34039035300,-74.239006,40.621325,340390353003
Block Group 1,340130153001,2021,1048,0.37,Essex County,Bloomfield Township,Census Tract 153,34013015300,-74.181086,40.803783,340130153001
Block Group 1,340130154001,1067,480,0.12,Essex County,Bloomfield Township,Census Tract 154,34013015400,-74.194087,40.80779,340130154001
Block Group 3,340130154003,1485,726,0.09,Essex County,Bloomfield Township,Census Tract 154,34013015400,-74.195848,40.797106,340130154003
Block Group 2,340130155002,1118,435,0.09,Essex County,Bloomfield Township,Census Tract 155,34013015500,-74.182617,40.790167,340130155002
Block Group 2,340311251002,1595,515,0.08,Passaic County,Clifton City,Census Tract 1251,34031125100,-74.122642,40.877267,340311251002
Block Group 2,340270458042,1846,679,3.85,Morris County,Mendham Township,Census Tract 458.04,34027045804,-74.55884,40.805839,340270458042
Block Group 1,340057003061,664,248,0.15,Burlington County,Cinnaminson Township,Census Tract 7003.06,34005700306,-74.969247,40.003516,340057003061
Block Group 4,340312461034,1848,607,0.72,Passaic County,Wayne Township,Census Tract 2461.03,34031246103,-74.239588,40.94129,340312461034
Block Group 1,340130229001,1935,1032,0.13,Essex County,Newark City,Census Tract 229,34013022900,-74.175845,40.749159,340130229001
Block Group 1,340350519001,2032,665,0.34,Somerset County,North Plainfield Borough,Census Tract 519,34035051900,-74.451577,40.615629,340350519001
Block Group 1,340312461011,1473,732,0.48,Passaic County,Wayne Township,Census Tract 2461.01,34031246101,-74.21626,40.949901,340312461011
Block Group 2,340312461012,1966,636,0.6,Passaic County,Wayne Township,Census Tract 2461.01,34031246101,-74.219901,40.933598,340312461012
Block Group 3,340230056023,2398,545,0.08,Middlesex County,New Brunswick City,Census Tract 56.02,34023005602,-74.450328,40.487513,340230056023
Block Group 2,340410313022,2285,1094,1.73,Warren County,Allamuchy Township,Census Tract 313.02,34041031302,-74.836872,40.909864,340410313022
Block Group 2,340258114022,1201,365,0.34,Monmouth County,Howell Township,Census Tract 8114.02,34025811402,-74.214843,40.151928,340258114022
Block Group 2,340210043162,1695,871,1.62,Mercer County,West Windsor Township,Census Tract 43.16,34021004316,-74.581885,40.277727,340210043162
Block Group 1,340210044091,2691,1092,0.49,Mercer County,East Windsor Township,Census Tract 44.09,34021004409,-74.518899,40.28262,340210044091
Block Group 4,340210044064,1536,837,0.61,Mercer County,East Windsor Township,Census Tract 44.06,34021004406,-74.543362,40.275718,340210044064
Block Group 3,340258099013,1127,400,2.56,Monmouth County,Colts Neck Township,Census Tract 8099.01,34025809901,-74.210651,40.293937,340258099013
Block Group 1,340258080011,772,349,0.2,Monmouth County,Neptune Township,Census Tract 8080.01,34025808001,-74.052656,40.196491,340258080011
Block Group 5,340230034015,21,5,1,Middlesex County,Woodbridge Township,Census Tract 34.01,34023003401,-74.249237,40.552583,340230034015
Block Group 1,340230066071,1639,557,0.42,Middlesex County,East Brunswick Township,Census Tract 66.07,34023006607,-74.397973,40.414986,340230066071
Block Group 1,340258027001,982,350,0.28,Monmouth County,Aberdeen Township,Census Tract 8027,34025802700,-74.212741,40.411538,340258027001
Block Group 2,340258028002,1575,532,0.37,Monmouth County,Aberdeen Township,Census Tract 8028,34025802800,-74.215753,40.395762,340258028002
Block Group 3,340258028003,1621,905,0.31,Monmouth County,Aberdeen Township,Census Tract 8028,34025802800,-74.213103,40.387787,340258028003
Block Group 3,340258076003,860,331,0.09,Monmouth County,Neptune Township,Census Tract 8076,34025807600,-74.027691,40.215179,340258076003
Block Group 1,340311831021,1205,389,0.09,Passaic County,Paterson City,Census Tract 1831.02,34031183102,-74.148966,40.89372,340311831021
Block Group 2,340311831022,1663,527,0.09,Passaic County,Paterson City,Census Tract 1831.02,34031183102,-74.152802,40.902803,340311831022
Block Group 3,340311831023,1738,565,0.21,Passaic County,Paterson City,Census Tract 1831.02,34031183102,-74.152364,40.899302,340311831023
Block Group 2,340297225002,405,1114,0.25,Ocean County,Toms River Township,Census Tract 7225,34029722500,-74.061433,39.996363,340297225002
Block Group 4,340297230004,2062,811,0.79,Ocean County,Toms River Township,Census Tract 7230,34029723000,-74.215764,39.959858,340297230004
Block Group 1,340258029001,1949,757,0.97,Monmouth County,Aberdeen Township,Census Tract 8029,34025802900,-74.249775,40.400381,340258029001
Block Group 1,340230071031,1951,776,0.19,Middlesex County,Sayreville Borough,Census Tract 71.03,34023007103,-74.354617,40.422372,340230071031
Block Group 2,340230071032,281,72,3.03,Middlesex County,Sayreville Borough,Census Tract 71.03,34023007103,-74.340577,40.442506,340230071032
Block Group 2,340258066002,1277,491,0.78,Monmouth County,Ocean Township,Census Tract 8066,34025806600,-74.033758,40.243969,340258066002
Block Group 3,340270419013,1859,694,1.91,Morris County,East Hanover Township,Census Tract 419.01,34027041901,-74.341685,40.833984,340270419013
Block Group 6,340297381006,97,303,0.17,Ocean County,Harvey Cedars Borough,Census Tract 7381,34029738100,-74.143781,39.698332,340297381006
Block Group 2,340170199002,3635,1673,1.25,Hudson County,Secaucus Town,Census Tract 199,34017019900,-74.071773,40.783089,340170199002
Block Group 2,340170200002,879,403,0.04,Hudson County,Secaucus Town,Census Tract 200,34017020000,-74.063609,40.792841,340170200002
Block Group 4,340170200004,2054,599,0.32,Hudson County,Secaucus Town,Census Tract 200,34017020000,-74.060208,40.783552,340170200004
Block Group 3,340270407013,1882,665,4.66,Morris County,Kinnelon Borough,Census Tract 407.01,34027040701,-74.368174,40.964952,340270407013
Block Group 3,340270408013,2005,679,5.5,Morris County,Montville Township,Census Tract 408.01,34027040801,-74.371636,40.939894,340270408013
Block Group 4,340030411004,1473,521,0.07,Bergen County,Palisades Park Borough,Census Tract 411,34003041100,-73.996746,40.853388,340030411004
Block Group 4,340030412004,1055,370,0.05,Bergen County,Palisades Park Borough,Census Tract 412,34003041200,-73.994092,40.845309,340030412004
Block Group 2,340270409002,2355,822,5.93,Morris County,Boonton Township,Census Tract 409,34027040900,-74.424961,40.933385,340270409002
Block Group 3,340270416043,2762,918,1.42,Morris County,Parsippany-Troy Hills Township,Census Tract 416.04,34027041604,-74.460846,40.86226,340270416043
Block Group 2,340190109002,570,252,0.17,Hunterdon County,High Bridge Borough,Census Tract 109,34019010900,-74.881863,40.672752,340190109002
Block Group 3,340190109003,878,401,0.54,Hunterdon County,High Bridge Borough,Census Tract 109,34019010900,-74.884728,40.662679,340190109003
Block Group 2,340230086042,1366,552,0.19,Middlesex County,Plainsboro Township,Census Tract 86.04,34023008604,-74.571612,40.326696,340230086042
Block Group 1,340230086041,1192,470,0.1,Middlesex County,Plainsboro Township,Census Tract 86.04,34023008604,-74.556949,40.324332,340230086041
Block Group 4,340230086044,1674,986,0.29,Middlesex County,Plainsboro Township,Census Tract 86.04,34023008604,-74.586613,40.329444,340230086044
Block Group 1,340311753011,1327,360,0.05,Passaic County,Passaic City,Census Tract 1753.01,34031175301,-74.120569,40.866473,340311753011
Block Group 2,340155007042,1500,867,0.28,Gloucester County,Mantua Township,Census Tract 5007.04,34015500704,-75.182982,39.78746,340155007042
Block Group 1,340155022011,2022,568,0.57,Gloucester County,Woolwich Township,Census Tract 5022.01,34015502201,-75.340178,39.749676,340155022011
Block Group 3,340155016093,916,410,2.04,Gloucester County,Monroe Township,Census Tract 5016.09,34015501609,-75.037824,39.70147,340155016093
Block Group 4,340076087004,2578,1003,1.25,Camden County,Berlin Borough,Census Tract 6087,34007608700,-74.945353,39.78992,340076087004
Block Group 2,340373718012,1360,511,6.19,Sussex County,Wantage Township,Census Tract 3718.01,34037371801,-74.66205,41.19531,340373718012
Block Group 2,340373735002,595,277,1.35,Sussex County,Andover Borough,Census Tract 3735,34037373500,-74.74318,40.98461,340373735002
Block Group 1,340270414001,2234,908,1.21,Morris County,Denville Township,Census Tract 414,34027041400,-74.503372,40.887509,340270414001
Block Group 3,340270415003,2719,928,2.21,Morris County,Denville Township,Census Tract 415,34027041500,-74.520103,40.851387,340270415003
Block Group 1,340270418031,1373,461,4.03,Morris County,Parsippany-Troy Hills Township,Census Tract 418.03,34027041803,-74.378786,40.842707,340270418031
Block Group 4,340270422004,2747,1091,2.25,Morris County,Hanover Township,Census Tract 422,34027042200,-74.460948,40.82205,340270422004
Block Group 1,340258095031,3709,1374,2.16,Monmouth County,Marlboro Township,Census Tract 8095.03,34025809503,-74.225857,40.374909,340258095031
Block Group 2,340258019002,671,261,0.07,Monmouth County,Keyport Borough,Census Tract 8019,34025801900,-74.199174,40.435433,340258019002
Block Group 1,340258021001,1808,789,0.98,Monmouth County,Hazlet Township,Census Tract 8021,34025802100,-74.153594,40.430572,340258021001
Block Group 2,340258021002,859,314,0.12,Monmouth County,Hazlet Township,Census Tract 8021,34025802100,-74.166847,40.435042,340258021002
Block Group 4,340258021004,1124,390,0.37,Monmouth County,Hazlet Township,Census Tract 8021,34025802100,-74.184777,40.433491,340258021004
Block Group 5,340410320005,1396,706,0.55,Warren County,Washington Borough,Census Tract 320,34041032000,-74.987949,40.750857,340410320005
Block Group 2,340076056022,901,363,0.14,Camden County,Audubon Borough,Census Tract 6056.02,34007605602,-75.068098,39.885483,340076056022
Block Group 3,340076056023,1003,393,0.19,Camden County,Audubon Borough,Census Tract 6056.02,34007605602,-75.076407,39.885816,340076056023
Block Group 1,340076057001,862,357,0.14,Camden County,Audubon Borough,Census Tract 6057,34007605700,-75.06478,39.897,340076057001
Block Group 2,340076057002,1123,434,0.15,Camden County,Audubon Borough,Census Tract 6057,34007605700,-75.057989,39.891167,340076057002
Block Group 3,340076057003,906,438,0.16,Camden County,Audubon Borough,Census Tract 6057,34007605700,-75.064044,39.890223,340076057003
Block Group 2,340270417012,1542,540,0.3,Morris County,Parsippany-Troy Hills Township,Census Tract 417.01,34027041701,-74.388609,40.880154,340270417012
Block Group 3,340270450003,1432,502,0.17,Morris County,Dover Town,Census Tract 450,34027045000,-74.559665,40.891978,340270450003
Block Group 1,340270451001,1764,852,0.46,Morris County,Wharton Borough,Census Tract 451,34027045100,-74.577777,40.909856,340270451001
Block Group 4,340390337004,1024,439,0.09,Union County,Roselle Park Borough,Census Tract 337,34039033700,-74.248612,40.664536,340390337004
Block Group 3,340390338003,2075,870,0.21,Union County,Roselle Park Borough,Census Tract 338,34039033800,-74.275135,40.665861,340390338003
Block Group 4,340390338004,2217,976,0.14,Union County,Roselle Park Borough,Census Tract 338,34039033800,-74.280036,40.662425,340390338004
Block Group 3,340110107013,1932,850,7.84,Cumberland County,Upper Deerfield Township,Census Tract 107.01,34011010701,-75.190958,39.487609,340110107013
Block Group 1,340210043061,2744,811,2.27,Mercer County,West Windsor Township,Census Tract 43.06,34021004306,-74.624858,40.275758,340210043061
Block Group 3,340210043073,1361,519,0.71,Mercer County,West Windsor Township,Census Tract 43.07,34021004307,-74.616516,40.3157,340210043073
Block Group 2,340057005042,1200,427,0.53,Burlington County,Moorestown Township,Census Tract 7005.04,34005700504,-74.94064,39.95889,340057005042
Block Group 2,340170061012,1717,684,0.06,Hudson County,Jersey City,Census Tract 61.01,34017006101,-74.103071,40.699003,340170061012
Block Group 1,340170061011,2237,789,0.08,Hudson County,Jersey City,Census Tract 61.01,34017006101,-74.100077,40.697005,340170061011
Block Group 1,340170059011,2565,926,0.08,Hudson County,Jersey City,Census Tract 59.01,34017005901,-74.099117,40.702568,340170059011
Block Group 3,340170061023,1563,579,0.05,Hudson County,Jersey City,Census Tract 61.02,34017006102,-74.098205,40.693322,340170061023
Block Group 2,340170020022,1313,690,0.04,Hudson County,Jersey City,Census Tract 20.02,34017002002,-74.064583,40.728752,340170020022
Block Group 1,340210044041,2997,1067,0.56,Mercer County,East Windsor Township,Census Tract 44.04,34021004404,-74.488069,40.259724,340210044041
Block Group 1,340057029141,1451,536,1.39,Burlington County,Mount Laurel Township,Census Tract 7029.14,34005702914,-74.878613,39.98559,340057029141
Block Group 1,340057029171,2606,1246,0.48,Burlington County,Mount Laurel Township,Census Tract 7029.17,34005702917,-74.865486,39.964609,340057029171
Block Group 1,340057029181,1812,910,0.66,Burlington County,Mount Laurel Township,Census Tract 7029.18,34005702918,-74.867706,39.945258,340057029181
Block Group 1,340090209011,796,3207,1.42,Cape May County,Stone Harbor Borough,Census Tract 209.01,34009020901,-74.767232,39.041902,340090209011
Block Group 3,340230066043,2368,862,0.4,Middlesex County,East Brunswick Township,Census Tract 66.04,34023006604,-74.425784,40.397208,340230066043
Block Group 1,340390364001,1833,723,0.65,Union County,Westfield Town,Census Tract 364,34039036400,-74.329211,40.668611,340390364001
Block Group 2,340390364002,960,296,0.14,Union County,Westfield Town,Census Tract 364,34039036400,-74.334579,40.65733,340390364002
Block Group 1,340030234011,1210,542,0.06,Bergen County,Hackensack City,Census Tract 234.01,34003023401,-74.059875,40.885998,340030234011
Block Group 2,340030234022,1828,930,0.26,Bergen County,Hackensack City,Census Tract 234.02,34003023402,-74.064897,40.875691,340030234022
Block Group 3,340030234023,1224,428,0.11,Bergen County,Hackensack City,Census Tract 234.02,34003023402,-74.060125,40.878176,340030234023
Block Group 5,340030234025,1030,339,0.07,Bergen County,Hackensack City,Census Tract 234.02,34003023402,-74.058169,40.881427,340030234025
Block Group 1,340110202001,1323,468,0.14,Cumberland County,Bridgeton City,Census Tract 202,34011020200,-75.238523,39.42612,340110202001
Block Group 5,340030500005,969,352,0.18,Bergen County,Rochelle Park Township,Census Tract 500,34003050000,-74.086149,40.914553,340030500005
Block Group 1,340030511001,1076,423,0.1,Bergen County,Rutherford Borough,Census Tract 511,34003051100,-74.110405,40.837039,340030511001
Block Group 1,340010118051,2268,909,14.93,Atlantic County,Egg Harbor Township,Census Tract 118.05,34001011805,-74.689108,39.368894,340010118051
Block Group 2,340010133012,440,679,0.11,Atlantic County,Ventnor City,Census Tract 133.01,34001013301,-74.483294,39.328727,340010133012
Block Group 1,340030063011,1287,458,0.05,Bergen County,Cliffside Park Borough,Census Tract 63.01,34003006301,-73.995758,40.809638,340030063011
Block Group 4,340030063024,1225,491,0.04,Bergen County,Cliffside Park Borough,Census Tract 63.02,34003006302,-73.992849,40.810016,340030063024
Block Group 1,340030372031,787,276,0.09,Bergen County,New Milford Borough,Census Tract 372.03,34003037203,-74.02223,40.92264,340030372031
Block Group 2,340030451022,840,297,0.07,Bergen County,Ridgefield Borough,Census Tract 451.02,34003045102,-73.994664,40.836513,340030451022
Block Group 3,340030181013,1230,407,0.03,Bergen County,Fairview Borough,Census Tract 181.01,34003018101,-73.999169,40.811869,340030181013
Block Group 2,340130204002,1380,441,0.3,Essex County,Livingston Township,Census Tract 204,34013020400,-74.318464,40.802075,340130204002
Block Group 3,340130204003,1220,380,0.35,Essex County,Livingston Township,Census Tract 204,34013020400,-74.327925,40.800674,340130204003
Block Group 3,340130205003,1428,502,0.26,Essex County,Livingston Township,Census Tract 205,34013020500,-74.311974,40.799787,340130205003
Block Group 2,340270416032,1811,834,0.45,Morris County,Parsippany-Troy Hills Township,Census Tract 416.03,34027041603,-74.43003,40.870264,340270416032
Block Group 3,340030023003,1891,649,0.64,Bergen County,Norwood Borough,Census Tract 23,34003002300,-73.95988,40.994886,340030023003
Block Group 1,340230078051,1432,474,0.24,Middlesex County,Old Bridge Township,Census Tract 78.05,34023007805,-74.328232,40.394594,340230078051
Block Group 2,340230078052,1767,594,0.33,Middlesex County,Old Bridge Township,Census Tract 78.05,34023007805,-74.31906,40.391497,340230078052
Block Group 3,340230078053,1245,394,0.15,Middlesex County,Old Bridge Township,Census Tract 78.05,34023007805,-74.311074,40.39342,340230078053
Block Group 2,340210005002,1656,462,0.06,Mercer County,Trenton City,Census Tract 5,34021000500,-74.74037,40.210681,340210005002
Block Group 3,340210005003,1732,512,0.05,Mercer County,Trenton City,Census Tract 5,34021000500,-74.742449,40.214376,340210005003
Block Group 3,340130216023,1758,664,0.67,Essex County,North Caldwell Borough,Census Tract 216.02,34013021602,-74.255627,40.849285,340130216023
Block Group 4,340130216024,897,299,0.34,Essex County,North Caldwell Borough,Census Tract 216.02,34013021602,-74.263891,40.853982,340130216024
Block Group 5,340130216025,1181,412,0.81,Essex County,North Caldwell Borough,Census Tract 216.02,34013021602,-74.268743,40.869564,340130216025
Block Group 1,340312641011,1580,594,0.16,Passaic County,Woodland Park Borough,Census Tract 2641.01,34031264101,-74.198167,40.901902,340312641011
Block Group 1,340297380011,760,2053,0.72,Ocean County,Long Beach Township,Census Tract 7380.01,34029738001,-74.235859,39.579874,340297380011
Block Group 2,340390396002,1369,520,0.2,Union County,Plainfield City,Census Tract 396,34039039600,-74.424798,40.603933,340390396002
Block Group 3,340390396003,1533,503,0.17,Union County,Plainfield City,Census Tract 396,34039039600,-74.429177,40.600849,340390396003
Block Group 1,340390397001,1392,493,0.28,Union County,Plainfield City,Census Tract 397,34039039700,-74.404921,40.611438,340390397001
Block Group 1,340258089021,614,375,0.11,Monmouth County,Spring Lake Heights Borough,Census Tract 8089.02,34025808902,-74.047168,40.157716,340258089021
Block Group 1,340130005001,1056,321,0.04,Essex County,Newark City,Census Tract 5,34013000500,-74.182413,40.767929,340130005001
Block Group 3,340210027013,2312,906,0.74,Mercer County,Hamilton Township,Census Tract 27.01,34021002701,-74.712484,40.209642,340210027013
Block Group 1,340210027021,2101,999,0.81,Mercer County,Hamilton Township,Census Tract 27.02,34021002702,-74.707323,40.220385,340210027021
Block Group 2,340210027022,832,614,0.68,Mercer County,Hamilton Township,Census Tract 27.02,34021002702,-74.694525,40.217445,340210027022
Block Group 2,340230018032,975,307,0.16,Middlesex County,Edison Township,Census Tract 18.03,34023001803,-74.396116,40.503891,340230018032
Block Group 3,340230018033,1281,429,0.39,Middlesex County,Edison Township,Census Tract 18.03,34023001803,-74.394555,40.494987,340230018033
Block Group 1,340230018051,2234,938,0.25,Middlesex County,Edison Township,Census Tract 18.05,34023001805,-74.362147,40.519455,340230018051
Block Group 4,340210027024,1300,607,0.23,Mercer County,Hamilton Township,Census Tract 27.02,34021002702,-74.701034,40.207206,340210027024
Block Group 1,340210020001,1595,632,0.2,Mercer County,Trenton City,Census Tract 20,34021002000,-74.753582,40.226616,340210020001
Block Group 4,340210021004,1888,656,0.11,Mercer County,Trenton City,Census Tract 21,34021002100,-74.745577,40.221867,340210021004
Block Group 3,340230065003,1451,466,0.38,Middlesex County,East Brunswick Township,Census Tract 65,34023006500,-74.406694,40.433581,340230065003
Block Group 2,340230066012,1099,380,3.26,Middlesex County,East Brunswick Township,Census Tract 66.01,34023006601,-74.459897,40.423902,340230066012
Block Group 1,340057001021,2569,1114,0.54,Burlington County,Palmyra Borough,Census Tract 7001.02,34005700102,-75.021872,39.999132,340057001021
Block Group 1,340057001031,1354,852,0.13,Burlington County,Palmyra Borough,Census Tract 7001.03,34005700103,-75.036324,40.011034,340057001031
Block Group 3,340270439003,942,280,0.4,Morris County,Chatham Township,Census Tract 439,34027043900,-74.403947,40.726883,340270439003
Block Group 2,340258027002,1790,677,0.49,Monmouth County,Aberdeen Township,Census Tract 8027,34025802700,-74.222492,40.410447,340258027002
Block Group 2,340258001012,1714,983,0.22,Monmouth County,Highlands Borough,Census Tract 8001.01,34025800101,-73.987608,40.4039,340258001012
Block Group 1,340155017041,2113,847,4.69,Gloucester County,Franklin Township,Census Tract 5017.04,34015501704,-75.073384,39.625591,340155017041
Block Group 1,340311753021,1681,496,0.14,Passaic County,Passaic City,Census Tract 1753.02,34031175302,-74.119235,40.871949,340311753021
Block Group 1,340311754011,1425,375,0.07,Passaic County,Passaic City,Census Tract 1754.01,34031175401,-74.128776,40.865232,340311754011
Block Group 2,340311815002,1861,636,0.06,Passaic County,Paterson City,Census Tract 1815,34031181500,-74.163948,40.920507,340311815002
Block Group 3,340312641013,1174,400,0.15,Passaic County,Woodland Park Borough,Census Tract 2641.01,34031264101,-74.195797,40.897463,340312641013
Block Group 3,340311753023,1988,586,0.04,Passaic County,Passaic City,Census Tract 1753.02,34031175302,-74.124193,40.872279,340311753023
Block Group 2,340312167022,2541,954,1.32,Passaic County,Ringwood Borough,Census Tract 2167.02,34031216702,-74.269322,41.076627,340312167022
Block Group 2,340258097042,1610,575,0.41,Monmouth County,Marlboro Township,Census Tract 8097.04,34025809704,-74.256212,40.307985,340258097042
Block Group 3,340258048023,20,9,0.2,Monmouth County,Tinton Falls Borough,Census Tract 8048.02,34025804802,-74.080127,40.234175,340258048023
Block Group 5,340030160005,597,245,0.38,Bergen County,Englewood Cliffs Borough,Census Tract 160,34003016000,-73.948624,40.892598,340030160005
Block Group 6,340030160006,1087,388,0.88,Bergen County,Englewood Cliffs Borough,Census Tract 160,34003016000,-73.942676,40.879825,340030160006
Block Group 3,340230084033,1943,794,0.85,Middlesex County,South Brunswick Township,Census Tract 84.03,34023008403,-74.582509,40.396308,340230084033
Block Group 1,340373719001,1096,479,20.42,Sussex County,Sandyston Township,Census Tract 3719,34037371900,-74.770158,41.227227,340373719001
Block Group 2,340373720002,1765,766,10,Sussex County,Hampton Township,Census Tract 3720,34037372000,-74.775147,41.103314,340373720002
Block Group 2,340230082092,1128,403,0.47,Middlesex County,Monroe Township,Census Tract 82.09,34023008209,-74.375169,40.368741,340230082092
Block Group 4,340130213004,836,270,0.16,Essex County,Cedar Grove Township,Census Tract 213,34013021300,-74.235529,40.873359,340130213004
Block Group 1,340130001001,2110,742,0.08,Essex County,Newark City,Census Tract 1,34013000100,-74.165018,40.782211,340130001001
Block Group 4,340130203004,1343,470,0.17,Essex County,Millburn Township,Census Tract 203,34013020300,-74.320208,40.72224,340130203004
Block Group 1,340130208001,1571,497,0.34,Essex County,Livingston Township,Census Tract 208,34013020800,-74.332012,40.790632,340130208001
Block Group 2,340130001002,2104,1090,0.12,Essex County,Newark City,Census Tract 1,34013000100,-74.170789,40.780473,340130001002
Block Group 1,340130002001,1197,623,0.24,Essex County,Newark City,Census Tract 2,34013000200,-74.175945,40.77079,340130002001
Block Group 2,340130002002,2096,670,0.06,Essex County,Newark City,Census Tract 2,34013000200,-74.179825,40.768222,340130002002
Block Group 3,340210039033,891,441,0.29,Mercer County,Pennington Borough,Census Tract 39.03,34021003903,-74.795539,40.328115,340210039033
Block Group 1,340210040001,1764,816,0.29,Mercer County,Princeton,Census Tract 40,34021004000,-74.646864,40.356775,340210040001
Block Group 2,340210040002,2032,1057,0.23,Mercer County,Princeton,Census Tract 40,34021004000,-74.657854,40.355378,340210040002
Block Group 1,340210032011,1364,523,0.52,Mercer County,Lawrence Township,Census Tract 32.01,34021003201,-74.74235,40.258027,340210032011
Block Group 4,340210032014,1627,16,0.16,Mercer County,Lawrence Township,Census Tract 32.01,34021003201,-74.735903,40.279114,340210032014
Block Group 5,340210032015,1130,625,0.56,Mercer County,Lawrence Township,Census Tract 32.01,34021003201,-74.756238,40.280459,340210032015
Block Group 1,340230038021,1660,661,0.07,Middlesex County,Carteret Borough,Census Tract 38.02,34023003802,-74.220788,40.572474,340230038021
Block Group 1,340230010041,631,288,0.49,Middlesex County,South Plainfield Borough,Census Tract 10.04,34023001004,-74.414679,40.555141,340230010041
Block Group 1,340230079131,1469,664,0.56,Middlesex County,Old Bridge Township,Census Tract 79.13,34023007913,-74.303425,40.393563,340230079131
Block Group 2,340230086022,1332,703,0.07,Middlesex County,Plainsboro Township,Census Tract 86.02,34023008602,-74.550061,40.326923,340230086022
Block Group 2,340230006102,2560,855,0.5,Middlesex County,Piscataway Township,Census Tract 6.10,34023000610,-74.416581,40.54024,340230006102
Block Group 3,340297113003,1473,628,0.25,Ocean County,Point Pleasant Borough,Census Tract 7113,34029711300,-74.066297,40.077127,340297113003
Block Group 3,340230018053,1400,629,0.74,Middlesex County,Edison Township,Census Tract 18.05,34023001805,-74.338394,40.525027,340230018053
Block Group 4,340230018054,829,292,0.19,Middlesex County,Edison Township,Census Tract 18.05,34023001805,-74.367181,40.511896,340230018054
Block Group 1,340230019011,1797,814,0.56,Middlesex County,Edison Township,Census Tract 19.01,34023001901,-74.340005,40.547256,340230019011
Block Group 2,340230019012,1519,496,0.33,Middlesex County,Edison Township,Census Tract 19.01,34023001901,-74.330756,40.541104,340230019012
Block Group 2,340297130002,884,451,0.4,Ocean County,Brick Township,Census Tract 7130,34029713000,-74.094752,40.089513,340297130002
Block Group 1,340230019021,829,308,0.15,Middlesex County,Edison Township,Census Tract 19.02,34023001902,-74.325522,40.533493,340230019021
Block Group 2,340230066042,2549,928,2.67,Middlesex County,East Brunswick Township,Census Tract 66.04,34023006604,-74.415688,40.391622,340230066042
Block Group 1,340230066051,1309,413,1.16,Middlesex County,East Brunswick Township,Census Tract 66.05,34023006605,-74.43778,40.40621,340230066051
Block Group 2,340030233012,716,279,0.1,Bergen County,Hackensack City,Census Tract 233.01,34003023301,-74.046332,40.910436,340030233012
Block Group 3,340030544003,668,136,0.11,Bergen County,Teaneck Township,Census Tract 544,34003054400,-74.029704,40.897064,340030544003
Block Group 2,340030531002,1379,638,1.4,Bergen County,Saddle River Borough,Census Tract 531,34003053100,-74.108604,41.031145,340030531002
Block Group 3,340030531003,1004,395,1.5,Bergen County,Saddle River Borough,Census Tract 531,34003053100,-74.088579,41.038018,340030531003
Block Group 3,340076092043,1061,374,0.45,Camden County,Winslow Township,Census Tract 6092.04,34007609204,-74.952132,39.702401,340076092043
Block Group 2,340076092052,1588,589,2.54,Camden County,Winslow Township,Census Tract 6092.05,34007609205,-74.92174,39.72454,340076092052
Block Group 2,340230014092,1695,541,0.49,Middlesex County,Edison Township,Census Tract 14.09,34023001409,-74.341677,40.578959,340230014092
Block Group 3,340230015023,1410,465,0.27,Middlesex County,Edison Township,Census Tract 15.02,34023001502,-74.411379,40.515263,340230015023
Block Group 3,340230033003,2043,673,0.37,Middlesex County,Woodbridge Township,Census Tract 33,34023003300,-74.295915,40.515343,340230033003
Block Group 5,340230016005,873,303,0.09,Middlesex County,Edison Township,Census Tract 16,34023001600,-74.403642,40.503321,340230016005
Block Group 3,340230044003,1279,388,0.04,Middlesex County,Perth Amboy City,Census Tract 44,34023004400,-74.272959,40.516771,340230044003
Block Group 4,340030262004,1120,433,0.44,Bergen County,Hillsdale Borough,Census Tract 262,34003026200,-74.049147,41.008943,340030262004
Block Group 1,340030321041,2623,170,9.61,Bergen County,Mahwah Township,Census Tract 321.04,34003032104,-74.210912,41.092519,340030321041
Block Group 1,340130006001,1816,597,0.05,Essex County,Newark City,Census Tract 6,34013000600,-74.187532,40.765866,340130006001
Block Group 1,340130007001,1910,690,0.06,Essex County,Newark City,Census Tract 7,34013000700,-74.18827,40.762471,340130007001
Block Group 2,340130007002,2469,969,0.08,Essex County,Newark City,Census Tract 7,34013000700,-74.191894,40.758001,340130007002
Block Group 3,340130007003,1126,402,0.04,Essex County,Newark City,Census Tract 7,34013000700,-74.19102,40.763795,340130007003
Block Group 4,340130007004,1603,609,0.07,Essex County,Newark City,Census Tract 7,34013000700,-74.195726,40.756022,340130007004
Block Group 1,340130008001,2388,802,0.08,Essex County,Newark City,Census Tract 8,34013000800,-74.184212,40.762316,340130008001
Block Group 1,340130009001,1960,819,0.04,Essex County,Newark City,Census Tract 9,34013000900,-74.185321,40.754894,340130009001
Block Group 2,340130009002,1432,512,0.05,Essex County,Newark City,Census Tract 9,34013000900,-74.187913,40.754084,340130009002
Block Group 2,340230019032,1246,522,0.12,Middlesex County,Edison Township,Census Tract 19.03,34023001903,-74.345211,40.536893,340230019032
Block Group 5,340230027035,934,319,0.11,Middlesex County,Woodbridge Township,Census Tract 27.03,34023002703,-74.273897,40.574754,340230027035
Block Group 2,340130010002,2836,759,0.11,Essex County,Newark City,Census Tract 10,34013001000,-74.186181,40.749123,340130010002
Block Group 5,340030544005,978,421,0.09,Bergen County,Teaneck Township,Census Tract 544,34003054400,-74.026733,40.889217,340030544005
Block Group 4,340230034014,820,303,0.16,Middlesex County,Woodbridge Township,Census Tract 34.01,34023003401,-74.259341,40.54948,340230034014
Block Group 6,340030544006,913,376,0.08,Bergen County,Teaneck Township,Census Tract 544,34003054400,-74.026958,40.891686,340030544006
Block Group 2,340170155002,2414,933,0.06,Hudson County,West New York Town,Census Tract 155,34017015500,-74.019777,40.789201,340170155002
Block Group 3,340170155003,1530,586,0.03,Hudson County,West New York Town,Census Tract 155,34017015500,-74.019598,40.791997,340170155003
Block Group 1,340170156001,2191,913,0.02,Hudson County,West New York Town,Census Tract 156,34017015600,-74.010261,40.786944,340170156001
Block Group 1,340170157001,1728,604,0.03,Hudson County,West New York Town,Census Tract 157,34017015700,-74.011647,40.785403,340170157001
Block Group 1,340076029021,1406,518,0.35,Camden County,Pennsauken Township,Census Tract 6029.02,34007602902,-75.04204,39.965867,340076029021
Block Group 2,340076004002,1060,483,0.13,Camden County,Camden City,Census Tract 6004,34007600400,-75.121725,39.932516,340076004002
Block Group 2,340230014152,749,271,0.31,Middlesex County,Edison Township,Census Tract 14.15,34023001415,-74.367828,40.571685,340230014152
Block Group 5,340390348005,1107,395,0.09,Union County,Linden City,Census Tract 348,34039034800,-74.280129,40.637939,340390348005
Block Group 1,340390349001,1094,368,0.13,Union County,Linden City,Census Tract 349,34039034900,-74.263176,40.633846,340390349001
Block Group 3,340390349003,1154,378,0.11,Union County,Linden City,Census Tract 349,34039034900,-74.26697,40.629557,340390349003
Block Group 2,340297201022,565,464,0.61,Ocean County,Manchester Township,Census Tract 7201.02,34029720102,-74.352206,39.952771,340297201022
Block Group 6,340155020026,6,3,0.59,Gloucester County,Harrison Township,Census Tract 5020.02,34015502002,-75.148247,39.712704,340155020026
Block Group 2,340155011022,1045,360,0.36,Gloucester County,Deptford Township,Census Tract 5011.02,34015501102,-75.120338,39.833481,340155011022
Block Group 7,340155002047,24,4,0.87,Gloucester County,West Deptford Township,Census Tract 5002.04,34015500204,-75.204326,39.831392,340155002047
Block Group 4,340155011064,825,347,1.57,Gloucester County,Deptford Township,Census Tract 5011.06,34015501106,-75.13331,39.782891,340155011064
Block Group 5,340155020025,1032,315,1.43,Gloucester County,Harrison Township,Census Tract 5020.02,34015502002,-75.194774,39.722864,340155020025
Block Group 7,340155020027,1683,579,4.71,Gloucester County,Harrison Township,Census Tract 5020.02,34015502002,-75.176728,39.707495,340155020027
Block Group 1,340210037081,2151,1165,2.43,Mercer County,Ewing Township,Census Tract 37.08,34021003708,-74.830975,40.257572,340210037081
Block Group 1,340076075071,1617,1062,0.34,Camden County,Voorhees Township,Census Tract 6075.07,34007607507,-75.008423,39.846489,340076075071
Block Group 2,340076082112,1245,806,0.13,Camden County,Gloucester Township,Census Tract 6082.11,34007608211,-75.039164,39.800618,340076082112
Block Group 1,340170140001,1235,501,0.04,Hudson County,North Bergen Township,Census Tract 140,34017014000,-74.004039,40.810323,340170140001
Block Group 3,340170178003,1199,419,0.01,Hudson County,Union City,Census Tract 178,34017017800,-74.039,40.754848,340170178003
Block Group 1,340270459011,1681,660,1.59,Morris County,Chester Borough,Census Tract 459.01,34027045901,-74.692352,40.786237,340270459011
Block Group 2,340230042002,1950,599,0.08,Middlesex County,Perth Amboy City,Census Tract 42,34023004200,-74.279059,40.519357,340230042002
Block Group 2,340230024012,1210,405,0.21,Middlesex County,Woodbridge Township,Census Tract 24.01,34023002401,-74.30871,40.605357,340230024012
Block Group 1,340297381001,273,980,0.8,Ocean County,Long Beach Township,Census Tract 7381,34029738100,-74.130907,39.726756,340297381001
Block Group 1,340170053001,1358,518,0.06,Hudson County,Jersey City,Census Tract 53,34017005300,-74.078083,40.703009,340170053001
Block Group 2,340170053002,1843,764,0.09,Hudson County,Jersey City,Census Tract 53,34017005300,-74.075255,40.70524,340170053002
Block Group 2,340297137002,1234,528,0.4,Ocean County,Brick Township,Census Tract 7137,34029713700,-74.089374,40.068462,340297137002
Block Group 2,340170029002,676,347,0.01,Hudson County,Jersey City,Census Tract 29,34017002900,-74.068316,40.728171,340170029002
Block Group 1,340170155001,1259,419,0.03,Hudson County,West New York Town,Census Tract 155,34017015500,-74.016791,40.790672,340170155001
Block Group 2,340350507042,2533,900,0.33,Somerset County,Bridgewater Township,Census Tract 507.04,34035050704,-74.668993,40.585953,340350507042
Block Group 1,340230084061,923,335,0.4,Middlesex County,South Brunswick Township,Census Tract 84.06,34023008406,-74.530071,40.435218,340230084061
Block Group 1,340170017011,1128,372,0.04,Hudson County,Jersey City,Census Tract 17.01,34017001701,-74.077326,40.735904,340170017011
Block Group 2,340170064002,605,313,0.02,Hudson County,Jersey City,Census Tract 64,34017006400,-74.048364,40.717887,340170064002
Block Group 5,340030033005,1429,466,0.16,Bergen County,Bergenfield Borough,Census Tract 33,34003003300,-74.007783,40.934013,340030033005
Block Group 6,340030033006,824,278,0.1,Bergen County,Bergenfield Borough,Census Tract 33,34003003300,-74.008986,40.92616,340030033006
Block Group 3,340230024013,915,312,0.12,Middlesex County,Woodbridge Township,Census Tract 24.01,34023002401,-74.310861,40.601624,340230024013
Block Group 4,340230024014,876,320,0.11,Middlesex County,Woodbridge Township,Census Tract 24.01,34023002401,-74.297538,40.593838,340230024014
Block Group 5,340230024015,1067,372,0.4,Middlesex County,Woodbridge Township,Census Tract 24.01,34023002401,-74.306079,40.595052,340230024015
Block Group 1,340350505001,1898,904,0.24,Somerset County,Raritan Borough,Census Tract 505,34035050500,-74.631082,40.567033,340350505001
Block Group 1,340230078061,1802,554,0.48,Middlesex County,Old Bridge Township,Census Tract 78.06,34023007806,-74.331634,40.403704,340230078061
Block Group 2,340297158002,6919,1233,2.99,Ocean County,Lakewood Township,Census Tract 7158,34029715800,-74.190066,40.066741,340297158002
Block Group 2,340297320012,1667,620,0.89,Ocean County,Lacey Township,Census Tract 7320.01,34029732001,-74.189462,39.851734,340297320012
Block Group 3,340155020013,1088,488,0.83,Gloucester County,Harrison Township,Census Tract 5020.01,34015502001,-75.238784,39.735724,340155020013
Block Group 1,340170069001,99,40,1.38,Hudson County,Jersey City,Census Tract 69,34017006900,-74.067064,40.753606,340170069001
Block Group 1,340076036031,1396,514,0.4,Camden County,Cherry Hill Township,Census Tract 6036.03,34007603603,-75.002715,39.907932,340076036031
Block Group 1,340076002001,1001,433,0.38,Camden County,Camden City,Census Tract 6002,34007600200,-75.108423,39.937336,340076002001
Block Group 1,340076004001,1850,708,0.2,Camden County,Camden City,Census Tract 6004,34007600400,-75.115642,39.932776,340076004001
Block Group 2,340057028052,1502,528,0.45,Burlington County,Willingboro Township,Census Tract 7028.05,34005702805,-74.887816,40.030225,340057028052
Block Group 1,340270462021,1878,660,3.52,Morris County,Washington Township,Census Tract 462.02,34027046202,-74.793004,40.805442,340270462021
Block Group 1,340270460001,1199,465,0.21,Morris County,Netcong Borough,Census Tract 460,34027046000,-74.697421,40.902408,340270460001
Block Group 2,340090203012,1803,708,8.02,Cape May County,Upper Township,Census Tract 203.01,34009020301,-74.673955,39.270221,340090203012
Block Group 1,340090205001,849,337,2.89,Cape May County,Woodbine Borough,Census Tract 205,34009020500,-74.829827,39.231316,340090205001
Block Group 1,340090207001,2057,898,10.35,Cape May County,Dennis Township,Census Tract 207,34009020700,-74.732701,39.158225,340090207001
Block Group 1,340090204001,2216,815,13,Cape May County,Upper Township,Census Tract 204,34009020400,-74.734988,39.253535,340090204001
Block Group 2,340210037072,75,42,1.42,Mercer County,Ewing Township,Census Tract 37.07,34021003707,-74.815325,40.278142,340210037072
Block Group 3,340390379003,1159,349,0.26,Union County,Summit City,Census Tract 379,34039037900,-74.376592,40.698621,340390379003
Block Group 1,340270408051,2247,873,1.2,Morris County,Montville Township,Census Tract 408.05,34027040805,-74.357597,40.904181,340270408051
Block Group 2,340270446012,2572,923,4.08,Morris County,Jefferson Township,Census Tract 446.01,34027044601,-74.476192,41.035589,340270446012
Block Group 2,340090203022,1332,696,6.92,Cape May County,Upper Township,Census Tract 203.02,34009020302,-74.683157,39.204172,340090203022
Block Group 1,340090206001,2028,839,37.16,Cape May County,Dennis Township,Census Tract 206,34009020600,-74.868921,39.235244,340090206001
Block Group 3,340390381013,1054,344,0.3,Union County,New Providence Borough,Census Tract 381.01,34039038101,-74.386395,40.703724,340390381013
Block Group 2,340270444032,2265,816,0.69,Morris County,Rockaway Township,Census Tract 444.03,34027044403,-74.511513,40.927474,340270444032
Block Group 2,340270421002,1885,649,2.88,Morris County,Hanover Township,Census Tract 421,34027042100,-74.418038,40.806358,340270421002
Block Group 1,340390361001,1423,706,0.18,Union County,Winfield Township,Census Tract 361,34039036100,-74.288962,40.634321,340390361001
Block Group 3,340390372003,1353,599,0.17,Union County,Cranford Township,Census Tract 372,34039037200,-74.303295,40.652071,340390372003
Block Group 2,340210010002,932,614,0.04,Mercer County,Trenton City,Census Tract 10,34021001000,-74.760967,40.21332,340210010002
Block Group 2,340258121002,859,723,0.33,Monmouth County,Rumson Borough; Sea Bright Borough,Census Tract 8121,34025812100,-73.976569,40.353678,340258121002
Block Group 3,340057005013,1301,551,0.32,Burlington County,Moorestown Township,Census Tract 7005.01,34005700501,-74.962637,39.96152,340057005013
Block Group 2,340076014002,948,372,0.04,Camden County,Camden City,Census Tract 6014,34007601400,-75.10304,39.934736,340076014002
Block Group 1,340076031001,851,388,0.16,Camden County,Merchantville Borough,Census Tract 6031,34007603100,-75.049092,39.954191,340076031001
Block Group 4,340030242004,798,266,0.18,Bergen County,Harrington Park Borough,Census Tract 242,34003024200,-73.983475,40.987131,340030242004
Block Group 3,340210044063,1488,779,0.31,Mercer County,East Windsor Township,Census Tract 44.06,34021004406,-74.543498,40.287166,340210044063
Block Group 2,340057010012,1665,757,0.31,Burlington County,Edgewater Park Township,Census Tract 7010.01,34005701001,-74.90153,40.052139,340057010012
Block Group 1,340057028081,1371,465,0.23,Burlington County,Willingboro Township,Census Tract 7028.08,34005702808,-74.898461,40.034915,340057028081
Block Group 1,340057028091,2266,1100,0.31,Burlington County,Willingboro Township,Census Tract 7028.09,34005702809,-74.910118,40.036881,340057028091
Block Group 4,340057004034,1011,488,0.16,Burlington County,Maple Shade Township,Census Tract 7004.03,34005700403,-74.998601,39.954133,340057004034
Block Group 1,340057004051,671,264,0.13,Burlington County,Maple Shade Township,Census Tract 7004.05,34005700405,-74.990002,39.952139,340057004051
Block Group 1,340057028101,1371,489,1.35,Burlington County,Willingboro Township,Census Tract 7028.10,34005702810,-74.908098,40.02324,340057028101
Block Group 1,340110108001,806,306,6.47,Cumberland County,Deerfield Township,Census Tract 108,34011010800,-75.106346,39.452454,340110108001
Block Group 3,340155008003,578,243,0.31,Gloucester County,Wenonah Borough,Census Tract 5008,34015500800,-75.154768,39.792387,340155008003
Block Group 1,340155009001,878,344,0.45,Gloucester County,Woodbury Heights Borough,Census Tract 5009,34015500900,-75.143134,39.816727,340155009001
Block Group 2,340155009002,771,278,0.26,Gloucester County,Woodbury Heights Borough,Census Tract 5009,34015500900,-75.149412,39.811988,340155009002
Block Group 3,340155009003,1449,527,0.54,Gloucester County,Woodbury Heights Borough,Census Tract 5009,34015500900,-75.157305,39.817719,340155009003
Block Group 2,340155012122,1251,486,0.68,Gloucester County,Washington Township,Census Tract 5012.12,34015501212,-75.082047,39.733237,340155012122
Block Group 2,340230094002,925,403,0.16,Middlesex County,East Brunswick Township,Census Tract 94,34023009400,-74.409387,40.461554,340230094002
Block Group 1,340155012131,2702,944,1.1,Gloucester County,Washington Township,Census Tract 5012.13,34015501213,-75.076283,39.715426,340155012131
Block Group 4,340270434024,1215,440,2.95,Morris County,Morris Township,Census Tract 434.02,34027043402,-74.523056,40.806503,340270434024
Block Group 2,340030332002,849,321,0.09,Bergen County,Maywood Borough,Census Tract 332,34003033200,-74.066196,40.903599,340030332002
Block Group 1,340030372011,1625,513,0.24,Bergen County,New Milford Borough,Census Tract 372.01,34003037201,-74.014348,40.934112,340030372011
Block Group 3,340258024003,1367,556,0.34,Monmouth County,Hazlet Township,Census Tract 8024,34025802400,-74.195114,40.417477,340258024003
Block Group 5,340030381005,1131,453,0.42,Bergen County,North Arlington Borough,Census Tract 381,34003038100,-74.12812,40.786425,340030381005
Block Group 2,340030411002,1079,409,0.06,Bergen County,Palisades Park Borough,Census Tract 411,34003041100,-74.000024,40.847027,340030411002
Block Group 1,340130022031,5730,2381,0.03,Essex County,Newark City,Census Tract 22.03,34013002203,-74.247226,40.737072,340130022031
Block Group 2,340270433032,2045,840,1.45,Morris County,Morris Township,Census Tract 433.03,34027043303,-74.467196,40.773475,340270433032
Block Group 1,340297321011,2242,1118,2.32,Ocean County,Lacey Township,Census Tract 7321.01,34029732101,-74.150986,39.858268,340297321011
Block Group 5,340130175005,2053,1026,0.58,Essex County,West Orange Township,Census Tract 175,34013017500,-74.250456,40.791359,340130175005
Block Group 1,340350538051,1449,457,1.09,Somerset County,Hillsborough Township,Census Tract 538.05,34035053805,-74.607307,40.545224,340350538051
Block Group 4,340130205004,807,266,0.17,Essex County,Livingston Township,Census Tract 205,34013020500,-74.304665,40.803235,340130205004
Block Group 2,340130206002,1467,489,1.11,Essex County,Livingston Township,Census Tract 206,34013020600,-74.311699,40.765687,340130206002
Block Group 4,340130206004,720,238,0.15,Essex County,Livingston Township,Census Tract 206,34013020600,-74.306504,40.779061,340130206004
Block Group 5,340130206005,1431,565,0.39,Essex County,Livingston Township,Census Tract 206,34013020600,-74.308603,40.782966,340130206005
Block Group 3,340130207003,949,324,0.15,Essex County,Livingston Township,Census Tract 207,34013020700,-74.323613,40.778591,340130207003
Block Group 4,340030522004,1360,560,0.19,Bergen County,Saddle Brook Township,Census Tract 522,34003052200,-74.099926,40.889387,340030522004
Block Group 2,340258105032,1601,1072,1.32,Monmouth County,Freehold Township,Census Tract 8105.03,34025810503,-74.303763,40.250676,340258105032
Block Group 3,340350507013,1015,346,0.86,Somerset County,Bridgewater Township,Census Tract 507.01,34035050701,-74.680313,40.558108,340350507013
Block Group 1,340350539051,3383,1287,0.46,Somerset County,Montgomery Township,Census Tract 539.05,34035053905,-74.654723,40.463265,340350539051
Block Group 2,340297330012,931,501,0.41,Ocean County,Ocean Township,Census Tract 7330.01,34029733001,-74.185441,39.788053,340297330012
Block Group 3,340130172003,837,379,0.15,Essex County,Montclair Township,Census Tract 172,34013017200,-74.221353,40.793797,340130172003
Block Group 4,340130172004,814,260,0.07,Essex County,Montclair Township,Census Tract 172,34013017200,-74.225776,40.796354,340130172004
Block Group 1,340130173011,2989,1229,0.91,Essex County,West Orange Township,Census Tract 173.01,34013017301,-74.264199,40.818539,340130173011
Block Group 3,340130173013,669,244,0.1,Essex County,West Orange Township,Census Tract 173.01,34013017301,-74.268398,40.801053,340130173013
Block Group 3,340130179003,1018,380,0.13,Essex County,West Orange Township,Census Tract 179,34013017900,-74.254301,40.765654,340130179003
Block Group 4,340130179004,1022,329,0.11,Essex County,West Orange Township,Census Tract 179,34013017900,-74.257241,40.760737,340130179004
Block Group 1,340230079091,2597,903,1.91,Middlesex County,Old Bridge Township,Census Tract 79.09,34023007909,-74.279098,40.414203,340230079091
Block Group 1,340390332001,947,306,0.19,Union County,Union Township,Census Tract 332,34039033200,-74.247352,40.696455,340390332001
Block Group 1,340230084041,1435,637,0.33,Middlesex County,South Brunswick Township,Census Tract 84.04,34023008404,-74.564123,40.422653,340230084041
Block Group 1,340258038001,877,279,0.74,Monmouth County,Rumson Borough,Census Tract 8038,34025803800,-74.019015,40.370291,340258038001
Block Group 5,340230085025,129,49,5.7,Middlesex County,South Brunswick Township,Census Tract 85.02,34023008502,-74.478853,40.372241,340230085025
Block Group 4,340258030004,1228,484,0.2,Monmouth County,Matawan Borough,Census Tract 8030,34025803000,-74.233559,40.411131,340258030004
Block Group 2,340258031002,2127,874,0.53,Monmouth County,Matawan Borough,Census Tract 8031,34025803100,-74.227819,40.419939,340258031002
Block Group 2,340350538052,4288,1973,2.65,Somerset County,Hillsborough Township,Census Tract 538.05,34035053805,-74.619742,40.518036,340350538052
Block Group 1,340010132021,828,706,0.14,Atlantic County,Ventnor City,Census Tract 132.02,34001013202,-74.472106,39.338651,340010132021
Block Group 2,340010132022,1459,784,0.15,Atlantic County,Ventnor City,Census Tract 132.02,34001013202,-74.482679,39.350472,340010132022
Block Group 1,340270417051,1613,678,0.62,Morris County,Parsippany-Troy Hills Township,Census Tract 417.05,34027041705,-74.388639,40.869165,340270417051
Block Group 2,340350504002,2143,1016,0.67,Somerset County,Somerville Borough,Census Tract 504,34035050400,-74.616247,40.563097,340350504002
Block Group 1,340350506001,2360,977,0.66,Somerset County,Raritan Borough,Census Tract 506,34035050600,-74.64411,40.565779,340350506001
Block Group 2,340373740002,1757,692,9.16,Sussex County,Fredon Township,Census Tract 3740,34037374000,-74.799749,41.024198,340373740002
Block Group 2,340350508022,3080,1002,2.94,Somerset County,Bridgewater Township,Census Tract 508.02,34035050802,-74.635863,40.616987,340350508022
Block Group 2,340350509012,1786,739,1.36,Somerset County,Bridgewater Township,Census Tract 509.01,34035050901,-74.622839,40.638728,340350509012
Block Group 1,340350507031,3161,1022,0.73,Somerset County,Bridgewater Township,Census Tract 507.03,34035050703,-74.652274,40.588556,340350507031
Block Group 1,340350537061,2094,772,0.41,Somerset County,Hillsborough Township,Census Tract 537.06,34035053706,-74.654773,40.512659,340350537061
Block Group 1,340373741001,1202,420,7.41,Sussex County,Green Township,Census Tract 3741,34037374100,-74.813687,40.992061,340373741001
Block Group 2,340373741002,1168,387,4.39,Sussex County,Green Township,Census Tract 3741,34037374100,-74.80423,40.95941,340373741002
Block Group 3,340373741003,1257,484,4.23,Sussex County,Green Township,Census Tract 3741,34037374100,-74.773843,40.955182,340373741003
Block Group 1,340373742001,903,529,5.94,Sussex County,Byram Township,Census Tract 3742,34037374200,-74.759673,40.939882,340373742001
Block Group 2,340230030022,1870,745,0.98,Middlesex County,Woodbridge Township,Census Tract 30.02,34023003002,-74.308976,40.550668,340230030022
Block Group 3,340155014023,1575,716,1.96,Gloucester County,Glassboro Borough,Census Tract 5014.02,34015501402,-75.100797,39.690781,340155014023
Block Group 2,340155005002,1656,739,1.01,Gloucester County,Greenwich Township,Census Tract 5005,34015500500,-75.257427,39.819511,340155005002
Block Group 1,340155014021,3434,1067,0.54,Gloucester County,Glassboro Borough,Census Tract 5014.02,34015501402,-75.117726,39.700413,340155014021
Block Group 2,340030413022,1224,434,0.08,Bergen County,Palisades Park Borough,Census Tract 413.02,34003041302,-73.987672,40.847374,340030413022
Block Group 1,340030442011,1670,549,0.46,Bergen County,Ramsey Borough,Census Tract 442.01,34003044201,-74.126173,41.051765,340030442011
Block Group 3,340030442013,831,275,0.23,Bergen County,Ramsey Borough,Census Tract 442.01,34003044201,-74.141528,41.049373,340030442013
Block Group 1,340030442021,2461,1215,1.08,Bergen County,Ramsey Borough,Census Tract 442.02,34003044202,-74.128263,41.068276,340030442021
Block Group 4,340090218064,685,506,0.23,Cape May County,Lower Township,Census Tract 218.06,34009021806,-74.94501,38.979222,340090218064
Block Group 1,340230033001,1754,884,0.86,Middlesex County,Woodbridge Township,Census Tract 33,34023003300,-74.293815,40.539093,340230033001
Block Group 2,340230033002,2194,779,0.36,Middlesex County,Woodbridge Township,Census Tract 33,34023003300,-74.294019,40.527655,340230033002
Block Group 1,340230034011,1184,500,0.3,Middlesex County,Woodbridge Township,Census Tract 34.01,34023003401,-74.255521,40.560194,340230034011
Block Group 1,340373734001,1080,596,0.39,Sussex County,Sparta Township,Census Tract 3734,34037373400,-74.643696,41.035572,340373734001
Block Group 1,340230024021,1528,538,1,Middlesex County,Woodbridge Township,Census Tract 24.02,34023002402,-74.314678,40.586153,340230024021
Block Group 3,340130024003,1298,513,0.05,Essex County,Newark City,Census Tract 24,34013002400,-74.22574,40.742295,340130024003
Block Group 2,340076075052,1255,423,0.44,Camden County,Voorhees Township,Census Tract 6075.05,34007607505,-74.944058,39.831925,340076075052
Block Group 1,340230025001,1505,449,0.17,Middlesex County,Woodbridge Township,Census Tract 25,34023002500,-74.319168,40.576669,340230025001
Block Group 2,340230025002,1185,421,0.14,Middlesex County,Woodbridge Township,Census Tract 25,34023002500,-74.32595,40.57346,340230025002
Block Group 3,340230025003,1856,574,0.28,Middlesex County,Woodbridge Township,Census Tract 25,34023002500,-74.33283,40.572933,340230025003
Block Group 4,340230025004,1293,409,0.16,Middlesex County,Woodbridge Township,Census Tract 25,34023002500,-74.333487,40.582505,340230025004
Block Group 1,340230026031,2872,980,0.56,Middlesex County,Woodbridge Township,Census Tract 26.03,34023002603,-74.316908,40.566428,340230026031
Block Group 1,340311828001,1559,812,0.03,Passaic County,Paterson City,Census Tract 1828,34031182800,-74.160102,40.909456,340311828001
Block Group 1,340311829001,1302,463,0.07,Passaic County,Paterson City,Census Tract 1829,34031182900,-74.165341,40.902574,340311829001
Block Group 4,340258018004,1084,420,0.57,Monmouth County,Union Beach Borough,Census Tract 8018,34025801800,-74.15831,40.445412,340258018004
Block Group 1,340258099021,1322,447,2.42,Monmouth County,Colts Neck Township,Census Tract 8099.02,34025809902,-74.130732,40.312094,340258099021
Block Group 1,340258121001,596,485,3.35,Monmouth County,Middletown Township; Sea Bright Borough,Census Tract 8121,34025812100,-73.987129,40.423666,340258121001
Block Group 3,340258066003,843,306,0.45,Monmouth County,Ocean Township,Census Tract 8066,34025806600,-74.021596,40.244321,340258066003
Block Group 5,340258066005,1058,454,0.16,Monmouth County,Ocean Township,Census Tract 8066,34025806600,-74.020623,40.230003,340258066005
Block Group 1,340010104031,2036,694,0.51,Atlantic County,Galloway Township,Census Tract 104.03,34001010403,-74.56248,39.474928,340010104031
Block Group 2,340170127002,1327,502,0.06,Hudson County,Kearny Town,Census Tract 127,34017012700,-74.138362,40.769828,340170127002
Block Group 1,340170129001,1713,593,0.07,Hudson County,Kearny Town,Census Tract 129,34017012900,-74.146789,40.761347,340170129001
Block Group 2,340170130002,1040,359,0.02,Hudson County,Kearny Town,Census Tract 130,34017013000,-74.151869,40.757788,340170130002
Block Group 2,340258077002,1482,539,0.31,Monmouth County,Neptune Township,Census Tract 8077,34025807700,-74.048486,40.212978,340258077002
Block Group 5,340258018005,994,369,0.18,Monmouth County,Union Beach Borough,Census Tract 8018,34025801800,-74.167982,40.440368,340258018005
Block Group 1,340312460031,1029,335,0.1,Passaic County,Wayne Township,Census Tract 2460.03,34031246003,-74.260902,40.978045,340312460031
Block Group 3,340170048003,1986,799,0.09,Hudson County,Jersey City,Census Tract 48,34017004800,-74.091252,40.718935,340170048003
Block Group 1,340170049001,1119,366,0.05,Hudson County,Jersey City,Census Tract 49,34017004900,-74.08446,40.715591,340170049001
Block Group 3,340030372043,1350,746,0.08,Bergen County,New Milford Borough,Census Tract 372.04,34003037204,-74.016197,40.925333,340030372043
Block Group 3,340030211013,806,301,0.04,Bergen County,Garfield City,Census Tract 211.01,34003021101,-74.106681,40.887755,340030211013
Block Group 4,340030421024,1606,482,0.31,Bergen County,Paramus Borough,Census Tract 421.02,34003042102,-74.053623,40.940826,340030421024
Block Group 1,340258093021,716,909,0.32,Monmouth County,Manasquan Borough,Census Tract 8093.02,34025809302,-74.03162,40.108898,340258093021
Block Group 5,340258006015,1334,533,0.24,Monmouth County,Middletown Township,Census Tract 8006.01,34025800601,-74.119525,40.438122,340258006015
Block Group 2,340030010022,2196,849,0.76,Bergen County,Allendale Borough,Census Tract 10.02,34003001002,-74.137278,41.026599,340030010022
Block Group 4,340030340024,760,270,0.16,Bergen County,Midland Park Borough,Census Tract 340.02,34003034002,-74.143743,40.996119,340030340024
Block Group 2,340297159022,1505,1073,0.51,Ocean County,Lakewood Township,Census Tract 7159.02,34029715902,-74.180926,40.041399,340297159022
Block Group 1,340258125011,1177,386,4.07,Monmouth County,Millstone Township,Census Tract 8125.01,34025812501,-74.415478,40.222869,340258125011
Block Group 5,340258033005,1566,460,2.07,Monmouth County,Holmdel Township,Census Tract 8033,34025803300,-74.198264,40.367529,340258033005
Block Group 5,340155011025,1527,802,0.71,Gloucester County,Deptford Township,Census Tract 5011.02,34015501102,-75.102371,39.842412,340155011025
Block Group 2,340230035002,1348,453,0.16,Middlesex County,Carteret Borough,Census Tract 35,34023003500,-74.247037,40.596551,340230035002
Block Group 3,340311964013,814,231,0.31,Passaic County,Pompton Lakes Borough,Census Tract 1964.01,34031196401,-74.289403,40.982146,340311964013
Block Group 3,340130105003,1346,671,0.05,Essex County,East Orange City,Census Tract 105,34013010500,-74.219961,40.772208,340130105003
Block Group 1,340130106001,1310,484,0.04,Essex County,East Orange City,Census Tract 106,34013010600,-74.207198,40.763818,340130106001
Block Group 1,340390396001,1613,534,0.23,Union County,Plainfield City,Census Tract 396,34039039600,-74.418659,40.605447,340390396001
Block Group 4,340030600014,916,349,0.15,Bergen County,Wood-Ridge Borough,Census Tract 600.01,34003060001,-74.080363,40.841441,340030600014
Block Group 4,340030191034,1565,841,0.07,Bergen County,Fort Lee Borough,Census Tract 191.03,34003019103,-73.971699,40.864035,340030191034
Block Group 3,340030421023,944,326,0.17,Bergen County,Paramus Borough,Census Tract 421.02,34003042102,-74.056675,40.937452,340030421023
Block Group 3,340030063013,1796,669,0.04,Bergen County,Cliffside Park Borough,Census Tract 63.01,34003006301,-73.991827,40.816819,340030063013
Block Group 2,340030181022,1571,538,0.04,Bergen County,Fairview Borough,Census Tract 181.02,34003018102,-73.995702,40.81676,340030181022
Block Group 2,340270414002,1636,645,0.43,Morris County,Denville Township,Census Tract 414,34027041400,-74.479654,40.888316,340270414002
Block Group 1,340270457031,2755,977,1.33,Morris County,Randolph Township,Census Tract 457.03,34027045703,-74.558424,40.822218,340270457031
Block Group 2,340170027002,1637,570,0.04,Hudson County,Jersey City,Census Tract 27,34017002700,-74.07885,40.726437,340170027002
Block Group 2,340030215002,718,259,0.11,Bergen County,Garfield City,Census Tract 215,34003021500,-74.098747,40.868158,340030215002
Block Group 1,340155014041,4004,13,0.34,Gloucester County,Glassboro Borough,Census Tract 5014.04,34015501404,-75.119379,39.710374,340155014041
Block Group 1,340258100041,1261,389,0.6,Monmouth County,Manalapan Township,Census Tract 8100.04,34025810004,-74.346973,40.296708,340258100041
Block Group 2,340258113032,1308,431,0.82,Monmouth County,Howell Township,Census Tract 8113.03,34025811303,-74.24049,40.156276,340258113032
Block Group 4,340297159024,876,715,0.28,Ocean County,Lakewood Township,Census Tract 7159.02,34029715902,-74.193256,40.047924,340297159024
Block Group 3,340297159023,747,639,0.22,Ocean County,Lakewood Township,Census Tract 7159.02,34029715902,-74.179947,40.050838,340297159023
Block Group 3,340297220033,1392,382,0.84,Ocean County,Toms River Township,Census Tract 7220.03,34029722003,-74.222236,40.009939,340297220033
Block Group 1,340297360011,2380,1163,19.88,Ocean County,Little Egg Harbor Township,Census Tract 7360.01,34029736001,-74.367179,39.691507,340297360011
Block Group 3,340030543003,1195,357,0.27,Bergen County,Teaneck Township,Census Tract 543,34003054300,-74.022135,40.911761,340030543003
Block Group 4,340030543004,1116,385,0.17,Bergen County,Teaneck Township,Census Tract 543,34003054300,-74.021459,40.899335,340030543004
Block Group 5,340030543005,1027,297,0.17,Bergen County,Teaneck Township,Census Tract 543,34003054300,-74.015534,40.908066,340030543005
Block Group 6,340030543006,1040,330,0.2,Bergen County,Teaneck Township,Census Tract 543,34003054300,-74.020853,40.903586,340030543006
Block Group 2,340030544002,1041,374,0.11,Bergen County,Teaneck Township,Census Tract 544,34003054400,-74.024982,40.885354,340030544002
Block Group 3,340373749003,1611,620,0.26,Sussex County,Hopatcong Borough,Census Tract 3749,34037374900,-74.670642,40.931421,340373749003
Block Group 1,340373721001,741,290,6.39,Sussex County,Hampton Township,Census Tract 3721,34037372100,-74.758833,41.089867,340373721001
Block Group 1,340373731001,2150,719,6.46,Sussex County,Sparta Township,Census Tract 3731,34037373100,-74.661248,41.052337,340373731001
Block Group 3,340373739003,810,435,5.33,Sussex County,Stillwater Township,Census Tract 3739,34037373900,-74.841856,41.078735,340373739003
Block Group 2,340350537062,1388,424,0.94,Somerset County,Hillsborough Township,Census Tract 537.06,34035053706,-74.665674,40.518143,340350537062
Block Group 3,340030101003,982,351,0.11,Bergen County,Dumont Borough,Census Tract 101,34003010100,-73.982422,40.947773,340030101003
Block Group 2,340297131002,1490,537,0.28,Ocean County,Brick Township,Census Tract 7131,34029713100,-74.099274,40.093827,340297131002
Block Group 1,340297132021,2468,1015,0.65,Ocean County,Brick Township,Census Tract 7132.02,34029713202,-74.130634,40.110122,340297132021
Block Group 2,340010103002,1217,484,1.05,Atlantic County,Absecon City,Census Tract 103,34001010300,-74.494372,39.407112,340010103002
Block Group 3,340010104013,1030,470,6.33,Atlantic County,Galloway Township,Census Tract 104.01,34001010401,-74.554219,39.497336,340010104013
Block Group 2,340010105012,1028,414,5.4,Atlantic County,Galloway Township; Port Republic City,Census Tract 105.01,34001010501,-74.486008,39.522968,340010105012
Block Group 3,340230011003,2401,1160,0.38,Middlesex County,Highland Park Borough,Census Tract 11,34023001100,-74.437473,40.508399,340230011003
Block Group 1,340030303001,1161,391,0.07,Bergen County,Lodi Borough,Census Tract 303,34003030300,-74.078799,40.886466,340030303001
Block Group 1,340030234021,1232,563,0.06,Bergen County,Hackensack City,Census Tract 234.02,34003023402,-74.055424,40.882777,340030234021
Block Group 3,340030152003,826,381,0.13,Bergen County,Englewood City,Census Tract 152,34003015200,-73.971086,40.908961,340030152003
Block Group 2,340030571022,793,313,0.06,Bergen County,Wallington Borough,Census Tract 571.02,34003057102,-74.115173,40.852257,340030571022
Block Group 3,340030411003,897,364,0.04,Bergen County,Palisades Park Borough,Census Tract 411,34003041100,-73.998967,40.850161,340030411003
Block Group 4,340030382004,1046,552,0.06,Bergen County,North Arlington Borough,Census Tract 382,34003038200,-74.139299,40.784221,340030382004
Block Group 5,340030174005,1368,506,0.15,Bergen County,Fair Lawn Borough,Census Tract 174,34003017400,-74.116165,40.937476,340030174005
Block Group 2,340030473002,827,247,0.21,Bergen County,Ridgewood Village,Census Tract 473,34003047300,-74.132589,40.980094,340030473002
Block Group 1,340297132031,2184,1132,0.93,Ocean County,Brick Township,Census Tract 7132.03,34029713203,-74.122849,40.099339,340297132031
Block Group 1,340010105031,2241,963,0.55,Atlantic County,Galloway Township,Census Tract 105.03,34001010503,-74.497694,39.489556,340010105031
Block Group 2,340010105032,1889,835,0.86,Atlantic County,Galloway Township,Census Tract 105.03,34001010503,-74.501482,39.478568,340010105032
Block Group 2,340076043002,1480,643,0.19,Camden County,Collingswood Borough,Census Tract 6043,34007604300,-75.062501,39.915969,340076043002
Block Group 3,340110106003,1146,549,4.55,Cumberland County,Hopewell Township,Census Tract 106,34011010600,-75.287087,39.43879,340110106003
Block Group 2,340010101022,349,747,0.14,Atlantic County,Brigantine City,Census Tract 101.02,34001010102,-74.366047,39.405513,340010101022
Block Group 2,340010102002,1423,564,1.81,Atlantic County,Absecon City,Census Tract 102,34001010200,-74.477789,39.413061,340010102002
Block Group 3,340010102003,794,375,0.24,Atlantic County,Absecon City,Census Tract 102,34001010200,-74.500942,39.428223,340010102003
Block Group 1,340270423011,1079,473,0.25,Morris County,Morris Plains Borough,Census Tract 423.01,34027042301,-74.481463,40.827407,340270423011
Block Group 5,340270410005,775,300,0.18,Morris County,Boonton Town,Census Tract 410,34027041000,-74.410958,40.899146,340270410005
Block Group 2,340270417022,894,317,0.09,Morris County,Parsippany-Troy Hills Township,Census Tract 417.02,34027041702,-74.378449,40.881796,340270417022
Block Group 5,340010102005,1044,399,0.37,Atlantic County,Absecon City,Census Tract 102,34001010200,-74.513218,39.441247,340010102005
Block Group 2,340270407012,2319,831,2.49,Morris County,Kinnelon Borough,Census Tract 407.01,34027040701,-74.370736,40.986565,340270407012
Block Group 1,340270432001,1127,386,0.65,Morris County,Madison Borough,Census Tract 432,34027043200,-74.424797,40.765504,340270432001
Block Group 3,340210039043,932,328,3.9,Mercer County,Hopewell Township,Census Tract 39.04,34021003904,-74.764788,40.326843,340210039043
Block Group 4,340210040004,1494,661,0.1,Mercer County,Princeton,Census Tract 40,34021004000,-74.664839,40.353663,340210040004
Block Group 1,340258014001,2131,772,0.84,Monmouth County,Middletown Township,Census Tract 8014,34025801400,-74.075023,40.366769,340258014001
Block Group 2,340258020002,1593,821,0.44,Monmouth County,Keyport Borough,Census Tract 8020,34025802000,-74.199977,40.428233,340258020002
Block Group 5,340130122005,1136,389,0.04,Essex County,Irvington Township,Census Tract 122,34013012200,-74.24307,40.72819,340130122005
Block Group 1,340230073031,1922,644,0.38,Middlesex County,Sayreville Borough,Census Tract 73.03,34023007303,-74.299124,40.464209,340230073031
Block Group 1,340230005011,1239,390,0.18,Middlesex County,Piscataway Township,Census Tract 5.01,34023000501,-74.442556,40.592472,340230005011
Block Group 3,340390391003,617,254,0.27,Union County,Plainfield City,Census Tract 391,34039039100,-74.396168,40.616379,340390391003
Block Group 4,340390391004,573,235,0.16,Union County,Plainfield City,Census Tract 391,34039039100,-74.398811,40.623259,340390391004
Block Group 1,340130122001,1346,497,0.06,Essex County,Irvington Township,Census Tract 122,34013012200,-74.23607,40.726861,340130122001
Block Group 1,340130125001,731,321,0.03,Essex County,Irvington Township,Census Tract 125,34013012500,-74.223473,40.737731,340130125001
Block Group 2,340130129002,1045,369,0.08,Essex County,Irvington Township,Census Tract 129,34013012900,-74.227838,40.72073,340130129002
Block Group 1,340312568011,1510,633,0.83,Passaic County,West Milford Township,Census Tract 2568.01,34031256801,-74.379478,41.187341,340312568011
Block Group 3,340090219003,730,883,0.54,Cape May County,West Cape May Borough,Census Tract 219,34009021900,-74.935455,38.939051,340090219003
Block Group 1,340311246021,1379,503,0.07,Passaic County,Clifton City,Census Tract 1246.02,34031124602,-74.156288,40.881594,340311246021
Block Group 1,340297135001,1111,483,0.59,Ocean County,Brick Township,Census Tract 7135,34029713500,-74.125188,40.066753,340297135001
Block Group 1,340297136001,1380,524,0.43,Ocean County,Brick Township,Census Tract 7136,34029713600,-74.10222,40.067139,340297136001
Block Group 1,340297137001,1325,785,0.38,Ocean County,Brick Township,Census Tract 7137,34029713700,-74.08335,40.056419,340297137001
Block Group 1,340130172001,805,290,0.1,Essex County,Montclair Township,Census Tract 172,34013017200,-74.215817,40.798159,340130172001
Block Group 1,340130192001,2956,279,0.16,Essex County,South Orange Village,Census Tract 192,34013019200,-74.248003,40.741343,340130192001
Block Group 1,340130194001,800,266,0.15,Essex County,Maplewood Township,Census Tract 194,34013019400,-74.276177,40.735913,340130194001
Block Group 3,340130194003,914,334,0.88,Essex County,Maplewood Township,Census Tract 194,34013019400,-74.287384,40.748312,340130194003
Block Group 3,340350537053,705,264,0.36,Somerset County,Hillsborough Township,Census Tract 537.05,34035053705,-74.656509,40.497324,340350537053
Block Group 3,340057011023,2131,765,1.46,Burlington County,Burlington Township,Census Tract 7011.02,34005701102,-74.815358,40.043401,340057011023
Block Group 1,340210043071,2607,1046,1.33,Mercer County,West Windsor Township,Census Tract 43.07,34021004307,-74.63297,40.300819,340210043071
Block Group 1,340090201011,916,877,0.15,Cape May County,Ocean City,Census Tract 201.01,34009020101,-74.574859,39.283772,340090201011
Block Group 2,340090201022,576,660,0.12,Cape May County,Ocean City,Census Tract 201.02,34009020102,-74.58138,39.277368,340090201022
Block Group 3,340170009023,1458,856,0.03,Hudson County,Jersey City,Census Tract 9.02,34017000902,-74.06125,40.737903,340170009023
Block Group 2,340170010002,1211,479,0.03,Hudson County,Jersey City,Census Tract 10,34017001000,-74.059609,40.744994,340170010002
Block Group 1,340170011001,1927,745,0.11,Hudson County,Jersey City,Census Tract 11,34017001100,-74.05638,40.741312,340170011001
Block Group 1,340270413001,1377,597,0.7,Morris County,Denville Township,Census Tract 413,34027041300,-74.469494,40.907522,340270413001
Block Group 3,340270413003,2361,924,2.72,Morris County,Denville Township,Census Tract 413,34027041300,-74.477445,40.916612,340270413003
Block Group 1,340270419011,2191,749,1.33,Morris County,East Hanover Township,Census Tract 419.01,34027041901,-74.364752,40.830597,340270419011
Block Group 1,340110102001,1579,671,1.06,Cumberland County,Commercial Township,Census Tract 102,34011010200,-75.022947,39.325819,340110102001
Block Group 2,340155023002,2032,777,0.54,Gloucester County,Swedesboro Borough,Census Tract 5023,34015502300,-75.3113,39.743919,340155023002
Block Group 3,340210033013,1613,675,0.91,Mercer County,Lawrence Township,Census Tract 33.01,34021003301,-74.73156,40.297566,340210033013
Block Group 4,340210033014,990,377,2.34,Mercer County,Lawrence Township,Census Tract 33.01,34021003301,-74.716341,40.306895,340210033014
Block Group 1,340170040001,916,317,0.45,Hudson County,Jersey City,Census Tract 40,34017004000,-74.090171,40.727299,340170040001
Block Group 2,340170040002,975,309,0.03,Hudson County,Jersey City,Census Tract 40,34017004000,-74.089381,40.720903,340170040002
Block Group 2,340170041022,1194,504,0.04,Hudson County,Jersey City,Census Tract 41.02,34017004102,-74.072409,40.718826,340170041022
Block Group 1,340170042001,1683,635,0.03,Hudson County,Jersey City,Census Tract 42,34017004200,-74.079543,40.716713,340170042001
Block Group 1,340258004001,1189,513,0.26,Monmouth County,Middletown Township,Census Tract 8004,34025800400,-74.049885,40.434758,340258004001
Block Group 1,340057029081,1520,1014,0.67,Burlington County,Mount Laurel Township,Census Tract 7029.08,34005702908,-74.906712,39.938186,340057029081
Block Group 2,340130050002,1190,465,0.18,Essex County,Newark City,Census Tract 50,34013005000,-74.195906,40.712204,340130050002
Block Group 1,340311809001,935,312,0.15,Passaic County,Paterson City,Census Tract 1809,34031180900,-74.159417,40.933304,340311809001
Block Group 3,340311809003,1558,506,0.04,Passaic County,Paterson City,Census Tract 1809,34031180900,-74.157933,40.930191,340311809003
Block Group 1,340390316011,1730,699,0.12,Union County,Elizabeth City,Census Tract 316.01,34039031601,-74.211339,40.675359,340390316011
Block Group 2,340390318022,1575,575,0.04,Union County,Elizabeth City,Census Tract 318.02,34039031802,-74.22112,40.669407,340390318022
Block Group 3,340390319033,2198,916,0.06,Union County,Elizabeth City,Census Tract 319.03,34039031903,-74.22673,40.66319,340390319033
Block Group 2,340390302002,2701,809,0.06,Union County,Elizabeth City,Census Tract 302,34039030200,-74.194534,40.656004,340390302002
Block Group 1,340390316021,942,385,0.05,Union County,Elizabeth City,Census Tract 316.02,34039031602,-74.211819,40.689263,340390316021
Block Group 2,340130230002,1787,564,0.06,Essex County,Newark City,Census Tract 230,34013023000,-74.195645,40.737888,340130230002
Block Group 2,340258116002,652,259,0.27,Monmouth County,Farmingdale Borough,Census Tract 8116,34025811600,-74.168064,40.194926,340258116002
Block Group 5,340030212005,734,259,0.13,Bergen County,Garfield City,Census Tract 212,34003021200,-74.11781,40.88072,340030212005
Block Group 1,340311806001,2029,621,0.05,Passaic County,Paterson City,Census Tract 1806,34031180600,-74.177157,40.927466,340311806001
Block Group 2,340311806002,1425,455,0.05,Passaic County,Paterson City,Census Tract 1806,34031180600,-74.175268,40.929996,340311806002
Block Group 1,340311807001,898,309,0.04,Passaic County,Paterson City,Census Tract 1807,34031180700,-74.166711,40.92903,340311807001
Block Group 2,340311807002,1095,352,0.05,Passaic County,Paterson City,Census Tract 1807,34031180700,-74.168658,40.927201,340311807002
Block Group 3,340311807003,1032,354,0.03,Passaic County,Paterson City,Census Tract 1807,34031180700,-74.170754,40.930387,340311807003
Block Group 2,340076010002,1166,358,0.15,Camden County,Camden City,Census Tract 6010,34007601000,-75.087239,39.956664,340076010002
Block Group 3,340076010003,1209,414,0.11,Camden County,Camden City,Census Tract 6010,34007601000,-75.092412,39.960135,340076010003
Block Group 6,340030212006,1004,358,0.05,Bergen County,Garfield City,Census Tract 212,34003021200,-74.117618,40.885981,340030212006
Block Group 1,340030213001,1262,502,0.1,Bergen County,Garfield City,Census Tract 213,34003021300,-74.105675,40.879258,340030213001
Block Group 2,340030213002,902,347,0.05,Bergen County,Garfield City,Census Tract 213,34003021300,-74.108163,40.874409,340030213002
Block Group 3,340030213003,1216,454,0.06,Bergen County,Garfield City,Census Tract 213,34003021300,-74.110616,40.876139,340030213003
Block Group 1,340030214001,1135,407,0.12,Bergen County,Garfield City,Census Tract 214,34003021400,-74.09771,40.884092,340030214001
Block Group 2,340030214002,1326,489,0.14,Bergen County,Garfield City,Census Tract 214,34003021400,-74.098723,40.880399,340030214002
Block Group 1,340076061001,829,343,0.12,Camden County,Haddonfield Borough,Census Tract 6061,34007606100,-75.039749,39.897623,340076061001
Block Group 2,340076077012,2751,1318,0.14,Camden County,Lindenwold Borough,Census Tract 6077.01,34007607701,-74.971991,39.816056,340076077012
Block Group 1,340076082051,1943,684,0.54,Camden County,Gloucester Township,Census Tract 6082.05,34007608205,-75.04858,39.836398,340076082051
Block Group 1,340076056021,877,391,0.1,Camden County,Audubon Borough,Census Tract 6056.02,34007605602,-75.069686,39.889267,340076056021
Block Group 1,340076080011,1249,540,0.19,Camden County,Stratford Borough,Census Tract 6080.01,34007608001,-75.013431,39.83699,340076080011
Block Group 2,340076015002,1262,471,0.09,Camden County,Camden City,Census Tract 6015,34007601500,-75.102539,39.926714,340076015002
Block Group 4,340170017014,2038,821,0.06,Hudson County,Jersey City,Census Tract 17.01,34017001701,-74.074069,40.735148,340170017014
Block Group 1,340170001011,2554,922,0.11,Hudson County,Jersey City,Census Tract 1.01,34017000101,-74.05243,40.757041,340170001011
Block Group 2,340170017012,1318,639,0.02,Hudson County,Jersey City,Census Tract 17.01,34017001701,-74.066652,40.737632,340170017012
Block Group 2,340170020012,1338,579,0.04,Hudson County,Jersey City,Census Tract 20.01,34017002001,-74.065977,40.733239,340170020012
Block Group 3,340297153013,1708,331,0.16,Ocean County,Lakewood Township,Census Tract 7153.01,34029715301,-74.215338,40.102489,340297153013
Block Group 1,340230028051,1494,523,0.21,Middlesex County,Woodbridge Township,Census Tract 28.05,34023002805,-74.27537,40.567274,340230028051
Block Group 2,340230028052,1283,477,0.31,Middlesex County,Woodbridge Township,Census Tract 28.05,34023002805,-74.283413,40.567189,340230028052
Block Group 1,340230029011,1155,485,0.36,Middlesex County,Woodbridge Township,Census Tract 29.01,34023002901,-74.271095,40.556637,340230029011
Block Group 2,340230029012,1931,767,0.46,Middlesex County,Woodbridge Township,Census Tract 29.01,34023002901,-74.26436,40.566548,340230029012
Block Group 1,340230029021,945,485,0.1,Middlesex County,Woodbridge Township,Census Tract 29.02,34023002902,-74.277098,40.557073,340230029021
Block Group 4,340030423024,1242,419,0.28,Bergen County,Paramus Borough,Census Tract 423.02,34003042302,-74.076614,40.973328,340030423024
Block Group 1,340030424001,957,313,0.2,Bergen County,Paramus Borough,Census Tract 424,34003042400,-74.063181,40.945048,340030424001
Block Group 2,340030424002,1545,536,0.41,Bergen County,Paramus Borough,Census Tract 424,34003042400,-74.067724,40.935596,340030424002
Block Group 1,340297155011,2419,651,0.42,Ocean County,Lakewood Township,Census Tract 7155.01,34029715501,-74.249224,40.098012,340297155011
Block Group 3,340230014153,1767,577,0.51,Middlesex County,Edison Township,Census Tract 14.15,34023001415,-74.369443,40.565092,340230014153
Block Group 2,340230032012,757,264,0.11,Middlesex County,Woodbridge Township,Census Tract 32.01,34023003201,-74.317858,40.535744,340230032012
Block Group 1,340230040001,790,317,0.38,Middlesex County,Perth Amboy City,Census Tract 40,34023004000,-74.273605,40.535687,340230040001
Block Group 1,340230047001,1014,313,0.06,Middlesex County,Perth Amboy City,Census Tract 47,34023004700,-74.277314,40.515968,340230047001
Block Group 1,340230082041,1399,955,0.51,Middlesex County,Monroe Township,Census Tract 82.04,34023008204,-74.464786,40.307609,340230082041
Block Group 2,340230005012,1914,567,0.32,Middlesex County,Piscataway Township,Census Tract 5.01,34023000501,-74.449659,40.591636,340230005012
Block Group 1,340076113001,2252,813,0.76,Camden County,Gloucester Township,Census Tract 6113,34007611300,-75.067009,39.7922,340076113001
Block Group 4,340076113004,40,2,0.73,Camden County,Gloucester Township,Census Tract 6113,34007611300,-75.076232,39.782598,340076113004
Block Group 4,340155024004,16,5,1.54,Gloucester County,Logan Township,Census Tract 5024,34015502400,-75.358084,39.781543,340155024004
Block Group 3,340230063003,851,285,0.15,Middlesex County,Milltown Borough,Census Tract 63,34023006300,-74.445875,40.455422,340230063003
Block Group 2,340057005012,2247,967,0.62,Burlington County,Moorestown Township,Census Tract 7005.01,34005700501,-74.974672,39.955953,340057005012
Block Group 2,340230007012,1491,459,0.62,Middlesex County,Piscataway Township,Census Tract 7.01,34023000701,-74.497627,40.549107,340230007012
Block Group 3,340230007013,1277,694,0.13,Middlesex County,Piscataway Township,Census Tract 7.01,34023000701,-74.515855,40.548021,340230007013
Block Group 1,340230007021,1874,580,1.02,Middlesex County,Piscataway Township,Census Tract 7.02,34023000702,-74.482035,40.525486,340230007021
Block Group 4,340230007024,1248,430,0.46,Middlesex County,Piscataway Township,Census Tract 7.02,34023000702,-74.485784,40.533183,340230007024
Block Group 2,340230052002,2057,667,0.06,Middlesex County,New Brunswick City,Census Tract 52,34023005200,-74.45715,40.493736,340230052002
Block Group 2,340230085012,2776,1095,2.73,Middlesex County,South Brunswick Township,Census Tract 85.01,34023008501,-74.537189,40.402125,340230085012
Block Group 1,340230085021,945,268,0.38,Middlesex County,South Brunswick Township,Census Tract 85.02,34023008502,-74.514199,40.399477,340230085021
Block Group 1,340373732001,1741,647,7.09,Sussex County,Sparta Township,Census Tract 3732,34037373200,-74.573049,41.056822,340373732001
Block Group 1,340258100031,1241,341,0.48,Monmouth County,Manalapan Township,Census Tract 8100.03,34025810003,-74.33762,40.314659,340258100031
Block Group 2,340258100032,1904,654,0.5,Monmouth County,Manalapan Township,Census Tract 8100.03,34025810003,-74.346701,40.308517,340258100032
Block Group 3,340258100043,1202,372,0.98,Monmouth County,Manalapan Township,Census Tract 8100.04,34025810004,-74.333283,40.29061,340258100043
Block Group 1,340258103001,2346,820,0.57,Monmouth County,Englishtown Borough,Census Tract 8103,34025810300,-74.362198,40.2968,340258103001
Block Group 1,340297175011,1735,562,0.33,Ocean County,Jackson Township,Census Tract 7175.01,34029717501,-74.268068,40.122556,340297175011
Block Group 4,340030303004,756,345,0.05,Bergen County,Lodi Borough,Census Tract 303,34003030300,-74.087434,40.870777,340030303004
Block Group 5,340030303005,969,367,0.09,Bergen County,Lodi Borough,Census Tract 303,34003030300,-74.092973,40.866672,340030303005
Block Group 1,340030311001,1279,516,0.08,Bergen County,Lyndhurst Township,Census Tract 311,34003031100,-74.11665,40.81489,340030311001
Block Group 1,340270447011,1007,482,0.66,Morris County,Jefferson Township,Census Tract 447.01,34027044701,-74.609684,40.987761,340270447011
Block Group 2,340297321032,1535,969,0.45,Ocean County,Lacey Township,Census Tract 7321.03,34029732103,-74.1507,39.841587,340297321032
Block Group 2,340297321042,1721,837,0.59,Ocean County,Lacey Township,Census Tract 7321.04,34029732104,-74.191711,39.827695,340297321042
Block Group 1,340057004011,764,339,0.33,Burlington County,Maple Shade Township,Census Tract 7004.01,34005700401,-74.997308,39.965276,340057004011
Block Group 1,340258020001,944,565,0.12,Monmouth County,Keyport Borough,Census Tract 8020,34025802000,-74.202961,40.435036,340258020001
Block Group 3,340230026043,1890,572,0.17,Middlesex County,Woodbridge Township,Census Tract 26.04,34023002604,-74.302353,40.566981,340230026043
Block Group 2,340258104012,1198,405,1.04,Monmouth County,Freehold Township,Census Tract 8104.01,34025810401,-74.279872,40.281162,340258104012
Block Group 6,340230082066,0,0,0.2,Middlesex County,Monroe Township,Census Tract 82.06,34023008206,-74.478993,40.341179,340230082066
Block Group 1,340030304011,992,359,0.07,Bergen County,Lodi Borough,Census Tract 304.01,34003030401,-74.083866,40.869166,340030304011
Block Group 4,340030541014,1089,365,0.21,Bergen County,Teaneck Township,Census Tract 541.01,34003054101,-73.996266,40.896001,340030541014
Block Group 1,340030304021,978,350,0.05,Bergen County,Lodi Borough,Census Tract 304.02,34003030402,-74.073513,40.87213,340030304021
Block Group 3,340030552023,1589,498,0.22,Bergen County,Tenafly Borough,Census Tract 552.02,34003055202,-73.97445,40.929382,340030552023
Block Group 4,340030600024,1250,481,0.11,Bergen County,Wood-Ridge Borough,Census Tract 600.02,34003060002,-74.087075,40.852305,340030600024
Block Group 3,340030232013,989,557,0.02,Bergen County,Hackensack City,Census Tract 232.01,34003023201,-74.04534,40.896188,340030232013
Block Group 3,340230051003,2555,560,0.11,Middlesex County,New Brunswick City,Census Tract 51,34023005100,-74.452042,40.503015,340230051003
Block Group 1,340057001041,1130,477,0.16,Burlington County,Palmyra Borough,Census Tract 7001.04,34005700104,-75.025552,40.004339,340057001041
Block Group 1,340057004081,1597,936,0.16,Burlington County,Maple Shade Township,Census Tract 7004.08,34005700408,-74.978565,39.932115,340057004081
Block Group 1,340030010021,1289,427,0.81,Bergen County,Allendale Borough,Census Tract 10.02,34003001002,-74.14289,41.035451,340030010021
Block Group 3,340030546013,1313,490,0.12,Bergen County,Teaneck Township,Census Tract 546.01,34003054601,-74.019356,40.868751,340030546013
Block Group 4,340030211014,1489,636,0.08,Bergen County,Garfield City,Census Tract 211.01,34003021101,-74.112888,40.888528,340030211014
Block Group 3,340030600023,1045,398,0.09,Bergen County,Wood-Ridge Borough,Census Tract 600.02,34003060002,-74.090577,40.847618,340030600023
Block Group 1,340057038021,671,215,3.76,Burlington County,Medford Township,Census Tract 7038.02,34005703802,-74.85543,39.910845,340057038021
Block Group 4,340230012004,1599,694,0.13,Middlesex County,Highland Park Borough,Census Tract 12,34023001200,-74.416156,40.496151,340230012004
Block Group 2,340297350012,2226,813,0.4,Ocean County,Stafford Township,Census Tract 7350.01,34029735001,-74.289216,39.745883,340297350012
Block Group 2,340350534062,5074,2029,0.94,Somerset County,Franklin Township,Census Tract 534.06,34035053406,-74.533168,40.451643,340350534062
Block Group 1,340090210021,2860,1279,17.47,Cape May County,Middle Township,Census Tract 210.02,34009021002,-74.88491,39.115348,340090210021
Block Group 4,340090213004,600,894,0.2,Cape May County,North Wildwood City,Census Tract 213,34009021300,-74.794701,39.010337,340090213004
Block Group 4,340090216004,782,919,0.16,Cape May County,Wildwood Crest Borough,Census Tract 216,34009021600,-74.833806,38.98283,340090216004
Block Group 3,340350533003,1757,659,0.13,Somerset County,Franklin Township,Census Tract 533,34035053300,-74.463629,40.49234,340350533003
Block Group 2,340350533002,1728,477,0.18,Somerset County,Franklin Township,Census Tract 533,34035053300,-74.469719,40.489228,340350533002
Block Group 2,340155002012,1150,519,0.57,Gloucester County,West Deptford Township,Census Tract 5002.01,34015500201,-75.172176,39.856499,340155002012
Block Group 2,340312568052,1447,563,13.02,Passaic County,West Milford Township,Census Tract 2568.05,34031256805,-74.427744,41.090607,340312568052
Block Group 5,340311165005,1411,570,1.13,Passaic County,Bloomingdale Borough,Census Tract 1165,34031116500,-74.344423,41.026675,340311165005
Block Group 2,340312036002,986,304,0.04,Passaic County,Prospect Park Borough,Census Tract 2036,34031203600,-74.176037,40.934716,340312036002
Block Group 2,340311245002,1772,601,0.11,Passaic County,Clifton City,Census Tract 1245,34031124500,-74.143915,40.86802,340311245002
Block Group 3,340170114003,1901,775,0.17,Hudson County,Bayonne City,Census Tract 114,34017011400,-74.12307,40.647787,340170114003
Block Group 1,340170115001,1024,408,0.06,Hudson County,Bayonne City,Census Tract 115,34017011500,-74.132656,40.652893,340170115001
Block Group 2,340170115002,1588,678,0.07,Hudson County,Bayonne City,Census Tract 115,34017011500,-74.133583,40.649745,340170115002
Block Group 3,340170115003,817,317,0.25,Hudson County,Bayonne City,Census Tract 115,34017011500,-74.148057,40.648468,340170115003
Block Group 1,340311822001,1384,471,0.03,Passaic County,Paterson City,Census Tract 1822,34031182200,-74.16546,40.911756,340311822001
Block Group 1,340311821001,1237,526,0.05,Passaic County,Paterson City,Census Tract 1821,34031182100,-74.1629,40.898765,340311821001
Block Group 1,340057012031,819,325,0.87,Burlington County,Burlington City,Census Tract 7012.03,34005701203,-74.84853,40.087827,340057012031
Block Group 2,340373732002,1884,647,5.33,Sussex County,Sparta Township,Census Tract 3732,34037373200,-74.598897,41.023109,340373732002
Block Group 1,340373733001,1331,480,1.3,Sussex County,Sparta Township,Census Tract 3733,34037373300,-74.638878,41.012184,340373733001
Block Group 1,340030423011,1564,526,0.59,Bergen County,Paramus Borough,Census Tract 423.01,34003042301,-74.081923,40.959655,340030423011
Block Group 2,340030423012,1661,483,0.36,Bergen County,Paramus Borough,Census Tract 423.01,34003042301,-74.091524,40.966426,340030423012
Block Group 4,340230032034,902,408,0.18,Middlesex County,Woodbridge Township,Census Tract 32.03,34023003203,-74.306149,40.523099,340230032034
Block Group 3,340230071033,3407,1335,0.22,Middlesex County,Sayreville Borough,Census Tract 71.03,34023007103,-74.347873,40.427428,340230071033
Block Group 1,340390324021,1632,590,0.14,Union County,Hillside Township,Census Tract 324.02,34039032402,-74.237384,40.694311,340390324021
Block Group 1,340390335011,1072,476,0.25,Union County,Union Township,Census Tract 335.01,34039033501,-74.24544,40.680419,340390335011
Block Group 1,340057017001,1160,598,0.12,Burlington County,Bordentown City,Census Tract 7017,34005701700,-74.713026,40.146594,340057017001
Block Group 2,340057017002,1746,816,0.33,Burlington County,Bordentown City,Census Tract 7017,34005701700,-74.70602,40.144358,340057017002
Block Group 2,340057011022,1562,555,0.33,Burlington County,Burlington Township,Census Tract 7011.02,34005701102,-74.815777,40.05386,340057011022
Block Group 1,340057022071,1064,588,3.7,Burlington County,Pemberton Township,Census Tract 7022.07,34005702207,-74.571271,39.955428,340057022071
Block Group 4,340390397004,1406,479,0.16,Union County,Plainfield City,Census Tract 397,34039039700,-74.412833,40.609834,340390397004
Block Group 3,340350542023,2601,860,3.15,Somerset County,Montgomery Township,Census Tract 542.02,34035054202,-74.665458,40.418453,340350542023
Block Group 1,340350529061,1541,996,0.46,Somerset County,Bedminster Township,Census Tract 529.06,34035052906,-74.640724,40.650394,340350529061
Block Group 2,340057001032,1631,718,0.22,Burlington County,Palmyra Borough,Census Tract 7001.03,34005700103,-75.027888,40.007915,340057001032
Block Group 2,340057015022,1762,708,1.06,Burlington County,Bordentown Township,Census Tract 7015.02,34005701502,-74.698361,40.166174,340057015022
Block Group 3,340076086003,1439,628,0.43,Camden County,Clementon Borough,Census Tract 6086,34007608600,-74.995197,39.808851,340076086003
Block Group 1,340390342001,1662,611,0.16,Union County,Roselle Borough,Census Tract 342,34039034200,-74.262658,40.652827,340390342001
Block Group 1,340190113031,1906,962,0.4,Hunterdon County,Raritan Township,Census Tract 113.03,34019011303,-74.841465,40.501025,340190113031
Block Group 5,340030411005,1276,518,0.27,Bergen County,Palisades Park Borough,Census Tract 411,34003041100,-74.00568,40.850666,340030411005
Block Group 2,340190113042,1779,593,2.45,Hunterdon County,Raritan Township,Census Tract 113.04,34019011304,-74.797976,40.497617,340190113042
Block Group 1,340190103001,1438,650,1.5,Hunterdon County,Hampton Borough,Census Tract 103,34019010300,-74.964546,40.708795,340190103001
Block Group 3,340210029043,1442,600,0.36,Mercer County,Hamilton Township,Census Tract 29.04,34021002904,-74.683216,40.241969,340210029043
Block Group 1,340010120001,1847,797,0.55,Atlantic County,Pleasantville City,Census Tract 120,34001012000,-74.503236,39.406308,340010120001
Block Group 1,340010019001,848,573,0.04,Atlantic County,Atlantic City,Census Tract 19,34001001900,-74.415312,39.363891,340010019001
Block Group 1,340297150021,2936,708,0.89,Ocean County,Lakewood Township,Census Tract 7150.02,34029715002,-74.160544,40.091925,340297150021
Block Group 3,340297320043,1057,434,0.25,Ocean County,Lacey Township,Census Tract 7320.04,34029732004,-74.214555,39.843584,340297320043
Block Group 3,340297175023,2900,1229,2.32,Ocean County,Jackson Township,Census Tract 7175.02,34029717502,-74.296078,40.102957,340297175023
Block Group 1,340297155021,2375,397,0.09,Ocean County,Lakewood Township,Census Tract 7155.02,34029715502,-74.255334,40.089252,340297155021
Block Group 1,340297230001,1603,514,2.81,Ocean County,Toms River Township,Census Tract 7230,34029723000,-74.244198,39.983063,340297230001
Block Group 3,340030371003,817,291,0.2,Bergen County,New Milford Borough,Census Tract 371,34003037100,-74.022949,40.941286,340030371003
Block Group 2,340030382002,944,393,0.06,Bergen County,North Arlington Borough,Census Tract 382,34003038200,-74.134116,40.785287,340030382002
Block Group 2,340030216002,853,290,0.03,Bergen County,Garfield City,Census Tract 216,34003021600,-74.108052,40.870512,340030216002
Block Group 2,340230031022,1598,851,0.14,Middlesex County,Woodbridge Township,Census Tract 31.02,34023003102,-74.317309,40.548408,340230031022
Block Group 1,340230048001,1806,614,0.09,Middlesex County,Perth Amboy City,Census Tract 48,34023004800,-74.281254,40.512565,340230048001
Block Group 4,340230056024,1306,313,0.06,Middlesex County,New Brunswick City,Census Tract 56.02,34023005602,-74.453857,40.484121,340230056024
Block Group 1,340230060021,2292,825,0.42,Middlesex County,New Brunswick City,Census Tract 60.02,34023006002,-74.421041,40.485256,340230060021
Block Group 1,340155017021,1272,502,14.28,Gloucester County,Franklin Township,Census Tract 5017.02,34015501702,-74.948563,39.584633,340155017021
Block Group 2,340155017022,1201,484,5.59,Gloucester County,Franklin Township,Census Tract 5017.02,34015501702,-74.99012,39.615225,340155017022
Block Group 1,340311242021,1732,601,0.25,Passaic County,Clifton City,Census Tract 1242.02,34031124202,-74.170897,40.880347,340311242021
Block Group 1,340311243111,969,355,0.19,Passaic County,Clifton City,Census Tract 1243.11,34031124311,-74.170783,40.870754,340311243111
Block Group 1,340311825021,2198,985,0.16,Passaic County,Paterson City,Census Tract 1825.02,34031182502,-74.13617,40.92193,340311825021
Block Group 2,340311825022,816,233,0.22,Passaic County,Paterson City,Census Tract 1825.02,34031182502,-74.135604,40.916124,340311825022
Block Group 1,340010105051,802,321,5.41,Atlantic County,Galloway Township,Census Tract 105.05,34001010505,-74.43645,39.433334,340010105051
Block Group 2,340155017032,2169,820,5.54,Gloucester County,Franklin Township,Census Tract 5017.03,34015501703,-75.027182,39.573866,340155017032
Block Group 3,340155017033,1099,446,2.48,Gloucester County,Franklin Township,Census Tract 5017.03,34015501703,-75.068779,39.58417,340155017033
Block Group 4,340311752004,819,206,0.03,Passaic County,Passaic City,Census Tract 1752,34031175200,-74.117296,40.866401,340311752004
Block Group 2,340311755022,931,272,0.03,Passaic County,Passaic City,Census Tract 1755.02,34031175502,-74.140315,40.864512,340311755022
Block Group 3,340110304023,1211,517,2.57,Cumberland County,Millville City,Census Tract 304.02,34011030402,-75.04671,39.42291,340110304023
Block Group 1,340155014031,1975,956,1.2,Gloucester County,Glassboro Borough,Census Tract 5014.03,34015501403,-75.146463,39.695415,340155014031
Block Group 1,340230082131,1641,492,2.47,Middlesex County,Monroe Township,Census Tract 82.13,34023008213,-74.422952,40.318728,340230082131
Block Group 1,340230038011,1929,711,0.14,Middlesex County,Carteret Borough,Census Tract 38.01,34023003801,-74.231802,40.578861,340230038011
Block Group 1,340230088011,1007,355,0.35,Middlesex County,Piscataway Township,Census Tract 88.01,34023008801,-74.4488,40.531335,340230088011
Block Group 3,340057029103,41,8,0.87,Burlington County,Mount Laurel Township,Census Tract 7029.10,34005702910,-74.913099,39.967822,340057029103
Block Group 2,340030321032,1903,1140,0.29,Bergen County,Mahwah Township,Census Tract 321.03,34003032103,-74.161815,41.072478,340030321032
Block Group 3,340110108003,1399,518,5.72,Cumberland County,Deerfield Township,Census Tract 108,34011010800,-75.150434,39.487126,340110108003
Block Group 2,340110202002,1422,378,0.1,Cumberland County,Bridgeton City,Census Tract 202,34011020200,-75.240688,39.424352,340110202002
Block Group 1,340057046001,1000,377,0.83,Burlington County,Mount Holly Township,Census Tract 7046,34005704600,-74.783867,39.986155,340057046001
Block Group 5,340210009005,1051,715,0.13,Mercer County,Trenton City,Census Tract 9,34021000900,-74.760358,40.21718,340210009005
Block Group 3,340210043163,1594,503,1.39,Mercer County,West Windsor Township,Census Tract 43.16,34021004316,-74.584799,40.301854,340210043163
Block Group 4,340210043114,1967,858,0.58,Mercer County,Robbinsville Township,Census Tract 43.11,34021004311,-74.635309,40.229864,340210043114
Block Group 2,340190107012,1668,615,7.24,Hunterdon County,Union Township,Census Tract 107.01,34019010701,-75.00401,40.633981,340190107012
Block Group 2,340190107022,1428,552,12.25,Hunterdon County,Franklin Township,Census Tract 107.02,34019010702,-74.94553,40.550161,340190107022
Block Group 3,340130176003,1510,601,0.12,Essex County,West Orange Township,Census Tract 176,34013017600,-74.236021,40.791946,340130176003
Block Group 4,340130176004,1216,485,0.07,Essex County,West Orange Township,Census Tract 176,34013017600,-74.232625,40.797568,340130176004
Block Group 1,340130199001,920,372,0.32,Essex County,Maplewood Township,Census Tract 199,34013019900,-74.279123,40.728393,340130199001
Block Group 2,340057046002,1543,810,0.37,Burlington County,Mount Holly Township,Census Tract 7046,34005704600,-74.796584,40.001346,340057046002
Block Group 2,340057009002,1764,766,0.41,Burlington County,Beverly City,Census Tract 7009,34005700900,-74.925353,40.064337,340057009002
Block Group 1,340057022101,2231,852,0.44,Burlington County,Pemberton Township,Census Tract 7022.10,34005702210,-74.574201,39.983506,340057022101
Block Group 1,340057004071,1299,853,0.38,Burlington County,Maple Shade Township,Census Tract 7004.07,34005700407,-74.977058,39.948336,340057004071
Block Group 4,340130200004,926,279,0.33,Essex County,Millburn Township,Census Tract 200,34013020000,-74.345022,40.730012,340130200004
Block Group 3,340130192003,1258,684,0.11,Essex County,South Orange Village,Census Tract 192,34013019200,-74.252528,40.744073,340130192003
Block Group 1,340410313011,1971,739,13.6,Warren County,Independence Township,Census Tract 313.01,34041031301,-74.883736,40.889938,340410313011
Block Group 1,340230061011,1915,300,0.74,Middlesex County,North Brunswick Township,Census Tract 61.01,34023006101,-74.440914,40.471311,340230061011
Block Group 2,340230061012,892,396,0.24,Middlesex County,North Brunswick Township,Census Tract 61.01,34023006101,-74.454127,40.473548,340230061012
Block Group 3,340230061013,1175,322,0.08,Middlesex County,North Brunswick Township,Census Tract 61.01,34023006101,-74.46017,40.475301,340230061013
Block Group 1,340230061031,1407,557,0.36,Middlesex County,North Brunswick Township,Census Tract 61.03,34023006103,-74.471549,40.460895,340230061031
Block Group 2,340230061032,1482,448,0.2,Middlesex County,North Brunswick Township,Census Tract 61.03,34023006103,-74.467386,40.466319,340230061032
Block Group 1,340258099011,2384,810,3.75,Monmouth County,Colts Neck Township,Census Tract 8099.01,34025809901,-74.206687,40.328263,340258099011
Block Group 3,340230061033,1041,306,0.31,Middlesex County,North Brunswick Township,Census Tract 61.03,34023006103,-74.480654,40.462521,340230061033
Block Group 1,340130080001,1487,880,0.2,Essex County,Newark City,Census Tract 80,34013008000,-74.166968,40.736293,340130080001
Block Group 1,340130081001,2274,1549,0.15,Essex County,Newark City,Census Tract 81,34013008100,-74.175399,40.733982,340130081001
Block Group 2,340130081002,2265,1039,0.16,Essex County,Newark City,Census Tract 81,34013008100,-74.179262,40.733793,340130081002
Block Group 1,340130082001,1663,515,0.14,Essex County,Newark City,Census Tract 82,34013008200,-74.188096,40.74146,340130082001
Block Group 1,340130087001,1151,401,0.11,Essex County,Newark City,Census Tract 87,34013008700,-74.167807,40.75327,340130087001
Block Group 2,340258099012,1646,564,2.6,Monmouth County,Colts Neck Township,Census Tract 8099.01,34025809901,-74.18951,40.2985,340258099012
Block Group 1,340297101011,1080,413,0.21,Ocean County,Point Pleasant Beach Borough; Point Pleasant Borough,Census Tract 7101.01,34029710101,-74.05337,40.093528,340297101011
Block Group 3,340297230003,660,240,0.25,Ocean County,Toms River Township,Census Tract 7230,34029723000,-74.232896,39.967283,340297230003
Block Group 2,340110305022,1945,774,0.83,Cumberland County,Millville City,Census Tract 305.02,34011030502,-75.021862,39.380823,340110305022
Block Group 2,340270402002,1537,541,0.76,Morris County,Pequannock Township,Census Tract 402,34027040200,-74.284714,40.956386,340270402002
Block Group 4,340270402004,837,305,0.21,Morris County,Pequannock Township,Census Tract 402,34027040200,-74.292967,40.950111,340270402004
Block Group 2,340030236012,574,252,0.03,Bergen County,Hackensack City,Census Tract 236.01,34003023601,-74.04542,40.871769,340030236012
Block Group 2,340057040122,1232,569,0.52,Burlington County,Evesham Township,Census Tract 7040.12,34005704012,-74.881685,39.859656,340057040122
Block Group 3,340030321023,1907,811,1.06,Bergen County,Mahwah Township,Census Tract 321.02,34003032102,-74.175665,41.037795,340030321023
Block Group 4,340030513004,782,397,0.07,Bergen County,Rutherford Borough,Census Tract 513,34003051300,-74.102909,40.826641,340030513004
Block Group 1,340030321031,1498,720,1.01,Bergen County,Mahwah Township,Census Tract 321.03,34003032103,-74.165778,41.081899,340030321031
Block Group 2,340030400012,1503,511,0.55,Bergen County,Oradell Borough,Census Tract 400.01,34003040001,-74.033399,40.963729,340030400012
Block Group 5,340030513005,670,258,0.07,Bergen County,Rutherford Borough,Census Tract 513,34003051300,-74.110628,40.823939,340030513005
Block Group 1,340030544001,771,255,0.1,Bergen County,Teaneck Township,Census Tract 544,34003054400,-74.018648,40.891824,340030544001
Block Group 4,340297142004,1626,622,0.87,Ocean County,Brick Township,Census Tract 7142,34029714200,-74.134324,40.036156,340297142004
Block Group 3,340057039003,748,266,0.18,Burlington County,Medford Lakes Borough,Census Tract 7039,34005703900,-74.812065,39.853222,340057039003
Block Group 1,340057040041,2031,823,0.63,Burlington County,Evesham Township,Census Tract 7040.04,34005704004,-74.928367,39.901945,340057040041
Block Group 1,340373749001,1423,659,0.28,Sussex County,Hopatcong Borough,Census Tract 3749,34037374900,-74.669414,40.940149,340373749001
Block Group 2,340373749002,1086,467,0.23,Sussex County,Hopatcong Borough,Census Tract 3749,34037374900,-74.663669,40.941316,340373749002
Block Group 4,340057038024,1324,711,0.54,Burlington County,Medford Township,Census Tract 7038.02,34005703802,-74.831508,39.909409,340057038024
Block Group 3,340190117003,1149,477,4.37,Hunterdon County,East Amwell Township,Census Tract 117,34019011700,-74.887471,40.427408,340190117003
Block Group 1,340190101001,1820,668,7.61,Hunterdon County,Tewksbury Township,Census Tract 101,34019010100,-74.789025,40.726993,340190101001
Block Group 1,340190118001,1871,725,12.03,Hunterdon County,West Amwell Township,Census Tract 118,34019011800,-74.887676,40.39676,340190118001
Block Group 3,340190105003,1205,489,5.55,Hunterdon County,Holland Township,Census Tract 105,34019010500,-75.081902,40.581882,340190105003
Block Group 2,340190106002,1232,556,1.18,Hunterdon County,Milford Borough,Census Tract 106,34019010600,-75.089463,40.567291,340190106002
Block Group 2,340190117002,1488,645,15.33,Hunterdon County,East Amwell Township,Census Tract 117,34019011700,-74.80642,40.425544,340190117002
Block Group 1,340190113011,2558,896,4.77,Hunterdon County,Raritan Township,Census Tract 113.01,34019011301,-74.877591,40.558377,340190113011
Block Group 1,340230063001,1359,491,0.34,Middlesex County,Milltown Borough,Census Tract 63,34023006300,-74.429059,40.453266,340230063001
Block Group 2,340230063002,1344,518,0.27,Middlesex County,Milltown Borough,Census Tract 63,34023006300,-74.440591,40.45685,340230063002
Block Group 5,340230063005,1593,605,0.29,Middlesex County,Milltown Borough,Census Tract 63,34023006300,-74.434127,40.442732,340230063005
Block Group 4,340210030014,1493,532,5.47,Mercer County,Hamilton Township,Census Tract 30.01,34021003001,-74.627626,40.161217,340210030014
Block Group 3,340210032023,1872,945,1.64,Mercer County,Lawrence Township,Census Tract 32.02,34021003202,-74.705428,40.275368,340210032023
Block Group 3,340190115003,1772,713,14.86,Hunterdon County,Kingwood Township,Census Tract 115,34019011500,-74.984646,40.503882,340190115003
Block Group 1,340076052001,849,349,0.23,Camden County,Gloucester City,Census Tract 6052,34007605200,-75.100558,39.887021,340076052001
Block Group 3,340130189003,980,325,0.04,Essex County,City of Orange Township,Census Tract 189,34013018900,-74.250388,40.762712,340130189003
Block Group 4,340130189004,819,327,0.06,Essex County,City of Orange Township,Census Tract 189,34013018900,-74.248162,40.765654,340130189004
Block Group 1,340130190001,1577,500,0.35,Essex County,South Orange Village,Census Tract 190,34013019000,-74.26437,40.752557,340130190001
Block Group 2,340130190002,1156,422,0.21,Essex County,South Orange Village,Census Tract 190,34013019000,-74.273384,40.746273,340130190002
Block Group 1,340258085021,1210,613,0.38,Monmouth County,Wall Township,Census Tract 8085.02,34025808502,-74.04123,40.16514,340258085021
Block Group 3,340258089023,739,368,0.12,Monmouth County,Spring Lake Heights Borough,Census Tract 8089.02,34025808902,-74.039625,40.159457,340258089023
Block Group 1,340076051001,1051,403,0.24,Camden County,Gloucester City,Census Tract 6051,34007605100,-75.112753,39.893215,340076051001
Block Group 2,340210022002,1313,434,0.07,Mercer County,Trenton City,Census Tract 22,34021002200,-74.737051,40.223446,340210022002
Block Group 2,340258085012,1155,521,0.81,Monmouth County,Wall Township,Census Tract 8085.01,34025808501,-74.056342,40.163935,340258085012
Block Group 1,340258082021,771,801,0.12,Monmouth County,Bradley Beach Borough,Census Tract 8082.02,34025808202,-74.00777,40.203682,340258082021
Block Group 2,340030400022,1353,452,0.27,Bergen County,Oradell Borough,Census Tract 400.02,34003040002,-74.035131,40.946258,340030400022
Block Group 3,340030400023,906,322,0.15,Bergen County,Oradell Borough,Census Tract 400.02,34003040002,-74.041107,40.948808,340030400023
Block Group 4,340030400024,951,312,0.31,Bergen County,Oradell Borough,Census Tract 400.02,34003040002,-74.042079,40.954772,340030400024
Block Group 1,340030413011,1395,502,0.03,Bergen County,Palisades Park Borough,Census Tract 413.01,34003041301,-74.000401,40.841734,340030413011
Block Group 3,340030413013,2020,747,0.12,Bergen County,Palisades Park Borough,Census Tract 413.01,34003041301,-74.00265,40.84472,340030413013
Block Group 1,340350523001,1334,467,1.33,Somerset County,Watchung Borough,Census Tract 523,34035052300,-74.441171,40.651417,340350523001
Block Group 1,340350518001,1260,403,0.15,Somerset County,North Plainfield Borough,Census Tract 518,34035051800,-74.439911,40.623236,340350518001
Block Group 5,340350532005,923,287,0.14,Somerset County,Franklin Township,Census Tract 532,34035053200,-74.473497,40.503759,340350532005
Block Group 3,340311806003,1571,533,0.05,Passaic County,Paterson City,Census Tract 1806,34031180600,-74.17883,40.930567,340311806003
Block Group 1,340312167011,1619,554,2.73,Passaic County,Ringwood Borough,Census Tract 2167.01,34031216701,-74.249829,41.086895,340312167011
Block Group 3,340030140003,910,301,0.19,Bergen County,Emerson Borough,Census Tract 140,34003014000,-74.023788,40.978416,340030140003
Block Group 2,340312167012,2318,843,11.11,Passaic County,Ringwood Borough,Census Tract 2167.01,34031216701,-74.254818,41.132772,340312167012
Block Group 3,340270408053,1562,491,1.46,Morris County,Montville Township,Census Tract 408.05,34027040805,-74.338449,40.900993,340270408053
Block Group 2,340311753022,1071,268,0.02,Passaic County,Passaic City,Census Tract 1753.02,34031175302,-74.12275,40.869704,340311753022
Block Group 5,340030140005,1278,494,0.63,Bergen County,Emerson Borough,Census Tract 140,34003014000,-74.042231,40.969377,340030140005
Block Group 1,340312167021,1848,704,8.91,Passaic County,Ringwood Borough,Census Tract 2167.02,34031216702,-74.297238,41.093955,340312167021
Block Group 3,340390388003,799,265,0.15,Union County,Plainfield City,Census Tract 388,34039038800,-74.402131,40.636035,340390388003
Block Group 1,340390389001,1225,407,0.13,Union County,Plainfield City,Census Tract 389,34039038900,-74.407814,40.629321,340390389001
Block Group 3,340390389003,1107,342,0.07,Union County,Plainfield City,Census Tract 389,34039038900,-74.421199,40.623173,340390389003
Block Group 1,340390390001,2184,601,0.14,Union County,Plainfield City,Census Tract 390,34039039000,-74.416747,40.620814,340390390001
Block Group 1,340270408041,2557,1032,1.01,Morris County,Montville Township,Census Tract 408.04,34027040804,-74.384164,40.910854,340270408041
Block Group 1,340210018001,1757,243,0.15,Mercer County,Trenton City,Census Tract 18,34021001800,-74.740205,40.238364,340210018001
Block Group 2,340210018002,1897,726,0.2,Mercer County,Trenton City,Census Tract 18,34021001800,-74.743946,40.240263,340210018002
Block Group 3,340210018003,1539,619,0.1,Mercer County,Trenton City,Census Tract 18,34021001800,-74.750784,40.238599,340210018003
Block Group 3,340010118033,2136,815,1.21,Atlantic County,Egg Harbor Township,Census Tract 118.03,34001011803,-74.589126,39.352014,340010118033
Block Group 3,340010127013,1516,725,0.32,Atlantic County,Somers Point City,Census Tract 127.01,34001012701,-74.60556,39.331353,340010127013
Block Group 1,340010131011,993,1181,0.32,Atlantic County,Margate City,Census Tract 131.01,34001013101,-74.507388,39.325838,340010131011
Block Group 3,340130068003,2097,724,0.07,Essex County,Newark City,Census Tract 68,34013006800,-74.174256,40.722611,340130068003
Block Group 1,340130078001,1722,661,0.04,Essex County,Newark City,Census Tract 78,34013007800,-74.166911,40.728105,340130078001
Block Group 2,340130177002,1329,394,0.04,Essex County,West Orange Township,Census Tract 177,34013017700,-74.228234,40.789008,340130177002
Block Group 2,340130152002,858,325,0.06,Essex County,Bloomfield Township,Census Tract 152,34013015200,-74.186013,40.806514,340130152002
Block Group 4,340130186004,778,266,0.04,Essex County,City of Orange Township,Census Tract 186,34013018600,-74.235283,40.768827,340130186004
Block Group 1,340130203001,816,316,0.16,Essex County,Millburn Township,Census Tract 203,34013020300,-74.310263,40.722958,340130203001
Block Group 3,340130009003,995,324,0.04,Essex County,Newark City,Census Tract 9,34013000900,-74.190043,40.755033,340130009003
Block Group 2,340130193002,1416,618,0.1,Essex County,South Orange Village,Census Tract 193,34013019300,-74.261102,40.74066,340130193002
Block Group 2,340130101002,663,253,0.1,Essex County,East Orange City,Census Tract 101,34013010100,-74.206818,40.775107,340130101002
Block Group 5,340130216015,1504,509,4.58,Essex County,Fairfield Township,Census Tract 216.01,34013021601,-74.329313,40.886456,340130216015
Block Group 2,340130211002,788,267,0.11,Essex County,Verona Township,Census Tract 211,34013021100,-74.230663,40.830122,340130211002
Block Group 3,340130137003,817,360,0.06,Essex County,Nutley Township,Census Tract 137,34013013700,-74.159934,40.810114,340130137003
Block Group 1,340130047001,1132,482,0.05,Essex County,Newark City,Census Tract 47,34013004700,-74.209048,40.706083,340130047001
Block Group 2,340130165002,789,234,0.1,Essex County,Montclair Township,Census Tract 165,34013016500,-74.202214,40.818887,340130165002
Block Group 1,340130182001,999,502,0.04,Essex County,City of Orange Township,Census Tract 182,34013018200,-74.223157,40.77807,340130182001
Block Group 3,340130227003,980,376,0.06,Essex County,Newark City,Census Tract 227,34013022700,-74.186049,40.722387,340130227003
Block Group 1,340130112001,690,426,0.04,Essex County,East Orange City,Census Tract 112,34013011200,-74.213773,40.761198,340130112001
Block Group 1,340130107001,1718,661,0.07,Essex County,East Orange City,Census Tract 107,34013010700,-74.201179,40.761774,340130107001
Block Group 5,340130200005,834,246,0.39,Essex County,Millburn Township,Census Tract 200,34013020000,-74.353014,40.737431,340130200005
Block Group 4,340130207004,1234,404,0.28,Essex County,Livingston Township,Census Tract 207,34013020700,-74.326163,40.784528,340130207004
Block Group 5,340130207005,688,238,0.13,Essex County,Livingston Township,Census Tract 207,34013020700,-74.324179,40.791673,340130207005
Block Group 3,340130208003,2127,701,0.54,Essex County,Livingston Township,Census Tract 208,34013020800,-74.337489,40.77904,340130208003
Block Group 2,340390395022,1566,418,0.14,Union County,Plainfield City,Census Tract 395.02,34039039502,-74.440069,40.604823,340390395022
Block Group 3,340390307033,2509,891,0.09,Union County,Elizabeth City,Census Tract 307.03,34039030703,-74.222255,40.655002,340390307033
Block Group 2,340390316012,831,330,0.02,Union County,Elizabeth City,Census Tract 316.01,34039031601,-74.21253,40.677169,340390316012
Block Group 1,340210011021,794,395,0.05,Mercer County,Trenton City,Census Tract 11.02,34021001102,-74.775104,40.224759,340210011021
Block Group 3,340390328003,1514,584,0.19,Union County,Union Township,Census Tract 328,34039032800,-74.287698,40.718879,340390328003
Block Group 1,340390329011,1415,453,0.12,Union County,Union Township,Census Tract 329.01,34039032901,-74.288785,40.711107,340390329011
Block Group 2,340210011022,713,324,0.06,Mercer County,Trenton City,Census Tract 11.02,34021001102,-74.777137,40.228692,340210011022
Block Group 3,340210011023,1730,940,0.11,Mercer County,Trenton City,Census Tract 11.02,34021001102,-74.782692,40.230313,340210011023
Block Group 1,340210013001,955,9,0.25,Mercer County,Trenton City,Census Tract 13,34021001300,-74.804411,40.243448,340210013001
Block Group 1,340390322001,1220,442,0.06,Union County,Hillside Township,Census Tract 322,34039032200,-74.228404,40.704009,340390322001
Block Group 2,340390322002,938,362,0.04,Union County,Hillside Township,Census Tract 322,34039032200,-74.224256,40.706137,340390322002
Block Group 3,340390325003,1440,504,0.11,Union County,Hillside Township,Census Tract 325,34039032500,-74.220864,40.691545,340390325003
Block Group 1,340297132011,1246,448,1.16,Ocean County,Brick Township,Census Tract 7132.01,34029713201,-74.108637,40.124865,340297132011
Block Group 2,340312366012,823,342,0.55,Passaic County,Wanaque Borough,Census Tract 2366.01,34031236601,-74.287986,41.028576,340312366012
Block Group 3,340297361013,2328,861,0.39,Ocean County,Little Egg Harbor Township,Census Tract 7361.01,34029736101,-74.372781,39.575604,340297361013
Block Group 2,340210009002,21,1,0.03,Mercer County,Trenton City,Census Tract 9,34021000900,-74.764505,40.217063,340210009002
Block Group 1,340110106001,1129,453,0.96,Cumberland County,Hopewell Township,Census Tract 106,34011010600,-75.254362,39.446181,340110106001
Block Group 2,340210029032,1915,865,1.31,Mercer County,Hamilton Township,Census Tract 29.03,34021002903,-74.70451,40.259218,340210029032
Block Group 1,340210029041,2177,862,1.54,Mercer County,Hamilton Township,Census Tract 29.04,34021002904,-74.672513,40.260613,340210029041
Block Group 1,340390393011,1782,513,0.08,Union County,Plainfield City,Census Tract 393.01,34039039301,-74.425154,40.614887,340390393011
Block Group 2,340390393022,1473,392,0.09,Union County,Plainfield City,Census Tract 393.02,34039039302,-74.420411,40.615493,340390393022
Block Group 1,340270416061,1714,1036,0.12,Morris County,Parsippany-Troy Hills Township,Census Tract 416.06,34027041606,-74.48048,40.852603,340270416061
Block Group 4,340270417064,1887,1005,0.08,Morris County,Parsippany-Troy Hills Township,Census Tract 417.06,34027041706,-74.395745,40.867369,340270417064
Block Group 2,340270416062,2199,858,0.6,Morris County,Parsippany-Troy Hills Township,Census Tract 416.06,34027041606,-74.490763,40.850554,340270416062
Block Group 1,340270455031,2216,774,1.24,Morris County,Roxbury Township,Census Tract 455.03,34027045503,-74.664263,40.852522,340270455031
Block Group 2,340076075042,2612,829,0.93,Camden County,Voorhees Township,Census Tract 6075.04,34007607504,-74.919063,39.82197,340076075042
Block Group 1,340076084011,1377,504,0.54,Camden County,Gloucester Township,Census Tract 6084.01,34007608401,-74.999425,39.773984,340076084011
Block Group 1,340076073001,1654,763,0.37,Camden County,Magnolia Borough,Census Tract 6073,34007607300,-75.044963,39.856733,340076073001
Block Group 3,340190112023,898,353,3.09,Hunterdon County,Readington Township,Census Tract 112.02,34019011202,-74.784207,40.523874,340190112023
Block Group 3,340258080013,1834,867,0.47,Monmouth County,Neptune Township,Census Tract 8080.01,34025808001,-74.036178,40.189726,340258080013
Block Group 1,340350526051,2112,679,0.75,Somerset County,Bernards Township,Census Tract 526.05,34035052605,-74.611335,40.6488,340350526051
Block Group 2,340057010022,1036,345,0.16,Burlington County,Edgewater Park Township,Census Tract 7010.02,34005701002,-74.902088,40.058941,340057010022
Block Group 3,340057011053,1812,791,0.58,Burlington County,Burlington Township,Census Tract 7011.05,34005701105,-74.852031,40.056489,340057011053
Block Group 1,340210021001,1188,409,0.12,Mercer County,Trenton City,Census Tract 21,34021002100,-74.742267,40.219301,340210021001
Block Group 2,340210044032,2510,913,0.5,Mercer County,Hightstown Borough,Census Tract 44.03,34021004403,-74.529314,40.270685,340210044032
Block Group 1,340350529051,1696,1045,0.38,Somerset County,Bedminster Township,Census Tract 529.05,34035052905,-74.640766,40.660058,340350529051
Block Group 3,340170116003,1536,677,0.05,Hudson County,Bayonne City,Census Tract 116,34017011600,-74.13001,40.645382,340170116003
Block Group 1,340170123001,1035,481,0.05,Hudson County,Kearny Town,Census Tract 123,34017012300,-74.133083,40.7776,340170123001
Block Group 2,340170123002,1215,475,0.05,Hudson County,Kearny Town,Census Tract 123,34017012300,-74.136047,40.775779,340170123002
Block Group 1,340170124001,1448,554,0.09,Hudson County,Kearny Town,Census Tract 124,34017012400,-74.138426,40.778522,340170124001
Block Group 1,340210038001,1619,698,3.59,Mercer County,Hopewell Township,Census Tract 38,34021003800,-74.860548,40.299282,340210038001
Block Group 3,340210003003,1017,333,0.04,Mercer County,Trenton City,Census Tract 3,34021000300,-74.739842,40.204104,340210003003
Block Group 2,340170124002,983,351,0.1,Hudson County,Kearny Town,Census Tract 124,34017012400,-74.142305,40.779666,340170124002
Block Group 2,340057012032,1323,696,0.24,Burlington County,Burlington City,Census Tract 7012.03,34005701203,-74.839598,40.075488,340057012032
Block Group 2,340057012042,1242,558,0.17,Burlington County,Burlington City,Census Tract 7012.04,34005701204,-74.853155,40.07475,340057012042
Block Group 1,340057012051,1534,778,0.31,Burlington County,Burlington City,Census Tract 7012.05,34005701205,-74.861698,40.07729,340057012051
Block Group 2,340373722002,950,608,5.6,Sussex County,Frankford Township,Census Tract 3722,34037372200,-74.801885,41.15301,340373722002
Block Group 1,340057006051,1323,469,0.31,Burlington County,Delran Township,Census Tract 7006.05,34005700605,-74.954627,39.996538,340057006051
Block Group 3,340057006053,1771,679,0.26,Burlington County,Delran Township,Census Tract 7006.05,34005700605,-74.963711,40.003946,340057006053
Block Group 1,340057007011,1576,618,0.26,Burlington County,Riverside Township,Census Tract 7007.01,34005700701,-74.958977,40.028855,340057007011
Block Group 1,340373746001,755,304,0.31,Sussex County,Stanhope Borough,Census Tract 3746,34037374600,-74.713897,40.909719,340373746001
Block Group 3,340270455043,1894,577,1.68,Morris County,Roxbury Township,Census Tract 455.04,34027045504,-74.677632,40.885625,340270455043
Block Group 4,340270465004,1598,544,2.33,Morris County,Randolph Township,Census Tract 465,34027046500,-74.536045,40.867056,340270465004
Block Group 1,340076078011,945,360,0.18,Camden County,Lindenwold Borough,Census Tract 6078.01,34007607801,-75.012437,39.815073,340076078011
Block Group 3,340230031023,1379,436,0.17,Middlesex County,Woodbridge Township,Census Tract 31.02,34023003102,-74.313867,40.542587,340230031023
Block Group 4,340270434014,1769,731,0.5,Morris County,Morris Township,Census Tract 434.01,34027043401,-74.489802,40.816319,340270434014
Block Group 2,340270459042,1699,596,7.67,Morris County,Chester Township,Census Tract 459.04,34027045904,-74.688357,40.809954,340270459042
Block Group 2,340270444012,1232,477,5.42,Morris County,Rockaway Township,Census Tract 444.01,34027044401,-74.510014,40.952952,340270444012
Block Group 1,340230046001,1069,329,0.03,Middlesex County,Perth Amboy City,Census Tract 46,34023004600,-74.265017,40.511275,340230046001
Block Group 3,340230046003,1151,347,0.05,Middlesex County,Perth Amboy City,Census Tract 46,34023004600,-74.266458,40.515794,340230046003
Block Group 2,340230047002,1491,507,0.1,Middlesex County,Perth Amboy City,Census Tract 47,34023004700,-74.284906,40.519323,340230047002
Block Group 2,340230051002,3297,635,0.2,Middlesex County,New Brunswick City,Census Tract 51,34023005100,-74.445016,40.502913,340230051002
Block Group 4,340230051004,884,557,0.22,Middlesex County,New Brunswick City,Census Tract 51,34023005100,-74.460258,40.505465,340230051004
Block Group 1,340230052001,1771,873,0.06,Middlesex County,New Brunswick City,Census Tract 52,34023005200,-74.453156,40.496041,340230052001
Block Group 2,340170019002,1347,852,0.05,Hudson County,Jersey City,Census Tract 19,34017001900,-74.061341,40.732636,340170019002
Block Group 2,340170077032,3203,1549,0.14,Hudson County,Jersey City,Census Tract 77.03,34017007703,-74.029552,40.731693,340170077032
Block Group 1,340170148011,2668,1132,0.09,Hudson County,North Bergen Township,Census Tract 148.01,34017014801,-74.04325,40.765857,340170148011
Block Group 2,340130214002,1594,791,0.36,Essex County,Cedar Grove Township,Census Tract 214,34013021400,-74.221848,40.838926,340130214002
Block Group 3,340130214003,1149,488,0.16,Essex County,Cedar Grove Township,Census Tract 214,34013021400,-74.231313,40.840384,340130214003
Block Group 5,340130214005,1056,338,0.3,Essex County,Cedar Grove Township,Census Tract 214,34013021400,-74.228336,40.84983,340130214005
Block Group 6,340130214006,1295,396,0.34,Essex County,Cedar Grove Township,Census Tract 214,34013021400,-74.21979,40.858904,340130214006
Block Group 4,340258002004,1068,535,0.56,Monmouth County,Atlantic Highlands Borough,Census Tract 8002,34025800200,-74.022757,40.425264,340258002004
Block Group 2,340057040152,2317,1113,1.42,Burlington County,Evesham Township,Census Tract 7040.15,34005704015,-74.87261,39.90913,340057040152
Block Group 3,340030291003,2217,1065,0.23,Bergen County,Little Ferry Borough,Census Tract 291,34003029100,-74.031379,40.853656,340030291003
Block Group 3,340030312003,953,412,0.09,Bergen County,Lyndhurst Township,Census Tract 312,34003031200,-74.124616,40.813001,340030312003
Block Group 4,340155012094,1672,558,1.11,Gloucester County,Washington Township,Census Tract 5012.09,34015501209,-75.103216,39.762866,340155012094
Block Group 4,340373715024,1540,711,1.35,Sussex County,Vernon Township,Census Tract 3715.02,34037371502,-74.479184,41.176998,340373715024
Block Group 2,340110204002,2208,735,0.71,Cumberland County,Bridgeton City,Census Tract 204,34011020400,-75.213836,39.432317,340110204002
Block Group 1,340297280021,589,1050,0.28,Ocean County,Berkeley Township; Seaside Park Borough,Census Tract 7280.02,34029728002,-74.08358,39.92399,340297280021
Block Group 2,340297220032,3147,1350,1.13,Ocean County,Toms River Township,Census Tract 7220.03,34029722003,-74.231987,40.032811,340297220032
Block Group 1,340297351051,1422,1652,0.5,Ocean County,Stafford Township,Census Tract 7351.05,34029735105,-74.225381,39.669831,340297351051
Block Group 1,340170150041,1601,816,0.03,Hudson County,Guttenberg Town,Census Tract 150.04,34017015004,-74.00222,40.791584,340170150041
Block Group 3,340170008003,1169,574,0.05,Hudson County,Jersey City,Census Tract 8,34017000800,-74.043774,40.742708,340170008003
Block Group 1,340170185021,1084,610,0.02,Hudson County,Hoboken City,Census Tract 185.02,34017018502,-74.033953,40.746316,340170185021
Block Group 1,340170184011,970,572,0.02,Hudson County,Hoboken City,Census Tract 184.01,34017018401,-74.031979,40.751243,340170184011
Block Group 3,340170184013,1367,578,0.03,Hudson County,Hoboken City,Census Tract 184.01,34017018401,-74.028688,40.750814,340170184013
Block Group 2,340170067002,281,138,0.01,Hudson County,Jersey City,Census Tract 67,34017006700,-74.061299,40.72209,340170067002
Block Group 1,340270455041,1234,427,2.62,Morris County,Roxbury Township,Census Tract 455.04,34027045504,-74.679096,40.87188,340270455041
Block Group 2,340010107002,1295,542,11.78,Atlantic County,Mullica Township,Census Tract 107,34001010700,-74.672611,39.605781,340010107002
Block Group 2,340155016082,1751,805,0.38,Gloucester County,Monroe Township,Census Tract 5016.08,34015501608,-75.02285,39.712884,340155016082
Block Group 3,340297171013,3286,974,2.34,Ocean County,Jackson Township,Census Tract 7171.01,34029717101,-74.297885,40.145387,340297171013
Block Group 4,340155002024,974,445,0.29,Gloucester County,West Deptford Township,Census Tract 5002.02,34015500202,-75.158624,39.852617,340155002024
Block Group 2,340057038042,2998,1037,2.17,Burlington County,Medford Township,Census Tract 7038.04,34005703804,-74.838368,39.850368,340057038042
Block Group 1,340350515001,2173,889,0.2,Somerset County,Manville Borough,Census Tract 515,34035051500,-74.594185,40.540689,340350515001
Block Group 2,340010113002,1720,691,1.23,Atlantic County,Buena Borough,Census Tract 113,34001011300,-74.940585,39.520334,340010113002
Block Group 3,340010107003,2058,857,19.2,Atlantic County,Mullica Township,Census Tract 107,34001010700,-74.644176,39.575641,340010107003
Block Group 2,340010015002,618,317,0.05,Atlantic County,Atlantic City,Census Tract 15,34001001500,-74.423227,39.369207,340010015002
Block Group 2,340010115002,2414,852,15.56,Atlantic County,Hamilton Township,Census Tract 115,34001011500,-74.806355,39.458847,340010115002
Block Group 1,340010105011,1576,1005,1.89,Atlantic County,Galloway Township,Census Tract 105.01,34001010501,-74.474416,39.499523,340010105011
Block Group 2,340010122002,1798,629,0.26,Atlantic County,Pleasantville City,Census Tract 122,34001012200,-74.537294,39.382051,340010122002
Block Group 2,340030613002,1449,519,0.75,Bergen County,Wyckoff Township,Census Tract 613,34003061300,-74.180307,40.991189,340030613002
Block Group 1,340297159011,2905,810,0.32,Ocean County,Lakewood Township,Census Tract 7159.01,34029715901,-74.204027,40.043085,340297159011
Block Group 4,340312568014,1327,564,3.86,Passaic County,West Milford Township,Census Tract 2568.01,34031256801,-74.40358,41.165929,340312568014
Block Group 2,340030591002,1143,449,0.2,Bergen County,Westwood Borough,Census Tract 591,34003059100,-74.024337,40.988908,340030591002
Block Group 3,340030591003,876,319,0.2,Bergen County,Westwood Borough,Census Tract 591,34003059100,-74.023631,40.995713,340030591003
Block Group 3,340312568023,871,353,0.9,Passaic County,West Milford Township,Census Tract 2568.02,34031256802,-74.35556,41.145764,340312568023
Block Group 3,340030441003,1113,376,0.66,Bergen County,Ramsey Borough,Census Tract 441,34003044100,-74.164626,41.049245,340030441003
Block Group 5,340030542005,780,364,0.03,Bergen County,Teaneck Township,Census Tract 542,34003054200,-74.002977,40.901423,340030542005
Block Group 1,340030543001,1536,467,0.24,Bergen County,Teaneck Township,Census Tract 543,34003054300,-74.007298,40.906983,340030543001
Block Group 2,340030543002,1302,431,0.19,Bergen County,Teaneck Township,Census Tract 543,34003054300,-74.013581,40.89858,340030543002
Block Group 1,340230077041,1013,370,0.18,Middlesex County,Old Bridge Township,Census Tract 77.04,34023007704,-74.35608,40.400723,340230077041
Block Group 2,340230077042,1565,598,0.56,Middlesex County,Old Bridge Township,Census Tract 77.04,34023007704,-74.352278,40.392868,340230077042
Block Group 2,340297312032,894,615,0.27,Ocean County,Berkeley Township,Census Tract 7312.03,34029731203,-74.281194,39.956454,340297312032
Block Group 2,340297312042,1035,660,0.31,Ocean County,Berkeley Township,Census Tract 7312.04,34029731204,-74.247688,39.948514,340297312042
Block Group 2,340030514002,1370,480,0.16,Bergen County,Rutherford Borough,Census Tract 514,34003051400,-74.114747,40.81937,340030514002
Block Group 1,340030571021,1412,535,0.1,Bergen County,Wallington Borough,Census Tract 571.02,34003057102,-74.103212,40.850359,340030571021
Block Group 2,340030381002,973,427,0.08,Bergen County,North Arlington Borough,Census Tract 381,34003038100,-74.124968,40.796255,340030381002
Block Group 1,340030500001,813,281,0.13,Bergen County,Rochelle Park Township,Census Tract 500,34003050000,-74.076722,40.909769,340030500001
Block Group 4,340030452004,665,319,0.03,Bergen County,Ridgefield Borough,Census Tract 452,34003045200,-74.004665,40.837034,340030452004
Block Group 2,340230006092,1242,471,0.46,Middlesex County,Piscataway Township,Census Tract 6.09,34023000609,-74.424731,40.529715,340230006092
Block Group 1,340010013001,607,281,0.12,Atlantic County,Atlantic City,Census Tract 13,34001001300,-74.446382,39.37401,340010013001
Block Group 1,340297201061,1744,1240,1.22,Ocean County,Manchester Township,Census Tract 7201.06,34029720106,-74.31646,39.958323,340297201061
Block Group 1,340010004001,1275,1203,0.11,Atlantic County,Atlantic City,Census Tract 4,34001000400,-74.452441,39.350488,340010004001
Block Group 1,340010102001,2168,1080,0.45,Atlantic County,Absecon City,Census Tract 102,34001010200,-74.49213,39.436924,340010102001
Block Group 1,340010110001,856,339,0.28,Atlantic County,Hammonton Town,Census Tract 110,34001011000,-74.804219,39.629786,340010110001
Block Group 2,340010104032,2165,688,2.19,Atlantic County,Galloway Township,Census Tract 104.03,34001010403,-74.543865,39.461797,340010104032
Block Group 2,340010118032,2290,1132,0.6,Atlantic County,Egg Harbor Township,Census Tract 118.03,34001011803,-74.551694,39.394017,340010118032
Block Group 2,340010013002,1294,624,6.42,Atlantic County,Atlantic City,Census Tract 13,34001001300,-74.461216,39.385494,340010013002
Block Group 2,340010104012,3216,1433,19.98,Atlantic County,Galloway Township,Census Tract 104.01,34001010401,-74.568236,39.524124,340010104012
Block Group 2,340057004072,1517,671,0.05,Burlington County,Maple Shade Township,Census Tract 7004.07,34005700407,-74.984183,39.949419,340057004072
Block Group 1,340258071001,466,255,0.1,Monmouth County,Asbury Park City,Census Tract 8071,34025807100,-74.013395,40.227707,340258071001
Block Group 2,340297134012,773,308,0.33,Ocean County,Brick Township,Census Tract 7134.01,34029713401,-74.149189,40.09177,340297134012
Block Group 2,340297361052,549,524,0.17,Ocean County,Little Egg Harbor Township,Census Tract 7361.05,34029736105,-74.379871,39.562814,340297361052
Block Group 4,340297361054,1048,949,0.29,Ocean County,Little Egg Harbor Township,Census Tract 7361.05,34029736105,-74.373141,39.562283,340297361054
Block Group 7,340297381007,535,948,1.49,Ocean County,Barnegat Light Borough; Long Beach Township; Ocean Township,Census Tract 7381,34029738100,-74.130326,39.762672,340297381007
Block Group 2,340090218032,1111,892,0.37,Cape May County,Lower Township,Census Tract 218.03,34009021803,-74.941529,39.025093,340090218032
Block Group 3,340090218043,1327,806,0.27,Cape May County,Lower Township,Census Tract 218.04,34009021804,-74.936843,39.031161,340090218043
Block Group 4,340297390004,560,943,0.26,Ocean County,Surf City Borough,Census Tract 7390,34029739000,-74.174211,39.6592,340297390004
Block Group 2,340297180002,777,370,0.56,Ocean County,Plumsted Township,Census Tract 7180,34029718000,-74.524001,40.069581,340297180002
Block Group 1,340230015051,2282,808,0.64,Middlesex County,Edison Township,Census Tract 15.05,34023001505,-74.4034,40.532635,340230015051
Block Group 1,340230015061,2749,853,0.13,Middlesex County,Edison Township,Census Tract 15.06,34023001506,-74.411971,40.527685,340230015061
Block Group 2,340230015062,964,327,1.06,Middlesex County,Edison Township,Census Tract 15.06,34023001506,-74.422749,40.519015,340230015062
Block Group 3,340230015063,2802,1030,0.2,Middlesex County,Edison Township,Census Tract 15.06,34023001506,-74.408386,40.524081,340230015063
Block Group 3,340230019013,1755,854,0.22,Middlesex County,Edison Township,Census Tract 19.01,34023001901,-74.332334,40.550678,340230019013
Block Group 2,340270434022,856,338,0.19,Morris County,Morris Township,Census Tract 434.02,34027043402,-74.494015,40.793973,340270434022
Block Group 3,340270434023,1403,413,0.42,Morris County,Morris Township,Census Tract 434.02,34027043402,-74.498804,40.80482,340270434023
Block Group 4,340057005014,897,378,0.56,Burlington County,Moorestown Township,Census Tract 7005.01,34005700501,-74.950103,39.953124,340057005014
Block Group 1,340297154041,1506,369,0.21,Ocean County,Lakewood Township,Census Tract 7154.04,34029715404,-74.230589,40.095342,340297154041
Block Group 1,340210017001,1213,757,0.08,Mercer County,Trenton City,Census Tract 17,34021001700,-74.761845,40.233286,340210017001
Block Group 2,340155014032,755,302,0.46,Gloucester County,Glassboro Borough,Census Tract 5014.03,34015501403,-75.138514,39.708663,340155014032
Block Group 2,340297202062,2090,1264,0.95,Ocean County,Manchester Township,Census Tract 7202.06,34029720206,-74.270374,40.04054,340297202062
Block Group 1,340297220011,1606,692,0.73,Ocean County,Toms River Township,Census Tract 7220.01,34029722001,-74.251533,40.045082,340297220011
Block Group 4,340390372004,1032,563,0.23,Union County,Cranford Township,Census Tract 372,34039037200,-74.293331,40.653275,340390372004
Block Group 3,340390373003,1392,700,0.5,Union County,Cranford Township,Census Tract 373,34039037300,-74.287041,40.64732,340390373003
Block Group 2,340311242012,1919,667,0.21,Passaic County,Clifton City,Census Tract 1242.01,34031124201,-74.172876,40.8869,340311242012
Block Group 2,340311830012,1043,309,0.05,Passaic County,Paterson City,Census Tract 1830.01,34031183001,-74.155835,40.89446,340311830012
Block Group 3,340390374003,1398,496,0.36,Union County,Cranford Township,Census Tract 374,34039037400,-74.307934,40.642271,340390374003
Block Group 2,340390375002,1163,481,0.2,Union County,Springfield Township,Census Tract 375,34039037500,-74.31143,40.706291,340390375002
Block Group 2,340390376022,2868,1186,1.01,Union County,Springfield Township,Census Tract 376.02,34039037602,-74.323693,40.685136,340390376022
Block Group 2,340297361062,1629,657,1.66,Ocean County,Little Egg Harbor Township,Census Tract 7361.06,34029736106,-74.349337,39.570272,340297361062
Block Group 3,340297201043,993,786,0.23,Ocean County,Manchester Township,Census Tract 7201.04,34029720104,-74.363192,39.964873,340297201043
Block Group 2,340311540062,1786,777,0.42,Passaic County,Little Falls Township,Census Tract 1540.06,34031154006,-74.221582,40.880643,340311540062
Block Group 2,340390377002,1090,336,0.43,Union County,Summit City,Census Tract 377,34039037700,-74.347389,40.723762,340390377002
Block Group 1,340190111001,653,255,5.17,Hunterdon County,Readington Township,Census Tract 111,34019011100,-74.742294,40.632485,340190111001
Block Group 2,340190113012,2788,1037,4.37,Hunterdon County,Raritan Township,Census Tract 113.01,34019011301,-74.853436,40.522793,340190113012
Block Group 2,340059822002,0,0,1.48,Burlington County,Springfield Township; Wrightstown Borough,Census Tract 9822,34005982200,-74.647373,40.020946,340059822002
Block Group 3,340130190003,716,215,0.17,Essex County,South Orange Village,Census Tract 190,34013019000,-74.278022,40.753924,340130190003
Block Group 4,340130190004,1595,531,0.43,Essex County,South Orange Village,Census Tract 190,34013019000,-74.27239,40.755441,340130190004
Block Group 2,340130191002,766,236,0.1,Essex County,South Orange Village,Census Tract 191,34013019100,-74.241466,40.744362,340130191002
Block Group 2,340297202052,1236,732,0.54,Ocean County,Manchester Township,Census Tract 7202.05,34029720205,-74.295272,40.020326,340297202052
Block Group 1,340190114001,1326,449,0.09,Hunterdon County,Flemington Borough,Census Tract 114,34019011400,-74.859297,40.51589,340190114001
Block Group 6,340030140006,1336,429,0.2,Bergen County,Emerson Borough,Census Tract 140,34003014000,-74.034431,40.97588,340030140006
Block Group 2,340030151002,596,234,0.37,Bergen County,Englewood City,Census Tract 151,34003015100,-73.96106,40.891822,340030151002
Block Group 3,340030151003,743,330,0.16,Bergen County,Englewood City,Census Tract 151,34003015100,-73.967737,40.89605,340030151003
Block Group 1,340030152001,1262,465,0.15,Bergen County,Englewood City,Census Tract 152,34003015200,-73.967924,40.906005,340030152001
Block Group 2,340030152002,985,346,0.18,Bergen County,Englewood City,Census Tract 152,34003015200,-73.984132,40.908531,340030152002
Block Group 4,340030152004,995,330,0.11,Bergen County,Englewood City,Census Tract 152,34003015200,-73.976766,40.910536,340030152004
Block Group 5,340297172005,1190,713,2.36,Ocean County,Jackson Township,Census Tract 7172,34029717200,-74.346477,40.146496,340297172005
Block Group 1,340076014001,810,282,0.07,Camden County,Camden City,Census Tract 6014,34007601400,-75.104805,39.936062,340076014001
Block Group 6,340030152006,1405,484,0.13,Bergen County,Englewood City,Census Tract 152,34003015200,-73.97991,40.902321,340030152006
Block Group 4,340297392004,930,1024,0.59,Ocean County,Bay Head Borough,Census Tract 7392,34029739200,-74.043608,40.068719,340297392004
Block Group 2,340297392002,200,423,0.16,Ocean County,Brick Township,Census Tract 7392,34029739200,-74.072891,40.008671,340297392002
Block Group 3,340297170023,1513,583,0.29,Ocean County,Jackson Township,Census Tract 7170.02,34029717002,-74.258228,40.12243,340297170023
Block Group 3,340170182003,1155,555,0.04,Hudson County,Weehawken Township,Census Tract 182,34017018200,-74.028451,40.764278,340170182003
Block Group 2,340170181002,1029,457,0.03,Hudson County,Weehawken Township,Census Tract 181,34017018100,-74.022314,40.769785,340170181002
Block Group 1,340170186001,1658,885,0.02,Hudson County,Hoboken City,Census Tract 186,34017018600,-74.030139,40.747596,340170186001
Block Group 1,340170189001,1637,785,0.03,Hudson County,Hoboken City,Census Tract 189,34017018900,-74.034507,40.744498,340170189001
Block Group 2,340170189002,2378,1396,0.03,Hudson County,Hoboken City,Census Tract 189,34017018900,-74.037815,40.744965,340170189002
Block Group 3,340170190003,1076,511,0.02,Hudson County,Hoboken City,Census Tract 190,34017019000,-74.040102,40.742269,340170190003
Block Group 1,340170191001,3949,2180,0.06,Hudson County,Hoboken City,Census Tract 191,34017019100,-74.03692,40.739833,340170191001
Block Group 1,340170192001,1952,922,0.05,Hudson County,Hoboken City,Census Tract 192,34017019200,-74.0372,40.737266,340170192001
Block Group 4,340258086004,770,246,0.64,Monmouth County,Wall Township,Census Tract 8086,34025808600,-74.073615,40.189058,340258086004
Block Group 3,340258025003,846,298,0.1,Monmouth County,Aberdeen Township,Census Tract 8025,34025802500,-74.219186,40.440432,340258025003
Block Group 2,340057022082,2704,994,2.41,Burlington County,Pemberton Township,Census Tract 7022.08,34005702208,-74.529024,39.944483,340057022082
Block Group 1,340030130021,1614,652,0.12,Bergen County,Edgewater Borough,Census Tract 130.02,34003013002,-73.971608,40.838609,340030130021
Block Group 1,340155007041,710,261,0.41,Gloucester County,Mantua Township,Census Tract 5007.04,34015500704,-75.182174,39.79451,340155007041
Block Group 1,340230083001,1353,492,0.19,Middlesex County,Jamesburg Borough,Census Tract 83,34023008300,-74.440848,40.355944,340230083001
Block Group 2,340230083002,1767,703,0.24,Middlesex County,Jamesburg Borough,Census Tract 83,34023008300,-74.431226,40.347844,340230083002
Block Group 3,340230083003,2663,1033,0.46,Middlesex County,Jamesburg Borough,Census Tract 83,34023008300,-74.442783,40.348545,340230083003
Block Group 1,340230084031,1918,655,0.62,Middlesex County,South Brunswick Township,Census Tract 84.03,34023008403,-74.572785,40.390526,340230084031
Block Group 1,340057004031,922,378,0.16,Burlington County,Maple Shade Township,Census Tract 7004.03,34005700403,-74.99351,39.955855,340057004031
Block Group 2,340390390002,1545,598,0.12,Union County,Plainfield City,Census Tract 390,34039039000,-74.413614,40.624431,340390390002
Block Group 1,340390391001,1439,534,0.32,Union County,Plainfield City,Census Tract 391,34039039100,-74.390942,40.628944,340390391001
Block Group 2,340390391002,652,266,0.11,Union County,Plainfield City,Census Tract 391,34039039100,-74.397145,40.625946,340390391002
Block Group 3,340297202053,1326,892,0.35,Ocean County,Manchester Township,Census Tract 7202.05,34029720205,-74.286551,40.017725,340297202053
Block Group 2,340155014022,0,0,1.34,Gloucester County,Glassboro Borough,Census Tract 5014.02,34015501402,-75.077043,39.687546,340155014022
Block Group 3,340230047003,1708,554,0.1,Middlesex County,Perth Amboy City,Census Tract 47,34023004700,-74.280985,40.514814,340230047003
Block Group 2,340230048002,1583,482,0.05,Middlesex County,Perth Amboy City,Census Tract 48,34023004800,-74.280668,40.509316,340230048002
Block Group 3,340230049003,1869,572,0.07,Middlesex County,Perth Amboy City,Census Tract 49,34023004900,-74.266987,40.505695,340230049003
Block Group 1,340230050001,749,296,0.07,Middlesex County,Perth Amboy City,Census Tract 50,34023005000,-74.273754,40.499616,340230050001
Block Group 2,340230050002,2052,579,0.08,Middlesex County,Perth Amboy City,Census Tract 50,34023005000,-74.269894,40.502766,340230050002
Block Group 3,340230050003,2635,743,0.12,Middlesex County,Perth Amboy City,Census Tract 50,34023005000,-74.273621,40.504536,340230050003
Block Group 1,340230051001,601,272,0.11,Middlesex County,New Brunswick City,Census Tract 51,34023005100,-74.462318,40.501757,340230051001
Block Group 2,340350509032,1155,389,1.15,Somerset County,Bridgewater Township,Census Tract 509.03,34035050903,-74.596886,40.616464,340350509032
Block Group 4,340130211004,1214,544,0.12,Essex County,Verona Township,Census Tract 211,34013021100,-74.239066,40.830247,340130211004
Block Group 5,340130211005,1091,373,0.2,Essex County,Verona Township,Census Tract 211,34013021100,-74.238962,40.837612,340130211005
Block Group 4,340155006014,1979,820,2.78,Gloucester County,East Greenwich Township,Census Tract 5006.01,34015500601,-75.237037,39.81038,340155006014
Block Group 1,340155006011,2305,795,1.17,Gloucester County,East Greenwich Township,Census Tract 5006.01,34015500601,-75.210102,39.799828,340155006011
Block Group 2,340210003002,1410,437,0.07,Mercer County,Trenton City,Census Tract 3,34021000300,-74.741776,40.20167,340210003002
Block Group 1,340130186001,1446,522,0.13,Essex County,City of Orange Township,Census Tract 186,34013018600,-74.235751,40.772563,340130186001
Block Group 3,340130186003,1167,450,0.06,Essex County,City of Orange Township,Census Tract 186,34013018600,-74.231518,40.766797,340130186003
Block Group 5,340130186005,1005,397,0.07,Essex County,City of Orange Township,Census Tract 186,34013018600,-74.241503,40.76916,340130186005
Block Group 3,340155006023,1786,534,3.58,Gloucester County,East Greenwich Township,Census Tract 5006.02,34015500602,-75.264229,39.78833,340155006023
Block Group 2,340155011032,1875,586,1.64,Gloucester County,Deptford Township,Census Tract 5011.03,34015501103,-75.09956,39.7984,340155011032
Block Group 2,340155022042,893,302,4.13,Gloucester County,Woolwich Township,Census Tract 5022.04,34015502204,-75.297727,39.774301,340155022042
Block Group 2,340155006022,1314,412,1.77,Gloucester County,East Greenwich Township,Census Tract 5006.02,34015500602,-75.250111,39.776173,340155006022
Block Group 1,340155007021,839,409,0.97,Gloucester County,Mantua Township,Census Tract 5007.02,34015500702,-75.123931,39.756954,340155007021
Block Group 1,340130187001,670,568,0.07,Essex County,City of Orange Township,Census Tract 187,34013018700,-74.230811,40.759925,340130187001
Block Group 2,340130187002,819,337,0.07,Essex County,City of Orange Township,Census Tract 187,34013018700,-74.233464,40.760765,340130187002
Block Group 4,340130187004,2157,885,0.08,Essex County,City of Orange Township,Census Tract 187,34013018700,-74.240529,40.766533,340130187004
Block Group 2,340130188002,1018,322,0.13,Essex County,City of Orange Township,Census Tract 188,34013018800,-74.23833,40.757031,340130188002
Block Group 2,340030172002,933,317,0.13,Bergen County,Fair Lawn Borough,Census Tract 172,34003017200,-74.130685,40.94096,340030172002
Block Group 3,340030172003,1088,365,0.2,Bergen County,Fair Lawn Borough,Census Tract 172,34003017200,-74.137445,40.938678,340030172003
Block Group 4,340030172004,945,326,0.13,Bergen County,Fair Lawn Borough,Census Tract 172,34003017200,-74.123965,40.935756,340030172004
Block Group 5,340030172005,1062,387,0.19,Bergen County,Fair Lawn Borough,Census Tract 172,34003017200,-74.136351,40.945042,340030172005
Block Group 2,340270461042,1559,514,1.48,Morris County,Mount Olive Township,Census Tract 461.04,34027046104,-74.708133,40.860941,340270461042
Block Group 5,340270451005,1335,508,0.62,Morris County,Wharton Borough,Census Tract 451,34027045100,-74.57533,40.900585,340270451005
Block Group 1,340155022041,1959,597,6.46,Gloucester County,Woolwich Township,Census Tract 5022.04,34015502204,-75.294101,39.738342,340155022041
Block Group 6,340030172006,885,348,0.23,Bergen County,Fair Lawn Borough,Census Tract 172,34003017200,-74.143452,40.946148,340030172006
Block Group 1,340390388001,1368,562,0.13,Union County,Plainfield City,Census Tract 388,34039038800,-74.41132,40.639991,340390388001
Block Group 1,340170003001,808,351,0.05,Hudson County,Jersey City,Census Tract 3,34017000300,-74.040285,40.751122,340170003001
Block Group 5,340030482005,1418,468,0.18,Bergen County,River Edge Borough,Census Tract 482,34003048200,-74.03986,40.929582,340030482005
Block Group 3,340390321013,1664,626,0.16,Union County,Elizabeth City,Census Tract 321.01,34039032101,-74.2446,40.665468,340390321013
Block Group 2,340390321012,967,317,0.09,Union County,Elizabeth City,Census Tract 321.01,34039032101,-74.236262,40.66757,340390321012
Block Group 1,340390307041,1411,508,0.05,Union County,Elizabeth City,Census Tract 307.04,34039030704,-74.217022,40.657554,340390307041
Block Group 1,340390307031,1536,533,0.06,Union County,Elizabeth City,Census Tract 307.03,34039030703,-74.218337,40.653016,340390307031
Block Group 1,340390395021,1715,437,0.2,Union County,Plainfield City,Census Tract 395.02,34039039502,-74.446388,40.599373,340390395021
Block Group 3,340350537063,1382,472,3.41,Somerset County,Hillsborough Township,Census Tract 537.06,34035053706,-74.655072,40.538699,340350537063
Block Group 1,340258023001,2479,909,0.81,Monmouth County,Hazlet Township,Census Tract 8023,34025802300,-74.166072,40.420496,340258023001
Block Group 1,340210004001,1831,532,0.05,Mercer County,Trenton City,Census Tract 4,34021000400,-74.745537,40.208695,340210004001
Block Group 2,340210004002,1169,396,0.04,Mercer County,Trenton City,Census Tract 4,34021000400,-74.743706,40.205346,340210004002
Block Group 3,340210004003,3305,1014,0.11,Mercer County,Trenton City,Census Tract 4,34021000400,-74.74914,40.206632,340210004003
Block Group 1,340210005001,1662,524,0.05,Mercer County,Trenton City,Census Tract 5,34021000500,-74.741287,40.208685,340210005001
Block Group 1,340030182001,1307,452,0.05,Bergen County,Fairview Borough,Census Tract 182,34003018200,-73.997532,40.821574,340030182001
Block Group 4,340030212004,806,300,0.03,Bergen County,Garfield City,Census Tract 212,34003021200,-74.117459,40.882678,340030212004
Block Group 1,340030252001,1103,377,0.11,Bergen County,Hasbrouck Heights Borough,Census Tract 252,34003025200,-74.074781,40.867463,340030252001
Block Group 1,340210043161,1502,560,2.39,Mercer County,West Windsor Township,Census Tract 43.16,34021004316,-74.599867,40.262551,340210043161
Block Group 1,340210042051,1926,873,1.74,Mercer County,Princeton,Census Tract 42.05,34021004205,-74.650555,40.37855,340210042051
Block Group 1,340210044081,1002,353,0.38,Mercer County,East Windsor Township,Census Tract 44.08,34021004408,-74.540226,40.266362,340210044081
Block Group 0,340297330010,0,0,0,Ocean County,Long Beach Township; Ocean Township,Census Tract 7330.01,34029733001,-74.157265,39.783047,340297330010
Block Group 3,340110104013,1403,683,26,Cumberland County,Fairfield Township,Census Tract 104.01,34011010401,-75.300349,39.348491,340110104013
Block Group 0,340119900000,0,0,0,Cumberland County,,Census Tract 9900,34011990000,-75.231483,39.21878,340119900000
Block Group 1,340110103021,605,259,19.41,Cumberland County,Downe Township,Census Tract 103.02,34011010302,-75.119129,39.301017,340110103021
Block Group 2,340110103022,794,611,28.99,Cumberland County,Downe Township,Census Tract 103.02,34011010302,-75.137874,39.239268,340110103022
Block Group 2,340110101012,1627,726,71.52,Cumberland County,Maurice River Township,Census Tract 101.01,34011010101,-74.935813,39.333217,340110101012
Block Group 3,340110305013,1751,717,8.21,Cumberland County,Millville City,Census Tract 305.01,34011030501,-75.068187,39.361912,340110305013
Block Group 1,340390340001,1115,392,0.09,Union County,Roselle Borough,Census Tract 340,34039034000,-74.24566,40.661186,340390340001
Block Group 1,340230006031,1307,447,1.08,Middlesex County,Piscataway Township,Census Tract 6.03,34023000603,-74.466337,40.543944,340230006031
Block Group 2,340230006032,952,319,3.03,Middlesex County,Piscataway Township,Census Tract 6.03,34023000603,-74.45574,40.550542,340230006032
Block Group 4,340110102004,821,375,18.7,Cumberland County,Commercial Township,Census Tract 102,34011010200,-75.023917,39.298613,340110102004
Block Group 2,340110104012,1348,582,10.72,Cumberland County,Fairfield Township,Census Tract 104.01,34011010401,-75.167596,39.395393,340110104012
Block Group 2,340076110002,1985,845,0.19,Camden County,Gloucester City,Census Tract 6110,34007611000,-75.121625,39.890266,340076110002
Block Group 3,340076103003,792,479,0.13,Camden County,Camden City,Census Tract 6103,34007610300,-75.12531,39.935716,340076103003
Block Group 1,340258059001,980,371,0.11,Monmouth County,Long Branch City,Census Tract 8059,34025805900,-74.004794,40.295833,340258059001
Block Group 1,340110304021,1070,481,0.28,Cumberland County,Millville City,Census Tract 304.02,34011030402,-75.04392,39.411257,340110304021
Block Group 1,340110203011,1496,384,0.2,Cumberland County,Bridgeton City,Census Tract 203.01,34011020301,-75.23129,39.44001,340110203011
Block Group 2,340110411012,1885,748,0.58,Cumberland County,Vineland City,Census Tract 411.01,34011041101,-75.016916,39.484293,340110411012
Block Group 2,340258082012,626,316,0.08,Monmouth County,Bradley Beach Borough,Census Tract 8082.01,34025808201,-74.017233,40.201685,340258082012
Block Group 3,340258102023,2829,1044,0.91,Monmouth County,Manalapan Township,Census Tract 8102.02,34025810202,-74.349615,40.264051,340258102023
Block Group 6,340312238026,2073,672,0.87,Passaic County,Totowa Borough,Census Tract 2238.02,34031223802,-74.218633,40.914493,340312238026
Block Group 3,340311433023,2357,963,0.19,Passaic County,Hawthorne Borough,Census Tract 1433.02,34031143302,-74.149761,40.952404,340311433023
Block Group 2,340311242022,1542,566,0.23,Passaic County,Clifton City,Census Tract 1242.02,34031124202,-74.177667,40.878447,340311242022
Block Group 2,340311752002,1480,408,0.03,Passaic County,Passaic City,Census Tract 1752,34031175200,-74.116165,40.864644,340311752002
Block Group 4,340076035074,1697,772,0.71,Camden County,Cherry Hill Township,Census Tract 6035.07,34007603507,-74.959541,39.880419,340076035074
Block Group 2,340076036012,2035,1063,0.59,Camden County,Cherry Hill Township,Census Tract 6036.01,34007603601,-75.018993,39.884353,340076036012
Block Group 2,340230081022,2379,935,0.6,Middlesex County,Spotswood Borough,Census Tract 81.02,34023008102,-74.39654,40.396994,340230081022
Block Group 1,340210029031,1646,649,0.83,Mercer County,Hamilton Township,Census Tract 29.03,34021002903,-74.695543,40.244156,340210029031
Block Group 2,340230074022,580,230,0.14,Middlesex County,Sayreville Borough,Census Tract 74.02,34023007402,-74.279373,40.468103,340230074022
Block Group 3,340297232003,1959,678,0.49,Ocean County,Toms River Township,Census Tract 7232,34029723200,-74.159525,39.963869,340297232003
Block Group 1,340297233001,1841,702,0.31,Ocean County,Toms River Township,Census Tract 7233,34029723300,-74.145252,39.957056,340297233001
Block Group 3,340297233003,1147,427,0.33,Ocean County,Toms River Township,Census Tract 7233,34029723300,-74.127383,39.956918,340297233003
Block Group 4,340297233004,2015,737,0.8,Ocean County,Toms River Township,Census Tract 7233,34029723300,-74.140574,39.963039,340297233004
Block Group 1,340210043111,275,167,0.25,Mercer County,Robbinsville Township,Census Tract 43.11,34021004311,-74.627752,40.215618,340210043111
Block Group 5,340210043095,1284,420,1.65,Mercer County,Robbinsville Township,Census Tract 43.09,34021004309,-74.596374,40.206284,340210043095
Block Group 2,340210043152,2739,827,1.84,Mercer County,West Windsor Township,Census Tract 43.15,34021004315,-74.598172,40.287649,340210043152
Block Group 3,340076032013,2232,785,0.5,Camden County,Cherry Hill Township,Census Tract 6032.01,34007603201,-75.033976,39.944582,340076032013
Block Group 4,340076084034,1862,621,0.53,Camden County,Gloucester Township,Census Tract 6084.03,34007608403,-75.020206,39.750972,340076084034
Block Group 4,340057004074,1603,755,0.1,Burlington County,Maple Shade Township,Census Tract 7004.07,34005700407,-74.985802,39.955044,340057004074
Block Group 2,340190116002,2224,946,14.71,Hunterdon County,Delaware Township,Census Tract 116,34019011600,-74.935305,40.428632,340190116002
Block Group 1,340311434011,1395,568,0.2,Passaic County,Hawthorne Borough,Census Tract 1434.01,34031143401,-74.15081,40.943803,340311434011
Block Group 1,340076038001,2383,957,0.35,Camden County,Haddon Township,Census Tract 6038,34007603800,-75.05675,39.918826,340076038001
Block Group 2,340076062002,1623,662,0.5,Camden County,Haddonfield Borough,Census Tract 6062,34007606200,-75.029424,39.906121,340076062002
Block Group 1,340076114001,1880,710,1.46,Camden County,Pine Hill Borough,Census Tract 6114,34007611400,-74.954768,39.783453,340076114001
Block Group 4,340258126004,1234,475,1.68,Monmouth County,Eatontown Borough; Tinton Falls Borough,Census Tract 8126,34025812600,-74.08734,40.305491,340258126004
Block Group 2,340258061002,1385,549,0.36,Monmouth County,Long Branch City,Census Tract 8061,34025806100,-73.996459,40.278161,340258061002
Block Group 3,340258082013,834,619,0.17,Monmouth County,Bradley Beach Borough,Census Tract 8082.01,34025808201,-74.014006,40.197901,340258082013
Block Group 3,340076092073,1132,421,2.9,Camden County,Winslow Township,Census Tract 6092.07,34007609207,-74.944448,39.74861,340076092073
Block Group 2,340076033012,0,0,0.15,Camden County,Cherry Hill Township,Census Tract 6033.01,34007603301,-75.027215,39.935022,340076033012
Block Group 1,340311432011,1700,726,0.27,Passaic County,Hawthorne Borough,Census Tract 1432.01,34031143201,-74.145568,40.964816,340311432011
Block Group 3,340311244033,1154,401,0.53,Passaic County,Clifton City,Census Tract 1244.03,34031124403,-74.150746,40.8401,340311244033
Block Group 3,340010002003,740,730,0.06,Atlantic County,Atlantic City,Census Tract 2,34001000200,-74.464519,39.346089,340010002003
Block Group 4,340010102004,1177,435,0.57,Atlantic County,Absecon City,Census Tract 102,34001010200,-74.503921,39.44056,340010102004
Block Group 2,340010101012,476,947,0.18,Atlantic County,Brigantine City,Census Tract 101.01,34001010101,-74.360378,39.41118,340010101012
Block Group 2,340010128012,1393,762,0.34,Atlantic County,Somers Point City,Census Tract 128.01,34001012801,-74.594884,39.319477,340010128012
Block Group 3,340311811023,1649,494,0.05,Passaic County,Paterson City,Census Tract 1811.02,34031181102,-74.152302,40.932655,340311811023
Block Group 3,340311811013,1032,321,0.04,Passaic County,Paterson City,Census Tract 1811.01,34031181101,-74.149351,40.931906,340311811013
Block Group 2,340311827022,1767,577,0.05,Passaic County,Paterson City,Census Tract 1827.02,34031182702,-74.152009,40.906041,340311827022
Block Group 1,340311825011,1842,621,0.05,Passaic County,Paterson City,Census Tract 1825.01,34031182501,-74.143791,40.920414,340311825011
Block Group 1,340311830011,1446,485,0.08,Passaic County,Paterson City,Census Tract 1830.01,34031183001,-74.158661,40.897604,340311830011
Block Group 2,340311756032,1006,286,0.05,Passaic County,Passaic City,Census Tract 1756.03,34031175603,-74.13776,40.859354,340311756032
Block Group 1,340311801021,1462,446,0.08,Passaic County,Paterson City,Census Tract 1801.02,34031180102,-74.197868,40.92204,340311801021
Block Group 4,340311754014,1601,478,0.04,Passaic County,Passaic City,Census Tract 1754.01,34031175401,-74.129986,40.870186,340311754014
Block Group 3,340311802033,1203,290,0.03,Passaic County,Paterson City,Census Tract 1802.03,34031180203,-74.189683,40.919776,340311802033
Block Group 2,340057028022,1115,401,0.28,Burlington County,Willingboro Township,Census Tract 7028.02,34005702802,-74.872771,40.031893,340057028022
Block Group 5,340312238025,1172,404,0.44,Passaic County,Totowa Borough,Census Tract 2238.02,34031223802,-74.236832,40.907038,340312238025
Block Group 3,340311540063,1392,669,0.16,Passaic County,Little Falls Township,Census Tract 1540.06,34031154006,-74.24193,40.887701,340311540063
Block Group 1,340057028031,1903,718,0.34,Burlington County,Willingboro Township,Census Tract 7028.03,34005702803,-74.865144,40.019318,340057028031
Block Group 2,340110105002,771,364,17.77,Cumberland County,Greenwich Township,Census Tract 105,34011010500,-75.370989,39.386047,340110105002
Block Group 1,340110305011,1637,623,0.95,Cumberland County,Millville City,Census Tract 305.01,34011030501,-75.066644,39.390897,340110305011
Block Group 1,340110305021,2062,836,7.99,Cumberland County,Millville City,Census Tract 305.02,34011030502,-75.002473,39.365886,340110305021
Block Group 1,340090202011,796,660,0.49,Cape May County,Ocean City,Census Tract 202.01,34009020201,-74.572981,39.296737,340090202011
Block Group 1,340258056001,739,298,0.06,Monmouth County,Long Branch City,Census Tract 8056,34025805600,-73.990289,40.307354,340258056001
Block Group 1,340297152011,2088,382,0.14,Ocean County,Lakewood Township,Census Tract 7152.01,34029715201,-74.197343,40.094774,340297152011
Block Group 1,340297220031,1243,511,0.17,Ocean County,Toms River Township,Census Tract 7220.03,34029722003,-74.237088,40.038113,340297220031
Block Group 2,340130197002,1598,653,0.15,Essex County,Maplewood Township,Census Tract 197,34013019700,-74.259778,40.718322,340130197002
Block Group 3,340130197003,839,285,0.06,Essex County,Maplewood Township,Census Tract 197,34013019700,-74.269783,40.718611,340130197003
Block Group 4,340130197004,580,215,0.04,Essex County,Maplewood Township,Census Tract 197,34013019700,-74.265682,40.71983,340130197004
Block Group 2,340130198002,1028,345,0.12,Essex County,Maplewood Township,Census Tract 198,34013019800,-74.275105,40.723261,340130198002
Block Group 3,340130198003,789,269,0.08,Essex County,Maplewood Township,Census Tract 198,34013019800,-74.277627,40.720598,340130198003
Block Group 4,340210030034,2664,1161,0.52,Mercer County,Hamilton Township,Census Tract 30.03,34021003003,-74.680469,40.187447,340210030034
Block Group 1,340258001011,1747,1210,0.26,Monmouth County,Highlands Borough,Census Tract 8001.01,34025800101,-73.99501,40.411073,340258001011
Block Group 2,340297174002,3067,1087,8.51,Ocean County,Jackson Township,Census Tract 7174,34029717400,-74.345667,40.09459,340297174002
Block Group 3,340297380023,314,1004,0.31,Ocean County,Beach Haven Borough,Census Tract 7380.02,34029738002,-74.234876,39.563284,340297380023
Block Group 3,340270418033,2608,767,1.51,Morris County,Parsippany-Troy Hills Township,Census Tract 418.03,34027041803,-74.405832,40.855195,340270418033
Block Group 1,340210031001,2377,999,0.54,Mercer County,Lawrence Township,Census Tract 31,34021003100,-74.749361,40.248508,340210031001
Block Group 1,340210030091,2016,885,1.05,Mercer County,Hamilton Township,Census Tract 30.09,34021003009,-74.672037,40.209903,340210030091
Block Group 5,340390368005,2282,931,0.39,Union County,Westfield Town,Census Tract 368,34039036800,-74.31968,40.640172,340390368005
Block Group 1,340390318011,1841,749,0.08,Union County,Elizabeth City,Census Tract 318.01,34039031801,-74.227628,40.671527,340390318011
Block Group 3,340390318013,1346,415,0.04,Union County,Elizabeth City,Census Tract 318.01,34039031801,-74.224261,40.668757,340390318013
Block Group 1,340390319031,1571,701,0.04,Union County,Elizabeth City,Census Tract 319.03,34039031903,-74.227775,40.66532,340390319031
Block Group 2,340390319042,1775,839,0.05,Union County,Elizabeth City,Census Tract 319.04,34039031904,-74.222222,40.665903,340390319042
Block Group 1,340311814001,1885,635,0.05,Passaic County,Paterson City,Census Tract 1814,34031181400,-74.158514,40.919583,340311814001
Block Group 1,340311823021,1340,483,0.05,Passaic County,Paterson City,Census Tract 1823.02,34031182302,-74.156276,40.916567,340311823021
Block Group 2,340311823022,2002,628,0.04,Passaic County,Paterson City,Census Tract 1823.02,34031182302,-74.155887,40.9143,340311823022
Block Group 1,340270461101,1406,448,0.8,Morris County,Mount Olive Township,Census Tract 461.10,34027046110,-74.762767,40.876093,340270461101
Block Group 2,340270461072,1604,812,0.12,Morris County,Mount Olive Township,Census Tract 461.07,34027046107,-74.74521,40.859874,340270461072
Block Group 3,340270435003,1274,414,0.14,Morris County,Morristown Town,Census Tract 435,34027043500,-74.479499,40.809584,340270435003
Block Group 2,340130021002,747,278,0.03,Essex County,Newark City,Census Tract 21,34013002100,-74.235079,40.741273,340130021002
Block Group 2,340076086002,2099,965,1.07,Camden County,Clementon Borough,Census Tract 6086,34007608600,-74.98369,39.801739,340076086002
Block Group 1,340297350041,2462,865,0.41,Ocean County,Stafford Township,Census Tract 7350.04,34029735004,-74.27958,39.73083,340297350041
Block Group 1,340030050001,1444,551,0.22,Bergen County,Carlstadt Borough,Census Tract 50,34003005000,-74.096958,40.844823,340030050001
Block Group 3,340030050003,1256,513,0.08,Bergen County,Carlstadt Borough,Census Tract 50,34003005000,-74.092415,40.83917,340030050003
Block Group 2,340030352002,1283,425,0.82,Bergen County,Woodcliff Lake Borough,Census Tract 352,34003035200,-74.054708,41.019498,340030352002
Block Group 2,340210029022,766,307,0.19,Mercer County,Hamilton Township,Census Tract 29.02,34021002902,-74.697808,40.238109,340210029022
Block Group 1,340258083001,823,610,0.21,Monmouth County,Avon-by-the-Sea Borough,Census Tract 8083,34025808300,-74.010889,40.191578,340258083001
Block Group 1,340258084011,841,757,0.19,Monmouth County,Avon-by-the-Sea Borough; Belmar Borough,Census Tract 8084.01,34025808401,-74.015382,40.185231,340258084011
Block Group 1,340258084021,1234,732,0.2,Monmouth County,Belmar Borough,Census Tract 8084.02,34025808402,-74.026903,40.179064,340258084021
Block Group 1,340057037001,1674,551,1.69,Burlington County,Shamong Township,Census Tract 7037,34005703700,-74.761887,39.830517,340057037001
Block Group 1,340258097011,2692,855,3.67,Monmouth County,Marlboro Township,Census Tract 8097.01,34025809701,-74.234854,40.308703,340258097011
Block Group 2,340258084022,1033,578,0.15,Monmouth County,Belmar Borough,Census Tract 8084.02,34025808402,-74.032487,40.181863,340258084022
Block Group 2,340258100042,1601,579,0.73,Monmouth County,Manalapan Township,Census Tract 8100.04,34025810004,-74.317599,40.308459,340258100042
Block Group 1,340170141021,1223,532,0.03,Hudson County,North Bergen Township,Census Tract 141.02,34017014102,-74.005555,40.799735,340170141021
Block Group 4,340170142004,1604,586,0.03,Hudson County,North Bergen Township,Census Tract 142,34017014200,-74.006362,40.795445,340170142004
Block Group 3,340170145013,3104,1017,0.09,Hudson County,North Bergen Township,Census Tract 145.01,34017014501,-74.018722,40.800454,340170145013
Block Group 1,340297224011,1193,506,0.38,Ocean County,Toms River Township,Census Tract 7224.01,34029722401,-74.124233,40.014456,340297224011
Block Group 2,340297224012,1386,482,0.36,Ocean County,Toms River Township,Census Tract 7224.01,34029722401,-74.135769,40.009189,340297224012
Block Group 3,340297224013,1238,435,0.25,Ocean County,Toms River Township,Census Tract 7224.01,34029722401,-74.138103,40.013466,340297224013
Block Group 1,340297224021,1279,608,0.29,Ocean County,Toms River Township,Census Tract 7224.02,34029722402,-74.123774,40.007583,340297224021
Block Group 2,340155020012,2204,623,1.71,Gloucester County,Harrison Township,Census Tract 5020.01,34015502001,-75.228322,39.752479,340155020012
Block Group 1,340130020001,954,369,0.04,Essex County,Newark City,Census Tract 20,34013002000,-74.229254,40.747693,340130020001
Block Group 2,340130020002,2411,1142,0.08,Essex County,Newark City,Census Tract 20,34013002000,-74.23446,40.748436,340130020002
Block Group 3,340130020003,1186,474,0.04,Essex County,Newark City,Census Tract 20,34013002000,-74.233226,40.749887,340130020003
Block Group 1,340130021001,1313,481,0.06,Essex County,Newark City,Census Tract 21,34013002100,-74.231164,40.745068,340130021001
Block Group 3,340390304003,2269,719,0.05,Union County,Elizabeth City,Census Tract 304,34039030400,-74.187297,40.648887,340390304003
Block Group 3,340390381043,1398,583,0.2,Union County,New Providence Borough,Census Tract 381.04,34039038104,-74.401869,40.701701,340390381043
Block Group 4,340390389004,1842,652,0.11,Union County,Plainfield City,Census Tract 389,34039038900,-74.414865,40.631077,340390389004
Block Group 1,340210042041,2508,536,2.59,Mercer County,Princeton,Census Tract 42.04,34021004204,-74.666798,40.328138,340210042041
Block Group 2,340258005002,938,364,0.18,Monmouth County,Middletown Township,Census Tract 8005,34025800500,-74.09201,40.418087,340258005002
Block Group 2,340258009002,1896,688,1.29,Monmouth County,Middletown Township,Census Tract 8009,34025800900,-74.046528,40.403857,340258009002
Block Group 1,340030472001,874,270,0.23,Bergen County,Ridgewood Village,Census Tract 472,34003047200,-74.12427,41.002985,340030472001
Block Group 2,340030472002,1169,342,0.26,Bergen County,Ridgewood Village,Census Tract 472,34003047200,-74.119533,40.995785,340030472002
Block Group 1,340230084051,2804,848,0.87,Middlesex County,South Brunswick Township,Census Tract 84.05,34023008405,-74.54937,40.421186,340230084051
Block Group 1,340030421011,1132,392,0.2,Bergen County,Paramus Borough,Census Tract 421.01,34003042101,-74.04416,40.940817,340030421011
Block Group 2,340190119002,1025,513,0.43,Hunterdon County,Lambertville City,Census Tract 119,34019011900,-74.942495,40.375285,340190119002
Block Group 2,340270420002,1612,552,1.36,Morris County,Hanover Township,Census Tract 420,34027042000,-74.39467,40.824082,340270420002
Block Group 2,340057040082,1453,578,0.41,Burlington County,Evesham Township,Census Tract 7040.08,34005704008,-74.912493,39.878506,340057040082
Block Group 3,340057040083,1269,453,1.71,Burlington County,Evesham Township,Census Tract 7040.08,34005704008,-74.907682,39.859703,340057040083
Block Group 1,340030151001,1167,440,0.56,Bergen County,Englewood City,Census Tract 151,34003015100,-73.959395,40.901314,340030151001
Block Group 1,340057040051,1486,791,0.37,Burlington County,Evesham Township,Census Tract 7040.05,34005704005,-74.947815,39.910554,340057040051
Block Group 2,340057040072,1427,733,0.51,Burlington County,Evesham Township,Census Tract 7040.07,34005704007,-74.914147,39.885102,340057040072
Block Group 1,340311243121,1169,447,0.24,Passaic County,Clifton City,Census Tract 1243.12,34031124312,-74.188748,40.867058,340311243121
Block Group 2,340390329022,2539,880,0.33,Union County,Union Township,Census Tract 329.02,34039032902,-74.292837,40.699774,340390329022
Block Group 2,340410321012,1393,567,14.39,Warren County,Franklin Township,Census Tract 321.01,34041032101,-75.045759,40.70006,340410321012
Block Group 4,340130159004,1630,735,0.14,Essex County,Bloomfield Township,Census Tract 159,34013015900,-74.194065,40.777883,340130159004
Block Group 1,340130160001,1325,394,0.22,Essex County,Glen Ridge Borough,Census Tract 160,34013016000,-74.196334,40.821846,340130160001
Block Group 1,340390330001,813,294,0.26,Union County,Union Township,Census Tract 330,34039033000,-74.275282,40.690975,340390330001
Block Group 4,340410323004,831,376,2.85,Warren County,Pohatcong Township,Census Tract 323,34041032300,-75.181733,40.656183,340410323004
Block Group 2,340057039002,747,274,0.18,Burlington County,Medford Lakes Borough,Census Tract 7039,34005703900,-74.807457,39.856134,340057039002
Block Group 1,340390325001,1017,343,0.23,Union County,Hillside Township,Census Tract 325,34039032500,-74.214449,40.693654,340390325001
Block Group 2,340390325002,896,258,0.08,Union County,Hillside Township,Census Tract 325,34039032500,-74.217146,40.685384,340390325002
Block Group 4,340390325004,1612,478,0.4,Union County,Hillside Township,Census Tract 325,34039032500,-74.223123,40.68235,340390325004
Block Group 2,340390326002,1110,373,0.16,Union County,Union Township,Census Tract 326,34039032600,-74.258363,40.707808,340390326002
Block Group 1,340155014051,1730,660,0.7,Gloucester County,Glassboro Borough,Census Tract 5014.05,34015501405,-75.108958,39.725028,340155014051
Block Group 1,340155016091,1229,407,2.71,Gloucester County,Monroe Township,Census Tract 5016.09,34015501609,-75.065011,39.694482,340155016091
Block Group 3,340030472003,1124,354,0.21,Bergen County,Ridgewood Village,Census Tract 472,34003047200,-74.126993,40.998798,340030472003
Block Group 4,340030472004,1314,498,0.24,Bergen County,Ridgewood Village,Census Tract 472,34003047200,-74.119602,40.988868,340030472004
Block Group 1,340030473001,1138,339,0.31,Bergen County,Ridgewood Village,Census Tract 473,34003047300,-74.125642,40.988182,340030473001
Block Group 2,340297231002,748,474,0.36,Ocean County,Toms River Township,Census Tract 7231,34029723100,-74.202535,39.955871,340297231002
Block Group 1,340258100011,1354,399,0.53,Monmouth County,Manalapan Township,Census Tract 8100.01,34025810001,-74.339536,40.322398,340258100011
Block Group 1,340410317001,816,408,0.76,Warren County,Belvidere Town,Census Tract 317,34041031700,-75.073608,40.834375,340410317001
Block Group 2,340410317002,1075,409,0.51,Warren County,Belvidere Town,Census Tract 317,34041031700,-75.068369,40.825004,340410317002
Block Group 3,340030092003,1156,401,1.22,Bergen County,Haworth Borough,Census Tract 92,34003009200,-74.004492,40.963164,340030092003
Block Group 1,340030101001,745,253,0.08,Bergen County,Dumont Borough,Census Tract 101,34003010100,-73.980748,40.952996,340030101001
Block Group 2,340010108002,1951,799,6.87,Atlantic County,Hammonton Town,Census Tract 108,34001010800,-74.774857,39.685772,340010108002
Block Group 3,340010004003,1110,859,0.1,Atlantic County,Atlantic City,Census Tract 4,34001000400,-74.444638,39.352774,340010004003
Block Group 3,340010114013,975,415,1.15,Atlantic County,Hamilton Township,Census Tract 114.01,34001011401,-74.709342,39.467414,340010114013
Block Group 2,340030101002,1135,442,0.12,Bergen County,Dumont Borough,Census Tract 101,34003010100,-73.981649,40.950229,340030101002
Block Group 5,340030101005,564,255,0.05,Bergen County,Dumont Borough,Census Tract 101,34003010100,-73.978974,40.942308,340030101005
Block Group 4,340155020024,1556,640,1.82,Gloucester County,Harrison Township,Census Tract 5020.02,34015502002,-75.214879,39.721974,340155020024
Block Group 1,340155022031,3510,1067,5.1,Gloucester County,Woolwich Township,Census Tract 5022.03,34015502203,-75.332553,39.713833,340155022031
Block Group 1,340155015021,2958,1109,1.31,Gloucester County,Clayton Borough,Census Tract 5015.02,34015501502,-75.098889,39.651556,340155015021
Block Group 2,340155004002,665,283,0.08,Gloucester County,Paulsboro Borough,Census Tract 5004,34015500400,-75.244,39.831003,340155004002
Block Group 2,340155015022,2537,974,1.37,Gloucester County,Clayton Borough,Census Tract 5015.02,34015501502,-75.075253,39.652404,340155015022
Block Group 5,340210043145,108,5,0.77,Mercer County,West Windsor Township,Census Tract 43.14,34021004314,-74.647241,40.316922,340210043145
Block Group 4,340210009004,1466,818,0.12,Mercer County,Trenton City,Census Tract 9,34021000900,-74.763227,40.222293,340210009004
Block Group 1,340210026021,2243,930,0.44,Mercer County,Hamilton Township,Census Tract 26.02,34021002602,-74.718875,40.201153,340210026021
Block Group 3,340076034003,1155,385,0.3,Camden County,Cherry Hill Township,Census Tract 6034,34007603400,-75.000497,39.915693,340076034003
Block Group 3,340210037073,1116,521,0.96,Mercer County,Ewing Township,Census Tract 37.07,34021003707,-74.799111,40.274572,340210037073
Block Group 3,340210043123,615,180,1.01,Mercer County,Robbinsville Township,Census Tract 43.12,34021004312,-74.626094,40.238905,340210043123
Block Group 3,340210043113,2262,1012,0.52,Mercer County,Robbinsville Township,Census Tract 43.11,34021004311,-74.628518,40.233409,340210043113
Block Group 2,340076075022,7,1,0.29,Camden County,Voorhees Township,Census Tract 6075.02,34007607502,-74.98242,39.84927,340076075022
Block Group 2,340076089042,1415,550,13.47,Camden County,Waterford Township,Census Tract 6089.04,34007608904,-74.818584,39.718469,340076089042
Block Group 6,340297140006,696,255,0.15,Ocean County,Brick Township,Census Tract 7140,34029714000,-74.146277,40.039637,340297140006
Block Group 1,340297141001,1591,937,0.76,Ocean County,Brick Township,Census Tract 7141,34029714100,-74.149759,40.025834,340297141001
Block Group 1,340297142001,996,501,0.21,Ocean County,Brick Township,Census Tract 7142,34029714200,-74.121918,40.027035,340297142001
Block Group 1,340270455011,2074,697,1.5,Morris County,Roxbury Township,Census Tract 455.01,34027045501,-74.672592,40.837745,340270455011
Block Group 1,340270416031,2620,1042,1.27,Morris County,Parsippany-Troy Hills Township,Census Tract 416.03,34027041603,-74.419897,40.880607,340270416031
Block Group 1,340297134021,2113,1128,0.99,Ocean County,Brick Township,Census Tract 7134.02,34029713402,-74.141553,40.070222,340297134021
Block Group 2,340297134022,1736,650,0.93,Ocean County,Brick Township,Census Tract 7134.02,34029713402,-74.151947,40.066555,340297134022
Block Group 1,340155022021,2792,1276,3.48,Gloucester County,Woolwich Township,Census Tract 5022.02,34015502202,-75.355779,39.731683,340155022021
Block Group 5,340230076005,1248,517,0.15,Middlesex County,South Amboy City,Census Tract 76,34023007600,-74.280492,40.476416,340230076005
Block Group 2,340210043132,1477,487,0.44,Mercer County,West Windsor Township,Census Tract 43.13,34021004313,-74.638804,40.312489,340210043132
Block Group 2,340258105042,2077,703,1.35,Monmouth County,Freehold Township,Census Tract 8105.04,34025810504,-74.288424,40.239025,340258105042
Block Group 1,340258082011,1190,754,0.13,Monmouth County,Bradley Beach Borough,Census Tract 8082.01,34025808201,-74.014131,40.205713,340258082011
Block Group 1,340311757011,1801,537,0.17,Passaic County,Passaic City,Census Tract 1757.01,34031175701,-74.123154,40.844054,340311757011
Block Group 3,340311757013,1561,443,0.07,Passaic County,Passaic City,Census Tract 1757.01,34031175701,-74.130364,40.841105,340311757013
Block Group 4,340311757014,1197,415,0.06,Passaic County,Passaic City,Census Tract 1757.01,34031175701,-74.127756,40.838966,340311757014
Block Group 1,340311757031,2198,905,0.11,Passaic County,Passaic City,Census Tract 1757.03,34031175703,-74.134129,40.854042,340311757031
Block Group 3,340155007043,1108,414,0.61,Gloucester County,Mantua Township,Census Tract 5007.04,34015500704,-75.174726,39.780801,340155007043
Block Group 1,340311757041,1633,377,0.11,Passaic County,Passaic City,Census Tract 1757.04,34031175704,-74.130629,40.845908,340311757041
Block Group 2,340311757042,1308,586,0.05,Passaic County,Passaic City,Census Tract 1757.04,34031175704,-74.131475,40.851051,340311757042
Block Group 1,340057011041,1750,619,0.5,Burlington County,Burlington Township,Census Tract 7011.04,34005701104,-74.887014,40.061446,340057011041
Block Group 4,340350542014,1783,725,0.93,Somerset County,Montgomery Township,Census Tract 542.01,34035054201,-74.647861,40.40546,340350542014
Block Group 2,340350543012,2090,926,2.12,Somerset County,Franklin Township,Census Tract 543.01,34035054301,-74.526466,40.521717,340350543012
Block Group 2,340350526042,1589,701,5,Somerset County,Bernards Township,Census Tract 526.04,34035052604,-74.593709,40.642207,340350526042
Block Group 1,340297111001,1241,605,0.24,Ocean County,Point Pleasant Borough,Census Tract 7111,34029711100,-74.06314,40.088127,340297111001
Block Group 1,340190110031,1300,735,0.72,Hunterdon County,Clinton Township,Census Tract 110.03,34019011003,-74.893341,40.631964,340190110031
Block Group 1,340030490021,1146,502,0.4,Bergen County,River Vale Township,Census Tract 490.02,34003049002,-74.013726,41.005038,340030490021
Block Group 3,340030500003,1286,400,0.2,Bergen County,Rochelle Park Township,Census Tract 500,34003050000,-74.075826,40.897463,340030500003
Block Group 3,340057021013,1201,371,0.38,Burlington County,North Hanover Township,Census Tract 7021.01,34005702101,-74.583671,40.045076,340057021013
Block Group 1,340030614001,1321,464,0.33,Bergen County,Wyckoff Township,Census Tract 614,34003061400,-74.149472,40.977678,340030614001
Block Group 2,340030614002,1233,441,0.48,Bergen County,Wyckoff Township,Census Tract 614,34003061400,-74.156625,40.983496,340030614002
Block Group 3,340030614003,1190,384,0.5,Bergen County,Wyckoff Township,Census Tract 614,34003061400,-74.167706,40.993107,340030614003
Block Group 3,340373718013,683,281,5.51,Sussex County,Wantage Township,Census Tract 3718.01,34037371801,-74.680036,41.234252,340373718013
Block Group 1,340373718021,1392,594,1.94,Sussex County,Wantage Township,Census Tract 3718.02,34037371802,-74.638376,41.214536,340373718021
Block Group 2,340258126002,1022,340,0.92,Monmouth County,Tinton Falls Borough,Census Tract 8126,34025812600,-74.090701,40.323282,340258126002
Block Group 4,340030614004,1337,450,0.38,Bergen County,Wyckoff Township,Census Tract 614,34003061400,-74.156227,40.990072,340030614004
Block Group 1,340297312011,1146,807,0.29,Ocean County,Berkeley Township,Census Tract 7312.01,34029731201,-74.265739,39.974898,340297312011
Block Group 2,340297312012,818,592,0.24,Ocean County,Berkeley Township,Census Tract 7312.01,34029731201,-74.258689,39.971759,340297312012
Block Group 1,340297312021,1148,789,0.39,Ocean County,Berkeley Township,Census Tract 7312.02,34029731202,-74.272933,39.964937,340297312021
Block Group 4,340030114004,962,347,0.22,Bergen County,Elmwood Park Borough,Census Tract 114,34003011400,-74.108865,40.899557,340030114004
Block Group 5,340030114005,1240,471,0.15,Bergen County,Elmwood Park Borough,Census Tract 114,34003011400,-74.106489,40.894893,340030114005
Block Group 3,340390312003,1436,467,0.07,Union County,Elizabeth City,Census Tract 312,34039031200,-74.202203,40.662391,340390312003
Block Group 3,340350518003,1883,613,0.16,Somerset County,North Plainfield Borough,Census Tract 518,34035051800,-74.433341,40.615743,340350518003
Block Group 4,340030050004,1444,613,0.11,Bergen County,Carlstadt Borough,Census Tract 50,34003005000,-74.088649,40.838586,340030050004
Block Group 2,340030182002,1303,484,0.04,Bergen County,Fairview Borough,Census Tract 182,34003018200,-73.998847,40.818421,340030182002
Block Group 1,340090211001,1894,907,2.68,Cape May County,Middle Township,Census Tract 211,34009021100,-74.834852,39.065141,340090211001
Block Group 2,340076029012,2441,905,1.01,Camden County,Pennsauken Township,Census Tract 6029.01,34007602901,-75.028333,39.971688,340076029012
Block Group 2,340270444042,2357,834,0.51,Morris County,Rockaway Township,Census Tract 444.04,34027044404,-74.510918,40.915824,340270444042
Block Group 1,340076046001,1030,489,0.17,Camden County,Oaklyn Borough,Census Tract 6046,34007604600,-75.07849,39.906682,340076046001
Block Group 1,340350526041,2544,938,3.22,Somerset County,Bernards Township,Census Tract 526.04,34035052604,-74.592429,40.685622,340350526041
Block Group 1,340350538071,1375,421,0.93,Somerset County,Hillsborough Township,Census Tract 538.07,34035053807,-74.587497,40.466582,340350538071
Block Group 3,340258020003,1119,475,0.3,Monmouth County,Keyport Borough,Census Tract 8020,34025802000,-74.211147,40.433546,340258020003
Block Group 1,340311759001,1216,356,0.03,Passaic County,Passaic City,Census Tract 1759,34031175900,-74.11554,40.863258,340311759001
Block Group 2,340311759002,1447,509,0.09,Passaic County,Passaic City,Census Tract 1759,34031175900,-74.108966,40.859968,340311759002
Block Group 3,340311759003,1058,374,0.1,Passaic County,Passaic City,Census Tract 1759,34031175900,-74.111977,40.858953,340311759003
Block Group 1,340170110001,1386,501,0.03,Hudson County,Bayonne City,Census Tract 110,34017011000,-74.122562,40.660795,340170110001
Block Group 1,340170111001,592,239,0.01,Hudson County,Bayonne City; Elizabeth City,Census Tract 111,34017011100,-74.133919,40.668957,340170111001
Block Group 3,340170111003,2343,903,0.07,Hudson County,Bayonne City,Census Tract 111,34017011100,-74.123092,40.665368,340170111003
Block Group 1,340170112001,2750,1020,0.13,Hudson County,Bayonne City,Census Tract 112,34017011200,-74.129439,40.66202,340170112001
Block Group 1,340210037061,2599,1248,1.02,Mercer County,Ewing Township,Census Tract 37.06,34021003706,-74.844401,40.271272,340210037061
Block Group 1,340210039031,1026,357,0.39,Mercer County,Pennington Borough,Census Tract 39.03,34021003903,-74.787524,40.326546,340210039031
Block Group 2,340210039032,885,290,0.28,Mercer County,Pennington Borough,Census Tract 39.03,34021003903,-74.794405,40.3218,340210039032
Block Group 3,340312568013,1159,591,0.4,Passaic County,West Milford Township,Census Tract 2568.01,34031256801,-74.378063,41.175559,340312568013
Block Group 1,340230082121,2554,675,2.58,Middlesex County,Monroe Township,Census Tract 82.12,34023008212,-74.42271,40.341181,340230082121
Block Group 2,340230014192,2468,980,0.15,Middlesex County,Edison Township,Census Tract 14.19,34023001419,-74.338834,40.556826,340230014192
Block Group 4,340030261004,1342,463,0.31,Bergen County,Hillsdale Borough,Census Tract 261,34003026100,-74.027064,40.999302,340030261004
Block Group 1,340230014191,29,17,0.17,Middlesex County,Edison Township,Census Tract 14.19,34023001419,-74.333612,40.56081,340230014191
Block Group 1,340230082141,2681,699,0.8,Middlesex County,Monroe Township,Census Tract 82.14,34023008214,-74.482039,40.296479,340230082141
Block Group 3,340230078013,914,498,0.09,Middlesex County,Old Bridge Township,Census Tract 78.01,34023007801,-74.314739,40.404191,340230078013
Block Group 1,340230081021,1176,397,0.22,Middlesex County,Spotswood Borough,Census Tract 81.02,34023008102,-74.392157,40.403874,340230081021
Block Group 4,340230082054,941,674,0.22,Middlesex County,Monroe Township,Census Tract 82.05,34023008205,-74.452202,40.307155,340230082054
Block Group 2,340312641012,1539,571,0.08,Passaic County,Woodland Park Borough,Census Tract 2641.01,34031264101,-74.19638,40.892453,340312641012
Block Group 3,340130195003,975,319,0.16,Essex County,Maplewood Township,Census Tract 195,34013019500,-74.269072,40.726696,340130195003
Block Group 3,340130196003,1910,1027,0.24,Essex County,Maplewood Township,Census Tract 196,34013019600,-74.254677,40.726615,340130196003
Block Group 2,340230064032,1289,385,1.75,Middlesex County,East Brunswick Township,Census Tract 64.03,34023006403,-74.39151,40.474851,340230064032
Block Group 1,340230065001,1932,628,0.46,Middlesex County,East Brunswick Township,Census Tract 65,34023006500,-74.408864,40.441594,340230065001
Block Group 3,340311243123,1363,342,0.26,Passaic County,Clifton City,Census Tract 1243.12,34031124312,-74.19235,40.859684,340311243123
Block Group 3,340311823023,1271,350,0.02,Passaic County,Paterson City,Census Tract 1823.02,34031182302,-74.156022,40.91294,340311823023
Block Group 2,340030421022,1074,326,0.23,Bergen County,Paramus Borough,Census Tract 421.02,34003042102,-74.0544,40.951499,340030421022
Block Group 2,340030061012,786,352,0.02,Bergen County,Cliffside Park Borough,Census Tract 61.01,34003006101,-73.985119,40.82804,340030061012
Block Group 3,340030451023,1457,519,0.14,Bergen County,Ridgefield Borough,Census Tract 451.02,34003045102,-73.998338,40.833374,340030451023
Block Group 2,340030061022,1470,541,0.06,Bergen County,Cliffside Park Borough,Census Tract 61.02,34003006102,-73.990144,40.827778,340030061022
Block Group 1,340030211021,865,340,0.04,Bergen County,Garfield City,Census Tract 211.02,34003021102,-74.106008,40.886308,340030211021
Block Group 4,340076029014,1671,743,0.38,Camden County,Pennsauken Township,Census Tract 6029.01,34007602901,-75.02818,39.958333,340076029014
Block Group 2,340030040022,1286,418,0.1,Bergen County,Bogota Borough,Census Tract 40.02,34003004002,-74.026852,40.868037,340030040022
Block Group 2,340030062012,1357,556,0.05,Bergen County,Cliffside Park Borough,Census Tract 62.01,34003006201,-73.989957,40.820646,340030062012
Block Group 1,340030070011,1801,584,0.64,Bergen County,Closter Borough,Census Tract 70.01,34003007001,-73.979481,40.975404,340030070011
Block Group 1,340390377001,917,359,0.31,Union County,Summit City,Census Tract 377,34039037700,-74.374039,40.732272,340390377001
Block Group 2,340110102002,1282,580,0.68,Cumberland County,Commercial Township,Census Tract 102,34011010200,-75.042734,39.332743,340110102002
Block Group 2,340076087002,1984,750,0.78,Camden County,Berlin Borough,Census Tract 6087,34007608700,-74.932695,39.789265,340076087002
Block Group 2,340090218042,1556,741,0.28,Cape May County,Lower Township,Census Tract 218.04,34009021804,-74.931077,39.021654,340090218042
Block Group 2,340090207002,2200,947,12.91,Cape May County,Dennis Township,Census Tract 207,34009020700,-74.803467,39.177,340090207002
Block Group 2,340090205002,1279,662,5.13,Cape May County,Woodbine Borough,Census Tract 205,34009020500,-74.797493,39.227102,340090205002
Block Group 3,340130022023,1137,397,0.07,Essex County,Newark City,Census Tract 22.02,34013002202,-74.241317,40.733287,340130022023
Block Group 2,340130023002,898,329,0.03,Essex County,Newark City,Census Tract 23,34013002300,-74.229092,40.738581,340130023002
Block Group 3,340130023003,1660,681,0.07,Essex County,Newark City,Census Tract 23,34013002300,-74.231399,40.73744,340130023003
Block Group 1,340130024001,1686,665,0.06,Essex County,Newark City,Census Tract 24,34013002400,-74.226892,40.74439,340130024001
Block Group 2,340130024002,971,369,0.04,Essex County,Newark City,Census Tract 24,34013002400,-74.225894,40.738484,340130024002
Block Group 3,340130025003,1527,609,0.06,Essex County,Newark City,Census Tract 25,34013002500,-74.222977,40.742246,340130025003
Block Group 1,340130026001,2249,855,0.08,Essex County,Newark City,Census Tract 26,34013002600,-74.208639,40.739877,340130026001
Block Group 1,340130028001,2127,696,0.08,Essex County,Newark City,Census Tract 28,34013002800,-74.200852,40.735906,340130028001
Block Group 1,340130035001,1689,521,0.04,Essex County,Newark City,Census Tract 35,34013003500,-74.211101,40.735391,340130035001
Block Group 2,340057031042,1533,605,0.6,Burlington County,Lumberton Township,Census Tract 7031.04,34005703104,-74.798465,39.980532,340057031042
Block Group 1,340030033001,1192,391,0.15,Bergen County,Bergenfield Borough,Census Tract 33,34003003300,-74.000836,40.93249,340030033001
Block Group 1,340230017011,1115,388,0.69,Middlesex County,Edison Township,Census Tract 17.01,34023001701,-74.367782,40.524159,340230017011
Block Group 2,340230017012,1177,397,0.29,Middlesex County,Edison Township,Census Tract 17.01,34023001701,-74.380812,40.524695,340230017012
Block Group 3,340230017013,1939,671,0.29,Middlesex County,Edison Township,Census Tract 17.01,34023001701,-74.387622,40.520623,340230017013
Block Group 4,340230017014,1006,347,0.18,Middlesex County,Edison Township,Census Tract 17.01,34023001701,-74.382772,40.516554,340230017014
Block Group 1,340230017021,667,257,0.11,Middlesex County,Edison Township,Census Tract 17.02,34023001702,-74.399879,40.509585,340230017021
Block Group 1,340130011001,3084,190,0.12,Essex County,Newark City,Census Tract 11,34013001100,-74.179131,40.742479,340130011001
Block Group 1,340210044071,1152,385,0.5,Mercer County,East Windsor Township,Census Tract 44.07,34021004407,-74.553932,40.267678,340210044071
Block Group 2,340210044072,1639,615,0.54,Mercer County,East Windsor Township,Census Tract 44.07,34021004407,-74.558012,40.258207,340210044072
Block Group 3,340210044073,1622,548,0.69,Mercer County,East Windsor Township,Census Tract 44.07,34021004407,-74.56961,40.26569,340210044073
Block Group 1,340010117021,1180,381,3.16,Atlantic County,Egg Harbor Township,Census Tract 117.02,34001011702,-74.536151,39.420906,340010117021
Block Group 1,340010101041,482,989,0.29,Atlantic County,Brigantine City,Census Tract 101.04,34001010104,-74.38848,39.384289,340010101041
Block Group 3,340010104033,3112,923,0.86,Atlantic County,Galloway Township,Census Tract 104.03,34001010403,-74.532931,39.465137,340010104033
Block Group 1,340155014061,2730,1240,0.72,Gloucester County,Glassboro Borough,Census Tract 5014.06,34015501406,-75.100363,39.707656,340155014061
Block Group 3,340155014063,897,354,0.29,Gloucester County,Glassboro Borough,Census Tract 5014.06,34015501406,-75.12141,39.721636,340155014063
Block Group 1,340030153001,1425,444,0.16,Bergen County,Englewood City,Census Tract 153,34003015300,-73.987046,40.903169,340030153001
Block Group 2,340030153002,1266,416,0.11,Bergen County,Englewood City,Census Tract 153,34003015300,-73.987196,40.898977,340030153002
Block Group 3,340030153003,2019,664,0.19,Bergen County,Englewood City,Census Tract 153,34003015300,-73.990467,40.892852,340030153003
Block Group 4,340030153004,1547,597,0.16,Bergen County,Englewood City,Census Tract 153,34003015300,-73.984053,40.892882,340030153004
Block Group 2,340330216002,1536,724,0.47,Salem County,Pennsville Township,Census Tract 216,34033021600,-75.524674,39.644395,340330216002
Block Group 3,340330216003,1345,539,0.46,Salem County,Pennsville Township,Census Tract 216,34033021600,-75.531814,39.640455,340330216003
Block Group 3,340258097043,1122,319,1.33,Monmouth County,Marlboro Township,Census Tract 8097.04,34025809704,-74.245352,40.296282,340258097043
Block Group 2,340230034012,1158,411,0.2,Middlesex County,Woodbridge Township,Census Tract 34.01,34023003401,-74.261595,40.55773,340230034012
Block Group 3,340230034013,711,284,0.35,Middlesex County,Woodbridge Township,Census Tract 34.01,34023003401,-74.273322,40.547696,340230034013
Block Group 5,340373734005,738,344,0.17,Sussex County,Sparta Township,Census Tract 3734,34037373400,-74.642285,41.024669,340373734005
Block Group 1,340155016081,2488,1090,1.71,Gloucester County,Monroe Township,Census Tract 5016.08,34015501608,-75.004245,39.710955,340155016081
Block Group 2,340258094002,1173,568,0.31,Monmouth County,Brielle Borough; Point Pleasant Beach Borough,Census Tract 8094,34025809400,-74.051685,40.109588,340258094002
Block Group 4,340258094004,1357,538,0.57,Monmouth County,Brielle Borough,Census Tract 8094,34025809400,-74.071735,40.097505,340258094004
Block Group 2,340057007022,1376,541,0.24,Burlington County,Riverside Township,Census Tract 7007.02,34005700702,-74.950866,40.032375,340057007022
Block Group 1,340057007031,1380,490,0.35,Burlington County,Riverside Township,Census Tract 7007.03,34005700703,-74.947334,40.038095,340057007031
Block Group 1,340057007021,1082,431,0.1,Burlington County,Riverside Township,Census Tract 7007.02,34005700702,-74.957864,40.035813,340057007021
Block Group 3,340270438023,1639,644,0.07,Morris County,Morristown Town,Census Tract 438.02,34027043802,-74.485517,40.804416,340270438023
Block Group 2,340270457012,1915,699,3,Morris County,Randolph Township,Census Tract 457.01,34027045701,-74.602394,40.817438,340270457012
Block Group 2,340030021002,927,349,5.16,Bergen County,Alpine Borough,Census Tract 21,34003002100,-73.923753,40.959226,340030021002
Block Group 4,340130204004,1738,648,1.64,Essex County,Livingston Township,Census Tract 204,34013020400,-74.337601,40.807148,340130204004
Block Group 1,340270407021,1565,629,2.29,Morris County,Kinnelon Borough,Census Tract 407.02,34027040702,-74.386637,41.001266,340270407021
Block Group 3,340258019003,1419,698,0.2,Monmouth County,Keyport Borough,Census Tract 8019,34025801900,-74.193329,40.431522,340258019003
Block Group 1,340258070041,789,739,0.09,Monmouth County,Asbury Park City,Census Tract 8070.04,34025807004,-73.997643,40.227636,340258070041
Block Group 1,340350531031,2772,921,0.76,Somerset County,Franklin Township,Census Tract 531.03,34035053103,-74.492968,40.499449,340350531031
Block Group 5,340311243215,971,393,0.12,Passaic County,Clifton City,Census Tract 1243.21,34031124321,-74.169191,40.861181,340311243215
Block Group 1,340130067001,1364,795,0.05,Essex County,Newark City,Census Tract 67,34013006700,-74.178453,40.727075,340130067001
Block Group 1,340130070001,2492,976,0.07,Essex County,Newark City,Census Tract 70,34013007000,-74.15944,40.724789,340130070001
Block Group 2,340130071002,1151,462,0.09,Essex County,Newark City,Census Tract 71,34013007100,-74.156531,40.719423,340130071002
Block Group 2,340130207002,914,299,0.25,Essex County,Livingston Township,Census Tract 207,34013020700,-74.316853,40.784765,340130207002
Block Group 2,340130227002,1278,465,0.06,Essex County,Newark City,Census Tract 227,34013022700,-74.189898,40.719911,340130227002
Block Group 1,340076065001,585,297,0.35,Camden County,Lawnside Borough,Census Tract 6065,34007606500,-75.040387,39.868762,340076065001
Block Group 2,340350513002,833,349,0.15,Somerset County,Bound Brook Borough,Census Tract 513,34035051300,-74.540314,40.569853,340350513002
Block Group 2,340270401012,1849,761,2.03,Morris County,Lincoln Park Borough,Census Tract 401.01,34027040101,-74.322417,40.938131,340270401012
Block Group 3,340130073003,1482,592,0.04,Essex County,Newark City,Census Tract 73,34013007300,-74.152695,40.726654,340130073003
Block Group 3,340155012103,1108,368,0.37,Gloucester County,Washington Township,Census Tract 5012.10,34015501210,-75.074489,39.722483,340155012103
Block Group 2,340350515002,1245,509,0.14,Somerset County,Manville Borough,Census Tract 515,34035051500,-74.599141,40.536642,340350515002
Block Group 1,340350516001,961,377,0.48,Somerset County,Manville Borough,Census Tract 516,34035051600,-74.581076,40.549233,340350516001
Block Group 2,340350518002,1290,377,0.29,Somerset County,North Plainfield Borough,Census Tract 518,34035051800,-74.44036,40.617048,340350518002
Block Group 3,340270455013,1926,685,0.71,Morris County,Roxbury Township,Census Tract 455.01,34027045501,-74.647544,40.84519,340270455013
Block Group 1,340270456031,1218,378,0.56,Morris County,Randolph Township,Census Tract 456.03,34027045603,-74.551679,40.866509,340270456031
Block Group 1,340057028071,1517,624,0.3,Burlington County,Willingboro Township,Census Tract 7028.07,34005702807,-74.888012,40.052706,340057028071
Block Group 3,340076043003,1236,612,0.12,Camden County,Collingswood Borough,Census Tract 6043,34007604300,-75.066446,39.920871,340076043003
Block Group 2,340076044002,1457,605,0.18,Camden County,Collingswood Borough,Census Tract 6044,34007604400,-75.065022,39.912219,340076044002
Block Group 1,340130202001,912,296,0.21,Essex County,Millburn Township,Census Tract 202,34013020200,-74.2917,40.730913,340130202001
Block Group 2,340130202002,1046,360,0.17,Essex County,Millburn Township,Census Tract 202,34013020200,-74.289293,40.724895,340130202002
Block Group 3,340130202003,739,256,0.16,Essex County,Millburn Township,Census Tract 202,34013020200,-74.294434,40.726672,340130202003
Block Group 1,340230091011,1474,515,0.34,Middlesex County,Woodbridge Township,Census Tract 91.01,34023009101,-74.244252,40.573579,340230091011
Block Group 1,340350538061,2467,862,4.55,Somerset County,Hillsborough Township,Census Tract 538.06,34035053806,-74.640134,40.480269,340350538061
Block Group 4,340350543024,1960,960,0.91,Somerset County,Franklin Township,Census Tract 543.02,34035054302,-74.519631,40.501239,340350543024
Block Group 1,340130066001,695,410,0.03,Essex County,Newark City,Census Tract 66,34013006600,-74.184986,40.726509,340130066001
Block Group 2,340155015012,1762,751,3.22,Gloucester County,Clayton Borough,Census Tract 5015.01,34015501501,-75.054134,39.667472,340155015012
Block Group 1,340170046001,850,389,0.02,Hudson County,Jersey City,Census Tract 46,34017004600,-74.062548,40.712699,340170046001
Block Group 1,340311540051,1493,692,0.23,Passaic County,Little Falls Township,Census Tract 1540.05,34031154005,-74.231499,40.878702,340311540051
Block Group 1,340057006021,917,313,0.53,Burlington County,Delran Township,Census Tract 7006.02,34005700602,-74.932526,40.004547,340057006021
Block Group 2,340210043092,65,14,2.61,Mercer County,Robbinsville Township,Census Tract 43.09,34021004309,-74.579917,40.194349,340210043092
Block Group 1,340390320041,1350,501,0.04,Union County,Elizabeth City,Census Tract 320.04,34039032004,-74.236797,40.6596,340390320041
Block Group 1,340390344001,827,292,0.06,Union County,Roselle Borough,Census Tract 344,34039034400,-74.251873,40.647651,340390344001
Block Group 2,340390344002,1005,321,0.16,Union County,Roselle Borough,Census Tract 344,34039034400,-74.256887,40.646671,340390344002
Block Group 1,340390335021,1099,373,0.23,Union County,Union Township,Census Tract 335.02,34039033502,-74.241911,40.676296,340390335021
Block Group 4,340390324014,1128,432,0.1,Union County,Hillside Township,Census Tract 324.01,34039032401,-74.234681,40.693888,340390324014
Block Group 3,340057006033,2293,1118,0.81,Burlington County,Delran Township,Census Tract 7006.03,34005700603,-74.979373,40.0251,340057006033
Block Group 1,340170130001,1559,533,0.05,Hudson County,Kearny Town,Census Tract 130,34017013000,-74.14875,40.762342,340170130001
Block Group 2,340170194002,1531,788,0.03,Hudson County,Hoboken City,Census Tract 194,34017019400,-74.029887,40.738611,340170194002
Block Group 1,340170056001,1468,552,0.03,Hudson County,Jersey City,Census Tract 56,34017005600,-74.088628,40.704155,340170056001
Block Group 2,340170111002,1780,692,0.03,Hudson County,Bayonne City,Census Tract 111,34017011100,-74.124952,40.661843,340170111002
Block Group 2,340170178002,1591,622,0.04,Hudson County,Union City,Census Tract 178,34017017800,-74.041473,40.754431,340170178002
Block Group 2,340170018002,1940,874,0.03,Hudson County,Jersey City,Census Tract 18,34017001800,-74.069893,40.733329,340170018002
Block Group 3,340090211003,2498,1051,2.69,Cape May County,Middle Township,Census Tract 211,34009021100,-74.827325,39.096248,340090211003
Block Group 2,340170106012,1238,502,0.07,Hudson County,Bayonne City,Census Tract 106.01,34017010601,-74.122226,40.6721,340170106012
Block Group 2,340170001022,2040,755,0.04,Hudson County,Jersey City,Census Tract 1.02,34017000102,-74.04847,40.756327,340170001022
Block Group 2,340170106022,1490,565,0.04,Hudson County,Bayonne City,Census Tract 106.02,34017010602,-74.119175,40.67038,340170106022
Block Group 1,340170107011,1367,565,0.05,Hudson County,Bayonne City,Census Tract 107.01,34017010701,-74.112363,40.669783,340170107011
Block Group 2,340170031012,1831,1127,0.02,Hudson County,Jersey City,Census Tract 31.01,34017003101,-74.063906,40.721333,340170031012
Block Group 4,340170075004,1591,865,0.02,Hudson County,Jersey City,Census Tract 75,34017007500,-74.041227,40.714663,340170075004
Block Group 2,340170070022,1183,630,0.02,Hudson County,Jersey City,Census Tract 70.02,34017007002,-74.041986,40.720515,340170070022
Block Group 4,340170048004,1164,458,0.09,Hudson County,Jersey City,Census Tract 48,34017004800,-74.090249,40.714768,340170048004
Block Group 1,340170162001,1378,494,0.03,Hudson County,Union City,Census Tract 162,34017016200,-74.021505,40.78146,340170162001
Block Group 2,340170042002,817,307,0.03,Hudson County,Jersey City,Census Tract 42,34017004200,-74.075847,40.71766,340170042002
Block Group 3,340170049003,1286,489,0.03,Hudson County,Jersey City,Census Tract 49,34017004900,-74.082363,40.713241,340170049003
Block Group 1,340170169001,1546,565,0.03,Hudson County,Union City,Census Tract 169,34017016900,-74.030985,40.767723,340170169001
Block Group 2,340170004002,2077,835,0.12,Hudson County,Jersey City,Census Tract 4,34017000400,-74.059968,40.749875,340170004002
Block Group 2,340311248002,951,346,0.09,Passaic County,Clifton City,Census Tract 1248,34031124800,-74.143325,40.880816,340311248002
Block Group 2,340373734002,1157,442,0.53,Sussex County,Sparta Township,Census Tract 3734,34037373400,-74.65475,41.010209,340373734002
Block Group 3,340230090003,1743,671,0.33,Middlesex County,Woodbridge Township,Census Tract 90,34023009000,-74.262314,40.577689,340230090003
Block Group 3,340076077013,1346,450,0.42,Camden County,Lindenwold Borough,Census Tract 6077.01,34007607701,-74.96573,39.807801,340076077013
Block Group 4,340076077014,2065,962,0.1,Camden County,Lindenwold Borough,Census Tract 6077.01,34007607701,-74.978261,39.815726,340076077014
Block Group 1,340076077021,794,319,0.2,Camden County,Lindenwold Borough,Census Tract 6077.02,34007607702,-74.992931,39.824261,340076077021
Block Group 2,340076077022,1295,513,0.58,Camden County,Lindenwold Borough,Census Tract 6077.02,34007607702,-74.987468,39.828886,340076077022
Block Group 3,340076077023,1745,785,0.18,Camden County,Lindenwold Borough,Census Tract 6077.02,34007607702,-74.985184,39.822068,340076077023
Block Group 2,340076078012,1609,960,0.1,Camden County,Lindenwold Borough,Census Tract 6078.01,34007607801,-75.021843,39.809188,340076078012
Block Group 4,340230090004,0,0,0.49,Middlesex County,Woodbridge Township,Census Tract 90,34023009000,-74.252654,40.577154,340230090004
Block Group 3,340230005043,1344,616,0.18,Middlesex County,Piscataway Township,Census Tract 5.04,34023000504,-74.440614,40.565058,340230005043
Block Group 3,340230088013,843,275,1.59,Middlesex County,Piscataway Township,Census Tract 88.01,34023008801,-74.448197,40.515787,340230088013
Block Group 1,340230079141,1486,680,0.43,Middlesex County,Old Bridge Township,Census Tract 79.14,34023007914,-74.291944,40.398287,340230079141
Block Group 4,340230085024,1351,434,6.63,Middlesex County,South Brunswick Township,Census Tract 85.02,34023008502,-74.529497,40.354464,340230085024
Block Group 2,340390321022,1571,493,0.13,Union County,Elizabeth City,Census Tract 321.02,34039032102,-74.242597,40.67044,340390321022
Block Group 1,340258085011,802,313,0.29,Monmouth County,Wall Township,Census Tract 8085.01,34025808501,-74.053559,40.174417,340258085011
Block Group 1,340258006011,1257,538,0.61,Monmouth County,Middletown Township,Census Tract 8006.01,34025800601,-74.102189,40.446546,340258006011
Block Group 4,340258006014,759,322,0.08,Monmouth County,Middletown Township,Census Tract 8006.01,34025800601,-74.114917,40.443892,340258006014
Block Group 2,340155018002,1037,406,1.23,Gloucester County,Newfield Borough,Census Tract 5018,34015501800,-75.010327,39.547209,340155018002
Block Group 2,340155019002,1716,610,10.73,Gloucester County,Elk Township,Census Tract 5019,34015501900,-75.14417,39.65266,340155019002
Block Group 2,340130102002,872,322,0.05,Essex County,East Orange City,Census Tract 102,34013010200,-74.19344,40.770942,340130102002
Block Group 4,340130102004,1528,525,0.16,Essex County,East Orange City,Census Tract 102,34013010200,-74.200762,40.773061,340130102004
Block Group 1,340130103001,745,340,0.06,Essex County,East Orange City,Census Tract 103,34013010300,-74.193639,40.764672,340130103001
Block Group 2,340130103002,1766,598,0.07,Essex County,East Orange City,Census Tract 103,34013010300,-74.197404,40.764267,340130103002
Block Group 1,340130104001,1393,595,0.07,Essex County,East Orange City,Census Tract 104,34013010400,-74.206805,40.769804,340130104001
Block Group 2,340130105002,1991,879,0.09,Essex County,East Orange City,Census Tract 105,34013010500,-74.216902,40.768299,340130105002
Block Group 1,340258015001,2344,775,3.26,Monmouth County,Middletown Township,Census Tract 8015,34025801500,-74.136483,40.345644,340258015001
Block Group 2,340258016002,576,225,0.06,Monmouth County,Keansburg Borough,Census Tract 8016,34025801600,-74.123234,40.447046,340258016002
Block Group 2,340076011022,1487,504,0.09,Camden County,Camden City,Census Tract 6011.02,34007601102,-75.075244,39.953784,340076011022
Block Group 1,340076017001,1584,715,0.18,Camden County,Camden City,Census Tract 6017,34007601700,-75.109293,39.921069,340076017001
Block Group 3,340390311003,1209,395,0.05,Union County,Elizabeth City,Census Tract 311,34039031100,-74.207903,40.656881,340390311003
Block Group 5,340030521005,917,333,0.11,Bergen County,Saddle Brook Township,Census Tract 521,34003052100,-74.10261,40.913694,340030521005
Block Group 1,340030522001,2078,888,0.38,Bergen County,Saddle Brook Township,Census Tract 522,34003052200,-74.091664,40.898502,340030522001
Block Group 3,340057027023,2546,940,0.74,Burlington County,Westampton Township,Census Tract 7027.02,34005702702,-74.808083,40.005574,340057027023
Block Group 1,340270401021,856,303,0.61,Morris County,Lincoln Park Borough,Census Tract 401.02,34027040102,-74.278984,40.9059,340270401021
Block Group 3,340270454023,754,298,0.25,Morris County,Roxbury Township,Census Tract 454.02,34027045402,-74.686715,40.905011,340270454023
Block Group 2,340030522002,869,302,0.24,Bergen County,Saddle Brook Township,Census Tract 522,34003052200,-74.084262,40.891983,340030522002
Block Group 3,340270446023,1704,638,0.73,Morris County,Jefferson Township,Census Tract 446.02,34027044602,-74.519193,41.014692,340270446023
Block Group 2,340270456032,2243,1197,0.17,Morris County,Randolph Township,Census Tract 456.03,34027045603,-74.572638,40.866508,340270456032
Block Group 3,340270456033,1043,354,0.58,Morris County,Randolph Township,Census Tract 456.03,34027045603,-74.562812,40.866519,340270456033
Block Group 2,340230014182,2171,740,0.13,Middlesex County,Edison Township,Census Tract 14.18,34023001418,-74.340076,40.570286,340230014182
Block Group 2,340270438012,1599,806,0.24,Morris County,Morristown Town,Census Tract 438.01,34027043801,-74.486578,40.795541,340270438012
Block Group 2,340230062092,475,11,0.44,Middlesex County,North Brunswick Township,Census Tract 62.09,34023006209,-74.489812,40.423612,340230062092
Block Group 2,340230082142,1973,1047,1.56,Middlesex County,Monroe Township,Census Tract 82.14,34023008214,-74.456053,40.29598,340230082142
Block Group 1,340076078021,1390,535,0.28,Camden County,Lindenwold Borough,Census Tract 6078.02,34007607802,-74.995838,39.814091,340076078021
Block Group 3,340230022003,1716,680,0.24,Middlesex County,Edison Township; Metuchen Borough,Census Tract 22,34023002200,-74.364552,40.531009,340230022003
Block Group 2,340230077022,2103,605,3.03,Middlesex County,Old Bridge Township,Census Tract 77.02,34023007702,-74.360937,40.359969,340230077022
Block Group 1,340230013001,1217,523,0.13,Middlesex County,Highland Park Borough,Census Tract 13,34023001300,-74.424278,40.496242,340230013001
Block Group 1,340230082111,1901,592,0.55,Middlesex County,Monroe Township,Census Tract 82.11,34023008211,-74.404537,40.378124,340230082111
Block Group 2,340076078022,1113,452,0.23,Camden County,Lindenwold Borough,Census Tract 6078.02,34007607802,-75.004384,39.814738,340076078022
Block Group 3,340230030023,1625,581,0.23,Middlesex County,Woodbridge Township,Census Tract 30.02,34023003002,-74.296601,40.54914,340230030023
Block Group 4,340230030024,1404,610,0.06,Middlesex County,Woodbridge Township,Census Tract 30.02,34023003002,-74.302845,40.553355,340230030024
Block Group 1,340230031011,1023,342,0.13,Middlesex County,Woodbridge Township,Census Tract 31.01,34023003101,-74.325658,40.550348,340230031011
Block Group 2,340230031012,857,242,0.47,Middlesex County,Woodbridge Township,Census Tract 31.01,34023003101,-74.325514,40.560008,340230031012
Block Group 2,340057031032,957,535,0.07,Burlington County,Lumberton Township,Census Tract 7031.03,34005703103,-74.781128,39.978606,340057031032
Block Group 1,340270425001,1474,513,0.59,Morris County,Florham Park Borough,Census Tract 425,34027042500,-74.389058,40.782837,340270425001
Block Group 2,340270425002,1980,674,0.59,Morris County,Florham Park Borough,Census Tract 425,34027042500,-74.392394,40.774066,340270425002
Block Group 1,340270427001,1183,428,0.42,Morris County,Chatham Borough,Census Tract 427,34027042700,-74.372371,40.744792,340270427001
Block Group 3,340230032013,1530,559,0.17,Middlesex County,Woodbridge Township,Census Tract 32.01,34023003201,-74.311988,40.532325,340230032013
Block Group 1,340230032031,1310,471,0.22,Middlesex County,Woodbridge Township,Census Tract 32.03,34023003203,-74.302267,40.529655,340230032031
Block Group 2,340076105002,2653,868,0.71,Camden County,Pennsauken Township,Census Tract 6105,34007610500,-75.059389,39.96762,340076105002
Block Group 3,340076105003,1575,536,0.12,Camden County,Pennsauken Township,Census Tract 6105,34007610500,-75.067888,39.960153,340076105003
Block Group 2,340130140002,1203,596,0.11,Essex County,Belleville Township,Census Tract 140,34013014000,-74.174677,40.804924,340130140002
Block Group 3,340130145003,1023,413,0.06,Essex County,Belleville Township,Census Tract 145,34013014500,-74.156462,40.783512,340130145003
Block Group 5,340130147005,1100,434,0.09,Essex County,Belleville Township,Census Tract 147,34013014700,-74.183498,40.779166,340130147005
Block Group 2,340130148002,702,253,0.09,Essex County,Bloomfield Township,Census Tract 148,34013014800,-74.181034,40.831108,340130148002
Block Group 4,340130148004,1392,516,0.16,Essex County,Bloomfield Township,Census Tract 148,34013014800,-74.185747,40.837252,340130148004
Block Group 3,340230014133,1372,405,0.43,Middlesex County,Edison Township,Census Tract 14.13,34023001413,-74.366423,40.578262,340230014133
Block Group 3,340297152013,2699,503,0.15,Ocean County,Lakewood Township,Census Tract 7152.01,34029715201,-74.20189,40.101257,340297152013
Block Group 1,340076075021,2202,691,0.98,Camden County,Voorhees Township,Census Tract 6075.02,34007607502,-74.975774,39.854826,340076075021
Block Group 3,340230086023,2623,771,2.92,Middlesex County,Plainsboro Township,Census Tract 86.02,34023008602,-74.571194,40.34465,340230086023
Block Group 3,340230010033,2805,905,1.2,Middlesex County,South Plainfield Borough,Census Tract 10.03,34023001003,-74.407437,40.561187,340230010033
Block Group 2,340230085062,1834,611,0.27,Middlesex County,South Brunswick Township,Census Tract 85.06,34023008506,-74.521351,40.378685,340230085062
Block Group 4,340230014144,1789,643,0.4,Middlesex County,Edison Township,Census Tract 14.14,34023001414,-74.389029,40.566051,340230014144
Block Group 3,340030241003,1308,497,0.6,Bergen County,Old Tappan Borough,Census Tract 241,34003024100,-73.972426,41.014447,340030241003
Block Group 2,340030532012,1182,397,0.78,Bergen County,Upper Saddle River Borough,Census Tract 532.01,34003053201,-74.090205,41.051063,340030532012
Block Group 2,340030175012,1164,391,0.18,Bergen County,Fair Lawn Borough,Census Tract 175.01,34003017501,-74.118835,40.925412,340030175012
Block Group 2,340030291002,798,335,0.07,Bergen County,Little Ferry Borough,Census Tract 291,34003029100,-74.043437,40.855539,340030291002
Block Group 1,340030302011,949,338,0.04,Bergen County,Lodi Borough,Census Tract 302.01,34003030201,-74.096095,40.874081,340030302011
Block Group 2,340230018062,54,26,0.54,Middlesex County,Edison Township,Census Tract 18.06,34023001806,-74.36421,40.502635,340230018062
Block Group 5,340155004005,1287,562,0.77,Gloucester County,Paulsboro Borough,Census Tract 5004,34015500400,-75.241013,39.848538,340155004005
Block Group 1,340076087001,1782,782,0.97,Camden County,Berlin Borough,Census Tract 6087,34007608700,-74.920333,39.78617,340076087001
Block Group 1,340390339001,1217,459,0.1,Union County,Roselle Park Borough,Census Tract 339,34039033900,-74.265129,40.66578,340390339001
Block Group 2,340390339002,1137,460,0.12,Union County,Roselle Park Borough,Census Tract 339,34039033900,-74.265338,40.661558,340390339002
Block Group 2,340030372012,1261,419,0.18,Bergen County,New Milford Borough,Census Tract 372.01,34003037201,-74.019471,40.936526,340030372012
Block Group 3,340076089013,1950,642,1.36,Camden County,Waterford Township,Census Tract 6089.01,34007608901,-74.877516,39.776568,340076089013
Block Group 1,340030221001,1361,435,0.24,Bergen County,Glen Rock Borough,Census Tract 221,34003022100,-74.117975,40.966468,340030221001
Block Group 1,340270428001,1035,345,0.26,Morris County,Chatham Borough,Census Tract 428,34027042800,-74.374505,40.734294,340270428001
Block Group 3,340230027013,1192,465,0.24,Middlesex County,Woodbridge Township,Census Tract 27.01,34023002701,-74.290724,40.577752,340230027013
Block Group 3,340230007023,1798,577,0.43,Middlesex County,Piscataway Township,Census Tract 7.02,34023000702,-74.485441,40.539698,340230007023
Block Group 2,340230067032,865,287,0.23,Middlesex County,East Brunswick Township,Census Tract 67.03,34023006703,-74.374488,40.421355,340230067032
Block Group 3,340230018043,949,362,0.19,Middlesex County,Edison Township,Census Tract 18.04,34023001804,-74.387138,40.500188,340230018043
Block Group 5,340230061015,901,268,0.11,Middlesex County,North Brunswick Township,Census Tract 61.01,34023006101,-74.459226,40.469898,340230061015
Block Group 3,340258018003,700,257,0.49,Monmouth County,Union Beach Borough,Census Tract 8018,34025801800,-74.180646,40.449661,340258018003
Block Group 1,340258030001,1719,713,0.56,Monmouth County,Matawan Borough,Census Tract 8030,34025803000,-74.236594,40.398732,340258030001
Block Group 3,340258039003,1219,490,0.27,Monmouth County,Rumson Borough,Census Tract 8039,34025803900,-74.012519,40.376748,340258039003
Block Group 1,340258055001,1062,402,0.1,Monmouth County,Long Branch City,Census Tract 8055,34025805500,-73.995478,40.30762,340258055001
Block Group 4,340030130024,2841,1489,0.22,Bergen County,Edgewater Borough,Census Tract 130.02,34003013002,-73.9653,40.835705,340030130024
Block Group 1,340030191041,923,329,0.04,Bergen County,Fort Lee Borough,Census Tract 191.04,34003019104,-73.963875,40.865294,340030191041
Block Group 3,340030192033,813,486,0.02,Bergen County,Fort Lee Borough,Census Tract 192.03,34003019203,-73.973304,40.853529,340030192033
Block Group 1,340030235011,2393,911,0.14,Bergen County,Hackensack City,Census Tract 235.01,34003023501,-74.048938,40.890733,340030235011
Block Group 2,340030235012,1346,602,0.11,Bergen County,Hackensack City,Census Tract 235.01,34003023501,-74.044629,40.888599,340030235012
Block Group 3,340030235023,1544,1023,0.02,Bergen County,Hackensack City,Census Tract 235.02,34003023502,-74.054905,40.887746,340030235023
Block Group 1,340030236011,1721,705,0.21,Bergen County,Hackensack City,Census Tract 236.01,34003023601,-74.036906,40.862793,340030236011
Block Group 3,340270457043,1552,509,0.71,Morris County,Randolph Township,Census Tract 457.04,34027045704,-74.538891,40.837749,340270457043
Block Group 3,340270458043,2226,763,9.13,Morris County,Mendham Township,Census Tract 458.04,34027045804,-74.628285,40.774867,340270458043
Block Group 1,340210016001,1225,595,0.12,Mercer County,Trenton City,Census Tract 16,34021001600,-74.761644,40.226704,340210016001
Block Group 3,340230082133,2566,1409,2.51,Middlesex County,Monroe Township,Census Tract 82.13,34023008213,-74.381737,40.318176,340230082133
Block Group 4,340230062084,2009,792,0.26,Middlesex County,North Brunswick Township,Census Tract 62.08,34023006208,-74.487546,40.437128,340230062084
Block Group 1,340230045011,1171,345,0.04,Middlesex County,Perth Amboy City,Census Tract 45.01,34023004501,-74.263058,40.521471,340230045011
Block Group 2,340230082112,1706,477,1.09,Middlesex County,Monroe Township,Census Tract 82.11,34023008211,-74.413134,40.362182,340230082112
Block Group 1,340076030021,877,293,0.11,Camden County,Pennsauken Township,Census Tract 6030.02,34007603002,-75.054787,39.962459,340076030021
Block Group 1,340297133001,1131,815,0.34,Ocean County,Brick Township,Census Tract 7133,34029713300,-74.138323,40.091476,340297133001
Block Group 2,340155002032,1678,961,0.6,Gloucester County,West Deptford Township,Census Tract 5002.03,34015500203,-75.185456,39.808543,340155002032
Block Group 2,340030413012,1965,734,0.12,Bergen County,Palisades Park Borough,Census Tract 413.01,34003041301,-73.993357,40.839388,340030413012
Block Group 6,340258016006,1119,541,0.14,Monmouth County,Keansburg Borough,Census Tract 8016,34025801600,-74.133557,40.444515,340258016006
Block Group 1,340130209011,915,326,0.49,Essex County,Essex Fells Borough,Census Tract 209.01,34013020901,-74.269646,40.827163,340130209011
Block Group 3,340170108003,1188,496,0.05,Hudson County,Bayonne City,Census Tract 108,34017010800,-74.110825,40.666352,340170108003
Block Group 1,340130209021,1085,372,0.84,Essex County,Roseland Borough,Census Tract 209.02,34013020902,-74.293195,40.81295,340130209021
Block Group 2,340130168002,1019,638,0.06,Essex County,Montclair Township,Census Tract 168,34013016800,-74.220249,40.813909,340130168002
Block Group 2,340030423022,1576,324,0.53,Bergen County,Paramus Borough,Census Tract 423.02,34003042302,-74.062154,40.955587,340030423022
Block Group 3,340270436013,937,594,0.14,Morris County,Morristown Town,Census Tract 436.01,34027043601,-74.47594,40.793007,340270436013
Block Group 1,340230014141,2009,679,0.12,Middlesex County,Edison Township,Census Tract 14.14,34023001414,-74.398826,40.555144,340230014141
Block Group 3,340230014143,1220,415,0.14,Middlesex County,Edison Township,Census Tract 14.14,34023001414,-74.384139,40.556291,340230014143
Block Group 1,340230062061,835,279,1.07,Middlesex County,North Brunswick Township,Census Tract 62.06,34023006206,-74.438622,40.46496,340230062061
Block Group 1,340258035001,1777,898,0.18,Monmouth County,Red Bank Borough,Census Tract 8035,34025803500,-74.057056,40.344249,340258035001
Block Group 2,340258035002,945,486,0.2,Monmouth County,Red Bank Borough,Census Tract 8035,34025803500,-74.06439,40.343193,340258035002
Block Group 2,340030333002,783,272,0.13,Bergen County,Maywood Borough,Census Tract 333,34003033300,-74.062087,40.896667,340030333002
Block Group 2,340230014122,2058,648,1.43,Middlesex County,Edison Township,Census Tract 14.12,34023001412,-74.383955,40.590028,340230014122
Block Group 1,340230014131,2419,803,0.4,Middlesex County,Edison Township,Census Tract 14.13,34023001413,-74.367459,40.591546,340230014131
Block Group 2,340230014132,1974,660,0.48,Middlesex County,Edison Township,Census Tract 14.13,34023001413,-74.37321,40.582004,340230014132
Block Group 1,340076034001,1741,653,0.32,Camden County,Cherry Hill Township,Census Tract 6034,34007603400,-74.996814,39.921348,340076034001
Block Group 3,340076075073,917,515,0.05,Camden County,Voorhees Township,Census Tract 6075.07,34007607507,-74.993936,39.846639,340076075073
Block Group 1,340390355001,878,328,0.09,Union County,Rahway City,Census Tract 355,34039035500,-74.277193,40.623612,340390355001
Block Group 2,340390355002,1069,474,0.08,Union County,Rahway City,Census Tract 355,34039035500,-74.272205,40.621447,340390355002
Block Group 4,340258066004,1054,413,0.23,Monmouth County,Ocean Township,Census Tract 8066,34025806600,-74.028512,40.236256,340258066004
Block Group 3,340258071003,473,225,0.06,Monmouth County,Asbury Park City,Census Tract 8071,34025807100,-74.020324,40.223395,340258071003
Block Group 2,340258078002,1453,512,0.38,Monmouth County,Neptune Township,Census Tract 8078,34025807800,-74.063978,40.213886,340258078002
Block Group 3,340190119003,1387,802,0.39,Hunterdon County,Lambertville City,Census Tract 119,34019011900,-74.939578,40.3615,340190119003
Block Group 3,340190103003,973,379,1.14,Hunterdon County,Glen Gardner Borough,Census Tract 103,34019010300,-74.935446,40.699905,340190103003
Block Group 3,340258093023,1046,585,0.21,Monmouth County,Manasquan Borough,Census Tract 8093.02,34025809302,-74.044645,40.115864,340258093023
Block Group 3,340258008003,1320,513,0.19,Monmouth County,Middletown Township,Census Tract 8008,34025800800,-74.081011,40.416754,340258008003
Block Group 1,340258032011,2176,791,0.56,Monmouth County,Holmdel Township,Census Tract 8032.01,34025803201,-74.138745,40.415903,340258032011
Block Group 1,340030322021,2374,1051,0.67,Bergen County,Mahwah Township,Census Tract 322.02,34003032202,-74.138174,41.098387,340030322021
Block Group 4,340030351004,2012,745,0.56,Bergen County,Montvale Borough,Census Tract 351,34003035100,-74.031262,41.04804,340030351004
Block Group 1,340130092001,1198,496,0.08,Essex County,Newark City,Census Tract 92,34013009200,-74.165796,40.759062,340130092001
Block Group 2,340130093002,2416,948,0.13,Essex County,Newark City,Census Tract 93,34013009300,-74.166308,40.76397,340130093002
Block Group 2,340030322022,957,325,0.27,Bergen County,Mahwah Township,Census Tract 322.02,34003032202,-74.137292,41.091868,340030322022
Block Group 1,340350536041,2398,1056,1.78,Somerset County,Branchburg Township,Census Tract 536.04,34035053604,-74.707764,40.597116,340350536041
Block Group 1,340170108001,1606,591,1.67,Hudson County,Bayonne City,Census Tract 108,34017010800,-74.089006,40.657029,340170108001
Block Group 2,340170108002,894,375,0.03,Hudson County,Bayonne City,Census Tract 108,34017010800,-74.11462,40.661878,340170108002
Block Group 3,340270418023,1235,416,1.21,Morris County,Parsippany-Troy Hills Township,Census Tract 418.02,34027041802,-74.448158,40.845514,340270418023
Block Group 2,340270419012,1973,667,0.6,Morris County,East Hanover Township,Census Tract 419.01,34027041901,-74.354005,40.825491,340270419012
Block Group 3,340130173023,1937,647,0.92,Essex County,West Orange Township,Census Tract 173.02,34013017302,-74.2834,40.784588,340130173023
Block Group 4,340130182004,1387,486,0.07,Essex County,City of Orange Township,Census Tract 182,34013018200,-74.232691,40.77889,340130182004
Block Group 1,340130218031,1233,416,0.3,Essex County,West Caldwell Township,Census Tract 218.03,34013021803,-74.272401,40.854067,340130218031
Block Group 1,340258104011,1028,348,0.95,Monmouth County,Freehold Township,Census Tract 8104.01,34025810401,-74.267179,40.283505,340258104011
Block Group 5,340030262005,1617,604,0.28,Bergen County,Hillsdale Borough,Census Tract 262,34003026200,-74.040543,41.007182,340030262005
Block Group 1,340030270001,1484,513,1.01,Bergen County,Ho-Ho-Kus Borough,Census Tract 270,34003027000,-74.089588,40.998461,340030270001
Block Group 2,340030270002,668,258,0.25,Bergen County,Ho-Ho-Kus Borough,Census Tract 270,34003027000,-74.111064,41.001645,340030270002
Block Group 2,340170159002,1556,530,0.01,Hudson County,West New York Town,Census Tract 159,34017015900,-74.016916,40.783012,340170159002
Block Group 3,340170159003,1537,578,0.02,Hudson County,West New York Town,Census Tract 159,34017015900,-74.018704,40.783838,340170159003
Block Group 1,340170160001,1480,594,0.03,Hudson County,West New York Town,Census Tract 160,34017016000,-74.021274,40.787591,340170160001
Block Group 2,340170160002,2314,843,0.05,Hudson County,West New York Town,Census Tract 160,34017016000,-74.021094,40.78492,340170160002
Block Group 3,340230036013,2550,914,0.2,Middlesex County,Carteret Borough,Census Tract 36.01,34023003601,-74.222297,40.57779,340230036013
Block Group 3,340270462983,1719,615,6.21,Morris County,Washington Township,Census Tract 462.98,34027046298,-74.750335,40.751677,340270462983
Block Group 2,340270408042,1289,601,1.01,Morris County,Montville Township,Census Tract 408.04,34027040804,-74.36932,40.904073,340270408042
Block Group 4,340297175014,2018,774,0.43,Ocean County,Jackson Township,Census Tract 7175.01,34029717501,-74.274087,40.114141,340297175014
Block Group 1,340258031001,1542,664,0.36,Monmouth County,Matawan Borough,Census Tract 8031,34025803100,-74.241922,40.423914,340258031001
Block Group 3,340258033003,1332,485,3.41,Monmouth County,Holmdel Township,Census Tract 8033,34025803300,-74.170211,40.365042,340258033003
Block Group 2,340258055002,1519,588,0.24,Monmouth County,Long Branch City,Census Tract 8055,34025805500,-73.989072,40.314562,340258055002
Block Group 3,340258055003,1055,343,0.19,Monmouth County,Long Branch City,Census Tract 8055,34025805500,-74.002929,40.308168,340258055003
Block Group 2,340270408052,2373,794,1.35,Morris County,Montville Township,Census Tract 408.05,34027040805,-74.342161,40.913497,340270408052
Block Group 1,340270462981,1594,595,4.38,Morris County,Washington Township,Census Tract 462.98,34027046298,-74.75052,40.791035,340270462981
Block Group 3,340258122003,874,419,1.2,Monmouth County,Eatontown Borough; Oceanport Borough,Census Tract 8122,34025812200,-74.043304,40.313588,340258122003
Block Group 3,340258070063,839,568,0.1,Monmouth County,Asbury Park City,Census Tract 8070.06,34025807006,-74.002057,40.219961,340258070063
Block Group 2,340390317002,1990,842,0.09,Union County,Elizabeth City,Census Tract 317,34039031700,-74.214938,40.676462,340390317002
Block Group 3,340390317003,1386,481,0.04,Union County,Elizabeth City,Census Tract 317,34039031700,-74.219213,40.673067,340390317003
Block Group 4,340390317004,840,284,0.09,Union County,Elizabeth City,Census Tract 317,34039031700,-74.218788,40.67714,340390317004
Block Group 1,340390320021,1942,654,0.09,Union County,Elizabeth City,Census Tract 320.02,34039032002,-74.227548,40.657294,340390320021
Block Group 2,340390320022,2148,714,0.1,Union County,Elizabeth City,Census Tract 320.02,34039032002,-74.230836,40.655154,340390320022
Block Group 4,340258102024,2154,928,1.6,Monmouth County,Manalapan Township,Census Tract 8102.02,34025810202,-74.385856,40.265638,340258102024
Block Group 2,340170152022,1432,733,0.02,Hudson County,West New York Town,Census Tract 152.02,34017015202,-74.004303,40.788843,340170152022
Block Group 1,340170158011,170,52,0.05,Hudson County,West New York Town,Census Tract 158.01,34017015801,-74.009963,40.782154,340170158011
Block Group 4,340390322004,1529,542,0.15,Union County,Hillside Township,Census Tract 322,34039032200,-74.217655,40.701088,340390322004
Block Group 4,340390370004,735,402,0.09,Union County,Cranford Township,Census Tract 370,34039037000,-74.303004,40.66079,340390370004
Block Group 1,340390326001,1396,577,0.06,Union County,Union Township,Census Tract 326,34039032600,-74.252329,40.711173,340390326001
Block Group 4,340390333004,837,316,0.09,Union County,Union Township,Census Tract 333,34039033300,-74.271762,40.683348,340390333004
Block Group 7,340390336007,1410,507,0.39,Union County,Kenilworth Borough,Census Tract 336,34039033600,-74.307012,40.679378,340390336007
Block Group 3,340030120023,1573,650,0.09,Bergen County,East Rutherford Borough,Census Tract 120.02,34003012002,-74.113267,40.846982,340030120023
Block Group 2,340030191032,927,303,0.04,Bergen County,Fort Lee Borough,Census Tract 191.03,34003019103,-73.967375,40.866566,340030191032
Block Group 2,340030193032,1358,562,0.07,Bergen County,Fort Lee Borough,Census Tract 193.03,34003019303,-73.977643,40.847108,340030193032
Block Group 1,340030235021,1766,697,0.12,Bergen County,Hackensack City,Census Tract 235.02,34003023502,-74.05259,40.885443,340030235021
Block Group 2,340030236022,1745,611,0.15,Bergen County,Hackensack City,Census Tract 236.02,34003023602,-74.050681,40.876717,340030236022
Block Group 3,340030236023,1134,130,0.15,Bergen County,Hackensack City,Census Tract 236.02,34003023602,-74.038869,40.87514,340030236023
Block Group 1,340030040011,1763,569,0.21,Bergen County,Bogota Borough,Census Tract 40.01,34003004001,-74.03259,40.880258,340030040011
Block Group 1,340390323001,1168,438,0.5,Union County,Hillside Township,Census Tract 323,34039032300,-74.23679,40.704955,340390323001
Block Group 2,340390323002,1309,477,0.31,Union County,Hillside Township,Census Tract 323,34039032300,-74.222362,40.696497,340390323002
Block Group 3,340076015003,1022,394,0.07,Camden County,Camden City,Census Tract 6015,34007601500,-75.1011,39.92541,340076015003
Block Group 4,340076015004,742,306,0.04,Camden County,Camden City,Census Tract 6015,34007601500,-75.101254,39.92373,340076015004
Block Group 1,340076016001,685,268,0.06,Camden County,Camden City,Census Tract 6016,34007601600,-75.107832,39.926868,340076016001
Block Group 2,340076016002,607,284,0.06,Camden County,Camden City,Census Tract 6016,34007601600,-75.110791,39.925457,340076016002
Block Group 4,340410319004,2179,836,5.13,Warren County,Washington Township,Census Tract 319,34041031900,-75.014605,40.768617,340410319004
Block Group 2,340210030072,675,247,0.21,Mercer County,Hamilton Township,Census Tract 30.07,34021003007,-74.652375,40.225548,340210030072
Block Group 1,340297251001,1217,493,0.26,Ocean County,Beachwood Borough,Census Tract 7251,34029725100,-74.186905,39.940311,340297251001
Block Group 2,340297251002,899,335,0.15,Ocean County,Beachwood Borough,Census Tract 7251,34029725100,-74.186345,39.934144,340297251002
Block Group 1,340297260001,1650,841,0.61,Ocean County,Island Heights Borough,Census Tract 7260,34029726000,-74.14504,39.943065,340297260001
Block Group 1,340410320001,2014,808,0.49,Warren County,Washington Borough,Census Tract 320,34041032000,-74.991353,40.760732,340410320001
Block Group 2,340410320002,1324,601,0.19,Warren County,Washington Borough,Census Tract 320,34041032000,-74.982683,40.762857,340410320002
Block Group 3,340410320003,1208,455,0.42,Warren County,Washington Borough,Census Tract 320,34041032000,-74.973465,40.764139,340410320003
Block Group 2,340230075002,766,297,0.25,Middlesex County,South Amboy City,Census Tract 75,34023007500,-74.289138,40.488653,340230075002
Block Group 2,340230087002,1578,578,6.33,Middlesex County,Cranbury Township,Census Tract 87,34023008700,-74.545122,40.312951,340230087002
Block Group 3,340390384003,1383,520,0.23,Union County,Scotch Plains Township,Census Tract 384,34039038400,-74.395363,40.647825,340390384003
Block Group 1,340390385001,990,353,0.28,Union County,Scotch Plains Township,Census Tract 385,34039038500,-74.378518,40.661529,340390385001
Block Group 3,340390385003,1842,579,0.43,Union County,Scotch Plains Township,Census Tract 385,34039038500,-74.378829,40.653106,340390385003
Block Group 4,340390385004,848,304,0.15,Union County,Scotch Plains Township,Census Tract 385,34039038500,-74.381052,40.659182,340390385004
Block Group 2,340230078042,2706,1110,1.41,Middlesex County,Old Bridge Township,Census Tract 78.04,34023007804,-74.329008,40.390074,340230078042
Block Group 1,340230041001,1129,330,0.08,Middlesex County,Perth Amboy City,Census Tract 41,34023004100,-74.282303,40.5258,340230041001
Block Group 2,340230041002,1918,666,0.13,Middlesex County,Perth Amboy City,Census Tract 41,34023004100,-74.28702,40.524503,340230041002
Block Group 1,340230042001,1681,524,0.14,Middlesex County,Perth Amboy City,Census Tract 42,34023004200,-74.278218,40.524858,340230042001
Block Group 1,340230043001,938,274,0.05,Middlesex County,Perth Amboy City,Census Tract 43,34023004300,-74.26977,40.530808,340230043001
Block Group 3,340230043003,1266,403,0.11,Middlesex County,Perth Amboy City,Census Tract 43,34023004300,-74.271154,40.524205,340230043003
Block Group 1,340230044001,1529,459,0.07,Middlesex County,Perth Amboy City,Census Tract 44,34023004400,-74.272653,40.522214,340230044001
Block Group 2,340230044002,1857,548,0.07,Middlesex County,Perth Amboy City,Census Tract 44,34023004400,-74.272502,40.519354,340230044002
Block Group 3,340312460023,860,376,0.55,Passaic County,Wayne Township,Census Tract 2460.02,34031246002,-74.259839,41.001339,340312460023
Block Group 2,340090220002,407,827,0.25,Cape May County,Cape May City,Census Tract 220,34009022000,-74.921967,38.929758,340090220002
Block Group 2,340076072002,985,449,0.42,Camden County,Runnemede Borough,Census Tract 6072,34007607200,-75.070671,39.856126,340076072002
Block Group 1,340270416041,1323,441,0.4,Morris County,Parsippany-Troy Hills Township,Census Tract 416.04,34027041604,-74.447868,40.858535,340270416041
Block Group 2,340270416042,787,271,0.36,Morris County,Parsippany-Troy Hills Township,Census Tract 416.04,34027041604,-74.4632,40.850077,340270416042
Block Group 1,340270417011,983,413,0.07,Morris County,Parsippany-Troy Hills Township,Census Tract 417.01,34027041701,-74.391379,40.887292,340270417011
Block Group 2,340155021002,1173,393,4.15,Gloucester County,South Harrison Township,Census Tract 5021,34015502100,-75.22413,39.68558,340155021002
Block Group 3,340155021003,873,294,7.48,Gloucester County,South Harrison Township,Census Tract 5021,34015502100,-75.27585,39.693774,340155021003
Block Group 1,340230015041,999,295,0.37,Middlesex County,Edison Township,Census Tract 15.04,34023001504,-74.403795,40.542796,340230015041
Block Group 3,340230040003,1014,472,0.14,Middlesex County,Perth Amboy City,Census Tract 40,34023004000,-74.283162,40.531886,340230040003
Block Group 2,340155002052,2,1,1.34,Gloucester County,West Deptford Township,Census Tract 5002.05,34015500205,-75.215711,39.841736,340155002052
Block Group 1,340373740001,1478,564,8.48,Sussex County,Fredon Township,Census Tract 3740,34037374000,-74.837917,41.03246,340373740001
Block Group 3,340230015043,2948,1014,0.13,Middlesex County,Edison Township,Census Tract 15.04,34023001504,-74.390387,40.546289,340230015043
Block Group 4,340030232014,760,346,0.05,Bergen County,Hackensack City,Census Tract 232.01,34003023201,-74.044915,40.898309,340030232014
Block Group 4,340030181014,1113,482,0.03,Bergen County,Fairview Borough,Census Tract 181.01,34003018101,-74.000471,40.810523,340030181014
Block Group 4,340030241004,1875,673,1.19,Bergen County,Old Tappan Borough,Census Tract 241,34003024100,-73.979461,41.024436,340030241004
Block Group 4,340030546024,951,315,0.09,Bergen County,Teaneck Township,Census Tract 546.02,34003054602,-74.020102,40.875949,340030546024
Block Group 1,340030171011,850,302,0.2,Bergen County,Fair Lawn Borough,Census Tract 171.01,34003017101,-74.103574,40.949159,340030171011
Block Group 3,340030191033,437,262,0.01,Bergen County,Fort Lee Borough,Census Tract 191.03,34003019103,-73.972025,40.861638,340030191033
Block Group 2,340030600022,1048,331,0.1,Bergen County,Wood-Ridge Borough,Census Tract 600.02,34003060002,-74.095089,40.850777,340030600022
Block Group 2,340155014062,678,363,0.21,Gloucester County,Glassboro Borough,Census Tract 5014.06,34015501406,-75.114677,39.713453,340155014062
Block Group 1,340155021001,1349,468,4.27,Gloucester County,South Harrison Township,Census Tract 5021,34015502100,-75.258824,39.714963,340155021001
Block Group 1,340230057001,1459,415,0.1,Middlesex County,New Brunswick City,Census Tract 57,34023005700,-74.446162,40.479134,340230057001
Block Group 3,340230057003,1886,487,0.07,Middlesex County,New Brunswick City,Census Tract 57,34023005700,-74.453042,40.480891,340230057003
Block Group 2,340230058002,2594,624,0.09,Middlesex County,New Brunswick City,Census Tract 58,34023005800,-74.444506,40.485343,340230058002
Block Group 2,340350522042,2376,867,3.58,Somerset County,Warren Township,Census Tract 522.04,34035052204,-74.52964,40.635951,340350522042
Block Group 2,340350537032,2823,951,11.25,Somerset County,Hillsborough Township,Census Tract 537.03,34035053703,-74.696409,40.47632,340350537032
Block Group 4,340350537054,3045,1370,0.37,Somerset County,Hillsborough Township,Census Tract 537.05,34035053705,-74.65218,40.502443,340350537054
Block Group 1,340076012001,1263,489,0.07,Camden County,Camden City,Census Tract 6012,34007601200,-75.073266,39.94575,340076012001
Block Group 3,340076084013,831,285,0.16,Camden County,Gloucester Township,Census Tract 6084.01,34007608401,-75.0063,39.769175,340076084013
Block Group 2,340270407022,2722,941,7.27,Morris County,Kinnelon Borough,Census Tract 407.02,34027040702,-74.416622,40.993608,340270407022
Block Group 3,340270443003,1696,761,0.34,Morris County,Rockaway Borough,Census Tract 443,34027044300,-74.506721,40.894432,340270443003
Block Group 2,340270447022,2431,867,3.42,Morris County,Jefferson Township,Census Tract 447.02,34027044702,-74.602986,40.931202,340270447022
Block Group 3,340270417023,862,319,0.1,Morris County,Parsippany-Troy Hills Township,Census Tract 417.02,34027041702,-74.378435,40.878384,340270417023
Block Group 1,340270461041,2025,634,3.9,Morris County,Mount Olive Township,Census Tract 461.04,34027046104,-74.717057,40.828511,340270461041
Block Group 2,340270430002,1098,372,0.16,Morris County,Madison Borough,Census Tract 430,34027043000,-74.406287,40.759584,340270430002
Block Group 3,340270453003,1580,599,0.68,Morris County,Roxbury Township,Census Tract 453,34027045300,-74.624673,40.873224,340270453003
Block Group 2,340270462982,1715,620,7.01,Morris County,Washington Township,Census Tract 462.98,34027046298,-74.795013,40.761641,340270462982
Block Group 1,340373718011,1775,638,8.87,Sussex County,Wantage Township,Census Tract 3718.01,34037371801,-74.654467,41.260768,340373718011
Block Group 2,340373719002,888,505,45.06,Sussex County,Sandyston Township; Walpack Township,Census Tract 3719,34037371900,-74.840712,41.174035,340373719002
Block Group 1,340090202031,655,1860,0.41,Cape May County,Ocean City,Census Tract 202.03,34009020203,-74.60177,39.257507,340090202031
Block Group 2,340130109002,94,78,0.04,Essex County,East Orange City,Census Tract 109,34013010900,-74.202607,40.756393,340130109002
Block Group 3,340130109003,486,229,0.07,Essex County,East Orange City,Census Tract 109,34013010900,-74.200201,40.754232,340130109003
Block Group 2,340130111002,1529,854,0.04,Essex County,East Orange City,Census Tract 111,34013011100,-74.212808,40.754757,340130111002
Block Group 2,340170146002,1775,678,1.35,Hudson County,North Bergen Township,Census Tract 146,34017014600,-74.030736,40.801585,340170146002
Block Group 3,340130112003,1013,401,0.05,Essex County,East Orange City,Census Tract 112,34013011200,-74.217893,40.761257,340130112003
Block Group 1,340130113001,1216,515,0.09,Essex County,East Orange City,Census Tract 113,34013011300,-74.218491,40.766058,340130113001
Block Group 2,340130106002,1043,459,0.06,Essex County,East Orange City,Census Tract 106,34013010600,-74.210534,40.76257,340130106002
Block Group 3,340130106003,2540,1285,0.09,Essex County,East Orange City,Census Tract 106,34013010600,-74.21028,40.76571,340130106003
Block Group 2,340130107002,785,334,0.05,Essex County,East Orange City,Census Tract 107,34013010700,-74.20312,40.759126,340130107002
Block Group 2,340350531022,2481,1119,0.45,Somerset County,Franklin Township,Census Tract 531.02,34035053102,-74.486416,40.507514,340350531022
Block Group 2,340130229002,1249,564,0.16,Essex County,Newark City,Census Tract 229,34013022900,-74.167886,40.744878,340130229002
Block Group 1,340130230001,1996,900,0.08,Essex County,Newark City,Census Tract 230,34013023000,-74.191664,40.735961,340130230001
Block Group 3,340130107003,1207,502,0.06,Essex County,East Orange City,Census Tract 107,34013010700,-74.204596,40.763342,340130107003
Block Group 1,340130108001,1319,492,0.05,Essex County,East Orange City,Census Tract 108,34013010800,-74.196495,40.761225,340130108001
Block Group 1,340130109001,783,382,0.13,Essex County,East Orange City,Census Tract 109,34013010900,-74.206859,40.755785,340130109001
Block Group 3,340210009003,88,56,0.04,Mercer County,Trenton City,Census Tract 9,34021000900,-74.76626,40.219564,340210009003
Block Group 5,340030471005,1058,328,0.24,Bergen County,Ridgewood Village,Census Tract 471,34003047100,-74.106856,40.985899,340030471005
Block Group 2,340210042042,804,327,1.38,Mercer County,Princeton,Census Tract 42.04,34021004204,-74.6894,40.336399,340210042042
Block Group 2,340030481002,1607,737,0.3,Bergen County,River Edge Borough,Census Tract 481,34003048100,-74.033524,40.921927,340030481002
Block Group 7,340030482007,971,318,0.15,Bergen County,River Edge Borough,Census Tract 482,34003048200,-74.039049,40.936343,340030482007
Block Group 1,340390336001,1027,376,0.15,Union County,Kenilworth Borough,Census Tract 336,34039033600,-74.284539,40.669382,340390336001
Block Group 2,340390341002,879,274,0.09,Union County,Roselle Borough,Census Tract 341,34039034100,-74.255364,40.657212,340390341002
Block Group 2,340390349002,829,381,0.06,Union County,Linden City,Census Tract 349,34039034900,-74.274763,40.628051,340390349002
Block Group 1,340390367001,929,332,0.14,Union County,Westfield Town,Census Tract 367,34039036700,-74.353059,40.643598,340390367001
Block Group 2,340130203002,1423,677,0.28,Essex County,Millburn Township,Census Tract 203,34013020300,-74.30917,40.717855,340130203002
Block Group 1,340030400011,1137,367,0.6,Bergen County,Oradell Borough,Census Tract 400.01,34003040001,-74.026193,40.960798,340030400011
Block Group 1,340030400021,1459,581,0.33,Bergen County,Oradell Borough,Census Tract 400.02,34003040002,-74.026486,40.947223,340030400021
Block Group 2,340390372002,823,451,0.17,Union County,Cranford Township,Census Tract 372,34039037200,-74.304227,40.656571,340390372002
Block Group 4,340390375004,2282,987,0.45,Union County,Springfield Township,Census Tract 375,34039037500,-74.321101,40.715918,340390375004
Block Group 1,340390376011,2051,1027,0.32,Union County,Springfield Township,Census Tract 376.01,34039037601,-74.326657,40.70864,340390376011
Block Group 2,340130074002,2930,1108,0.17,Essex County,Newark City,Census Tract 74,34013007400,-74.143642,40.726173,340130074002
Block Group 2,340076082052,1986,722,0.49,Camden County,Gloucester Township,Census Tract 6082.05,34007608205,-75.033664,39.836326,340076082052
Block Group 1,340130074001,2544,11,1.27,Essex County,Newark City,Census Tract 74,34013007400,-74.133607,40.715332,340130074001
Block Group 1,340155006021,1063,299,1.89,Gloucester County,East Greenwich Township,Census Tract 5006.02,34015500602,-75.235605,39.768053,340155006021
Block Group 1,340230078011,1260,675,0.15,Middlesex County,Old Bridge Township,Census Tract 78.01,34023007801,-74.308705,40.406187,340230078011
Block Group 1,340230078041,787,277,0.17,Middlesex County,Old Bridge Township,Census Tract 78.04,34023007804,-74.356367,40.406935,340230078041
Block Group 3,340230078043,1996,637,0.45,Middlesex County,Old Bridge Township,Census Tract 78.04,34023007804,-74.346037,40.397279,340230078043
Block Group 1,340390368001,799,263,0.12,Union County,Westfield Town,Census Tract 368,34039036800,-74.319739,40.636698,340390368001
Block Group 2,340230012002,1030,345,0.12,Middlesex County,Highland Park Borough,Census Tract 12,34023001200,-74.421857,40.503607,340230012002
Block Group 2,340230066062,1910,611,0.55,Middlesex County,East Brunswick Township,Census Tract 66.06,34023006606,-74.428739,40.431295,340230066062
Block Group 3,340230086043,1874,581,2.66,Middlesex County,Plainsboro Township,Census Tract 86.04,34023008604,-74.58341,40.316849,340230086043
Block Group 1,340230018041,1495,619,0.31,Middlesex County,Edison Township,Census Tract 18.04,34023001804,-74.376669,40.509861,340230018041
Block Group 2,340230043002,1758,546,0.09,Middlesex County,Perth Amboy City,Census Tract 43,34023004300,-74.270874,40.528268,340230043002
Block Group 3,340230062073,1690,531,0.26,Middlesex County,North Brunswick Township,Census Tract 62.07,34023006207,-74.471945,40.445476,340230062073
Block Group 1,340230079081,2285,1053,0.74,Middlesex County,Old Bridge Township,Census Tract 79.08,34023007908,-74.289527,40.442137,340230079081
Block Group 3,340130103003,895,331,0.05,Essex County,East Orange City,Census Tract 103,34013010300,-74.200281,40.768246,340130103003
Block Group 1,340390376021,1896,652,0.42,Union County,Springfield Township,Census Tract 376.02,34039037602,-74.313141,40.694879,340390376021
Block Group 1,340390381041,1090,383,0.25,Union County,New Providence Borough,Census Tract 381.04,34039038104,-74.402276,40.71123,340390381041
Block Group 5,340390336005,886,300,0.17,Union County,Kenilworth Borough,Census Tract 336,34039033600,-74.295241,40.684824,340390336005
Block Group 3,340390336003,1124,394,0.12,Union County,Kenilworth Borough,Census Tract 336,34039033600,-74.301102,40.674031,340390336003
Block Group 3,340390321023,881,280,0.09,Union County,Elizabeth City,Census Tract 321.02,34039032102,-74.250047,40.670438,340390321023
Block Group 3,340390335013,1579,549,0.18,Union County,Union Township,Census Tract 335.01,34039033501,-74.249905,40.680001,340390335013
Block Group 2,340130068002,1258,430,0.31,Essex County,Newark City,Census Tract 68,34013006800,-74.173505,40.717414,340130068002
Block Group 1,340130069001,2460,973,0.06,Essex County,Newark City,Census Tract 69,34013006900,-74.171146,40.725318,340130069001
Block Group 2,340130069002,2167,757,0.08,Essex County,Newark City,Census Tract 69,34013006900,-74.164288,40.722041,340130069002
Block Group 1,340130071001,1550,585,0.04,Essex County,Newark City,Census Tract 71,34013007100,-74.155368,40.722221,340130071001
Block Group 1,340130072001,1744,628,0.03,Essex County,Newark City,Census Tract 72,34013007200,-74.155384,40.726169,340130072001
Block Group 1,340130073001,1655,631,0.08,Essex County,Newark City,Census Tract 73,34013007300,-74.149293,40.72832,340130073001
Block Group 2,340130073002,2201,835,0.04,Essex County,Newark City,Census Tract 73,34013007300,-74.148144,40.726086,340130073002
Block Group 1,340130231001,1186,442,0.06,Essex County,Newark City,Census Tract 231,34013023100,-74.204027,40.737879,340130231001
Block Group 1,340130232001,1562,581,0.1,Essex County,Newark City,Census Tract 232,34013023200,-74.193762,40.717276,340130232001
Block Group 2,340130043002,1630,603,0.09,Essex County,Newark City,Census Tract 43,34013004300,-74.219741,40.716788,340130043002
Block Group 3,340410312003,1835,806,18.09,Warren County,Hope Township,Census Tract 312,34041031200,-74.979117,40.902454,340410312003
Block Group 1,340312461041,1844,575,0.55,Passaic County,Wayne Township,Census Tract 2461.04,34031246104,-74.217573,40.922972,340312461041
Block Group 2,340190114002,1601,663,0.44,Hunterdon County,Flemington Borough,Census Tract 114,34019011400,-74.855237,40.507945,340190114002
Block Group 2,340010118062,1624,601,1.37,Atlantic County,Egg Harbor Township,Census Tract 118.06,34001011806,-74.603735,39.355329,340010118062
Block Group 5,340230014155,780,270,0.26,Middlesex County,Edison Township,Census Tract 14.15,34023001415,-74.376262,40.556555,340230014155
Block Group 2,340230046002,2248,711,0.08,Middlesex County,Perth Amboy City,Census Tract 46,34023004600,-74.26892,40.512743,340230046002
Block Group 1,340230058001,1624,520,0.07,Middlesex County,New Brunswick City,Census Tract 58,34023005800,-74.441449,40.483374,340230058001
Block Group 1,340230067011,1953,618,0.82,Middlesex County,East Brunswick Township,Census Tract 67.01,34023006701,-74.385555,40.425399,340230067011
Block Group 2,340230082052,755,552,0.26,Middlesex County,Monroe Township,Census Tract 82.05,34023008205,-74.441743,40.311204,340230082052
Block Group 4,340230061014,968,299,0.11,Middlesex County,North Brunswick Township,Census Tract 61.01,34023006101,-74.464641,40.47043,340230061014
Block Group 2,340258062012,2780,481,0.73,Monmouth County,West Long Branch Borough,Census Tract 8062.01,34025806201,-74.010202,40.283935,340258062012
Block Group 3,340258097033,981,653,0.31,Monmouth County,Marlboro Township,Census Tract 8097.03,34025809703,-74.277256,40.30871,340258097033
Block Group 4,340170049004,833,288,0.03,Hudson County,Jersey City,Census Tract 49,34017004900,-74.087142,40.712021,340170049004
Block Group 1,340350507041,1754,571,0.95,Somerset County,Bridgewater Township,Census Tract 507.04,34035050704,-74.678522,40.580388,340350507041
Block Group 2,340350507012,1692,612,0.83,Somerset County,Bridgewater Township,Census Tract 507.01,34035050701,-74.665501,40.559516,340350507012
Block Group 4,340230003004,1833,631,0.33,Middlesex County,Dunellen Borough,Census Tract 3,34023000300,-74.459402,40.592162,340230003004
Block Group 2,340230019022,746,288,0.09,Middlesex County,Edison Township,Census Tract 19.02,34023001902,-74.321686,40.529068,340230019022
Block Group 2,340312461022,1271,641,0.11,Passaic County,Wayne Township,Census Tract 2461.02,34031246102,-74.22481,40.953556,340312461022
Block Group 5,340311337015,839,273,0.06,Passaic County,Haledon Borough,Census Tract 1337.01,34031133701,-74.180756,40.934671,340311337015
Block Group 2,340230032032,929,311,0.11,Middlesex County,Woodbridge Township,Census Tract 32.03,34023003203,-74.310438,40.529512,340230032032
Block Group 3,340230032033,1386,552,0.15,Middlesex County,Woodbridge Township,Census Tract 32.03,34023003203,-74.308364,40.525872,340230032033
Block Group 6,340030251006,1147,473,0.11,Bergen County,Hasbrouck Heights Borough,Census Tract 251,34003025100,-74.077023,40.857422,340030251006
Block Group 4,340030252004,907,376,0.08,Bergen County,Hasbrouck Heights Borough,Census Tract 252,34003025200,-74.080478,40.861879,340030252004
Block Group 5,340030252005,882,293,0.1,Bergen County,Hasbrouck Heights Borough,Census Tract 252,34003025200,-74.083068,40.860395,340030252005
Block Group 6,340030252006,1452,520,0.16,Bergen County,Hasbrouck Heights Borough,Census Tract 252,34003025200,-74.083544,40.856298,340030252006
Block Group 1,340076036021,1378,505,0.66,Camden County,Cherry Hill Township,Census Tract 6036.02,34007603602,-74.998058,39.896722,340076036021
Block Group 1,340230014101,2001,613,0.36,Middlesex County,Edison Township,Census Tract 14.10,34023001410,-74.347909,40.59119,340230014101
Block Group 1,340297114001,1020,664,0.28,Ocean County,Point Pleasant Borough,Census Tract 7114,34029711400,-74.054786,40.065636,340297114001
Block Group 2,340297114002,1556,740,0.36,Ocean County,Point Pleasant Borough,Census Tract 7114,34029711400,-74.065912,40.06599,340297114002
Block Group 3,340297130003,1762,674,0.45,Ocean County,Brick Township,Census Tract 7130,34029713000,-74.098238,40.082201,340297130003
Block Group 1,340297131001,2423,1004,0.51,Ocean County,Brick Township,Census Tract 7131,34029713100,-74.103721,40.097295,340297131001
Block Group 1,340312568021,948,476,4.71,Passaic County,West Milford Township,Census Tract 2568.02,34031256802,-74.358479,41.171671,340312568021
Block Group 4,340312568044,1078,494,2.24,Passaic County,West Milford Township,Census Tract 2568.04,34031256804,-74.378635,41.058229,340312568044
Block Group 2,340312460022,1021,277,0.5,Passaic County,Wayne Township,Census Tract 2460.02,34031246002,-74.272221,40.996171,340312460022
Block Group 3,340297131003,2660,1042,0.87,Ocean County,Brick Township,Census Tract 7131,34029713100,-74.113967,40.086293,340297131003
Block Group 4,340030511004,713,486,0.05,Bergen County,Rutherford Borough,Census Tract 511,34003051100,-74.121847,40.838844,340030511004
Block Group 5,340030511005,1235,471,0.14,Bergen County,Rutherford Borough,Census Tract 511,34003051100,-74.118241,40.842286,340030511005
Block Group 6,340030511006,813,368,0.07,Bergen County,Rutherford Borough,Census Tract 511,34003051100,-74.119915,40.836185,340030511006
Block Group 2,340030512002,1051,410,0.14,Bergen County,Rutherford Borough,Census Tract 512,34003051200,-74.121121,40.828479,340030512002
Block Group 3,340312568043,1097,459,3.28,Passaic County,West Milford Township,Census Tract 2568.04,34031256804,-74.354139,41.066525,340312568043
Block Group 2,340311809002,1269,424,0.03,Passaic County,Paterson City,Census Tract 1809,34031180900,-74.156256,40.9322,340311809002
Block Group 1,340311752001,1116,374,0.06,Passaic County,Passaic City,Census Tract 1752,34031175200,-74.115383,40.872429,340311752001
Block Group 2,340311246012,1681,524,0.09,Passaic County,Clifton City,Census Tract 1246.01,34031124601,-74.155866,40.887337,340311246012
Block Group 1,340130037001,1527,550,0.08,Essex County,Newark City,Census Tract 37,34013003700,-74.207186,40.728178,340130037001
Block Group 1,340130038001,1588,575,0.13,Essex County,Newark City,Census Tract 38,34013003800,-74.201122,40.728477,340130038001
Block Group 2,340130038002,1006,389,0.1,Essex County,Newark City,Census Tract 38,34013003800,-74.198233,40.733551,340130038002
Block Group 1,340030551001,1255,401,1.51,Bergen County,Tenafly Borough,Census Tract 551,34003055100,-73.936805,40.915373,340030551001
Block Group 2,340270416022,1722,665,0.6,Morris County,Parsippany-Troy Hills Township,Census Tract 416.02,34027041602,-74.472607,40.874342,340270416022
Block Group 1,340270448001,2374,733,0.21,Morris County,Dover Town,Census Tract 448,34027044800,-74.550299,40.890944,340270448001
Block Group 2,340270448002,2626,797,0.41,Morris County,Dover Town,Census Tract 448,34027044800,-74.549431,40.879724,340270448002
Block Group 2,340030033002,1078,327,0.09,Bergen County,Bergenfield Borough,Census Tract 33,34003003300,-74.008052,40.92948,340030033002
Block Group 2,340230084042,1018,336,0.28,Middlesex County,South Brunswick Township,Census Tract 84.04,34023008404,-74.561465,40.417301,340230084042
Block Group 1,340030572001,1062,438,0.06,Bergen County,Wallington Borough,Census Tract 572,34003057200,-74.118811,40.857125,340030572001
Block Group 4,340155002044,1855,1008,0.39,Gloucester County,West Deptford Township,Census Tract 5002.04,34015500204,-75.184462,39.828282,340155002044
Block Group 1,340270449001,1833,579,0.19,Morris County,Dover Town,Census Tract 449,34027044900,-74.558085,40.878712,340270449001
Block Group 2,340190103002,709,456,0.41,Hunterdon County,Glen Gardner Borough,Census Tract 103,34019010300,-74.946279,40.697604,340190103002
Block Group 3,340190104003,1010,372,4.62,Hunterdon County,Bethlehem Township,Census Tract 104,34019010400,-75.043076,40.646608,340190104003
Block Group 2,340076084012,1786,606,0.59,Camden County,Gloucester Township,Census Tract 6084.01,34007608401,-74.992285,39.768454,340076084012
Block Group 1,340076084021,2231,735,0.76,Camden County,Gloucester Township,Census Tract 6084.02,34007608402,-74.992174,39.755893,340076084021
Block Group 2,340076084022,1790,719,0.91,Camden County,Gloucester Township,Census Tract 6084.02,34007608402,-74.976713,39.766462,340076084022
Block Group 1,340076084031,2900,936,0.96,Camden County,Gloucester Township,Census Tract 6084.03,34007608403,-75.012911,39.738327,340076084031
Block Group 2,340312462022,1067,354,0.24,Passaic County,Wayne Township,Census Tract 2462.02,34031246202,-74.248637,40.935098,340312462022
Block Group 3,340312462023,1996,667,0.65,Passaic County,Wayne Township,Census Tract 2462.02,34031246202,-74.261816,40.94165,340312462023
Block Group 4,340312462024,1082,369,0.2,Passaic County,Wayne Township,Census Tract 2462.02,34031246202,-74.259048,40.935883,340312462024
Block Group 1,340057030001,1313,629,1.01,Burlington County,Hainesport Township,Census Tract 7030,34005703000,-74.842562,39.980442,340057030001
Block Group 2,340390334002,1238,439,0.19,Union County,Union Township,Census Tract 334,34039033400,-74.253914,40.682391,340390334002
Block Group 3,340390334003,786,256,0.07,Union County,Union Township,Census Tract 334,34039033400,-74.262574,40.67879,340390334003
Block Group 2,340373721002,1186,608,2.96,Sussex County,Hampton Township,Census Tract 3721,34037372100,-74.730908,41.079268,340373721002
Block Group 1,340130180001,854,293,0.13,Essex County,West Orange Township,Census Tract 180,34013018000,-74.256812,40.773385,340130180001
Block Group 1,340258065041,945,482,0.15,Monmouth County,Ocean Township,Census Tract 8065.04,34025806504,-74.043573,40.248479,340258065041
Block Group 1,340130205001,1518,478,0.79,Essex County,Livingston Township,Census Tract 205,34013020500,-74.290819,40.80217,340130205001
Block Group 2,340130205002,3012,952,1.11,Essex County,Livingston Township,Census Tract 205,34013020500,-74.299813,40.787778,340130205002
Block Group 3,340350539053,1140,366,1.19,Somerset County,Montgomery Township,Census Tract 539.05,34035053905,-74.612306,40.448978,340350539053
Block Group 1,340297171021,2318,1122,1.59,Ocean County,Jackson Township,Census Tract 7171.02,34029717102,-74.311578,40.135716,340297171021
Block Group 3,340297220013,2059,1048,0.72,Ocean County,Toms River Township,Census Tract 7220.01,34029722001,-74.234582,40.046103,340297220013
Block Group 0,340297270010,0,0,0,Ocean County,Toms River Township,Census Tract 7270.01,34029727001,-74.090438,39.966187,340297270010
Block Group 3,340297270013,351,889,0.18,Ocean County,Lavallette Borough,Census Tract 7270.01,34029727001,-74.066916,39.964142,340297270013
Block Group 4,340190107014,809,532,0.12,Hunterdon County,Union Township,Census Tract 107.01,34019010701,-74.933567,40.634462,340190107014
Block Group 3,340190107013,1310,455,4.54,Hunterdon County,Union Township,Census Tract 107.01,34019010701,-74.962382,40.605796,340190107013
Block Group 3,340190113033,1310,467,1.05,Hunterdon County,Raritan Township,Census Tract 113.03,34019011303,-74.832781,40.503652,340190113033
Block Group 1,340190107011,2720,315,6.87,Hunterdon County,Union Township,Census Tract 107.01,34019010701,-74.942867,40.648557,340190107011
Block Group 4,340270450004,1185,388,0.35,Morris County,Dover Town,Census Tract 450,34027045000,-74.557919,40.897828,340270450004
Block Group 1,340270459041,2884,986,6.36,Morris County,Chester Township,Census Tract 459.04,34027045904,-74.645632,40.806487,340270459041
Block Group 1,340270461071,1887,647,1.06,Morris County,Mount Olive Township,Census Tract 461.07,34027046107,-74.750081,40.870165,340270461071
Block Group 6,340130173026,1025,571,0.33,Essex County,West Orange Township,Census Tract 173.02,34013017302,-74.292257,40.763517,340130173026
Block Group 2,340130217022,1661,795,0.21,Essex County,Caldwell Borough,Census Tract 217.02,34013021702,-74.284522,40.841324,340130217022
Block Group 1,340139801001,5777,114,0.56,Essex County,Newark City,Census Tract 9801,34013980100,-74.169061,40.713889,340139801001
Block Group 1,340139802001,10,8,6,Essex County,Newark City,Census Tract 9802,34013980200,-74.157471,40.695921,340139802001
Block Group 3,340230070003,2467,1026,0.46,Middlesex County,South River Borough,Census Tract 70,34023007000,-74.370984,40.436453,340230070003
Block Group 4,340230070004,2185,794,0.35,Middlesex County,South River Borough,Census Tract 70,34023007000,-74.382428,40.436436,340230070004
Block Group 1,340230071011,1692,663,0.36,Middlesex County,Sayreville Borough,Census Tract 71.01,34023007101,-74.361514,40.453174,340230071011
Block Group 1,340170161001,2014,687,0.03,Hudson County,Union City,Census Tract 161,34017016100,-74.017845,40.778635,340170161001
Block Group 2,340170161002,1759,665,0.02,Hudson County,Union City,Census Tract 161,34017016100,-74.018591,40.780361,340170161002
Block Group 2,340170162002,2250,799,0.03,Hudson County,Union City,Census Tract 162,34017016200,-74.023857,40.779998,340170162002
Block Group 1,340170163001,1182,485,0.02,Hudson County,Union City,Census Tract 163,34017016300,-74.020607,40.779118,340170163001
Block Group 2,340170163002,1756,701,0.02,Hudson County,Union City,Census Tract 163,34017016300,-74.020874,40.777191,340170163002
Block Group 1,340170164001,1275,455,0.02,Hudson County,Union City,Census Tract 164,34017016400,-74.022938,40.774952,340170164001
Block Group 3,340170164003,1199,425,0.03,Hudson County,Union City,Census Tract 164,34017016400,-74.02661,40.776105,340170164003
Block Group 2,340170165002,1277,462,0.03,Hudson County,Union City,Census Tract 165,34017016500,-74.025911,40.771581,340170165002
Block Group 3,340170165003,1624,728,0.03,Hudson County,Union City,Census Tract 165,34017016500,-74.025471,40.769623,340170165003
Block Group 2,340170166002,1859,714,0.03,Hudson County,Union City,Census Tract 166,34017016600,-74.030557,40.777081,340170166002
Block Group 1,340170167001,1773,672,0.06,Hudson County,Union City,Census Tract 167,34017016700,-74.033306,40.77271,340170167001
Block Group 3,340230071013,835,300,0.97,Middlesex County,Sayreville Borough,Census Tract 71.01,34023007101,-74.36902,40.469631,340230071013
Block Group 4,340410320004,1357,649,0.31,Warren County,Washington Borough,Census Tract 320,34041032000,-74.973925,40.756719,340410320004
Block Group 1,340410315001,1313,491,15.54,Warren County,Mansfield Township,Census Tract 315,34041031500,-74.922569,40.820428,340410315001
Block Group 4,340155004004,1636,672,0.38,Gloucester County,Paulsboro Borough,Census Tract 5004,34015500400,-75.238551,39.838672,340155004004
Block Group 2,340410319002,1896,763,4.85,Warren County,Washington Township,Census Tract 319,34041031900,-74.958932,40.738431,340410319002
Block Group 2,340410315002,904,336,1.64,Warren County,Mansfield Township,Census Tract 315,34041031500,-74.8603,40.822982,340410315002
Block Group 3,340410315003,983,392,5.6,Warren County,Mansfield Township,Census Tract 315,34041031500,-74.892292,40.795623,340410315003
Block Group 4,340076057004,647,326,0.1,Camden County,Audubon Borough,Census Tract 6057,34007605700,-75.070518,39.896172,340076057004
Block Group 1,340390312001,1051,351,0.03,Union County,Elizabeth City,Census Tract 312,34039031200,-74.195125,40.661322,340390312001
Block Group 1,340390334001,1042,339,0.11,Union County,Union Township,Census Tract 334,34039033400,-74.246969,40.686237,340390334001
Block Group 3,340010122003,1744,661,0.51,Atlantic County,Pleasantville City,Census Tract 122,34001012200,-74.541032,39.390089,340010122003
Block Group 2,340230057002,2280,816,0.11,Middlesex County,New Brunswick City,Census Tract 57,34023005700,-74.449481,40.480562,340230057002
Block Group 2,340270419022,2786,1115,2.14,Morris County,East Hanover Township,Census Tract 419.02,34027041902,-74.366824,40.810576,340270419022
Block Group 3,340230002003,1938,739,0.39,Middlesex County,Middlesex Borough,Census Tract 2,34023000200,-74.495896,40.571786,340230002003
Block Group 1,340230004041,803,266,0.12,Middlesex County,Piscataway Township,Census Tract 4.04,34023000404,-74.461743,40.573024,340230004041
Block Group 1,340270420001,879,317,0.37,Morris County,Hanover Township,Census Tract 420,34027042000,-74.412055,40.826013,340270420001
Block Group 1,340270422001,854,326,0.35,Morris County,Hanover Township,Census Tract 422,34027042200,-74.458934,40.824677,340270422001
Block Group 2,340270422002,1472,660,0.31,Morris County,Hanover Township,Census Tract 422,34027042200,-74.446999,40.824917,340270422002
Block Group 1,340230001011,1390,520,0.27,Middlesex County,Middlesex Borough,Census Tract 1.01,34023000101,-74.506378,40.581974,340230001011
Block Group 3,340076064003,880,322,0.15,Camden County,Haddonfield Borough,Census Tract 6064,34007606400,-75.03768,39.891845,340076064003
Block Group 2,340130143002,1252,458,0.06,Essex County,Belleville Township,Census Tract 143,34013014300,-74.150624,40.800721,340130143002
Block Group 3,340130143003,737,243,0.04,Essex County,Belleville Township,Census Tract 143,34013014300,-74.151593,40.799063,340130143003
Block Group 5,340130143005,976,348,0.05,Essex County,Belleville Township,Census Tract 143,34013014300,-74.15278,40.795205,340130143005
Block Group 1,340130149001,1165,394,0.34,Essex County,Bloomfield Township,Census Tract 149,34013014900,-74.173265,40.839971,340130149001
Block Group 1,340230036011,2702,978,0.13,Middlesex County,Carteret Borough,Census Tract 36.01,34023003601,-74.219899,40.58579,340230036011
Block Group 1,340239800001,56,24,1.67,Middlesex County,Carteret Borough,Census Tract 9800,34023980000,-74.212187,40.580533,340239800001
Block Group 2,340230005042,1325,615,0.07,Middlesex County,Piscataway Township,Census Tract 5.04,34023000504,-74.440505,40.568074,340230005042
Block Group 3,340230038013,1286,401,0.1,Middlesex County,Carteret Borough,Census Tract 38.01,34023003801,-74.234145,40.576694,340230038013
Block Group 2,340076068002,1710,636,0.29,Camden County,Bellmawr Borough,Census Tract 6068,34007606800,-75.072802,39.864962,340076068002
Block Group 2,340258023002,1183,418,0.31,Monmouth County,Hazlet Township,Census Tract 8023,34025802300,-74.188009,40.426175,340258023002
Block Group 1,340030425001,1627,548,0.75,Bergen County,Paramus Borough,Census Tract 425,34003042500,-74.056585,40.916757,340030425001
Block Group 3,340057031043,1933,675,0.58,Burlington County,Lumberton Township,Census Tract 7031.04,34005703104,-74.786482,39.975784,340057031043
Block Group 3,340057032033,1520,1053,0.88,Burlington County,Southampton Township,Census Tract 7032.03,34005703203,-74.699119,39.893588,340057032033
Block Group 1,340057045001,1464,559,7.86,Burlington County,North Hanover Township,Census Tract 7045,34005704500,-74.590176,40.105278,340057045001
Block Group 3,340057038043,590,245,1.13,Burlington County,Medford Township,Census Tract 7038.04,34005703804,-74.85665,39.86334,340057038043
Block Group 1,340057042011,1095,424,0.8,Burlington County,Bordentown Township,Census Tract 7042.01,34005704201,-74.688155,40.127508,340057042011
Block Group 2,340350537042,1400,503,0.63,Somerset County,Hillsborough Township,Census Tract 537.04,34035053704,-74.658047,40.488107,340350537042
Block Group 1,340230072031,1653,788,0.33,Middlesex County,Sayreville Borough,Census Tract 72.03,34023007203,-74.31882,40.468019,340230072031
Block Group 2,340230072032,1670,611,0.32,Middlesex County,Sayreville Borough,Census Tract 72.03,34023007203,-74.312017,40.471582,340230072032
Block Group 1,340230073011,1274,421,0.31,Middlesex County,Sayreville Borough,Census Tract 73.01,34023007301,-74.305302,40.466171,340230073011
Block Group 2,340230082042,1177,468,0.84,Middlesex County,Monroe Township,Census Tract 82.04,34023008204,-74.476701,40.313982,340230082042
Block Group 3,340230082043,1538,1096,0.36,Middlesex County,Monroe Township,Census Tract 82.04,34023008204,-74.464189,40.313636,340230082043
Block Group 8,340090213008,422,875,0.22,Cape May County,North Wildwood City,Census Tract 213,34009021300,-74.811811,38.998279,340090213008
Block Group 1,340270418021,1032,360,0.13,Morris County,Parsippany-Troy Hills Township,Census Tract 418.02,34027041802,-74.442723,40.855271,340270418021
Block Group 1,340270434021,2191,765,2.85,Morris County,Morris Township,Census Tract 434.02,34027043402,-74.514854,40.784852,340270434021
Block Group 4,340270440004,2162,883,5.51,Morris County,Chatham Township,Census Tract 440,34027044000,-74.436402,40.735372,340270440004
Block Group 1,340270442001,1786,738,11.67,Morris County,Harding Township,Census Tract 442,34027044200,-74.494369,40.73147,340270442001
Block Group 2,340270442002,2085,831,8.38,Morris County,Harding Township,Census Tract 442,34027044200,-74.497051,40.76197,340270442002
Block Group 3,340312641023,2066,848,0.43,Passaic County,Woodland Park Borough,Census Tract 2641.02,34031264102,-74.196309,40.886135,340312641023
Block Group 2,340297172002,2201,744,3.87,Ocean County,Jackson Township,Census Tract 7172,34029717200,-74.341311,40.126535,340297172002
Block Group 1,340297312041,1487,1032,0.63,Ocean County,Berkeley Township,Census Tract 7312.04,34029731204,-74.255946,39.955794,340297312041
Block Group 3,340130203003,1474,485,0.29,Essex County,Millburn Township,Census Tract 203,34013020300,-74.330521,40.721957,340130203003
Block Group 1,340155016061,794,319,1.76,Gloucester County,Monroe Township,Census Tract 5016.06,34015501606,-74.96123,39.64931,340155016061
Block Group 2,340030280012,1305,472,0.34,Bergen County,Leonia Borough,Census Tract 280.01,34003028001,-73.99987,40.860851,340030280012
Block Group 4,340030280014,1051,401,0.1,Bergen County,Leonia Borough,Census Tract 280.01,34003028001,-73.993703,40.857781,340030280014
Block Group 5,340030280015,1188,456,0.11,Bergen County,Leonia Borough,Census Tract 280.01,34003028001,-73.988032,40.865685,340030280015
Block Group 1,340030280021,1316,455,0.27,Bergen County,Leonia Borough,Census Tract 280.02,34003028002,-73.980584,40.865061,340030280021
Block Group 1,340130174001,1857,635,1.29,Essex County,West Orange Township,Census Tract 174,34013017400,-74.247253,40.811513,340130174001
Block Group 2,340130174002,1088,384,0.14,Essex County,West Orange Township,Census Tract 174,34013017400,-74.25518,40.805065,340130174002
Block Group 2,340030280022,623,258,0.09,Bergen County,Leonia Borough,Census Tract 280.02,34003028002,-73.989545,40.857317,340030280022
Block Group 3,340030280023,1206,404,0.15,Bergen County,Leonia Borough,Census Tract 280.02,34003028002,-73.98622,40.855627,340030280023
Block Group 1,340030292001,2360,853,0.59,Bergen County,Little Ferry Borough,Census Tract 292,34003029200,-74.037099,40.839138,340030292001
Block Group 7,340230018067,33,14,0.1,Middlesex County,Edison Township,Census Tract 18.06,34023001806,-74.325199,40.527404,340230018067
Block Group 2,340390324022,2029,705,0.22,Union County,Hillside Township,Census Tract 324.02,34039032402,-74.246361,40.702811,340390324022
Block Group 4,340390368004,1446,446,0.51,Union County,Westfield Town,Census Tract 368,34039036800,-74.334551,40.631583,340390368004
Block Group 2,340030582002,1429,484,0.27,Bergen County,Washington Township,Census Tract 582,34003058200,-74.052241,40.990645,340030582002
Block Group 3,340030582003,883,313,0.13,Bergen County,Washington Township,Census Tract 582,34003058200,-74.052415,40.985287,340030582003
Block Group 1,340057029071,883,351,0.47,Burlington County,Mount Laurel Township,Census Tract 7029.07,34005702907,-74.925497,39.924678,340057029071
Block Group 2,340057029072,2096,919,0.58,Burlington County,Mount Laurel Township,Census Tract 7029.07,34005702907,-74.914372,39.924922,340057029072
Block Group 1,340258051001,1948,727,1.08,Monmouth County,Eatontown Borough,Census Tract 8051,34025805100,-74.040765,40.283297,340258051001
Block Group 1,340210043121,1444,432,3.26,Mercer County,Robbinsville Township,Census Tract 43.12,34021004312,-74.580661,40.249967,340210043121
Block Group 3,340390368003,1876,604,0.43,Union County,Westfield Town,Census Tract 368,34039036800,-74.345709,40.635025,340390368003
Block Group 1,340399800001,299,36,5.12,Union County,Elizabeth City,Census Tract 9800,34039980000,-74.16541,40.672511,340399800001
Block Group 1,340390313021,1700,529,0.09,Union County,Elizabeth City,Census Tract 313.02,34039031302,-74.200395,40.668674,340390313021
Block Group 5,340390312005,758,250,0.08,Union County,Elizabeth City,Census Tract 312,34039031200,-74.200394,40.66487,340390312005
Block Group 2,340390313012,1864,664,0.26,Union County,Elizabeth City,Census Tract 313.01,34039031301,-74.196215,40.67323,340390313012
Block Group 2,340230007022,943,398,1.13,Middlesex County,Piscataway Township,Census Tract 7.02,34023000702,-74.496817,40.542431,340230007022
Block Group 2,340210044042,2253,832,0.17,Mercer County,East Windsor Township,Census Tract 44.04,34021004404,-74.485545,40.271838,340210044042
Block Group 3,340170141023,1924,798,0.28,Hudson County,North Bergen Township,Census Tract 141.02,34017014102,-74.00069,40.803469,340170141023
Block Group 2,340170145022,850,336,0.02,Hudson County,North Bergen Township,Census Tract 145.02,34017014502,-74.022538,40.792196,340170145022
Block Group 2,340410308002,1641,699,0.34,Warren County,Phillipsburg Town,Census Tract 308,34041030800,-75.17856,40.68607,340410308002
Block Group 4,340030441004,2145,792,0.57,Bergen County,Ramsey Borough,Census Tract 441,34003044100,-74.149488,41.048876,340030441004
Block Group 3,340390366003,1536,628,0.28,Union County,Westfield Town,Census Tract 366,34039036600,-74.35965,40.644803,340390366003
Block Group 2,340390367002,942,308,0.12,Union County,Westfield Town,Census Tract 367,34039036700,-74.355981,40.639319,340390367002
Block Group 3,340130132003,845,335,0.05,Essex County,Irvington Township,Census Tract 132,34013013200,-74.216856,40.730557,340130132003
Block Group 3,340076037003,1161,475,0.35,Camden County,Cherry Hill Township,Census Tract 6037,34007603700,-75.02225,39.91134,340076037003
Block Group 2,340076038002,1654,707,0.2,Camden County,Haddon Township,Census Tract 6038,34007603800,-75.043257,39.909933,340076038002
Block Group 1,340076039011,1955,788,0.37,Camden County,Haddon Township,Census Tract 6039.01,34007603901,-75.060273,39.90768,340076039011
Block Group 4,340130139004,815,289,0.09,Essex County,Nutley Township,Census Tract 139,34013013900,-74.176566,40.816602,340130139004
Block Group 4,340130143004,1035,359,0.05,Essex County,Belleville Township,Census Tract 143,34013014300,-74.15201,40.797178,340130143004
Block Group 4,340130151004,1305,470,0.09,Essex County,Bloomfield Township,Census Tract 151,34013015100,-74.182391,40.8164,340130151004
Block Group 1,340130157001,1686,587,0.11,Essex County,Bloomfield Township,Census Tract 157,34013015700,-74.196377,40.785954,340130157001
Block Group 1,340030482001,968,326,0.13,Bergen County,River Edge Borough,Census Tract 482,34003048200,-74.037625,40.939852,340030482001
Block Group 1,340410309001,907,457,0.22,Warren County,Phillipsburg Town,Census Tract 309,34041030900,-75.195544,40.683632,340410309001
Block Group 2,340410309002,1125,512,0.14,Warren County,Phillipsburg Town,Census Tract 309,34041030900,-75.185987,40.684314,340410309002
Block Group 2,340030155002,1402,643,0.18,Bergen County,Englewood City,Census Tract 155,34003015500,-73.975747,40.874261,340030155002
Block Group 1,340030291001,1218,555,0.11,Bergen County,Little Ferry Borough,Census Tract 291,34003029100,-74.038618,40.856038,340030291001
Block Group 3,340130174003,1706,709,0.37,Essex County,West Orange Township,Census Tract 174,34013017400,-74.260287,40.803858,340130174003
Block Group 4,340130174004,955,348,0.95,Essex County,West Orange Township,Census Tract 174,34013017400,-74.264704,40.788008,340130174004
Block Group 1,340130175001,871,328,0.1,Essex County,West Orange Township,Census Tract 175,34013017500,-74.237064,40.798625,340130175001
Block Group 2,340258093022,956,597,0.2,Monmouth County,Manasquan Borough,Census Tract 8093.02,34025809302,-74.040484,40.119857,340258093022
Block Group 3,340155011063,31,5,0.92,Gloucester County,Deptford Township,Census Tract 5011.06,34015501106,-75.115313,39.784779,340155011063
Block Group 3,340130217013,777,309,0.13,Essex County,Caldwell Borough,Census Tract 217.01,34013021701,-74.271827,40.84007,340130217013
Block Group 2,340076017002,1291,495,0.17,Camden County,Camden City,Census Tract 6017,34007601700,-75.110922,39.918697,340076017002
Block Group 1,340076018001,1102,549,0.28,Camden County,Camden City,Census Tract 6018,34007601800,-75.119962,39.922837,340076018001
Block Group 2,340030471002,1026,311,0.26,Bergen County,Ridgewood Village,Census Tract 471,34003047100,-74.09535,40.98332,340030471002
Block Group 3,340030471003,1294,426,0.28,Bergen County,Ridgewood Village,Census Tract 471,34003047100,-74.100928,40.990321,340030471003
Block Group 4,340030471004,1031,348,0.2,Bergen County,Ridgewood Village,Census Tract 471,34003047100,-74.109736,40.992604,340030471004
Block Group 2,340210043112,2471,917,0.36,Mercer County,Robbinsville Township,Census Tract 43.11,34021004311,-74.628395,40.221215,340210043112
Block Group 2,340076036022,1243,431,0.38,Camden County,Cherry Hill Township,Census Tract 6036.02,34007603602,-75.011104,39.900407,340076036022
Block Group 1,340258036011,915,644,0.17,Monmouth County,Red Bank Borough,Census Tract 8036.01,34025803601,-74.059536,40.357169,340258036011
Block Group 1,340258095051,795,261,0.47,Monmouth County,Marlboro Township,Census Tract 8095.05,34025809505,-74.252837,40.338563,340258095051
Block Group 1,340258105041,2256,839,0.88,Monmouth County,Freehold Township,Census Tract 8105.04,34025810504,-74.277053,40.230173,340258105041
Block Group 1,340258078001,1400,561,0.58,Monmouth County,Neptune Township,Census Tract 8078,34025807800,-74.055315,40.219209,340258078001
Block Group 3,340258078003,1480,510,0.4,Monmouth County,Neptune Township,Census Tract 8078,34025807800,-74.065756,40.22391,340258078003
Block Group 2,340130208002,2253,811,1.01,Essex County,Livingston Township,Census Tract 208,34013020800,-74.34583,40.783261,340130208002
Block Group 3,340390363013,1179,611,0.18,Union County,Clark Township,Census Tract 363.01,34039036301,-74.32882,40.618293,340390363013
Block Group 2,340170152012,1347,584,0.07,Hudson County,West New York Town,Census Tract 152.01,34017015201,-73.99954,40.784813,340170152012
Block Group 4,340210045014,2042,4,0.1,Mercer County,Princeton,Census Tract 45.01,34021004501,-74.656474,40.346548,340210045014
Block Group 1,340210009001,1316,573,0.2,Mercer County,Trenton City,Census Tract 9,34021000900,-74.75556,40.21939,340210009001
Block Group 2,340057004022,1249,502,0.26,Burlington County,Maple Shade Township,Census Tract 7004.02,34005700402,-75.012134,39.951068,340057004022
Block Group 1,340390306001,1904,718,0.59,Union County,Elizabeth City,Census Tract 306,34039030600,-74.20221,40.641309,340390306001
Block Group 2,340390306002,1826,667,0.06,Union County,Elizabeth City,Census Tract 306,34039030600,-74.212614,40.647299,340390306002
Block Group 2,340390308022,1494,518,0.14,Union County,Elizabeth City,Census Tract 308.02,34039030802,-74.212704,40.655562,340390308022
Block Group 1,340390309001,1870,632,0.07,Union County,Elizabeth City,Census Tract 309,34039030900,-74.207373,40.65328,340390309001
Block Group 2,340390309002,1809,565,0.05,Union County,Elizabeth City,Census Tract 309,34039030900,-74.202707,40.65339,340390309002
Block Group 3,340390309003,1441,448,0.05,Union County,Elizabeth City,Census Tract 309,34039030900,-74.199754,40.651138,340390309003
Block Group 1,340130064001,1320,729,0.12,Essex County,Newark City,Census Tract 64,34013006400,-74.183159,40.737779,340130064001
Block Group 2,340130067002,1317,570,0.04,Essex County,Newark City,Census Tract 67,34013006700,-74.181451,40.725716,340130067002
Block Group 1,340130068001,2103,803,0.07,Essex County,Newark City,Census Tract 68,34013006800,-74.169112,40.722051,340130068001
Block Group 2,340258036022,1136,667,0.14,Monmouth County,Red Bank Borough,Census Tract 8036.02,34025803602,-74.057024,40.350428,340258036022
Block Group 2,340258089022,1111,658,0.17,Monmouth County,Spring Lake Heights Borough,Census Tract 8089.02,34025808902,-74.041614,40.161919,340258089022
Block Group 1,340258001021,1160,738,0.26,Monmouth County,Highlands Borough; Sea Bright Borough,Census Tract 8001.02,34025800102,-73.983387,40.394732,340258001021
Block Group 2,340258085022,936,435,0.16,Monmouth County,Wall Township,Census Tract 8085.02,34025808502,-74.036656,40.173873,340258085022
Block Group 1,340030312001,1035,403,0.11,Bergen County,Lyndhurst Township,Census Tract 312,34003031200,-74.126423,40.819414,340030312001
Block Group 1,340030313001,717,255,0.08,Bergen County,Lyndhurst Township,Census Tract 313,34003031300,-74.128216,40.808116,340030313001
Block Group 2,340030313002,886,352,0.05,Bergen County,Lyndhurst Township,Census Tract 313,34003031300,-74.13025,40.805037,340030313002
Block Group 3,340030313003,1216,582,0.12,Bergen County,Lyndhurst Township,Census Tract 313,34003031300,-74.136995,40.805879,340030313003
Block Group 4,340030313004,853,364,0.05,Bergen County,Lyndhurst Township,Census Tract 313,34003031300,-74.134459,40.808193,340030313004
Block Group 5,340030313005,908,338,0.07,Bergen County,Lyndhurst Township,Census Tract 313,34003031300,-74.131551,40.810429,340030313005
Block Group 1,340057005011,987,365,0.63,Burlington County,Moorestown Township,Census Tract 7005.01,34005700501,-74.965067,39.948153,340057005011
Block Group 1,340057005031,1730,623,0.98,Burlington County,Moorestown Township,Census Tract 7005.03,34005700503,-74.956929,39.97228,340057005031
Block Group 1,340130057001,2146,722,0.3,Essex County,Newark City,Census Tract 57,34013005700,-74.184787,40.719472,340130057001
Block Group 1,340130062001,1054,477,0.04,Essex County,Newark City,Census Tract 62,34013006200,-74.183817,40.729571,340130062001
Block Group 2,340258007022,2627,1022,0.99,Monmouth County,Middletown Township,Census Tract 8007.02,34025800702,-74.118853,40.405976,340258007022
Block Group 4,340258008004,1572,537,0.91,Monmouth County,Middletown Township,Census Tract 8008,34025800800,-74.0981,40.403398,340258008004
Block Group 3,340258009003,1945,1016,0.71,Monmouth County,Middletown Township,Census Tract 8009,34025800900,-74.017528,40.404262,340258009003
Block Group 2,340311831012,1635,466,0.11,Passaic County,Paterson City,Census Tract 1831.01,34031183101,-74.14377,40.897822,340311831012
Block Group 3,340311831013,1064,333,0.08,Passaic County,Paterson City,Census Tract 1831.01,34031183101,-74.144611,40.901281,340311831013
Block Group 3,340270420003,2107,1035,1.99,Morris County,Hanover Township,Census Tract 420,34027042000,-74.423326,40.831447,340270420003
Block Group 3,340076088003,1708,652,0.97,Camden County,Berlin Township,Census Tract 6088,34007608800,-74.949819,39.809583,340076088003
Block Group 4,340076088004,914,321,1.03,Camden County,Berlin Township,Census Tract 6088,34007608800,-74.914144,39.796605,340076088004
Block Group 2,340057036002,1696,613,9.29,Burlington County,Tabernacle Township,Census Tract 7036,34005703600,-74.654946,39.85191,340057036002
Block Group 1,340350534021,2535,952,0.58,Somerset County,Franklin Township,Census Tract 534.02,34035053402,-74.564748,40.435837,340350534021
Block Group 1,340030571011,1368,737,0.09,Bergen County,Wallington Borough,Census Tract 571.01,34003057101,-74.102198,40.861202,340030571011
Block Group 3,340030571023,1018,394,0.13,Bergen County,Wallington Borough,Census Tract 571.02,34003057102,-74.109046,40.848586,340030571023
Block Group 2,340057037002,2073,784,36.59,Burlington County,Shamong Township,Census Tract 7037,34005703700,-74.721611,39.773568,340057037002
Block Group 1,340350536031,1354,478,1.6,Somerset County,Branchburg Township,Census Tract 536.03,34035053603,-74.69053,40.590536,340350536031
Block Group 1,340312366011,1303,438,0.67,Passaic County,Wanaque Borough,Census Tract 2366.01,34031236601,-74.303294,41.023414,340312366011
Block Group 3,340312366013,1382,538,0.19,Passaic County,Wanaque Borough,Census Tract 2366.01,34031236601,-74.292867,41.033193,340312366013
Block Group 4,340410316014,1104,477,11.24,Warren County,White Township,Census Tract 316.01,34041031601,-75.036331,40.829723,340410316014
Block Group 1,340258054001,1980,985,0.3,Monmouth County,Long Branch City,Census Tract 8054,34025805400,-73.99103,40.322569,340258054001
Block Group 2,340258054002,752,510,0.16,Monmouth County,Long Branch City,Census Tract 8054,34025805400,-73.977174,40.309816,340258054002
Block Group 3,340230082103,49,21,0.66,Middlesex County,Monroe Township,Census Tract 82.10,34023008210,-74.459467,40.35913,340230082103
Block Group 2,340130008002,2233,760,0.07,Essex County,Newark City,Census Tract 8,34013000800,-74.187528,40.759345,340130008002
Block Group 3,340410314013,1670,568,0.96,Warren County,Hackettstown Town,Census Tract 314.01,34041031401,-74.808397,40.865964,340410314013
Block Group 1,340410312001,2077,795,9.6,Warren County,Liberty Township,Census Tract 312,34041031200,-74.944992,40.869642,340410312001
Block Group 2,340410316012,1268,824,3.32,Warren County,White Township,Census Tract 316.01,34041031601,-75.088945,40.803469,340410316012
Block Group 3,340410316013,1085,460,5.56,Warren County,White Township,Census Tract 316.01,34041031601,-74.997346,40.843609,340410316013
Block Group 1,340130197001,2682,897,0.17,Essex County,Maplewood Township,Census Tract 197,34013019700,-74.253645,40.718572,340130197001
Block Group 1,340190110041,1918,740,12.24,Hunterdon County,Clinton Township,Census Tract 110.04,34019011004,-74.838542,40.613489,340190110041
Block Group 4,340190101004,1713,696,7.14,Hunterdon County,Tewksbury Township,Census Tract 101,34019010100,-74.807331,40.679984,340190101004
Block Group 4,340190106004,909,371,6.72,Hunterdon County,Alexandria Township,Census Tract 106,34019010600,-75.033122,40.558347,340190106004
Block Group 4,340190111004,604,216,3.3,Hunterdon County,Readington Township,Census Tract 111,34019011100,-74.778823,40.646179,340190111004
Block Group 1,340190102011,1019,399,8.07,Hunterdon County,Lebanon Township,Census Tract 102.01,34019010201,-74.882376,40.761679,340190102011
Block Group 3,340190112033,1873,675,6.39,Hunterdon County,Readington Township,Census Tract 112.03,34019011203,-74.776978,40.57563,340190112033
Block Group 2,340258083002,1110,724,0.21,Monmouth County,Avon-by-the-Sea Borough,Census Tract 8083,34025808300,-74.019939,40.19111,340258083002
Block Group 3,340258084013,670,428,0.12,Monmouth County,Belmar Borough,Census Tract 8084.01,34025808401,-74.019326,40.179117,340258084013
Block Group 1,340258088001,1188,496,0.42,Monmouth County,Wall Township,Census Tract 8088,34025808800,-74.056634,40.144721,340258088001
Block Group 2,340311822002,2276,607,0.12,Passaic County,Paterson City,Census Tract 1822,34031182200,-74.169501,40.910281,340311822002
Block Group 3,340311246023,1173,387,0.09,Passaic County,Clifton City,Census Tract 1246.02,34031124602,-74.150628,40.876318,340311246023
Block Group 3,340258088003,809,329,0.32,Monmouth County,Wall Township,Census Tract 8088,34025808800,-74.059535,40.130907,340258088003
Block Group 1,340057012011,1607,652,0.61,Burlington County,Burlington City,Census Tract 7012.01,34005701201,-74.848014,40.06837,340057012011
Block Group 1,340258105011,1844,797,1.72,Monmouth County,Freehold Township,Census Tract 8105.01,34025810501,-74.257173,40.248059,340258105011
Block Group 2,340057012012,1341,551,0.31,Burlington County,Burlington City,Census Tract 7012.01,34005701201,-74.86385,40.066943,340057012012
Block Group 3,340311754013,789,233,0.03,Passaic County,Passaic City,Census Tract 1754.01,34031175401,-74.132903,40.869654,340311754013
Block Group 1,340311754021,937,287,0.07,Passaic County,Passaic City,Census Tract 1754.02,34031175402,-74.121465,40.862556,340311754021
Block Group 2,340311754022,1315,473,0.06,Passaic County,Passaic City,Census Tract 1754.02,34031175402,-74.122251,40.857933,340311754022
Block Group 4,340311754024,1055,254,0.03,Passaic County,Passaic City,Census Tract 1754.02,34031175402,-74.125609,40.866219,340311754024
Block Group 1,340311756011,1251,295,0.14,Passaic County,Passaic City,Census Tract 1756.01,34031175601,-74.140532,40.847157,340311756011
Block Group 2,340311756012,1322,346,0.13,Passaic County,Passaic City,Census Tract 1756.01,34031175601,-74.136241,40.844878,340311756012
Block Group 1,340076106001,1418,784,0.24,Camden County,Pennsauken Township,Census Tract 6106,34007610600,-75.06781,39.930806,340076106001
Block Group 2,340076065002,1062,433,0.56,Camden County,Lawnside Borough,Census Tract 6065,34007606500,-75.027113,39.872315,340076065002
Block Group 2,340057012052,648,282,0.39,Burlington County,Burlington City,Census Tract 7012.05,34005701205,-74.871502,40.074542,340057012052
Block Group 2,340210038002,1557,468,12.8,Mercer County,Hopewell Township,Census Tract 38,34021003800,-74.84001,40.348208,340210038002
Block Group 1,340210012001,866,415,0.09,Mercer County,Trenton City,Census Tract 12,34021001200,-74.789191,40.230894,340210012001
Block Group 2,340210030012,685,321,2.4,Mercer County,Hamilton Township,Census Tract 30.01,34021003001,-74.631775,40.190197,340210030012
Block Group 3,340210038003,497,177,2.5,Mercer County,Hopewell Township,Census Tract 38,34021003800,-74.829134,40.297281,340210038003
Block Group 3,340210030063,1358,572,0.37,Mercer County,Hamilton Township,Census Tract 30.06,34021003006,-74.684789,40.235345,340210030063
Block Group 3,340210040003,396,227,0.05,Mercer County,Princeton,Census Tract 40,34021004000,-74.66271,40.34994,340210040003
Block Group 1,340230014121,1806,637,0.27,Middlesex County,Edison Township,Census Tract 14.12,34023001412,-74.367295,40.60013,340230014121
Block Group 1,340030155001,1167,454,0.66,Bergen County,Englewood City,Census Tract 155,34003015500,-73.966052,40.877018,340030155001
Block Group 1,340130129001,1786,667,0.06,Essex County,Irvington Township,Census Tract 129,34013012900,-74.224679,40.725073,340130129001
Block Group 1,340130044001,1058,416,0.03,Essex County,Newark City,Census Tract 44,34013004400,-74.215673,40.715001,340130044001
Block Group 3,340130146003,1096,379,0.05,Essex County,Belleville Township,Census Tract 146,34013014600,-74.159794,40.791141,340130146003
Block Group 2,340130097002,2000,799,0.05,Essex County,Newark City,Census Tract 97,34013009700,-74.159918,40.777231,340130097002
Block Group 2,340130077002,1170,502,0.04,Essex County,Newark City,Census Tract 77,34013007700,-74.161365,40.728625,340130077002
Block Group 1,340130089001,2271,888,0.05,Essex County,Newark City,Census Tract 89,34013008900,-74.17511,40.75564,340130089001
Block Group 3,340030155003,640,267,0.18,Bergen County,Englewood City,Census Tract 155,34003015500,-73.969722,40.883316,340030155003
Block Group 4,340030155004,1421,471,0.24,Bergen County,Englewood City,Census Tract 155,34003015500,-73.974165,40.884661,340030155004
Block Group 5,340030155005,664,370,0.06,Bergen County,Englewood City,Census Tract 155,34003015500,-73.973606,40.889792,340030155005
Block Group 6,340030155006,895,320,0.11,Bergen County,Englewood City,Census Tract 155,34003015500,-73.981015,40.875839,340030155006
Block Group 2,340130006002,2479,874,0.07,Essex County,Newark City,Census Tract 6,34013000600,-74.186933,40.770404,340130006002
Block Group 2,340130184002,1034,400,0.06,Essex County,City of Orange Township,Census Tract 184,34013018400,-74.226397,40.765141,340130184002
Block Group 2,340130113002,792,345,0.04,Essex County,East Orange City,Census Tract 113,34013011300,-74.22051,40.761879,340130113002
Block Group 4,340130154004,1886,931,0.13,Essex County,Bloomfield Township,Census Tract 154,34013015400,-74.196169,40.793187,340130154004
Block Group 5,340130197005,810,305,0.05,Essex County,Maplewood Township,Census Tract 197,34013019700,-74.261535,40.720769,340130197005
Block Group 1,340130022021,1504,543,0.06,Essex County,Newark City,Census Tract 22.02,34013002202,-74.237993,40.737756,340130022021
Block Group 2,340190113062,2190,865,2.88,Hunterdon County,Raritan Township,Census Tract 113.06,34019011306,-74.903599,40.498414,340190113062
Block Group 3,340350519003,1279,444,0.23,Somerset County,North Plainfield Borough,Census Tract 519,34035051900,-74.456158,40.606584,340350519003
Block Group 2,340190113052,1408,451,3.23,Hunterdon County,Raritan Township,Census Tract 113.05,34019011305,-74.844529,40.460764,340190113052
Block Group 2,340190102022,1606,717,7.52,Hunterdon County,Lebanon Township,Census Tract 102.02,34019010202,-74.877573,40.695412,340190102022
Block Group 1,340130196001,760,267,0.06,Essex County,Maplewood Township,Census Tract 196,34013019600,-74.246793,40.732307,340130196001
Block Group 2,340130196002,1383,463,0.09,Essex County,Maplewood Township,Census Tract 196,34013019600,-74.248344,40.72884,340130196002
Block Group 4,340130196004,1159,376,0.12,Essex County,Maplewood Township,Census Tract 196,34013019600,-74.254402,40.731548,340130196004
Block Group 3,340190110033,1809,604,2.62,Hunterdon County,Clinton Township,Census Tract 110.03,34019011003,-74.88068,40.593253,340190110033
Block Group 1,340190102021,1621,628,6.47,Hunterdon County,Lebanon Township,Census Tract 102.02,34019010202,-74.855887,40.734277,340190102021
Block Group 1,340270461081,1029,381,0.23,Morris County,Mount Olive Township,Census Tract 461.08,34027046108,-74.735275,40.875927,340270461081
Block Group 1,340210042061,1197,471,0.29,Mercer County,Princeton,Census Tract 42.06,34021004206,-74.657227,40.36467,340210042061
Block Group 1,340030471001,1726,569,0.52,Bergen County,Ridgewood Village,Census Tract 471,34003047100,-74.085406,40.98591,340030471001
Block Group 2,340230066072,1266,390,0.6,Middlesex County,East Brunswick Township,Census Tract 66.07,34023006607,-74.397267,40.41003,340230066072
Block Group 2,340010118072,3097,1079,4.95,Atlantic County,Egg Harbor Township,Census Tract 118.07,34001011807,-74.596502,39.403175,340010118072
Block Group 3,340010117033,1370,414,0.78,Atlantic County,Egg Harbor Township,Census Tract 117.03,34001011703,-74.582619,39.412366,340010117033
Block Group 1,340010118061,3579,1137,1.89,Atlantic County,Egg Harbor Township,Census Tract 118.06,34001011806,-74.619814,39.376121,340010118061
Block Group 1,340057022081,2733,1025,14.02,Burlington County,Pemberton Township,Census Tract 7022.08,34005702208,-74.538219,39.928687,340057022081
Block Group 1,340130031001,2232,706,0.1,Essex County,Newark City,Census Tract 31,34013003100,-74.192815,40.731457,340130031001
Block Group 1,340130228001,1471,664,0.09,Essex County,Newark City,Census Tract 228,34013022800,-74.182731,40.733391,340130228001
Block Group 3,340258027003,1372,654,0.45,Monmouth County,Aberdeen Township,Census Tract 8027,34025802700,-74.218089,40.423634,340258027003
Block Group 5,340258106005,1629,780,0.4,Monmouth County,Freehold Township,Census Tract 8106,34025810600,-74.26945,40.215211,340258106005
Block Group 1,340297310021,2965,1026,2.3,Ocean County,Berkeley Township,Census Tract 7310.02,34029731002,-74.151744,39.889645,340297310021
Block Group 2,340297310012,1826,933,0.65,Ocean County,Berkeley Township,Census Tract 7310.01,34029731001,-74.14411,39.910853,340297310012
Block Group 2,340057029052,2393,1161,0.45,Burlington County,Mount Laurel Township,Census Tract 7029.05,34005702905,-74.934083,39.924362,340057029052
Block Group 3,340312461033,891,286,0.21,Passaic County,Wayne Township,Census Tract 2461.03,34031246103,-74.231433,40.936825,340312461033
Block Group 2,340311755012,2130,570,0.06,Passaic County,Passaic City,Census Tract 1755.01,34031175501,-74.134389,40.866705,340311755012
Block Group 3,340312460013,1630,40,0.38,Passaic County,Wayne Township,Census Tract 2460.01,34031246001,-74.201441,40.947227,340312460013
Block Group 2,340130022022,1205,457,0.04,Essex County,Newark City,Census Tract 22.02,34013002202,-74.240878,40.736336,340130022022
Block Group 4,340230085044,1495,448,0.68,Middlesex County,South Brunswick Township,Census Tract 85.04,34023008504,-74.555534,40.376351,340230085044
Block Group 2,340130035002,1337,447,0.05,Essex County,Newark City,Census Tract 35,34013003500,-74.212434,40.731921,340130035002
Block Group 2,340030442012,1240,481,0.33,Bergen County,Ramsey Borough,Census Tract 442.01,34003044201,-74.13557,41.051955,340030442012
Block Group 4,340030040024,1099,440,0.15,Bergen County,Bogota Borough,Census Tract 40.02,34003004002,-74.032756,40.873665,340030040024
Block Group 2,340030062022,1258,726,0.01,Bergen County,Cliffside Park Borough,Census Tract 62.02,34003006202,-73.97943,40.827998,340030062022
Block Group 3,340030062023,1133,625,0.05,Bergen County,Cliffside Park Borough,Census Tract 62.02,34003006202,-73.980133,40.825627,340030062023
Block Group 3,340030233013,775,268,0.1,Bergen County,Hackensack City,Census Tract 233.01,34003023301,-74.049354,40.906761,340030233013
Block Group 3,340030193053,1691,1104,0.05,Bergen County,Fort Lee Borough,Census Tract 193.05,34003019305,-73.974155,40.839177,340030193053
Block Group 1,340030193061,2332,1017,0.22,Bergen County,Fort Lee Borough,Census Tract 193.06,34003019306,-73.97797,40.833063,340030193061
Block Group 2,340030231002,1985,872,0.35,Bergen County,Hackensack City,Census Tract 231,34003023100,-74.038353,40.886498,340030231002
Block Group 1,340297232001,1547,494,0.33,Ocean County,Toms River Township,Census Tract 7232,34029723200,-74.158441,39.957152,340297232001
Block Group 1,340030233011,1441,517,0.22,Bergen County,Hackensack City,Census Tract 233.01,34003023301,-74.053384,40.902416,340030233011
Block Group 3,340030236013,1110,392,0.15,Bergen County,Hackensack City,Census Tract 236.01,34003023601,-74.040961,40.869643,340030236013
Block Group 3,340258014003,702,272,0.2,Monmouth County,Middletown Township,Census Tract 8014,34025801400,-74.083247,40.359435,340258014003
Block Group 4,340258112004,1352,453,3.08,Monmouth County,Howell Township,Census Tract 8112,34025811200,-74.206852,40.129789,340258112004
Block Group 1,340258058001,803,436,0.14,Monmouth County,Long Branch City,Census Tract 8058,34025805800,-73.978113,40.304658,340258058001
Block Group 2,340258070042,646,581,0.03,Monmouth County,Asbury Park City,Census Tract 8070.04,34025807004,-74.002111,40.228808,340258070042
Block Group 1,340258008001,962,338,0.27,Monmouth County,Middletown Township,Census Tract 8008,34025800800,-74.084338,40.405914,340258008001
Block Group 2,340297232002,2759,954,1.15,Ocean County,Toms River Township,Census Tract 7232,34029723200,-74.171805,39.967288,340297232002
Block Group 3,340258086003,1996,684,2.82,Monmouth County,Wall Township,Census Tract 8086,34025808600,-74.08922,40.18929,340258086003
Block Group 1,340258009001,1105,458,4.46,Monmouth County,Middletown Township,Census Tract 8009,34025800900,-74.047918,40.380097,340258009001
Block Group 5,340297381005,90,375,0.18,Ocean County,Harvey Cedars Borough,Census Tract 7381,34029738100,-74.133717,39.700923,340297381005
Block Group 3,340270405003,1140,421,0.18,Morris County,Butler Borough,Census Tract 405,34027040500,-74.34716,40.999383,340270405003
Block Group 3,340210044093,612,211,0.68,Mercer County,East Windsor Township,Census Tract 44.09,34021004409,-74.512105,40.269999,340210044093
Block Group 2,340010119022,2780,1238,0.8,Atlantic County,Pleasantville City,Census Tract 119.02,34001011902,-74.525312,39.408689,340010119022
Block Group 1,340270406001,2425,942,0.89,Morris County,Butler Borough,Census Tract 406,34027040600,-74.343653,40.993603,340270406001
Block Group 2,340210039052,940,392,7.15,Mercer County,Hopewell Township,Census Tract 39.05,34021003905,-74.771863,40.404659,340210039052
Block Group 2,340210037042,1333,539,0.62,Mercer County,Ewing Township,Census Tract 37.04,34021003704,-74.773557,40.280766,340210037042
Block Group 3,340311827013,961,288,0.02,Passaic County,Paterson City,Census Tract 1827.01,34031182701,-74.155425,40.907382,340311827013
Block Group 4,340311825014,1041,309,0.05,Passaic County,Paterson City,Census Tract 1825.01,34031182501,-74.14572,40.915711,340311825014
Block Group 1,340311827021,1243,358,0.05,Passaic County,Paterson City,Census Tract 1827.02,34031182702,-74.148467,40.90528,340311827021
Block Group 1,340311244041,908,395,0.07,Passaic County,Clifton City,Census Tract 1244.04,34031124404,-74.153344,40.859642,340311244041
Block Group 1,340210028001,1893,652,0.54,Mercer County,Hamilton Township,Census Tract 28,34021002800,-74.715496,40.228909,340210028001
Block Group 3,340210028003,1931,740,0.1,Mercer County,Hamilton Township,Census Tract 28,34021002800,-74.732988,40.226551,340210028003
Block Group 3,340210042033,949,358,1.98,Mercer County,Princeton,Census Tract 42.03,34021004203,-74.680016,40.36815,340210042033
Block Group 1,340170075001,1072,798,0.03,Hudson County,Jersey City,Census Tract 75,34017007500,-74.039946,40.717839,340170075001
Block Group 1,340170104001,1976,823,0.08,Hudson County,Bayonne City,Census Tract 104,34017010400,-74.111338,40.674072,340170104001
Block Group 3,340170104003,1101,555,0.71,Hudson County,Bayonne City,Census Tract 104,34017010400,-74.080283,40.666374,340170104003
Block Group 3,340076068003,1015,407,0.27,Camden County,Bellmawr Borough,Census Tract 6068,34007606800,-75.08179,39.866662,340076068003
Block Group 3,340297140003,1351,480,0.29,Ocean County,Brick Township,Census Tract 7140,34029714000,-74.147209,40.046118,340297140003
Block Group 1,340057040151,1751,826,0.31,Burlington County,Evesham Township,Census Tract 7040.15,34005704015,-74.873913,39.897332,340057040151
Block Group 2,340030174002,996,336,0.14,Bergen County,Fair Lawn Borough,Census Tract 174,34003017400,-74.102467,40.930409,340030174002
Block Group 4,340057005054,652,232,1.42,Burlington County,Moorestown Township,Census Tract 7005.05,34005700505,-74.909278,40.000889,340057005054
Block Group 1,340059822001,0,0,0.2,Burlington County,Wrightstown Borough,Census Tract 9822,34005982200,-74.607717,40.034073,340059822001
Block Group 5,340230080015,959,443,0.2,Middlesex County,Old Bridge Township,Census Tract 80.01,34023008001,-74.240157,40.469415,340230080015
Block Group 2,340350542022,2056,676,3.91,Somerset County,Montgomery Township,Census Tract 542.02,34035054202,-74.675084,40.450502,340350542022
Block Group 1,340030411001,943,391,0.03,Bergen County,Palisades Park Borough,Census Tract 411,34003041100,-73.995632,40.850845,340030411001
Block Group 4,340258037004,887,264,0.28,Monmouth County,Fair Haven Borough,Census Tract 8037,34025803700,-74.034833,40.356986,340258037004
Block Group 2,340258038002,688,233,0.98,Monmouth County,Rumson Borough,Census Tract 8038,34025803800,-74.016272,40.357432,340258038002
Block Group 6,340373734006,667,260,0.25,Sussex County,Sparta Township,Census Tract 3734,34037373400,-74.638822,41.024358,340373734006
Block Group 2,340076052002,1155,463,0.21,Camden County,Gloucester City,Census Tract 6052,34007605200,-75.106372,39.883581,340076052002
Block Group 3,340076052003,728,273,0.25,Camden County,Gloucester City,Census Tract 6052,34007605200,-75.114413,39.886531,340076052003
Block Group 1,340076053001,985,418,0.27,Camden County,Brooklawn Borough,Census Tract 6053,34007605300,-75.11459,39.878225,340076053001
Block Group 2,340076053002,830,402,0.22,Camden County,Brooklawn Borough,Census Tract 6053,34007605300,-75.125191,39.879276,340076053002
Block Group 2,340076054002,1039,472,0.21,Camden County,Mount Ephraim Borough,Census Tract 6054,34007605400,-75.096814,39.876824,340076054002
Block Group 1,340076063001,1309,634,0.26,Camden County,Haddonfield Borough,Census Tract 6063,34007606300,-75.026669,39.898011,340076063001
Block Group 4,340258080014,811,358,0.2,Monmouth County,Neptune Township,Census Tract 8080.01,34025808001,-74.048646,40.201008,340258080014
Block Group 2,340258080022,1098,480,0.24,Monmouth County,Neptune Township,Census Tract 8080.02,34025808002,-74.088036,40.207265,340258080022
Block Group 2,340155012042,1539,565,0.48,Gloucester County,Washington Township,Census Tract 5012.04,34015501204,-75.025932,39.744195,340155012042
Block Group 3,340030412003,1101,388,0.04,Bergen County,Palisades Park Borough,Census Tract 412,34003041200,-73.996302,40.846608,340030412003
Block Group 2,340373747002,1515,761,0.55,Sussex County,Hopatcong Borough,Census Tract 3747,34037374700,-74.640916,40.950246,340373747002
Block Group 3,340373747003,1091,513,0.39,Sussex County,Hopatcong Borough,Census Tract 3747,34037374700,-74.652173,40.935797,340373747003
Block Group 2,340373748002,1142,466,0.24,Sussex County,Hopatcong Borough,Census Tract 3748,34037374800,-74.658879,40.927542,340373748002
Block Group 3,340373748003,820,378,0.37,Sussex County,Byram Township; Hopatcong Borough,Census Tract 3748,34037374800,-74.668662,40.916349,340373748003
Block Group 4,340076034004,2691,927,0.7,Camden County,Cherry Hill Township,Census Tract 6034,34007603400,-74.9848,39.923708,340076034004
Block Group 1,340210029021,2182,867,0.87,Mercer County,Hamilton Township,Census Tract 29.02,34021002902,-74.712099,40.240126,340210029021
Block Group 3,340130048023,1651,963,0.14,Essex County,Newark City,Census Tract 48.02,34013004802,-74.203696,40.689999,340130048023
Block Group 4,340130147004,830,311,0.04,Essex County,Belleville Township,Census Tract 147,34013014700,-74.179449,40.779166,340130147004
Block Group 4,340130023004,824,270,0.04,Essex County,Newark City,Census Tract 23,34013002300,-74.235014,40.735835,340130023004
Block Group 4,340373748004,1152,417,0.24,Sussex County,Hopatcong Borough,Census Tract 3748,34037374800,-74.680843,40.91856,340373748004
Block Group 2,340312366032,1107,765,2.36,Passaic County,Wanaque Borough,Census Tract 2366.03,34031236603,-74.276559,41.038973,340312366032
Block Group 1,340311432021,784,288,0.27,Passaic County,Hawthorne Borough,Census Tract 1432.02,34031143202,-74.166407,40.977421,340311432021
Block Group 2,340311432012,607,315,0.18,Passaic County,Hawthorne Borough,Census Tract 1432.01,34031143201,-74.155464,40.972654,340311432012
Block Group 1,340311433021,596,256,0.06,Passaic County,Hawthorne Borough,Census Tract 1433.02,34031143302,-74.14796,40.956541,340311433021
Block Group 1,340190107021,1839,705,10.79,Hunterdon County,Franklin Township,Census Tract 107.02,34019010702,-74.921909,40.596347,340190107021
Block Group 1,340270430001,1158,378,0.25,Morris County,Madison Borough,Census Tract 430,34027043000,-74.403756,40.765132,340270430001
Block Group 5,340030182005,1384,496,0.07,Bergen County,Fairview Borough,Census Tract 182,34003018200,-74.001404,40.814472,340030182005
Block Group 2,340030212002,1091,390,0.05,Bergen County,Garfield City,Census Tract 212,34003021200,-74.123594,40.884728,340030212002
Block Group 4,340030333004,1082,430,0.06,Bergen County,Maywood Borough,Census Tract 333,34003033300,-74.065477,40.889543,340030333004
Block Group 1,340090219001,686,824,3.38,Cape May County,Cape May Point Borough; Lower Township,Census Tract 219,34009021900,-74.963378,38.946873,340090219001
Block Group 2,340258080012,658,287,0.15,Monmouth County,Neptune Township,Census Tract 8080.01,34025808001,-74.052629,40.189482,340258080012
Block Group 1,340258081001,1177,536,0.22,Monmouth County,Neptune City Borough,Census Tract 8081,34025808100,-74.024922,40.198073,340258081001
Block Group 4,340258081004,1716,810,0.35,Monmouth County,Neptune City Borough,Census Tract 8081,34025808100,-74.033022,40.201931,340258081004
Block Group 3,340030182003,1366,522,0.2,Bergen County,Fairview Borough,Census Tract 182,34003018200,-74.003047,40.820469,340030182003
Block Group 4,340030182004,1683,596,0.26,Bergen County,Fairview Borough,Census Tract 182,34003018200,-74.007907,40.817947,340030182004
Block Group 2,340030191022,1136,649,0.23,Bergen County,Fort Lee Borough,Census Tract 191.02,34003019102,-73.957928,40.856885,340030191022
Block Group 2,340270462022,1871,631,4.02,Morris County,Washington Township,Census Tract 462.02,34027046202,-74.755709,40.815472,340270462022
Block Group 3,340030063023,955,602,0.05,Bergen County,Cliffside Park Borough,Census Tract 63.02,34003006302,-73.98753,40.814667,340030063023
Block Group 3,340030233033,841,469,0.03,Bergen County,Hackensack City,Census Tract 233.03,34003023303,-74.051311,40.894382,340030233033
Block Group 4,340030171014,726,317,0.08,Bergen County,Fair Lawn Borough,Census Tract 171.01,34003017101,-74.116308,40.942653,340030171014
Block Group 3,340030171013,1291,419,0.18,Bergen County,Fair Lawn Borough,Census Tract 171.01,34003017101,-74.113835,40.945947,340030171013
Block Group 1,340030552011,1407,545,0.17,Bergen County,Tenafly Borough,Census Tract 552.01,34003055201,-73.968503,40.917771,340030552011
Block Group 1,340030233031,1351,957,0.01,Bergen County,Hackensack City,Census Tract 233.03,34003023303,-74.053199,40.890517,340030233031
Block Group 1,340350542011,2038,709,2.86,Somerset County,Montgomery Township,Census Tract 542.01,34035054201,-74.715429,40.391304,340350542011
Block Group 2,340350537072,2390,764,2.44,Somerset County,Hillsborough Township,Census Tract 537.07,34035053707,-74.67558,40.530055,340350537072
Block Group 1,340030130031,4231,2323,0.31,Bergen County,Edgewater Borough,Census Tract 130.03,34003013003,-73.98102,40.811644,340030130031
Block Group 2,340030552022,1060,331,0.15,Bergen County,Tenafly Borough,Census Tract 552.02,34003055202,-73.979875,40.929301,340030552022
Block Group 3,340030130043,829,412,0.08,Bergen County,Edgewater Borough,Census Tract 130.04,34003013004,-73.989926,40.811505,340030130043
Block Group 2,340076032022,146,68,0.71,Camden County,Cherry Hill Township,Census Tract 6032.02,34007603202,-75.04643,39.927603,340076032022
Block Group 2,340076106002,41,13,0.47,Camden County,Pennsauken Township,Census Tract 6106,34007610600,-75.081468,39.931314,340076106002
Block Group 1,340130075011,752,307,0.04,Essex County,Newark City,Census Tract 75.01,34013007501,-74.151182,40.73155,340130075011
Block Group 1,340010125021,1040,407,0.31,Atlantic County,Linwood City,Census Tract 125.02,34001012502,-74.585619,39.336261,340010125021
Block Group 2,340030120012,1097,419,0.06,Bergen County,East Rutherford Borough,Census Tract 120.01,34003012001,-74.097622,40.837417,340030120012
Block Group 3,340170024003,908,483,0.03,Hudson County,Jersey City,Census Tract 24,34017002400,-74.044755,40.727604,340170024003
Block Group 3,340170076013,5219,2849,0.04,Hudson County,Jersey City,Census Tract 76.01,34017007601,-74.03981,40.720268,340170076013
Block Group 3,340170059023,1552,585,0.04,Hudson County,Jersey City,Census Tract 59.02,34017005902,-74.095986,40.703307,340170059023
Block Group 2,340170059022,1788,607,0.05,Hudson County,Jersey City,Census Tract 59.02,34017005902,-74.094739,40.703868,340170059022
Block Group 1,340170106021,1083,425,0.04,Hudson County,Bayonne City,Census Tract 106.02,34017010602,-74.117555,40.672315,340170106021
Block Group 1,340170107021,824,298,0.03,Hudson County,Bayonne City,Census Tract 107.02,34017010702,-74.113066,40.666599,340170107021
Block Group 1,340170024001,1107,594,0.03,Hudson County,Jersey City,Census Tract 24,34017002400,-74.045501,40.725052,340170024001
Block Group 5,340170040005,1629,533,0.03,Hudson County,Jersey City,Census Tract 40,34017004000,-74.084693,40.720251,340170040005
Block Group 1,340170059021,689,250,0.02,Hudson County,Jersey City,Census Tract 59.02,34017005902,-74.092205,40.704475,340170059021
Block Group 2,340170107012,1236,497,0.04,Hudson County,Bayonne City,Census Tract 107.01,34017010701,-74.116348,40.668137,340170107012
Block Group 2,340230003002,1597,600,0.2,Middlesex County,Dunellen Borough,Census Tract 3,34023000300,-74.468645,40.593522,340230003002
Block Group 1,340230003001,2308,786,0.31,Middlesex County,Dunellen Borough,Census Tract 3,34023000300,-74.464067,40.586008,340230003001
Block Group 1,340311812001,1836,616,0.05,Passaic County,Paterson City,Census Tract 1812,34031181200,-74.146397,40.924974,340311812001
Block Group 2,340311812002,1675,530,0.06,Passaic County,Paterson City,Census Tract 1812,34031181200,-74.149953,40.924468,340311812002
Block Group 3,340297224023,1557,722,0.31,Ocean County,Toms River Township,Census Tract 7224.02,34029722402,-74.138741,40.005108,340297224023
Block Group 1,340297225001,486,986,0.42,Ocean County,Toms River Township,Census Tract 7225,34029722500,-74.071359,39.988764,340297225001
Block Group 3,340311812003,1223,376,0.04,Passaic County,Paterson City,Census Tract 1812,34031181200,-74.153543,40.925001,340311812003
Block Group 1,340311813001,1910,767,0.05,Passaic County,Paterson City,Census Tract 1813,34031181300,-74.148172,40.91996,340311813001
Block Group 2,340311813002,1662,484,0.05,Passaic County,Paterson City,Census Tract 1813,34031181300,-74.151367,40.917442,340311813002
Block Group 3,340311813003,1012,357,0.04,Passaic County,Paterson City,Census Tract 1813,34031181300,-74.152704,40.919561,340311813003
Block Group 4,340311813004,1075,347,0.04,Passaic County,Paterson City,Census Tract 1813,34031181300,-74.152489,40.921556,340311813004
Block Group 2,340311814002,2495,947,0.08,Passaic County,Paterson City,Census Tract 1814,34031181400,-74.157109,40.922973,340311814002
Block Group 1,340311815001,1907,721,0.08,Passaic County,Paterson City,Census Tract 1815,34031181500,-74.16223,40.923955,340311815001
Block Group 2,340311817022,2388,898,0.05,Passaic County,Paterson City,Census Tract 1817.02,34031181702,-74.164139,40.916918,340311817022
Block Group 1,340311243231,1631,794,0.18,Passaic County,Clifton City,Census Tract 1243.23,34031124323,-74.172675,40.853698,340311243231
Block Group 3,340311243233,779,438,0.11,Passaic County,Clifton City,Census Tract 1243.23,34031124323,-74.174171,40.850633,340311243233
Block Group 1,340311243221,1590,620,0.29,Passaic County,Clifton City,Census Tract 1243.22,34031124322,-74.159425,40.853551,340311243221
Block Group 2,340210017002,1359,576,0.2,Mercer County,Trenton City,Census Tract 17,34021001700,-74.7555,40.232581,340210017002
Block Group 1,340076054001,796,320,0.17,Camden County,Mount Ephraim Borough,Census Tract 6054,34007605400,-75.09456,39.882882,340076054001
Block Group 2,340297340032,1896,609,0.35,Ocean County,Barnegat Township,Census Tract 7340.03,34029734003,-74.243302,39.749457,340297340032
Block Group 3,340410317003,629,326,0.18,Warren County,Belvidere Town,Census Tract 317,34041031700,-75.079602,40.824537,340410317003
Block Group 1,340230062091,1299,426,0.72,Middlesex County,North Brunswick Township,Census Tract 62.09,34023006209,-74.480851,40.432692,340230062091
Block Group 1,340230006101,2843,934,0.55,Middlesex County,Piscataway Township,Census Tract 6.10,34023000610,-74.429675,40.540399,340230006101
Block Group 3,340230085053,1987,659,0.58,Middlesex County,South Brunswick Township,Census Tract 85.05,34023008505,-74.505944,40.37428,340230085053
Block Group 1,340230001021,1405,585,0.2,Middlesex County,Middlesex Borough,Census Tract 1.02,34023000102,-74.505044,40.57503,340230001021
Block Group 2,340210030082,2575,1035,0.53,Mercer County,Hamilton Township,Census Tract 30.08,34021003008,-74.697791,40.229907,340210030082
Block Group 1,340270417041,1039,351,0.31,Morris County,Parsippany-Troy Hills Township,Census Tract 417.04,34027041704,-74.376948,40.872391,340270417041
Block Group 1,340076035061,2860,1002,0.62,Camden County,Cherry Hill Township,Census Tract 6035.06,34007603506,-74.951461,39.89508,340076035061
Block Group 3,340030193033,917,431,0.07,Bergen County,Fort Lee Borough,Census Tract 193.03,34003019303,-73.980485,40.842038,340030193033
Block Group 1,340155012031,1850,783,0.76,Gloucester County,Washington Township,Census Tract 5012.03,34015501203,-75.0714,39.747621,340155012031
Block Group 4,340030251004,1256,526,0.2,Bergen County,Hasbrouck Heights Borough,Census Tract 251,34003025100,-74.06789,40.862246,340030251004
Block Group 1,340057040131,2109,712,0.55,Burlington County,Evesham Township,Census Tract 7040.13,34005704013,-74.912713,39.90598,340057040131
Block Group 3,340076020003,995,370,0.05,Camden County,Camden City,Census Tract 6020,34007602000,-75.101855,39.906485,340076020003
Block Group 2,340076075072,2195,882,0.61,Camden County,Voorhees Township,Census Tract 6075.07,34007607507,-75.009096,39.853796,340076075072
Block Group 4,340130202004,1496,543,0.18,Essex County,Millburn Township,Census Tract 202,34013020200,-74.298448,40.720997,340130202004
Block Group 5,340130202005,932,295,0.13,Essex County,Millburn Township,Census Tract 202,34013020200,-74.299483,40.717308,340130202005
Block Group 4,340130021004,683,242,0.04,Essex County,Newark City,Census Tract 21,34013002100,-74.235538,40.743943,340130021004
Block Group 2,340130133002,800,320,0.03,Essex County,Irvington Township,Census Tract 133,34013013300,-74.213398,40.736458,340130133002
Block Group 4,340130163004,1155,352,0.18,Essex County,Montclair Township,Census Tract 163,34013016300,-74.199786,40.835734,340130163004
Block Group 3,340130211003,771,258,0.1,Essex County,Verona Township,Census Tract 211,34013021100,-74.234279,40.832887,340130211003
Block Group 2,340130046002,816,317,0.04,Essex County,Newark City,Census Tract 46,34013004600,-74.218996,40.706868,340130046002
Block Group 1,340130155001,824,338,0.06,Essex County,Bloomfield Township,Census Tract 155,34013015500,-74.182907,40.794475,340130155001
Block Group 1,340130022041,953,322,0.08,Essex County,Newark City,Census Tract 22.04,34013002204,-74.244543,40.739441,340130022041
Block Group 2,340130022032,0,0,0.03,Essex County,Newark City,Census Tract 22.03,34013002203,-74.249595,40.736791,340130022032
Block Group 1,340297340021,2084,1223,1.88,Ocean County,Barnegat Township,Census Tract 7340.02,34029734002,-74.203418,39.75832,340297340021
Block Group 4,340297201024,1386,1076,0.4,Ocean County,Manchester Township,Census Tract 7201.02,34029720102,-74.362127,39.952612,340297201024
Block Group 2,340311753012,964,249,0.02,Passaic County,Passaic City,Census Tract 1753.01,34031175301,-74.123834,40.867602,340311753012
Block Group 2,340258087012,2127,871,2.67,Monmouth County,Wall Township,Census Tract 8087.01,34025808701,-74.081714,40.160949,340258087012
Block Group 2,340230023022,1753,570,0.23,Middlesex County,Woodbridge Township,Census Tract 23.02,34023002302,-74.332635,40.589449,340230023022
Block Group 5,340210030025,1159,429,0.24,Mercer County,Hamilton Township,Census Tract 30.02,34021003002,-74.653949,40.220042,340210030025
Block Group 1,340210030041,2062,827,0.51,Mercer County,Hamilton Township,Census Tract 30.04,34021003004,-74.696652,40.19826,340210030041
Block Group 2,340210031002,1225,499,0.25,Mercer County,Lawrence Township,Census Tract 31,34021003100,-74.736545,40.248069,340210031002
Block Group 3,340130101003,1289,461,0.12,Essex County,East Orange City,Census Tract 101,34013010100,-74.207922,40.779619,340130101003
Block Group 3,340130102003,1116,440,0.07,Essex County,East Orange City,Census Tract 102,34013010200,-74.193421,40.767789,340130102003
Block Group 2,340130108002,1393,501,0.05,Essex County,East Orange City,Census Tract 108,34013010800,-74.197957,40.758704,340130108002
Block Group 3,340076035013,1283,463,0.72,Camden County,Cherry Hill Township,Census Tract 6035.01,34007603501,-74.985569,39.890691,340076035013
Block Group 2,340076042002,689,333,0.12,Camden County,Collingswood Borough,Census Tract 6042,34007604200,-75.083521,39.923135,340076042002
Block Group 2,340076051002,1342,554,0.28,Camden County,Gloucester City,Census Tract 6051,34007605100,-75.105061,39.893692,340076051002
Block Group 1,340350509011,2015,713,1.38,Somerset County,Bridgewater Township,Census Tract 509.01,34035050901,-74.617643,40.617138,340350509011
Block Group 4,340130109004,1221,457,0.14,Essex County,East Orange City,Census Tract 109,34013010900,-74.21006,40.752443,340130109004
Block Group 3,340390342003,950,333,0.1,Union County,Roselle Borough,Census Tract 342,34039034200,-74.275384,40.653305,340390342003
Block Group 1,340390343001,934,281,0.15,Union County,Roselle Borough,Census Tract 343,34039034300,-74.261711,40.643869,340390343001
Block Group 2,340390343002,1667,900,0.21,Union County,Roselle Borough,Census Tract 343,34039034300,-74.26839,40.643152,340390343002
Block Group 3,340311243213,791,337,0.11,Passaic County,Clifton City,Census Tract 1243.21,34031124321,-74.16091,40.862253,340311243213
Block Group 2,340297227012,1589,656,0.73,Ocean County,Toms River Township,Census Tract 7227.01,34029722701,-74.172452,39.984008,340297227012
Block Group 3,340297227013,1499,526,1.12,Ocean County,Toms River Township,Census Tract 7227.01,34029722701,-74.161045,39.992615,340297227013
Block Group 1,340057040091,2201,1076,1.28,Burlington County,Evesham Township,Census Tract 7040.09,34005704009,-74.873446,39.887316,340057040091
Block Group 2,340350520012,1444,471,0.19,Somerset County,North Plainfield Borough,Census Tract 520.01,34035052001,-74.422028,40.630316,340350520012
Block Group 2,340350517002,2079,645,0.13,Somerset County,North Plainfield Borough,Census Tract 517,34035051700,-74.426577,40.621251,340350517002
Block Group 2,340210037082,1153,343,0.47,Mercer County,Ewing Township,Census Tract 37.08,34021003708,-74.801337,40.250505,340210037082
Block Group 2,340210033042,1159,474,5.35,Mercer County,Lawrence Township,Census Tract 33.04,34021003304,-74.731876,40.323101,340210033042
Block Group 3,340210045013,1268,608,0.33,Mercer County,Princeton,Census Tract 45.01,34021004501,-74.64665,40.351501,340210045013
Block Group 1,340350542021,1609,592,9.4,Somerset County,Montgomery Township,Census Tract 542.02,34035054202,-74.721532,40.435038,340350542021
Block Group 4,340258025004,579,235,0.3,Monmouth County,Aberdeen Township,Census Tract 8025,34025802500,-74.222267,40.445119,340258025004
Block Group 2,340258026002,1214,560,0.32,Monmouth County,Aberdeen Township,Census Tract 8026,34025802600,-74.224049,40.432378,340258026002
Block Group 1,340258079001,2216,890,1.05,Monmouth County,Neptune Township,Census Tract 8079,34025807900,-74.078019,40.217318,340258079001
Block Group 2,340258079002,1804,861,0.78,Monmouth County,Neptune Township,Census Tract 8079,34025807900,-74.089313,40.221707,340258079002
Block Group 1,340076082021,2680,1025,0.72,Camden County,Gloucester Township,Census Tract 6082.02,34007608202,-75.031679,39.81718,340076082021
Block Group 1,340155010021,1083,523,0.31,Gloucester County,Woodbury City,Census Tract 5010.02,34015501002,-75.143308,39.835316,340155010021
Block Group 2,340373723002,1819,665,14.43,Sussex County,Frankford Township,Census Tract 3723,34037372300,-74.705383,41.149393,340373723002
Block Group 1,340373724001,2358,921,17.88,Sussex County,Lafayette Township,Census Tract 3724,34037372400,-74.688583,41.107523,340373724001
Block Group 1,340311250001,950,337,0.12,Passaic County,Clifton City,Census Tract 1250,34031125000,-74.129233,40.882596,340311250001
Block Group 2,340311250002,1019,333,0.05,Passaic County,Clifton City,Census Tract 1250,34031125000,-74.132009,40.880154,340311250002
Block Group 3,340311250003,1193,388,0.05,Passaic County,Clifton City,Census Tract 1250,34031125000,-74.128355,40.879891,340311250003
Block Group 5,340311250005,1067,322,0.03,Passaic County,Clifton City,Census Tract 1250,34031125000,-74.131472,40.876294,340311250005
Block Group 2,340030010012,1090,381,0.46,Bergen County,Allendale Borough,Census Tract 10.01,34003001001,-74.122517,41.027695,340030010012
Block Group 6,340130200006,1210,381,1.65,Essex County,Millburn Township,Census Tract 200,34013020000,-74.349721,40.746583,340130200006
Block Group 1,340130201001,804,249,1.96,Essex County,Millburn Township,Census Tract 201,34013020100,-74.301796,40.742583,340130201001
Block Group 3,340030423013,1185,398,0.36,Bergen County,Paramus Borough,Census Tract 423.01,34003042301,-74.086588,40.974857,340030423013
Block Group 2,340350510002,1921,607,2.04,Somerset County,Bridgewater Township,Census Tract 510,34035051000,-74.563627,40.556159,340350510002
Block Group 3,340010112023,1848,720,6.87,Atlantic County,Buena Vista Township,Census Tract 112.02,34001011202,-74.906517,39.564974,340010112023
Block Group 4,340010112024,2073,848,15.77,Atlantic County,Buena Vista Township,Census Tract 112.02,34001011202,-74.883346,39.53678,340010112024
Block Group 2,340350519002,921,302,0.25,Somerset County,North Plainfield Borough,Census Tract 519,34035051900,-74.445902,40.609953,340350519002
Block Group 2,340130156002,832,275,0.08,Essex County,Bloomfield Township,Census Tract 156,34013015600,-74.207919,40.785618,340130156002
Block Group 4,340130156004,1840,811,0.12,Essex County,Bloomfield Township,Census Tract 156,34013015600,-74.202658,40.792453,340130156004
Block Group 3,340130158003,2369,1020,0.13,Essex County,Bloomfield Township,Census Tract 158,34013015800,-74.190885,40.786023,340130158003
Block Group 2,340130161002,887,349,0.15,Essex County,Montclair Township,Census Tract 161,34013016100,-74.209569,40.844532,340130161002
Block Group 2,340130162002,809,274,0.17,Essex County,Montclair Township,Census Tract 162,34013016200,-74.192986,40.844078,340130162002
Block Group 2,340030175022,1494,474,0.18,Bergen County,Fair Lawn Borough,Census Tract 175.02,34003017502,-74.094451,40.923287,340030175022
Block Group 1,340258111011,2161,974,1.72,Monmouth County,Howell Township,Census Tract 8111.01,34025811101,-74.243226,40.227813,340258111011
Block Group 1,340010112011,1177,439,7.72,Atlantic County,Folsom Borough,Census Tract 112.01,34001011201,-74.835175,39.592502,340010112011
Block Group 2,340010112012,634,262,0.54,Atlantic County,Folsom Borough,Census Tract 112.01,34001011201,-74.866832,39.595286,340010112012
Block Group 4,340373731004,1145,446,5.08,Sussex County,Sparta Township,Census Tract 3731,34037373100,-74.648251,41.095605,340373731004
Block Group 2,340010120002,2597,1066,1.95,Atlantic County,Egg Harbor Township; Pleasantville City,Census Tract 120,34001012000,-74.500876,39.384251,340010120002
Block Group 1,340010121001,1581,509,0.26,Atlantic County,Pleasantville City,Census Tract 121,34001012100,-74.522805,39.387071,340010121001
Block Group 2,340030421012,2023,709,0.61,Bergen County,Paramus Borough,Census Tract 421.01,34003042101,-74.057361,40.929805,340030421012
Block Group 1,340297310011,1689,947,2.04,Ocean County,Berkeley Township,Census Tract 7310.01,34029731001,-74.125922,39.920816,340297310011
Block Group 1,340076035011,2791,1135,1.29,Camden County,Cherry Hill Township,Census Tract 6035.01,34007603501,-74.966315,39.908232,340076035011
Block Group 2,340076035012,2595,1075,0.85,Camden County,Cherry Hill Township,Census Tract 6035.01,34007603501,-74.977001,39.89814,340076035012
Block Group 2,340350535012,3856,1698,3.73,Somerset County,Franklin Township,Census Tract 535.01,34035053501,-74.54913,40.540951,340350535012
Block Group 2,340350543022,1419,587,0.58,Somerset County,Franklin Township,Census Tract 543.02,34035054302,-74.507995,40.527136,340350543022
Block Group 1,340030321021,2058,751,3.84,Bergen County,Mahwah Township,Census Tract 321.02,34003032102,-74.191872,41.05837,340030321021
Block Group 2,340030192042,1813,740,0.09,Bergen County,Fort Lee Borough,Census Tract 192.04,34003019204,-73.976396,40.852222,340030192042
Block Group 2,340030040012,1765,628,0.12,Bergen County,Bogota Borough,Census Tract 40.01,34003004001,-74.025495,40.877959,340030040012
Block Group 1,340030236021,2458,788,0.12,Bergen County,Hackensack City,Census Tract 236.02,34003023602,-74.045547,40.875824,340030236021
Block Group 2,340155006012,1303,574,1.53,Gloucester County,East Greenwich Township,Census Tract 5006.01,34015500601,-75.231381,39.79405,340155006012
Block Group 3,340030175023,846,285,0.11,Bergen County,Fair Lawn Borough,Census Tract 175.02,34003017502,-74.101906,40.922894,340030175023
Block Group 1,340030232011,875,360,0.08,Bergen County,Hackensack City,Census Tract 232.01,34003023201,-74.045021,40.900996,340030232011
Block Group 1,340190113061,2423,792,6.19,Hunterdon County,Raritan Township,Census Tract 113.06,34019011306,-74.874871,40.469897,340190113061
Block Group 2,340190102012,1949,761,9.37,Hunterdon County,Lebanon Township,Census Tract 102.01,34019010201,-74.923,40.713153,340190102012
Block Group 2,340030171012,1094,428,0.16,Bergen County,Fair Lawn Borough,Census Tract 171.01,34003017101,-74.109259,40.946367,340030171012
Block Group 1,340030080021,1391,516,0.18,Bergen County,Cresskill Borough,Census Tract 80.02,34003008002,-73.96637,40.938215,340030080021
Block Group 1,340030175011,1110,367,0.15,Bergen County,Fair Lawn Borough,Census Tract 175.01,34003017501,-74.10953,40.920785,340030175011
Block Group 1,340030372041,585,294,0.04,Bergen County,New Milford Borough,Census Tract 372.04,34003037204,-74.024221,40.926879,340030372041
Block Group 3,340155005003,22,4,1.45,Gloucester County,Greenwich Township,Census Tract 5005,34015500500,-75.264279,39.8388,340155005003
Block Group 2,340210033012,2245,1145,0.59,Mercer County,Lawrence Township,Census Tract 33.01,34021003301,-74.741322,40.304338,340210033012
Block Group 1,340010011001,1052,572,0.05,Atlantic County,Atlantic City,Census Tract 11,34001001100,-74.432736,39.366739,340010011001
Block Group 3,340258058003,1095,410,0.13,Monmouth County,Long Branch City,Census Tract 8058,34025805800,-73.985444,40.2971,340258058003
Block Group 3,340130193003,1250,512,0.19,Essex County,South Orange Village,Census Tract 193,34013019300,-74.266768,40.740785,340130193003
Block Group 2,340130194002,1437,451,0.17,Essex County,Maplewood Township,Census Tract 194,34013019400,-74.276205,40.73943,340130194002
Block Group 2,340130195002,967,316,0.11,Essex County,Maplewood Township,Census Tract 195,34013019500,-74.263103,40.72775,340130195002
Block Group 5,340130195005,673,288,0.11,Essex County,Maplewood Township,Census Tract 195,34013019500,-74.26647,40.73532,340130195005
Block Group 5,340030031005,1222,415,0.11,Bergen County,Bergenfield Borough,Census Tract 31,34003003100,-73.987034,40.926664,340030031005
Block Group 2,340010114032,2666,1255,0.46,Atlantic County,Hamilton Township,Census Tract 114.03,34001011403,-74.652815,39.45989,340010114032
Block Group 2,340230014172,1063,266,0.35,Middlesex County,Edison Township,Census Tract 14.17,34023001417,-74.352208,40.559245,340230014172
Block Group 1,340230015021,735,304,0.52,Middlesex County,Edison Township,Census Tract 15.02,34023001502,-74.390283,40.528233,340230015021
Block Group 2,340230015022,1525,541,0.26,Middlesex County,Edison Township,Census Tract 15.02,34023001502,-74.40351,40.519483,340230015022
Block Group 1,340230014151,1224,368,0.46,Middlesex County,Edison Township,Census Tract 14.15,34023001415,-74.381187,40.570893,340230014151
Block Group 1,340230064031,1444,494,0.61,Middlesex County,East Brunswick Township,Census Tract 64.03,34023006403,-74.414266,40.472959,340230064031
Block Group 2,340010101052,827,640,0.08,Atlantic County,Brigantine City,Census Tract 101.05,34001010105,-74.402763,39.385695,340010101052
Block Group 2,340010121002,1463,479,0.45,Atlantic County,Pleasantville City,Census Tract 121,34001012100,-74.512427,39.370362,340010121002
Block Group 1,340010122001,2187,819,0.38,Atlantic County,Pleasantville City,Census Tract 122,34001012200,-74.529228,39.390255,340010122001
Block Group 3,340155006013,1956,648,1.73,Gloucester County,East Greenwich Township,Census Tract 5006.01,34015500601,-75.212446,39.784704,340155006013
Block Group 1,340155024001,31,4,1.01,Gloucester County,Logan Township,Census Tract 5024,34015502400,-75.376843,39.783462,340155024001
Block Group 3,340170126003,1652,623,0.07,Hudson County,Kearny Town,Census Tract 126,34017012600,-74.14447,40.767881,340170126003
Block Group 1,340010117031,1413,418,1.22,Atlantic County,Egg Harbor Township,Census Tract 117.03,34001011703,-74.602944,39.422581,340010117031
Block Group 2,340010119012,1207,402,0.38,Atlantic County,Pleasantville City,Census Tract 119.01,34001011901,-74.532384,39.399577,340010119012
Block Group 1,340010117041,2205,896,0.73,Atlantic County,Egg Harbor Township,Census Tract 117.04,34001011704,-74.58002,39.421341,340010117041
Block Group 3,340258105033,1555,885,0.39,Monmouth County,Freehold Township,Census Tract 8105.03,34025810503,-74.310134,40.241437,340258105033
Block Group 2,340311243222,1375,685,0.16,Passaic County,Clifton City,Census Tract 1243.22,34031124322,-74.161177,40.846145,340311243222
Block Group 3,340311243223,818,295,0.33,Passaic County,Clifton City,Census Tract 1243.22,34031124322,-74.168299,40.842494,340311243223
Block Group 4,340311243224,1045,396,0.14,Passaic County,Clifton City,Census Tract 1243.22,34031124322,-74.163341,40.843237,340311243224
Block Group 4,340170127004,1654,297,6.52,Hudson County,Kearny Town,Census Tract 127,34017012700,-74.108931,40.744154,340170127004
Block Group 1,340330219001,1797,807,0.62,Salem County,Salem City,Census Tract 219,34033021900,-75.459389,39.570241,340330219001
Block Group 1,340350509021,1752,671,1.6,Somerset County,Bridgewater Township,Census Tract 509.02,34035050902,-74.527439,40.582542,340350509021
Block Group 1,340155017031,1266,495,4.37,Gloucester County,Franklin Township,Census Tract 5017.03,34015501703,-74.988173,39.536646,340155017031
Block Group 2,340258095062,1661,618,0.9,Monmouth County,Marlboro Township,Census Tract 8095.06,34025809506,-74.300562,40.357397,340258095062
Block Group 4,340373735004,958,376,2.41,Sussex County,Andover Township,Census Tract 3735,34037373500,-74.705762,41.019328,340373735004
Block Group 2,340076079002,1283,491,0.3,Camden County,Laurel Springs Borough,Census Tract 6079,34007607900,-75.001475,39.821547,340076079002
Block Group 1,340330220001,1908,904,0.73,Salem County,Salem City,Census Tract 220,34033022000,-75.464631,39.563479,340330220001
Block Group 2,340057003052,1394,732,0.45,Burlington County,Cinnaminson Township,Census Tract 7003.05,34005700305,-74.995658,39.992312,340057003052
Block Group 2,340312642002,2184,691,0.09,Passaic County,Paterson City,Census Tract 2642,34031264200,-74.173343,40.925759,340312642002
Block Group 2,340270454032,2477,1268,0.89,Morris County,Mount Arlington Borough,Census Tract 454.03,34027045403,-74.63964,40.904738,340270454032
Block Group 2,340230018052,1468,466,0.4,Middlesex County,Edison Township,Census Tract 18.05,34023001805,-74.3515,40.524553,340230018052
Block Group 4,340130214004,825,305,0.17,Essex County,Cedar Grove Township,Census Tract 214,34013021400,-74.227145,40.843426,340130214004
Block Group 3,340130129003,821,317,0.05,Essex County,Irvington Township,Census Tract 129,34013012900,-74.230536,40.722727,340130129003
Block Group 1,340170158021,3788,1976,0.07,Hudson County,West New York Town,Census Tract 158.02,34017015802,-74.013588,40.782616,340170158021
Block Group 1,340170199001,888,367,0.11,Hudson County,Secaucus Town,Census Tract 199,34017019900,-74.053844,40.789071,340170199001
Block Group 3,340030430023,892,348,0.25,Bergen County,Park Ridge Borough,Census Tract 430.02,34003043002,-74.026645,41.034039,340030430023
Block Group 1,340297228001,2900,1020,0.9,Ocean County,Toms River Township,Census Tract 7228,34029722800,-74.190561,39.976951,340297228001
Block Group 5,340030152005,782,278,0.08,Bergen County,Englewood City,Census Tract 152,34003015200,-73.977423,40.906822,340030152005
Block Group 1,340190108011,941,385,0.48,Hunterdon County,Clinton Town,Census Tract 108.01,34019010801,-74.916637,40.639181,340190108011
Block Group 2,340311540032,1853,693,0.65,Passaic County,Little Falls Township,Census Tract 1540.03,34031154003,-74.212738,40.869199,340311540032
Block Group 1,340311540041,2855,423,0.55,Passaic County,Little Falls Township,Census Tract 1540.04,34031154004,-74.19951,40.867619,340311540041
Block Group 2,340350506002,1937,653,0.89,Somerset County,Raritan Borough,Census Tract 506,34035050600,-74.649289,40.580107,340350506002
Block Group 1,340155010011,1210,497,0.25,Gloucester County,Woodbury City,Census Tract 5010.01,34015501001,-75.139357,39.848214,340155010011
Block Group 2,340155010012,979,387,0.2,Gloucester County,Woodbury City,Census Tract 5010.01,34015501001,-75.147104,39.845949,340155010012
Block Group 2,340230077032,1723,565,0.31,Middlesex County,Old Bridge Township,Census Tract 77.03,34023007703,-74.36332,40.401893,340230077032
Block Group 1,340030592001,1081,541,0.2,Bergen County,Westwood Borough,Census Tract 592,34003059200,-74.041145,40.995265,340030592001
Block Group 2,340076085042,1218,770,0.11,Camden County,Pine Hill Borough,Census Tract 6085.04,34007608504,-75.001441,39.79164,340076085042
Block Group 1,340076086001,1800,801,0.4,Camden County,Clementon Borough,Census Tract 6086,34007608600,-74.982897,39.808468,340076086001
Block Group 2,340297135002,1895,915,0.69,Ocean County,Brick Township,Census Tract 7135,34029713500,-74.111361,40.063498,340297135002
Block Group 2,340270426012,2474,491,1.62,Morris County,Florham Park Borough,Census Tract 426.01,34027042601,-74.426194,40.780742,340270426012
Block Group 2,340270416052,1860,532,2.07,Morris County,Parsippany-Troy Hills Township,Census Tract 416.05,34027041605,-74.509865,40.838211,340270416052
Block Group 1,340030262001,1049,347,0.23,Bergen County,Hillsdale Borough,Census Tract 262,34003026200,-74.049039,41.000748,340030262001
Block Group 3,340030262003,791,288,0.33,Bergen County,Hillsdale Borough,Census Tract 262,34003026200,-74.06249,41.008019,340030262003
Block Group 1,340258075001,823,272,0.12,Monmouth County,Neptune Township,Census Tract 8075,34025807500,-74.021953,40.208213,340258075001
Block Group 3,340258075003,1211,566,0.16,Monmouth County,Neptune Township,Census Tract 8075,34025807500,-74.032757,40.206673,340258075003
Block Group 1,340258076001,1043,390,0.15,Monmouth County,Neptune Township,Census Tract 8076,34025807600,-74.021652,40.212102,340258076001
Block Group 2,340030340022,1131,452,0.25,Bergen County,Midland Park Borough,Census Tract 340.02,34003034002,-74.141981,41.002182,340030340022
Block Group 3,340030340013,1319,636,0.33,Bergen County,Midland Park Borough,Census Tract 340.01,34003034001,-74.14788,40.992234,340030340013
Block Group 2,340030173012,1368,438,0.15,Bergen County,Fair Lawn Borough,Census Tract 173.01,34003017301,-74.135148,40.925291,340030173012
Block Group 1,340030451011,969,364,0.06,Bergen County,Ridgefield Borough,Census Tract 451.01,34003045101,-73.993474,40.828888,340030451011
Block Group 2,340030304022,1120,496,0.09,Bergen County,Lodi Borough,Census Tract 304.02,34003030402,-74.079741,40.875926,340030304022
Block Group 2,340170139002,2164,840,0.09,Hudson County,Harrison Town,Census Tract 139,34017013900,-74.153165,40.745075,340170139002
Block Group 1,340297234001,1379,774,0.31,Ocean County,Toms River Township,Census Tract 7234,34029723400,-74.114172,39.965041,340297234001
Block Group 2,340297234002,1914,1093,0.47,Ocean County,Toms River Township,Census Tract 7234,34029723400,-74.110577,39.953881,340297234002
Block Group 1,340270464001,1993,794,0.96,Morris County,Mendham Borough,Census Tract 464,34027046400,-74.596484,40.785228,340270464001
Block Group 1,340030301001,1417,472,0.34,Bergen County,Lodi Borough,Census Tract 301,34003030100,-74.072917,40.888572,340030301001
Block Group 4,340390392004,1482,510,0.06,Union County,Plainfield City,Census Tract 392,34039039200,-74.416931,40.613624,340390392004
Block Group 4,340350538074,3258,891,2.18,Somerset County,Hillsborough Township,Census Tract 538.07,34035053807,-74.590666,40.482907,340350538074
Block Group 2,340350538072,881,300,0.64,Somerset County,Hillsborough Township,Census Tract 538.07,34035053807,-74.603083,40.464571,340350538072
Block Group 1,340311819001,1197,350,0.1,Passaic County,Paterson City,Census Tract 1819,34031181900,-74.181408,40.912033,340311819001
Block Group 2,340311819002,1600,659,0.12,Passaic County,Paterson City,Census Tract 1819,34031181900,-74.184083,40.906615,340311819002
Block Group 3,340311819003,1677,554,0.11,Passaic County,Paterson City,Census Tract 1819,34031181900,-74.189067,40.909005,340311819003
Block Group 4,340311819004,998,310,0.04,Passaic County,Paterson City,Census Tract 1819,34031181900,-74.192299,40.908561,340311819004
Block Group 1,340311820001,1815,548,0.1,Passaic County,Paterson City,Census Tract 1820,34031182000,-74.175375,40.910018,340311820001
Block Group 3,340311821003,987,327,0.32,Passaic County,Paterson City,Census Tract 1821,34031182100,-74.172935,40.901434,340311821003
Block Group 3,340030352003,1033,341,0.44,Bergen County,Woodcliff Lake Borough,Census Tract 352,34003035200,-74.053716,41.027838,340030352003
Block Group 4,340030352004,1640,723,1.07,Bergen County,Woodcliff Lake Borough,Census Tract 352,34003035200,-74.072425,41.031294,340030352004
Block Group 5,340030352005,1277,397,0.66,Bergen County,Woodcliff Lake Borough,Census Tract 352,34003035200,-74.065329,41.031718,340030352005
Block Group 2,340076059002,1404,538,0.28,Camden County,Haddon Heights Borough,Census Tract 6059,34007605900,-75.06576,39.873795,340076059002
Block Group 2,340076060002,947,424,0.22,Camden County,Haddon Heights Borough,Census Tract 6060,34007606000,-75.051581,39.879338,340076060002
Block Group 1,340030361001,1179,420,1.5,Bergen County,South Hackensack Township; Teterboro Borough,Census Tract 361,34003036100,-74.056224,40.85939,340030361001
Block Group 3,340330207003,1386,603,12.28,Salem County,Pilesgrove Township,Census Tract 207,34033020700,-75.305123,39.623128,340330207003
Block Group 2,340330208002,1221,460,0.49,Salem County,Woodstown Borough,Census Tract 208,34033020800,-75.322065,39.654988,340330208002
Block Group 3,340330208003,1263,610,0.68,Salem County,Woodstown Borough,Census Tract 208,34033020800,-75.325516,39.644067,340330208003
Block Group 1,340330210001,686,286,0.56,Salem County,Elmer Borough,Census Tract 210,34033021000,-75.175796,39.592803,340330210001
Block Group 1,340258006021,1100,392,0.21,Monmouth County,Middletown Township,Census Tract 8006.02,34025800602,-74.111636,40.427573,340258006021
Block Group 2,340258006022,931,316,0.21,Monmouth County,Middletown Township,Census Tract 8006.02,34025800602,-74.119083,40.428755,340258006022
Block Group 3,340258006023,1536,544,0.44,Monmouth County,Middletown Township,Census Tract 8006.02,34025800602,-74.127346,40.429114,340258006023
Block Group 1,340076062001,2656,982,0.38,Camden County,Haddonfield Borough,Census Tract 6062,34007606200,-75.036299,39.9088,340076062001
Block Group 1,340057042021,902,412,1.54,Burlington County,Bordentown Township,Census Tract 7042.02,34005704202,-74.718767,40.136142,340057042021
Block Group 2,340057040112,1817,641,4.41,Burlington County,Evesham Township,Census Tract 7040.11,34005704011,-74.894764,39.823362,340057040112
Block Group 3,340057047003,693,324,101.66,Burlington County,Washington Township,Census Tract 7047,34005704700,-74.591405,39.664665,340057047003
Block Group 3,340057042023,1587,437,1.9,Burlington County,Bordentown Township,Census Tract 7042.02,34005704202,-74.721441,40.126831,340057042023
Block Group 2,340030302022,1335,534,0.1,Bergen County,Lodi Borough,Census Tract 302.02,34003030202,-74.089346,40.883262,340030302022
Block Group 2,340170132002,1861,674,0.05,Hudson County,Kearny Town,Census Tract 132,34017013200,-74.154891,40.757367,340170132002
Block Group 1,340170132001,1225,467,0.04,Hudson County,Kearny Town,Census Tract 132,34017013200,-74.151893,40.761535,340170132001
Block Group 3,340170133003,1578,831,0.15,Hudson County,Kearny Town,Census Tract 133,34017013300,-74.160145,40.759557,340170133003
Block Group 2,340258002002,979,537,0.17,Monmouth County,Atlantic Highlands Borough,Census Tract 8002,34025800200,-74.029584,40.406,340258002002
Block Group 3,340130087003,1752,632,0.04,Essex County,Newark City,Census Tract 87,34013008700,-74.173572,40.758425,340130087003
Block Group 3,340130095003,1326,393,0.08,Essex County,Newark City,Census Tract 95,34013009500,-74.169085,40.774409,340130095003
Block Group 2,340130096002,1544,555,0.08,Essex County,Newark City,Census Tract 96,34013009600,-74.157019,40.780587,340130096002
Block Group 3,340130096003,2300,785,0.13,Essex County,Newark City,Census Tract 96,34013009600,-74.159218,40.773207,340130096003
Block Group 1,340130097001,1725,604,0.06,Essex County,Newark City,Census Tract 97,34013009700,-74.161865,40.780592,340130097001
Block Group 1,340130100001,733,228,0.11,Essex County,East Orange City,Census Tract 100,34013010000,-74.211641,40.784179,340130100001
Block Group 3,340130100003,1084,441,0.08,Essex County,East Orange City,Census Tract 100,34013010000,-74.215551,40.77839,340130100003
Block Group 1,340270444011,2256,828,14.6,Morris County,Rockaway Township,Census Tract 444.01,34027044401,-74.460352,40.972523,340270444011
Block Group 1,340270447021,2045,879,0.96,Morris County,Jefferson Township,Census Tract 447.02,34027044702,-74.600976,40.972067,340270447021
Block Group 1,340130101001,965,396,0.07,Essex County,East Orange City,Census Tract 101,34013010100,-74.203248,40.779781,340130101001
Block Group 1,340130102001,1109,615,0.08,Essex County,East Orange City,Census Tract 102,34013010200,-74.199421,40.776841,340130102001
Block Group 1,340270407011,1478,505,1.34,Morris County,Kinnelon Borough,Census Tract 407.01,34027040701,-74.339699,40.980536,340270407011
Block Group 3,340130206003,655,221,0.2,Essex County,Livingston Township,Census Tract 206,34013020600,-74.315971,40.774402,340130206003
Block Group 2,340130178002,767,248,0.04,Essex County,West Orange Township,Census Tract 178,34013017800,-74.244998,40.77331,340130178002
Block Group 4,340130138004,738,257,0.11,Essex County,Nutley Township,Census Tract 138,34013013800,-74.170937,40.823985,340130138004
Block Group 2,340130076002,1795,712,0.03,Essex County,Newark City,Census Tract 76,34013007600,-74.157008,40.730536,340130076002
Block Group 3,340130117003,717,293,0.05,Essex County,East Orange City,Census Tract 117,34013011700,-74.219822,40.751781,340130117003
Block Group 1,340130181001,1049,452,0.13,Essex County,City of Orange Township,Census Tract 181,34013018100,-74.222238,40.786022,340130181001
Block Group 1,340076085041,1131,470,0.2,Camden County,Pine Hill Borough,Census Tract 6085.04,34007608504,-74.992258,39.782155,340076085041
Block Group 2,340076084032,1495,518,0.33,Camden County,Gloucester Township,Census Tract 6084.03,34007608403,-75.007331,39.760605,340076084032
Block Group 2,340230079092,1414,513,0.59,Middlesex County,Old Bridge Township,Census Tract 79.09,34023007909,-74.256717,40.416239,340230079092
Block Group 1,340230079101,1765,617,0.57,Middlesex County,Old Bridge Township,Census Tract 79.10,34023007910,-74.25864,40.423673,340230079101
Block Group 2,340230079102,1398,883,1.86,Middlesex County,Old Bridge Township,Census Tract 79.10,34023007910,-74.269672,40.437854,340230079102
Block Group 1,340230080011,1153,445,1.49,Middlesex County,Old Bridge Township,Census Tract 80.01,34023008001,-74.259213,40.448593,340230080011
Block Group 3,340350526033,1150,686,0.67,Somerset County,Bernards Township,Census Tract 526.03,34035052603,-74.537873,40.654444,340350526033
Block Group 2,340350522032,2785,1037,2.6,Somerset County,Warren Township,Census Tract 522.03,34035052203,-74.50898,40.606789,340350522032
Block Group 2,340130095002,2203,1192,0.05,Essex County,Newark City,Census Tract 95,34013009500,-74.167246,40.77016,340130095002
Block Group 1,340130053001,1065,403,0.04,Essex County,Newark City,Census Tract 53,34013005300,-74.210811,40.716091,340130053001
Block Group 4,340130195004,817,247,0.11,Essex County,Maplewood Township,Census Tract 195,34013019500,-74.26751,40.730936,340130195004
Block Group 3,340030514003,742,262,0.08,Bergen County,Rutherford Borough,Census Tract 514,34003051400,-74.105247,40.816327,340030514003
Block Group 4,340030514004,1294,453,0.11,Bergen County,Rutherford Borough,Census Tract 514,34003051400,-74.105166,40.820982,340030514004
Block Group 5,340030514005,755,279,0.1,Bergen County,Rutherford Borough,Census Tract 514,34003051400,-74.109743,40.817167,340030514005
Block Group 1,340030521001,1375,492,0.15,Bergen County,Saddle Brook Township,Census Tract 521,34003052100,-74.096535,40.918132,340030521001
Block Group 2,340030521002,1129,489,0.31,Bergen County,Saddle Brook Township,Census Tract 521,34003052100,-74.105652,40.911549,340030521002
Block Group 1,340076116001,1335,670,0.21,Camden County,Collingswood Borough,Census Tract 6116,34007611600,-75.089798,39.914323,340076116001
Block Group 1,340076117001,947,424,0.16,Camden County,Mount Ephraim Borough,Census Tract 6117,34007611700,-75.086492,39.878781,340076117001
Block Group 2,340076117002,950,380,0.34,Camden County,Haddon Township,Census Tract 6117,34007611700,-75.097605,39.895154,340076117002
Block Group 2,340297380012,791,2398,0.95,Ocean County,Long Beach Township,Census Tract 7380.01,34029738001,-74.199722,39.621262,340297380012
Block Group 0,340297224010,0,0,0,Ocean County,Brick Township; Toms River Township,Census Tract 7224.01,34029722401,-74.097929,40.009196,340297224010
Block Group 1,340170131001,2178,770,0.09,Hudson County,Kearny Town,Census Tract 131,34017013100,-74.153098,40.765791,340170131001
Block Group 1,340170133001,1177,416,0.08,Hudson County,Kearny Town,Census Tract 133,34017013300,-74.155886,40.763331,340170133001
Block Group 2,340170133002,1010,367,0.05,Hudson County,Kearny Town,Census Tract 133,34017013300,-74.156963,40.758017,340170133002
Block Group 1,340170134001,1156,377,0.06,Hudson County,East Newark Borough; Kearny Town,Census Tract 134,34017013400,-74.161682,40.752336,340170134001
Block Group 2,340170134002,1438,543,0.04,Hudson County,East Newark Borough; Newark City,Census Tract 134,34017013400,-74.164275,40.749126,340170134002
Block Group 1,340170135001,1294,436,0.03,Hudson County,Harrison Town,Census Tract 135,34017013500,-74.149482,40.748322,340170135001
Block Group 2,340170135002,2345,854,0.1,Hudson County,Harrison Town,Census Tract 135,34017013500,-74.155026,40.750551,340170135002
Block Group 1,340170136001,1100,396,0.02,Hudson County,Harrison Town,Census Tract 136,34017013600,-74.157628,40.748148,340170136001
Block Group 1,340170137001,1584,612,0.04,Hudson County,Harrison Town,Census Tract 137,34017013700,-74.160772,40.748253,340170137001
Block Group 1,340297130001,1493,755,0.26,Ocean County,Brick Township,Census Tract 7130,34029713000,-74.110864,40.078767,340297130001
Block Group 2,340297202042,2173,734,0.44,Ocean County,Manchester Township,Census Tract 7202.04,34029720204,-74.252324,40.001893,340297202042
Block Group 2,340057029092,1961,698,1.11,Burlington County,Mount Laurel Township,Census Tract 7029.09,34005702909,-74.930093,39.951266,340057029092
Block Group 1,340057005041,1992,780,0.84,Burlington County,Moorestown Township,Census Tract 7005.04,34005700504,-74.932268,39.967414,340057005041
Block Group 5,340030592005,1500,537,0.32,Bergen County,Westwood Borough,Census Tract 592,34003059200,-74.045343,40.981306,340030592005
Block Group 4,340270454024,817,374,1.82,Morris County,Roxbury Township,Census Tract 454.02,34027045402,-74.664371,40.907829,340270454024
Block Group 4,340258034004,1068,338,0.12,Monmouth County,Red Bank Borough,Census Tract 8034,34025803400,-74.081066,40.345854,340258034004
Block Group 1,340057010011,924,445,0.81,Burlington County,Edgewater Park Township,Census Tract 7010.01,34005701001,-74.923816,40.045792,340057010011
Block Group 2,340258051002,1594,630,1.16,Monmouth County,Eatontown Borough,Census Tract 8051,34025805100,-74.058129,40.280863,340258051002
Block Group 1,340057022091,1999,754,0.77,Burlington County,Pemberton Township,Census Tract 7022.09,34005702209,-74.562829,39.979124,340057022091
Block Group 4,340057038044,1568,582,3.21,Burlington County,Medford Township,Census Tract 7038.04,34005703804,-74.85336,39.819696,340057038044
Block Group 1,340057043021,1079,384,11.27,Burlington County,Chesterfield Township,Census Tract 7043.02,34005704302,-74.641339,40.093381,340057043021
Block Group 4,340311823024,1567,604,0.06,Passaic County,Paterson City,Census Tract 1823.02,34031182302,-74.160617,40.915602,340311823024
Block Group 1,340270457041,2433,894,2.95,Morris County,Randolph Township,Census Tract 457.04,34027045704,-74.570579,40.842863,340270457041
Block Group 2,340057048012,2085,683,5.09,Burlington County,Pemberton Township,Census Tract 7048.01,34005704801,-74.620154,39.987855,340057048012
Block Group 2,340270457042,1458,460,0.59,Morris County,Randolph Township,Census Tract 457.04,34027045704,-74.542773,40.843488,340270457042
Block Group 3,340030130023,1066,514,0.07,Bergen County,Edgewater Borough,Census Tract 130.02,34003013002,-73.975666,40.828615,340030130023
Block Group 2,340076083042,1288,595,0.44,Camden County,Gloucester Township,Census Tract 6083.04,34007608304,-75.051986,39.807888,340076083042
Block Group 2,340076116002,729,296,0.1,Camden County,Collingswood Borough,Census Tract 6116,34007611600,-75.085243,39.91068,340076116002
Block Group 3,340076116003,1797,1074,0.06,Camden County,Collingswood Borough,Census Tract 6116,34007611600,-75.081606,39.910451,340076116003
Block Group 3,340155012063,884,364,0.61,Gloucester County,Washington Township,Census Tract 5012.06,34015501206,-75.065496,39.738531,340155012063
Block Group 3,340270428003,1096,312,0.25,Morris County,Chatham Borough,Census Tract 428,34027042800,-74.393399,40.731172,340270428003
Block Group 4,340270430004,1344,568,0.47,Morris County,Madison Borough,Census Tract 430,34027043000,-74.399809,40.753594,340270430004
Block Group 2,340130151002,963,351,0.13,Essex County,Bloomfield Township,Census Tract 151,34013015100,-74.178572,40.824137,340130151002
Block Group 3,340030080013,1357,441,0.32,Bergen County,Cresskill Borough,Census Tract 80.01,34003008001,-73.969508,40.94814,340030080013
Block Group 1,340258124001,828,400,0.33,Monmouth County,Interlaken Borough,Census Tract 8124,34025812400,-74.016683,40.23552,340258124001
Block Group 0,340259900000,0,0,0,Monmouth County,,Census Tract 9900,34025990000,-73.931836,40.3094,340259900000
Block Group 2,340258004002,1360,563,0.33,Monmouth County,Middletown Township,Census Tract 8004,34025800400,-74.06366,40.42102,340258004002
Block Group 2,340130132002,1767,799,0.04,Essex County,Irvington Township,Census Tract 132,34013013200,-74.218194,40.732563,340130132002
Block Group 2,340130134002,985,380,0.17,Essex County,Nutley Township,Census Tract 134,34013013400,-74.156644,40.827697,340130134002
Block Group 1,340130140001,1033,365,0.11,Essex County,Belleville Township,Census Tract 140,34013014000,-74.170845,40.806241,340130140001
Block Group 2,340258010002,2189,929,1.36,Monmouth County,Middletown Township,Census Tract 8010,34025801000,-74.078399,40.386974,340258010002
Block Group 3,340270434013,1938,636,0.96,Morris County,Morris Township,Census Tract 434.01,34027043401,-74.526501,40.824418,340270434013
Block Group 1,340076029011,110,232,0.25,Camden County,Pennsauken Township,Census Tract 6029.01,34007602901,-75.015727,39.979603,340076029011
Block Group 2,340010131022,374,983,0.11,Atlantic County,Margate City,Census Tract 131.02,34001013102,-74.515297,39.323419,340010131022
Block Group 2,340010132012,692,344,0.03,Atlantic County,Ventnor City,Census Tract 132.01,34001013201,-74.469121,39.345425,340010132012
Block Group 2,340130125002,696,302,0.02,Essex County,Irvington Township,Census Tract 125,34013012500,-74.224762,40.735995,340130125002
Block Group 3,340130125003,846,351,0.03,Essex County,Irvington Township,Census Tract 125,34013012500,-74.226249,40.73486,340130125003
Block Group 4,340130125004,1765,769,0.08,Essex County,Irvington Township,Census Tract 125,34013012500,-74.228461,40.73079,340130125004
Block Group 1,340312238011,895,323,0.13,Passaic County,Totowa Borough,Census Tract 2238.01,34031223801,-74.199642,40.907848,340312238011
Block Group 3,340297250023,1785,613,0.26,Ocean County,Beachwood Borough,Census Tract 7250.02,34029725002,-74.197719,39.929417,340297250023
Block Group 4,340311243214,869,359,0.16,Passaic County,Clifton City,Census Tract 1243.21,34031124321,-74.164654,40.857941,340311243214
Block Group 3,340311248003,918,321,0.07,Passaic County,Clifton City,Census Tract 1248,34031124800,-74.14094,40.883625,340311248003
Block Group 2,340090209022,446,1749,2.56,Cape May County,Avalon Borough,Census Tract 209.02,34009020902,-74.737992,39.091459,340090209022
Block Group 1,340130132001,816,332,0.04,Essex County,Irvington Township,Census Tract 132,34013013200,-74.216383,40.734164,340130132001
Block Group 5,340130134005,634,243,0.09,Essex County,Nutley Township,Census Tract 134,34013013400,-74.159198,40.833204,340130134005
Block Group 5,340130137005,733,338,0.05,Essex County,Nutley Township,Census Tract 137,34013013700,-74.164451,40.811592,340130137005
Block Group 1,340130138001,990,369,0.13,Essex County,Nutley Township,Census Tract 138,34013013800,-74.161484,40.822345,340130138001
Block Group 5,340130138005,890,316,0.09,Essex County,Nutley Township,Census Tract 138,34013013800,-74.166035,40.825341,340130138005
Block Group 2,340130164002,774,221,0.14,Essex County,Montclair Township,Census Tract 164,34013016400,-74.21239,40.829993,340130164002
Block Group 2,340130142002,835,288,0.11,Essex County,Belleville Township,Census Tract 142,34013014200,-74.160972,40.803036,340130142002
Block Group 1,340130176001,697,231,0.03,Essex County,West Orange Township,Census Tract 176,34013017600,-74.225889,40.792631,340130176001
Block Group 1,340170168001,1251,466,0.03,Hudson County,Union City,Census Tract 168,34017016800,-74.030941,40.771443,340170168001
Block Group 2,340170168002,1120,413,0.03,Hudson County,Union City,Census Tract 168,34017016800,-74.02914,40.770326,340170168002
Block Group 3,340170168003,977,331,0.01,Hudson County,Union City,Census Tract 168,34017016800,-74.031661,40.769182,340170168003
Block Group 1,340170170001,2106,758,0.03,Hudson County,Union City,Census Tract 170,34017017000,-74.035546,40.770019,340170170001
Block Group 2,340170170002,1550,557,0.02,Hudson County,Union City,Census Tract 170,34017017000,-74.035642,40.76779,340170170002
Block Group 1,340170171001,1621,612,0.05,Hudson County,Union City,Census Tract 171,34017017100,-74.038508,40.766329,340170171001
Block Group 3,340170171003,1022,365,0.02,Hudson County,Union City,Census Tract 171,34017017100,-74.039232,40.763627,340170171003
Block Group 4,340170171004,1084,399,0.03,Hudson County,Union City,Census Tract 171,34017017100,-74.039968,40.762245,340170171004
Block Group 1,340270433031,1797,740,1.41,Morris County,Morris Township,Census Tract 433.03,34027043303,-74.490671,40.776639,340270433031
Block Group 1,340270434011,950,449,0.15,Morris County,Morris Township,Census Tract 434.01,34027043401,-74.479641,40.818435,340270434011
Block Group 4,340390309004,1365,460,0.13,Union County,Elizabeth City,Census Tract 309,34039030900,-74.205223,40.649094,340390309004
Block Group 2,340390310002,2069,633,0.06,Union County,Elizabeth City,Census Tract 310,34039031000,-74.198945,40.654849,340390310002
Block Group 2,340230071022,2392,831,0.42,Middlesex County,Sayreville Borough,Census Tract 71.02,34023007102,-74.354399,40.464546,340230071022
Block Group 1,340030383001,936,321,0.09,Bergen County,North Arlington Borough,Census Tract 383,34003038300,-74.132796,40.799125,340030383001
Block Group 3,340076078013,832,373,0.26,Camden County,Lindenwold Borough,Census Tract 6078.01,34007607801,-75.020835,39.815654,340076078013
Block Group 3,340230071023,1556,555,0.29,Middlesex County,Sayreville Borough,Census Tract 71.02,34023007102,-74.345502,40.457149,340230071023
Block Group 2,340030261002,997,343,0.15,Bergen County,Hillsdale Borough,Census Tract 261,34003026100,-74.03599,41.011506,340030261002
Block Group 3,340297174003,2089,894,9.98,Ocean County,Jackson Township,Census Tract 7174,34029717400,-74.326772,40.066917,340297174003
Block Group 2,340297311022,1644,833,0.55,Ocean County,Berkeley Township,Census Tract 7311.02,34029731102,-74.166273,39.910485,340297311022
Block Group 1,340010115001,2099,827,22.6,Atlantic County,Hamilton Township,Census Tract 115,34001011500,-74.824452,39.51962,340010115001
Block Group 3,340010014003,1446,751,0.08,Atlantic County,Atlantic City,Census Tract 14,34001001400,-74.429436,39.370134,340010014003
Block Group 1,340010118031,1265,631,0.97,Atlantic County,Egg Harbor Township,Census Tract 118.03,34001011803,-74.574533,39.380078,340010118031
Block Group 1,340258028001,1610,626,0.5,Monmouth County,Aberdeen Township,Census Tract 8028,34025802800,-74.223727,40.401236,340258028001
Block Group 1,340258113011,1879,795,0.54,Monmouth County,Howell Township,Census Tract 8113.01,34025811301,-74.263647,40.19784,340258113011
Block Group 3,340258023003,851,327,0.17,Monmouth County,Hazlet Township,Census Tract 8023,34025802300,-74.180722,40.422942,340258023003
Block Group 4,340010101014,808,636,3.42,Atlantic County,Brigantine City,Census Tract 101.01,34001010101,-74.367079,39.423476,340010101014
Block Group 1,340258102011,1911,609,3.11,Monmouth County,Manalapan Township,Census Tract 8102.01,34025810201,-74.329225,40.273563,340258102011
Block Group 3,340010114033,1739,522,4.6,Atlantic County,Hamilton Township,Census Tract 114.03,34001011403,-74.670625,39.469103,340010114033
Block Group 3,340010101053,677,596,0.25,Atlantic County,Brigantine City,Census Tract 101.05,34001010105,-74.406251,39.392788,340010101053
Block Group 2,340010019002,476,453,0.07,Atlantic County,Atlantic City,Census Tract 19,34001001900,-74.409725,39.363147,340010019002
Block Group 1,340010119021,2027,901,0.35,Atlantic County,Pleasantville City,Census Tract 119.02,34001011902,-74.512901,39.409446,340010119021
Block Group 4,340010024004,630,394,0.07,Atlantic County,Atlantic City,Census Tract 24,34001002400,-74.425644,39.36329,340010024004
Block Group 1,340258048011,2019,894,0.47,Monmouth County,Tinton Falls Borough,Census Tract 8048.01,34025804801,-74.089287,40.249354,340258048011
Block Group 2,340210015002,1189,581,0.11,Mercer County,Trenton City,Census Tract 15,34021001500,-74.768289,40.225868,340210015002
Block Group 4,340076033014,1367,642,0.17,Camden County,Cherry Hill Township,Census Tract 6033.01,34007603301,-75.019788,39.934956,340076033014
Block Group 2,340311433022,1260,491,0.11,Passaic County,Hawthorne Borough,Census Tract 1433.02,34031143302,-74.148312,40.959805,340311433022
Block Group 1,340373726001,2178,1084,4.11,Sussex County,Hardyston Township,Census Tract 3726,34037372600,-74.567792,41.166521,340373726001
Block Group 2,340373744002,954,439,6.22,Sussex County,Byram Township,Census Tract 3744,34037374400,-74.691789,40.982473,340373744002
Block Group 1,340373714001,1499,564,7.58,Sussex County,Vernon Township,Census Tract 3714,34037371400,-74.456286,41.226865,340373714001
Block Group 1,340311811011,608,201,0.07,Passaic County,Paterson City,Census Tract 1811.01,34031181101,-74.143967,40.929458,340311811011
Block Group 1,340057040161,2401,772,1.15,Burlington County,Evesham Township,Census Tract 7040.16,34005704016,-74.909103,39.912877,340057040161
Block Group 1,340373720001,1201,522,5.22,Sussex County,Hampton Township,Census Tract 3720,34037372000,-74.81878,41.118786,340373720001
Block Group 1,340373735001,1243,528,3.46,Sussex County,Andover Township,Census Tract 3735,34037373500,-74.719669,40.995853,340373735001
Block Group 1,340373748001,1171,454,1.28,Sussex County,Hopatcong Borough,Census Tract 3748,34037374800,-74.680307,40.92573,340373748001
Block Group 1,340230081031,1636,684,0.67,Middlesex County,Helmetta Borough,Census Tract 81.03,34023008103,-74.427682,40.375684,340230081031
Block Group 2,340230081032,819,407,0.16,Middlesex County,Helmetta Borough,Census Tract 81.03,34023008103,-74.417149,40.382913,340230081032
Block Group 1,340076105001,22,3,1.09,Camden County,Pennsauken Township,Census Tract 6105,34007610500,-75.086186,39.970455,340076105001
Block Group 3,340076115003,467,9,1.19,Camden County,Winslow Township,Census Tract 6115,34007611500,-74.861815,39.68275,340076115003
Block Group 2,340076039022,1337,932,0.25,Camden County,Haddon Township,Census Tract 6039.02,34007603902,-75.0584,39.900688,340076039022
Block Group 2,340297157012,6894,1393,1.05,Ocean County,Lakewood Township,Census Tract 7157.01,34029715701,-74.230936,40.070456,340297157012
Block Group 5,340297175015,1169,317,1.33,Ocean County,Jackson Township,Census Tract 7175.01,34029717501,-74.266085,40.107303,340297175015
Block Group 3,340297221003,1893,463,1.22,Ocean County,Toms River Township,Census Tract 7221,34029722100,-74.218194,40.032176,340297221003
Block Group 4,340297221004,1390,363,0.84,Ocean County,Toms River Township,Census Tract 7221,34029722100,-74.20711,40.03062,340297221004
Block Group 3,340110304013,1392,511,1.79,Cumberland County,Millville City,Census Tract 304.01,34011030401,-74.996918,39.393109,340110304013
Block Group 4,340110408004,1738,655,0.56,Cumberland County,Vineland City,Census Tract 408,34011040800,-74.973031,39.459866,340110408004
Block Group 1,340155020011,1872,571,2.45,Gloucester County,Harrison Township,Census Tract 5020.01,34015502001,-75.241413,39.72707,340155020011
Block Group 3,340155014033,2091,872,0.65,Gloucester County,Glassboro Borough,Census Tract 5014.03,34015501403,-75.128948,39.70249,340155014033
Block Group 3,340210030013,1337,485,0.9,Mercer County,Hamilton Township,Census Tract 30.01,34021003001,-74.65317,40.182763,340210030013
Block Group 1,340210045011,2307,10,0.06,Mercer County,Princeton,Census Tract 45.01,34021004501,-74.65981,40.34598,340210045011
Block Group 3,340210007003,1360,424,0.05,Mercer County,Trenton City,Census Tract 7,34021000700,-74.745672,40.213988,340210007003
Block Group 1,340210043091,773,265,6.25,Mercer County,Robbinsville Township,Census Tract 43.09,34021004309,-74.564048,40.222946,340210043091
Block Group 1,340010104011,1533,710,8.67,Atlantic County,Galloway Township,Census Tract 104.01,34001010401,-74.604571,39.531726,340010104011
Block Group 2,340010002002,986,523,0.06,Atlantic County,Atlantic City,Census Tract 2,34001000200,-74.462835,39.348536,340010002002
Block Group 1,340010127021,1719,905,0.99,Atlantic County,Egg Harbor Township; Somers Point City,Census Tract 127.02,34001012702,-74.621329,39.31098,340010127021
Block Group 1,340010128011,2313,1213,0.64,Atlantic County,Somers Point City,Census Tract 128.01,34001012801,-74.586177,39.324002,340010128011
Block Group 1,340130042001,2291,842,0.07,Essex County,Newark City,Census Tract 42,34013004200,-74.212018,40.725984,340130042001
Block Group 2,340210026012,1222,470,0.25,Mercer County,Hamilton Township,Census Tract 26.01,34021002601,-74.721182,40.20588,340210026012
Block Group 3,340210026013,1490,508,0.12,Mercer County,Hamilton Township,Census Tract 26.01,34021002601,-74.730329,40.202011,340210026013
Block Group 2,340373729002,1031,458,1.5,Sussex County,Franklin Borough,Census Tract 3729,34037372900,-74.59809,41.106924,340373729002
Block Group 2,340230085022,1246,441,6.89,Middlesex County,South Brunswick Township,Census Tract 85.02,34023008502,-74.476338,40.397567,340230085022
Block Group 1,340258093011,1430,618,0.3,Monmouth County,Manasquan Borough,Census Tract 8093.01,34025809301,-74.048647,40.127044,340258093011
Block Group 3,340297340033,2268,751,0.44,Ocean County,Barnegat Township,Census Tract 7340.03,34029734003,-74.23954,39.740066,340297340033
Block Group 2,340110409012,1960,724,2.5,Cumberland County,Vineland City,Census Tract 409.01,34011040901,-75.0567,39.503499,340110409012
Block Group 1,340110409021,735,301,1.07,Cumberland County,Vineland City,Census Tract 409.02,34011040902,-75.043673,39.551003,340110409021
Block Group 2,340230082072,1638,1134,0.5,Middlesex County,Monroe Township,Census Tract 82.07,34023008207,-74.44673,40.324863,340230082072
Block Group 3,340350538053,731,264,2.8,Somerset County,Hillsborough Township,Census Tract 538.05,34035053805,-74.5953,40.512039,340350538053
Block Group 4,340030222004,1545,505,0.33,Bergen County,Glen Rock Borough,Census Tract 222,34003022200,-74.121145,40.954676,340030222004
Block Group 5,340030222005,923,315,0.23,Bergen County,Glen Rock Borough,Census Tract 222,34003022200,-74.128106,40.956948,340030222005
Block Group 2,340076115002,1992,793,2.24,Camden County,Winslow Township,Census Tract 6115,34007611500,-74.877853,39.717192,340076115002
Block Group 4,340076116004,731,322,0.13,Camden County,Haddon Township,Census Tract 6116,34007611600,-75.092355,39.905715,340076116004
Block Group 4,340297340034,2583,1012,0.65,Ocean County,Barnegat Township,Census Tract 7340.03,34029734003,-74.253585,39.745086,340297340034
Block Group 4,340350509034,1336,447,1.29,Somerset County,Bridgewater Township,Census Tract 509.03,34035050903,-74.59081,40.60368,340350509034
Block Group 1,340350522031,1358,476,1.81,Somerset County,Warren Township,Census Tract 522.03,34035052203,-74.529347,40.609746,340350522031
Block Group 3,340297172003,1514,583,1.71,Ocean County,Jackson Township,Census Tract 7172,34029717200,-74.366507,40.139071,340297172003
Block Group 1,340270461031,3133,1187,0.78,Morris County,Mount Olive Township,Census Tract 461.03,34027046103,-74.702125,40.825741,340270461031
Block Group 3,340270461033,1539,900,0.24,Morris County,Mount Olive Township,Census Tract 461.03,34027046103,-74.694951,40.861377,340270461033
Block Group 3,340297114003,2015,898,0.37,Ocean County,Point Pleasant Borough,Census Tract 7114,34029711400,-74.075155,40.06818,340297114003
Block Group 4,340297134014,1114,353,0.31,Ocean County,Brick Township,Census Tract 7134.01,34029713401,-74.145783,40.089657,340297134014
Block Group 3,340155019003,1270,469,3.94,Gloucester County,Elk Township,Census Tract 5019,34015501900,-75.131634,39.678478,340155019003
Block Group 2,340155024002,2087,774,1.24,Gloucester County,Logan Township,Census Tract 5024,34015502400,-75.348306,39.76318,340155024002
Block Group 1,340130118001,1335,566,0.06,Essex County,East Orange City,Census Tract 118,34013011800,-74.225808,40.748363,340130118001
Block Group 3,340130071003,933,384,0.02,Essex County,Newark City,Census Tract 71,34013007100,-74.157903,40.722401,340130071003
Block Group 1,340373739001,718,342,6.12,Sussex County,Stillwater Township,Census Tract 3739,34037373900,-74.87975,41.037521,340373739001
Block Group 3,340373717003,1672,612,1.81,Sussex County,Vernon Township,Census Tract 3717,34037371700,-74.558387,41.195202,340373717003
Block Group 2,340076041002,1555,552,0.11,Camden County,Woodlynne Borough,Census Tract 6041,34007604100,-75.098323,39.916437,340076041002
Block Group 1,340076042001,786,417,0.08,Camden County,Collingswood Borough,Census Tract 6042,34007604200,-75.076918,39.920701,340076042001
Block Group 1,340076043001,1171,642,0.1,Camden County,Collingswood Borough,Census Tract 6043,34007604300,-75.069189,39.917461,340076043001
Block Group 4,340210026014,1254,420,0.18,Mercer County,Hamilton Township,Census Tract 26.01,34021002601,-74.731733,40.211968,340210026014
Block Group 1,340210030011,2772,1068,1.3,Mercer County,Hamilton Township,Census Tract 30.01,34021003001,-74.658841,40.169256,340210030011
Block Group 4,340210030024,948,313,0.13,Mercer County,Hamilton Township,Census Tract 30.02,34021003002,-74.65969,40.222776,340210030024
Block Group 4,340130216014,1683,576,0.61,Essex County,Fairfield Township,Census Tract 216.01,34013021601,-74.301702,40.881736,340130216014
Block Group 1,340090220001,737,1226,0.54,Cape May County,Cape May City,Census Tract 220,34009022000,-74.920638,38.938459,340090220001
Block Group 1,340297172001,2411,744,5.15,Ocean County,Jackson Township,Census Tract 7172,34029717200,-74.385712,40.153192,340297172001
Block Group 2,340230073062,1516,600,0.11,Middlesex County,Sayreville Borough,Census Tract 73.06,34023007306,-74.282494,40.453428,340230073062
Block Group 3,340230062093,909,487,0.36,Middlesex County,North Brunswick Township,Census Tract 62.09,34023006209,-74.505181,40.419066,340230062093
Block Group 2,340230045022,3619,1158,0.26,Middlesex County,Perth Amboy City,Census Tract 45.02,34023004502,-74.255683,40.519618,340230045022
Block Group 2,340076092022,1480,615,0.26,Camden County,Winslow Township,Census Tract 6092.02,34007609202,-74.957705,39.714438,340076092022
Block Group 2,340210025002,1350,463,0.2,Mercer County,Hamilton Township,Census Tract 25,34021002500,-74.72349,40.193714,340210025002
Block Group 2,340390371002,1097,376,0.26,Union County,Cranford Township,Census Tract 371,34039037100,-74.324594,40.663496,340390371002
Block Group 1,340390373001,1831,649,0.42,Union County,Cranford Township,Census Tract 373,34039037300,-74.299955,40.644388,340390373001
Block Group 1,340130039001,901,318,0.08,Essex County,Newark City,Census Tract 39,34013003900,-74.192868,40.727367,340130039001
Block Group 2,340130039002,797,466,0.04,Essex County,Newark City,Census Tract 39,34013003900,-74.196489,40.726454,340130039002
Block Group 2,340130041002,1021,412,0.05,Essex County,Newark City,Census Tract 41,34013004100,-74.205977,40.724691,340130041002
Block Group 3,340130041003,1176,422,0.04,Essex County,Newark City,Census Tract 41,34013004100,-74.208865,40.725315,340130041003
Block Group 4,340390382014,1456,520,1.28,Union County,Berkeley Heights Township,Census Tract 382.01,34039038201,-74.394511,40.681426,340390382014
Block Group 4,340390386014,1435,500,0.65,Union County,Scotch Plains Township,Census Tract 386.01,34039038601,-74.356064,40.630801,340390386014
Block Group 1,340390304001,1209,346,0.06,Union County,Elizabeth City,Census Tract 304,34039030400,-74.188444,40.652059,340390304001
Block Group 1,340390308021,1512,530,0.09,Union County,Elizabeth City,Census Tract 308.02,34039030802,-74.213408,40.652736,340390308021
Block Group 2,340390318012,2429,805,0.1,Union County,Elizabeth City,Census Tract 318.01,34039031801,-74.229208,40.667987,340390318012
Block Group 4,340130149004,882,314,0.13,Essex County,Bloomfield Township,Census Tract 149,34013014900,-74.170367,40.831676,340130149004
Block Group 1,340130091001,1805,668,0.12,Essex County,Newark City,Census Tract 91,34013009100,-74.180204,40.761079,340130091001
Block Group 1,340390319041,1513,803,0.06,Union County,Elizabeth City,Census Tract 319.04,34039031904,-74.22032,40.662621,340390319041
Block Group 1,340155011021,1647,794,1.11,Gloucester County,Deptford Township,Census Tract 5011.02,34015501102,-75.116632,39.850266,340155011021
Block Group 4,340258104024,997,334,0.72,Monmouth County,Freehold Township,Census Tract 8104.02,34025810402,-74.233993,40.268841,340258104024
Block Group 2,340155001002,897,376,0.23,Gloucester County,Westville Borough,Census Tract 5001,34015500100,-75.122383,39.864358,340155001002
Block Group 3,340350510003,2288,825,0.98,Somerset County,Bridgewater Township,Census Tract 510,34035051000,-74.59417,40.560352,340350510003
Block Group 3,340350520023,2542,1039,0.28,Somerset County,North Plainfield Borough,Census Tract 520.02,34035052002,-74.443093,40.625479,340350520023
Block Group 1,340057022041,2094,759,9.7,Burlington County,Pemberton Township,Census Tract 7022.04,34005702204,-74.691291,39.989024,340057022041
Block Group 1,340297330011,2322,1222,1.2,Ocean County,Ocean Township,Census Tract 7330.01,34029733001,-74.183229,39.802412,340297330011
Block Group 1,340410316021,1611,680,3.15,Warren County,Oxford Township,Census Tract 316.02,34041031602,-74.985676,40.806857,340410316021
Block Group 2,340057021012,1619,626,0.25,Burlington County,North Hanover Township,Census Tract 7021.01,34005702101,-74.584124,40.054001,340057021012
Block Group 4,340258009004,1161,471,1.91,Monmouth County,Middletown Township,Census Tract 8009,34025800900,-74.005262,40.393532,340258009004
Block Group 1,340258074011,659,869,0.14,Monmouth County,Neptune Township,Census Tract 8074.01,34025807401,-74.001763,40.21205,340258074011
Block Group 3,340373718023,903,403,1.66,Sussex County,Wantage Township,Census Tract 3718.02,34037371802,-74.622557,41.223144,340373718023
Block Group 1,340350529041,2275,959,24.69,Somerset County,Bedminster Township,Census Tract 529.04,34035052904,-74.677813,40.673115,340350529041
Block Group 4,340350531054,1636,698,0.43,Somerset County,Franklin Township,Census Tract 531.05,34035053105,-74.503009,40.506637,340350531054
Block Group 2,340297351012,1149,436,2.56,Ocean County,Stafford Township,Census Tract 7351.01,34029735101,-74.290991,39.69014,340297351012
Block Group 2,340297320032,937,378,0.26,Ocean County,Lacey Township,Census Tract 7320.03,34029732003,-74.197329,39.84184,340297320032
Block Group 3,340297330013,2228,1141,1.27,Ocean County,Ocean Township,Census Tract 7330.01,34029733001,-74.192682,39.777461,340297330013
Block Group 1,340258026001,2119,748,0.46,Monmouth County,Aberdeen Township,Census Tract 8026,34025802600,-74.235919,40.437415,340258026001
Block Group 3,340076083023,1966,901,0.64,Camden County,Gloucester Township,Census Tract 6083.02,34007608302,-75.076527,39.828156,340076083023
Block Group 1,340076083031,1818,767,0.69,Camden County,Gloucester Township,Census Tract 6083.03,34007608303,-75.071728,39.808009,340076083031
Block Group 3,340270432003,744,282,0.13,Morris County,Madison Borough,Census Tract 432,34027043200,-74.432024,40.752541,340270432003
Block Group 1,340270446011,2067,897,2.72,Morris County,Jefferson Township,Census Tract 446.01,34027044601,-74.510239,41.005261,340270446011
Block Group 3,340410322003,1578,990,0.29,Warren County,Lopatcong Township,Census Tract 322,34041032200,-75.161026,40.7036,340410322003
Block Group 2,340170144012,1244,456,0.04,Hudson County,North Bergen Township,Census Tract 144.01,34017014401,-74.009861,40.810347,340170144012
Block Group 3,340170144013,1867,581,0.06,Hudson County,North Bergen Township,Census Tract 144.01,34017014401,-74.011803,40.808573,340170144013
Block Group 2,340170074002,999,466,0.01,Hudson County,Jersey City,Census Tract 74,34017007400,-74.040532,40.712246,340170074002
Block Group 4,340410322004,2735,1283,4.16,Warren County,Lopatcong Township,Census Tract 322,34041032200,-75.143193,40.701805,340410322004
Block Group 5,340410322005,679,301,0.2,Warren County,Lopatcong Township,Census Tract 322,34041032200,-75.173626,40.708816,340410322005
Block Group 1,340410323001,598,258,0.3,Warren County,Pohatcong Township,Census Tract 323,34041032300,-75.15349,40.681134,340410323001
Block Group 1,340076070001,1912,873,0.61,Camden County,Bellmawr Borough,Census Tract 6070,34007607000,-75.10791,39.864965,340076070001
Block Group 2,340270427002,1196,426,0.2,Morris County,Chatham Borough,Census Tract 427,34027042700,-74.384742,40.743565,340270427002
Block Group 2,340297340022,2667,891,1.53,Ocean County,Barnegat Township,Census Tract 7340.02,34029734002,-74.236382,39.767937,340297340022
Block Group 2,340297351042,871,358,0.51,Ocean County,Stafford Township,Census Tract 7351.04,34029735104,-74.262886,39.701263,340297351042
Block Group 0,340297380010,0,0,0,Ocean County,Long Beach Township,Census Tract 7380.01,34029738001,-74.234424,39.613589,340297380010
Block Group 2,340297391002,769,548,54.07,Ocean County,Jackson Township; Manchester Township; Plumsted Township,Census Tract 7391,34029739100,-74.452763,39.966906,340297391002
Block Group 1,340299800001,6,1,3.85,Ocean County,Berkeley Township; Lacey Township; Ocean Township,Census Tract 9800,34029980000,-74.089129,39.833804,340299800001
Block Group 1,340030561001,1097,369,0.2,Bergen County,Waldwick Borough,Census Tract 561,34003056100,-74.101673,41.010434,340030561001
Block Group 3,340270427003,1855,728,0.61,Morris County,Chatham Borough,Census Tract 427,34027042700,-74.385588,40.748393,340270427003
Block Group 3,340297231003,1145,493,0.38,Ocean County,Toms River Township,Census Tract 7231,34029723100,-74.183316,39.955852,340297231003
Block Group 3,340170113003,805,327,0.04,Hudson County,Bayonne City,Census Tract 113,34017011300,-74.126284,40.655557,340170113003
Block Group 1,340170128001,1515,562,0.07,Hudson County,Kearny Town,Census Tract 128,34017012800,-74.144164,40.760537,340170128001
Block Group 2,340170128002,1755,612,0.07,Hudson County,Kearny Town,Census Tract 128,34017012800,-74.147294,40.754884,340170128002
Block Group 3,340170128003,1559,638,0.36,Hudson County,Kearny Town,Census Tract 128,34017012800,-74.142871,40.754063,340170128003
Block Group 2,340170129002,2349,770,0.06,Hudson County,Kearny Town,Census Tract 129,34017012900,-74.150715,40.755921,340170129002
Block Group 3,340350531053,2035,843,0.52,Somerset County,Franklin Township,Census Tract 531.05,34035053105,-74.49417,40.51514,340350531053
Block Group 3,340258081003,898,474,0.18,Monmouth County,Neptune City Borough,Census Tract 8081,34025808100,-74.029505,40.195522,340258081003
Block Group 3,340258038003,724,264,0.22,Monmouth County,Rumson Borough,Census Tract 8038,34025803800,-73.979948,40.359472,340258038003
Block Group 1,340130090001,1769,910,0.15,Essex County,Newark City,Census Tract 90,34013009000,-74.181973,40.754201,340130090001
Block Group 2,340130100002,1487,721,0.11,Essex County,East Orange City,Census Tract 100,34013010000,-74.214241,40.777196,340130100002
Block Group 3,340130151003,925,331,0.08,Essex County,Bloomfield Township,Census Tract 151,34013015100,-74.185466,40.817656,340130151003
Block Group 2,340130087002,1419,524,0.05,Essex County,Newark City,Census Tract 87,34013008700,-74.171476,40.756506,340130087002
Block Group 1,340130095001,1165,351,0.05,Essex County,Newark City,Census Tract 95,34013009500,-74.166264,40.777879,340130095001
Block Group 2,340130104002,1797,959,0.07,Essex County,East Orange City,Census Tract 104,34013010400,-74.209643,40.771911,340130104002
Block Group 1,340130210001,1502,516,0.31,Essex County,Verona Township,Census Tract 210,34013021000,-74.242146,40.842796,340130210001
Block Group 1,340130216011,1422,635,0.79,Essex County,Fairfield Township,Census Tract 216.01,34013021601,-74.274991,40.873166,340130216011
Block Group 2,340410318002,1271,522,13.14,Warren County,Harmony Township,Census Tract 318,34041031800,-75.100442,40.750162,340410318002
Block Group 1,340350535011,2202,1361,3.57,Somerset County,Franklin Township,Census Tract 535.01,34035053501,-74.563193,40.517274,340350535011
Block Group 2,340230079142,2126,668,0.75,Middlesex County,Old Bridge Township,Census Tract 79.14,34023007914,-74.291859,40.387011,340230079142
Block Group 3,340230001023,955,359,0.27,Middlesex County,Middlesex Borough,Census Tract 1.02,34023000102,-74.516496,40.565099,340230001023
Block Group 5,340210022005,1515,511,0.23,Mercer County,Trenton City,Census Tract 22,34021002200,-74.741159,40.227266,340210022005
Block Group 2,340210034002,2185,842,0.41,Mercer County,Ewing Township,Census Tract 34,34021003400,-74.769409,40.243574,340210034002
Block Group 4,340210003004,1142,363,0.05,Mercer County,Trenton City,Census Tract 3,34021000300,-74.736056,40.202273,340210003004
Block Group 1,340210011011,1559,814,0.1,Mercer County,Trenton City,Census Tract 11.01,34021001101,-74.784041,40.22637,340210011011
Block Group 2,340258050012,2271,1038,0.51,Monmouth County,Eatontown Borough,Census Tract 8050.01,34025805001,-74.06168,40.30178,340258050012
Block Group 3,340258050013,1096,602,0.14,Monmouth County,Eatontown Borough,Census Tract 8050.01,34025805001,-74.05978,40.293691,340258050013
Block Group 4,340230015044,1421,432,0.36,Middlesex County,Edison Township,Census Tract 15.04,34023001504,-74.385994,40.542767,340230015044
Block Group 1,340230016001,845,269,0.09,Middlesex County,Edison Township,Census Tract 16,34023001600,-74.402617,40.510092,340230016001
Block Group 2,340230016002,952,327,0.1,Middlesex County,Edison Township,Census Tract 16,34023001600,-74.406293,40.509233,340230016002
Block Group 3,340230016003,1226,486,0.15,Middlesex County,Edison Township,Census Tract 16,34023001600,-74.408326,40.505376,340230016003
Block Group 4,340230016004,1227,615,0.11,Middlesex County,Edison Township,Census Tract 16,34023001600,-74.412987,40.49716,340230016004
Block Group 2,340010106002,1354,541,0.56,Atlantic County,Egg Harbor City,Census Tract 106,34001010600,-74.637432,39.526099,340010106002
Block Group 4,340010106004,917,424,0.25,Atlantic County,Egg Harbor City,Census Tract 106,34001010600,-74.644839,39.535269,340010106004
Block Group 1,340010108001,1140,445,0.48,Atlantic County,Hammonton Town,Census Tract 108,34001010800,-74.798832,39.644899,340010108001
Block Group 2,340258104022,1900,506,0.86,Monmouth County,Freehold Township,Census Tract 8104.02,34025810402,-74.25662,40.275255,340258104022
Block Group 3,340258104023,2998,1190,1.63,Monmouth County,Freehold Township,Census Tract 8104.02,34025810402,-74.242459,40.256828,340258104023
Block Group 2,340110108002,931,359,4.65,Cumberland County,Deerfield Township,Census Tract 108,34011010800,-75.148341,39.463582,340110108002
Block Group 1,340270441011,1098,388,0.88,Morris County,Long Hill Township,Census Tract 441.01,34027044101,-74.518642,40.683455,340270441011
Block Group 2,340270441012,1933,725,2.19,Morris County,Long Hill Township,Census Tract 441.01,34027044101,-74.511222,40.662927,340270441012
Block Group 1,340270441021,1570,590,1.24,Morris County,Long Hill Township,Census Tract 441.02,34027044102,-74.45886,40.688564,340270441021
Block Group 1,340410314021,1763,768,0.69,Warren County,Hackettstown Town,Census Tract 314.02,34041031402,-74.84242,40.846619,340410314021
Block Group 2,340210029042,1595,641,1.03,Mercer County,Hamilton Township,Census Tract 29.04,34021002904,-74.690351,40.257376,340210029042
Block Group 1,340170101001,2375,1142,0.26,Hudson County,Bayonne City; Newark City,Census Tract 101,34017010100,-74.111889,40.692855,340170101001
Block Group 2,340170101002,1512,528,0.07,Hudson County,Bayonne City,Census Tract 101,34017010100,-74.103571,40.689789,340170101002
Block Group 1,340230079071,1687,568,0.6,Middlesex County,Old Bridge Township,Census Tract 79.07,34023007907,-74.290696,40.428267,340230079071
Block Group 2,340230079072,1466,852,0.52,Middlesex County,Old Bridge Township,Census Tract 79.07,34023007907,-74.299525,40.428134,340230079072
Block Group 2,340350508012,1864,646,1.55,Somerset County,Bridgewater Township,Census Tract 508.01,34035050801,-74.647999,40.593997,340350508012
Block Group 3,340350509033,1665,605,1.5,Somerset County,Bridgewater Township,Census Tract 509.03,34035050903,-74.546485,40.598842,340350509033
Block Group 1,340297311021,2268,858,1.24,Ocean County,Berkeley Township,Census Tract 7311.02,34029731102,-74.175073,39.922718,340297311021
Block Group 1,340130217011,1449,737,0.12,Essex County,Caldwell Borough,Census Tract 217.01,34013021701,-74.28081,40.844706,340130217011
Block Group 1,340030582001,1007,353,0.21,Bergen County,Washington Township,Census Tract 582,34003058200,-74.053124,40.997048,340030582001
Block Group 4,340390349004,1279,607,0.08,Union County,Linden City,Census Tract 349,34039034900,-74.271742,40.630945,340390349004
Block Group 7,340390355007,741,287,0.09,Union County,Rahway City,Census Tract 355,34039035500,-74.278548,40.62136,340390355007
Block Group 4,340390369004,902,384,0.09,Union County,Garwood Borough,Census Tract 369,34039036900,-74.327614,40.648241,340390369004
Block Group 1,340390372001,1066,435,0.2,Union County,Cranford Township,Census Tract 372,34039037200,-74.295759,40.658579,340390372001
Block Group 2,340390380002,1277,477,0.12,Union County,Summit City,Census Tract 380,34039038000,-74.342271,40.714515,340390380002
Block Group 5,340390384005,1016,372,0.16,Union County,Scotch Plains Township,Census Tract 384,34039038400,-74.402188,40.650131,340390384005
Block Group 4,340057043024,1359,428,0.48,Burlington County,Chesterfield Township,Census Tract 7043.02,34005704302,-74.650433,40.139568,340057043024
Block Group 2,340350542012,1662,573,3.82,Somerset County,Montgomery Township,Census Tract 542.01,34035054201,-74.676845,40.395117,340350542012
Block Group 1,340230082101,1755,522,2.44,Middlesex County,Monroe Township,Census Tract 82.10,34023008210,-74.439171,40.363807,340230082101
Block Group 5,340230093005,1614,1067,0.14,Middlesex County,New Brunswick City,Census Tract 93,34023009300,-74.440396,40.496959,340230093005
Block Group 2,340230045012,901,288,0.04,Middlesex County,Perth Amboy City,Census Tract 45.01,34023004501,-74.26587,40.523548,340230045012
Block Group 4,340230046004,1122,322,0.09,Middlesex County,Perth Amboy City,Census Tract 46,34023004600,-74.2601,40.51399,340230046004
Block Group 1,340230062081,501,200,0.86,Middlesex County,North Brunswick Township,Census Tract 62.08,34023006208,-74.509695,40.430995,340230062081
Block Group 1,340230005041,2021,817,0.08,Middlesex County,Piscataway Township,Census Tract 5.04,34023000504,-74.441715,40.570664,340230005041
Block Group 1,340230014181,1587,507,0.06,Middlesex County,Edison Township,Census Tract 14.18,34023001418,-74.346125,40.569721,340230014181
Block Group 1,340230045021,261,82,0.84,Middlesex County,Perth Amboy City,Census Tract 45.02,34023004502,-74.258572,40.534615,340230045021
Block Group 1,340155002031,2094,775,0.85,Gloucester County,West Deptford Township,Census Tract 5002.03,34015500203,-75.173301,39.813768,340155002031
Block Group 1,340155016041,2358,846,1.15,Gloucester County,Monroe Township,Census Tract 5016.04,34015501604,-74.972141,39.676926,340155016041
Block Group 3,340155013013,1290,505,0.25,Gloucester County,Pitman Borough,Census Tract 5013.01,34015501301,-75.122524,39.728342,340155013013
Block Group 1,340155011041,926,266,0.42,Gloucester County,Deptford Township,Census Tract 5011.04,34015501104,-75.109337,39.822806,340155011041
Block Group 4,340090208004,352,940,0.17,Cape May County,Sea Isle City,Census Tract 208,34009020800,-74.692508,39.153332,340090208004
Block Group 3,340230062083,2664,875,0.35,Middlesex County,North Brunswick Township,Census Tract 62.08,34023006208,-74.499694,40.427357,340230062083
Block Group 2,340230038012,1530,432,0.18,Middlesex County,Carteret Borough,Census Tract 38.01,34023003801,-74.239464,40.582494,340230038012
Block Group 1,340090213001,665,2231,0.4,Cape May County,North Wildwood City,Census Tract 213,34009021300,-74.799233,38.998564,340090213001
Block Group 3,340210022003,848,290,0.04,Mercer County,Trenton City,Census Tract 22,34021002200,-74.735645,40.221923,340210022003
Block Group 4,340210022004,1502,493,0.07,Mercer County,Trenton City,Census Tract 22,34021002200,-74.732293,40.221027,340210022004
Block Group 2,340210026022,2105,836,0.31,Mercer County,Hamilton Township,Census Tract 26.02,34021002602,-74.709235,40.193812,340210026022
Block Group 1,340210027011,944,347,0.15,Mercer County,Hamilton Township,Census Tract 27.01,34021002701,-74.721228,40.219484,340210027011
Block Group 4,340258111014,1530,843,0.66,Monmouth County,Howell Township,Census Tract 8111.01,34025811101,-74.247952,40.211061,340258111014
Block Group 2,340258036012,1212,668,0.18,Monmouth County,Red Bank Borough,Census Tract 8036.01,34025803601,-74.075648,40.351416,340258036012
Block Group 1,340258036021,738,327,0.12,Monmouth County,Red Bank Borough,Census Tract 8036.02,34025803602,-74.053346,40.352733,340258036021
Block Group 3,340076039013,978,460,0.2,Camden County,Haddon Township,Census Tract 6039.01,34007603901,-75.045706,39.905466,340076039013
Block Group 1,340076039021,1841,834,0.25,Camden County,Haddon Township,Census Tract 6039.02,34007603902,-75.070249,39.902464,340076039021
Block Group 2,340130066002,610,250,0.04,Essex County,Newark City,Census Tract 66,34013006600,-74.188667,40.727576,340130066002
Block Group 3,340130092003,1182,428,0.02,Essex County,Newark City,Census Tract 92,34013009200,-74.171849,40.761219,340130092003
Block Group 2,340230092002,1133,467,0.6,Middlesex County,Sayreville Borough,Census Tract 92,34023009200,-74.348525,40.477302,340230092002
Block Group 3,340130104003,1959,1015,0.09,Essex County,East Orange City,Census Tract 104,34013010400,-74.213665,40.773635,340130104003
Block Group 3,340311752003,1713,578,0.07,Passaic County,Passaic City,Census Tract 1752,34031175200,-74.113083,40.865726,340311752003
Block Group 2,340010024002,628,542,0.32,Atlantic County,Atlantic City,Census Tract 24,34001002400,-74.422977,39.356974,340010024002
Block Group 1,340010107001,1208,493,21.61,Atlantic County,Mullica Township,Census Tract 107,34001010700,-74.721132,39.628498,340010107001
Block Group 1,340010114011,2328,893,42.92,Atlantic County,Hamilton Township,Census Tract 114.01,34001011401,-74.734592,39.531674,340010114011
Block Group 1,340210039051,2070,723,4.33,Mercer County,Hopewell Township,Census Tract 39.05,34021003905,-74.739313,40.356587,340210039051
Block Group 4,340390357004,694,269,0.1,Union County,Rahway City,Census Tract 357,34039035700,-74.29104,40.603894,340390357004
Block Group 3,340390392003,1876,586,0.09,Union County,Plainfield City,Census Tract 392,34039039200,-74.413288,40.617089,340390392003
Block Group 4,340390374004,1085,377,0.15,Union County,Cranford Township,Census Tract 374,34039037400,-74.313803,40.642212,340390374004
Block Group 3,340350514003,2311,896,0.45,Somerset County,Manville Borough,Census Tract 514,34035051400,-74.594878,40.532381,340350514003
Block Group 2,340110205032,2176,594,1,Cumberland County,Bridgeton City,Census Tract 205.03,34011020503,-75.214341,39.417956,340110205032
Block Group 1,340110406011,2145,911,0.97,Cumberland County,Vineland City,Census Tract 406.01,34011040601,-74.997203,39.468782,340110406011
Block Group 2,340110410012,1620,703,1.75,Cumberland County,Vineland City,Census Tract 410.01,34011041001,-74.993092,39.418774,340110410012
Block Group 1,340057028011,2120,771,0.5,Burlington County,Willingboro Township,Census Tract 7028.01,34005702801,-74.861023,40.033211,340057028011
Block Group 1,340057028021,2133,762,0.37,Burlington County,Willingboro Township,Census Tract 7028.02,34005702802,-74.873304,40.038182,340057028021
Block Group 1,340110304011,1323,587,0.94,Cumberland County,Millville City,Census Tract 304.01,34011030401,-75.024527,39.41174,340110304011
Block Group 2,340110406012,949,433,0.62,Cumberland County,Vineland City,Census Tract 406.01,34011040601,-75.011217,39.469141,340110406012
Block Group 2,340110406022,2073,729,0.66,Cumberland County,Vineland City,Census Tract 406.02,34011040602,-75.022578,39.46954,340110406022
Block Group 2,340110407012,2686,1066,2.18,Cumberland County,Vineland City,Census Tract 407.01,34011040701,-75.008706,39.454808,340110407012
Block Group 3,340155017013,767,286,2.7,Gloucester County,Franklin Township,Census Tract 5017.01,34015501701,-75.043252,39.607252,340155017013
Block Group 2,340030351002,2176,816,1.36,Bergen County,Montvale Borough,Census Tract 351,34003035100,-74.050883,41.055171,340030351002
Block Group 5,340030351005,1590,648,1.47,Bergen County,Montvale Borough,Census Tract 351,34003035100,-74.072088,41.057158,340030351005
Block Group 2,340170190002,994,569,0.02,Hudson County,Hoboken City,Census Tract 190,34017019000,-74.038012,40.742695,340170190002
Block Group 2,340170056002,1077,401,0.03,Hudson County,Jersey City,Census Tract 56,34017005600,-74.090988,40.705786,340170056002
Block Group 5,340170105005,1407,635,0.06,Hudson County,Bayonne City,Census Tract 105,34017010500,-74.115058,40.675019,340170105005
Block Group 2,340170062002,1930,774,0.05,Hudson County,Jersey City,Census Tract 62,34017006200,-74.095226,40.694386,340170062002
Block Group 1,340170102001,1424,530,0.04,Hudson County,Bayonne City,Census Tract 102,34017010200,-74.101742,40.685399,340170102001
Block Group 2,340170140002,1255,492,0.04,Hudson County,North Bergen Township,Census Tract 140,34017014000,-74.005015,40.808482,340170140002
Block Group 1,340170010001,907,368,0.02,Hudson County,Jersey City,Census Tract 10,34017001000,-74.057465,40.743937,340170010001
Block Group 2,340230017022,2031,728,0.27,Middlesex County,Edison Township,Census Tract 17.02,34023001702,-74.397335,40.51314,340230017022
Block Group 3,340230017023,813,326,0.25,Middlesex County,Edison Township,Census Tract 17.02,34023001702,-74.388222,40.512822,340230017023
Block Group 2,340311244042,1172,467,0.07,Passaic County,Clifton City,Census Tract 1244.04,34031124404,-74.14934,40.856782,340311244042
Block Group 1,340155008001,930,351,0.3,Gloucester County,Wenonah Borough,Census Tract 5008,34015500800,-75.14684,39.797116,340155008001
Block Group 1,340030113001,1817,680,0.4,Bergen County,Elmwood Park Borough,Census Tract 113,34003011300,-74.124793,40.898913,340030113001
Block Group 1,340030280011,887,363,0.28,Bergen County,Leonia Borough,Census Tract 280.01,34003028001,-73.992036,40.870125,340030280011
Block Group 2,340130209012,734,253,0.53,Essex County,Essex Fells Borough,Census Tract 209.01,34013020901,-74.286241,40.823587,340130209012
Block Group 3,340390324013,914,282,0.09,Union County,Hillside Township,Census Tract 324.01,34039032401,-74.23176,40.690605,340390324013
Block Group 4,340390316024,1348,481,0.03,Union County,Elizabeth City,Census Tract 316.02,34039031602,-74.208775,40.688101,340390316024
Block Group 3,340390316023,1124,415,0.15,Union County,Elizabeth City,Census Tract 316.02,34039031602,-74.205207,40.685412,340390316023
Block Group 2,340390320032,2030,728,0.1,Union County,Elizabeth City,Census Tract 320.03,34039032003,-74.23274,40.663781,340390320032
Block Group 1,340390320031,1845,557,0.08,Union County,Elizabeth City,Census Tract 320.03,34039032003,-74.232252,40.65949,340390320031
Block Group 2,340390393012,1915,517,0.11,Union County,Plainfield City,Census Tract 393.01,34039039301,-74.427852,40.612781,340390393012
Block Group 1,340390395011,2342,600,0.14,Union County,Plainfield City,Census Tract 395.01,34039039501,-74.435145,40.601828,340390395011
Block Group 2,340090217012,1441,758,2.05,Cape May County,Lower Township,Census Tract 217.01,34009021701,-74.916689,38.976238,340090217012
Block Group 2,340258105012,2035,615,1.61,Monmouth County,Freehold Township,Census Tract 8105.01,34025810501,-74.261006,40.230662,340258105012
Block Group 2,340090202052,306,1798,1.11,Cape May County,Ocean City,Census Tract 202.05,34009020205,-74.632451,39.236381,340090202052
Block Group 1,340090202061,817,1452,0.66,Cape May County,Ocean City,Census Tract 202.06,34009020206,-74.617858,39.253778,340090202061
Block Group 4,340090203014,1052,510,0.84,Cape May County,Upper Township,Census Tract 203.01,34009020301,-74.665945,39.25224,340090203014
Block Group 1,340090217021,574,1964,6.48,Cape May County,Lower Township,Census Tract 217.02,34009021702,-74.871084,38.970694,340090217021
Block Group 1,340258105031,1105,493,0.65,Monmouth County,Freehold Township,Census Tract 8105.03,34025810503,-74.320804,40.234042,340258105031
Block Group 2,340170030002,982,483,0.02,Hudson County,Jersey City,Census Tract 30,34017003000,-74.068938,40.723731,340170030002
Block Group 4,340090221024,1883,1002,1.9,Cape May County,Middle Township,Census Tract 221.02,34009022102,-74.842596,39.042131,340090221024
Block Group 4,340090203024,137,392,0.53,Cape May County,Upper Township,Census Tract 203.02,34009020302,-74.658899,39.194815,340090203024
Block Group 3,340090208003,453,1534,0.88,Cape May County,Sea Isle City,Census Tract 208,34009020800,-74.687273,39.168996,340090208003
Block Group 4,340076075024,1707,842,0.95,Camden County,Voorhees Township,Census Tract 6075.02,34007607502,-74.960044,39.854597,340076075024
Block Group 1,340076032021,859,538,0.34,Camden County,Cherry Hill Township,Census Tract 6032.02,34007603202,-75.048599,39.923318,340076032021
Block Group 1,340170035001,1514,788,0.02,Hudson County,Jersey City,Census Tract 35,34017003500,-74.048537,40.720109,340170035001
Block Group 2,340230056022,1348,388,0.04,Middlesex County,New Brunswick City,Census Tract 56.02,34023005602,-74.447167,40.490235,340230056022
Block Group 2,340230086052,1420,704,0.1,Middlesex County,Plainsboro Township,Census Tract 86.05,34023008605,-74.567111,40.329425,340230086052
Block Group 1,340076092051,777,312,3.11,Camden County,Winslow Township,Census Tract 6092.05,34007609205,-74.945969,39.726136,340076092051
Block Group 3,340076092053,0,0,3.76,Camden County,Winslow Township,Census Tract 6092.05,34007609205,-74.899747,39.659491,340076092053
Block Group 4,340390382024,935,363,0.38,Union County,Berkeley Heights Township,Census Tract 382.02,34039038202,-74.442754,40.684543,340390382024
Block Group 1,340076035051,2219,786,0.49,Camden County,Cherry Hill Township,Census Tract 6035.05,34007603505,-75.001652,39.868911,340076035051
Block Group 2,340076035052,1162,445,0.63,Camden County,Cherry Hill Township,Census Tract 6035.05,34007603505,-75.010929,39.869224,340076035052
Block Group 2,340076035062,1471,541,0.65,Camden County,Cherry Hill Township,Census Tract 6035.06,34007603506,-74.961087,39.889957,340076035062
Block Group 1,340076083021,1250,495,0.25,Camden County,Gloucester Township,Census Tract 6083.02,34007608302,-75.070601,39.839473,340076083021
Block Group 1,340155019001,1438,623,4.49,Gloucester County,Elk Township,Census Tract 5019,34015501900,-75.194762,39.683368,340155019001
Block Group 3,340297133003,1541,877,0.32,Ocean County,Brick Township,Census Tract 7133,34029713300,-74.130539,40.088536,340297133003
Block Group 4,340155012064,786,270,0.23,Gloucester County,Washington Township,Census Tract 5012.06,34015501206,-75.054493,39.732326,340155012064
Block Group 1,340076075061,1437,546,0.22,Camden County,Voorhees Township,Census Tract 6075.06,34007607506,-74.9863,39.852227,340076075061
Block Group 2,340076036032,1069,390,0.44,Camden County,Cherry Hill Township,Census Tract 6036.03,34007603603,-74.988463,39.905265,340076036032
Block Group 3,340076042003,1026,536,0.11,Camden County,Collingswood Borough,Census Tract 6042,34007604200,-75.072975,39.920912,340076042003
Block Group 2,340390382012,1403,469,0.58,Union County,Berkeley Heights Township,Census Tract 382.01,34039038201,-74.422686,40.6783,340390382012
Block Group 2,340390382022,1734,609,0.66,Union County,Berkeley Heights Township,Census Tract 382.02,34039038202,-74.446578,40.661104,340390382022
Block Group 5,340390362005,1359,492,0.45,Union County,Clark Township,Census Tract 362,34039036200,-74.286823,40.632641,340390362005
Block Group 2,340390398012,1528,467,0.06,Union County,Elizabeth City,Census Tract 398.01,34039039801,-74.186162,40.655626,340390398012
Block Group 3,340390398013,2066,727,0.3,Union County,Elizabeth City,Census Tract 398.01,34039039801,-74.169161,40.650557,340390398013
Block Group 3,340155010033,1114,464,0.14,Gloucester County,Woodbury City,Census Tract 5010.03,34015501003,-75.162649,39.837913,340155010033
Block Group 1,340010133021,1132,697,0.15,Atlantic County,Ventnor City,Census Tract 133.02,34001013302,-74.484958,39.346731,340010133021
Block Group 3,340170054003,3395,1409,0.33,Hudson County,Jersey City,Census Tract 54,34017005400,-74.107559,40.707394,340170054003
Block Group 3,340170056003,1352,484,0.03,Hudson County,Jersey City,Census Tract 56,34017005600,-74.093998,40.70796,340170056003
Block Group 1,340170058011,2320,935,0.05,Hudson County,Jersey City,Census Tract 58.01,34017005801,-74.085313,40.701551,340170058011
Block Group 2,340170058012,1300,528,0.03,Hudson County,Jersey City,Census Tract 58.01,34017005801,-74.082715,40.699589,340170058012
Block Group 1,340170058021,1683,814,1.86,Hudson County,Jersey City,Census Tract 58.02,34017005802,-74.067978,40.681979,340170058021
Block Group 1,340230082051,664,480,0.29,Middlesex County,Monroe Township,Census Tract 82.05,34023008205,-74.449548,40.31585,340230082051
Block Group 3,340230082053,1046,747,0.26,Middlesex County,Monroe Township,Census Tract 82.05,34023008205,-74.44598,40.309069,340230082053
Block Group 1,340230082061,1059,804,0.41,Middlesex County,Monroe Township,Census Tract 82.06,34023008206,-74.471574,40.33603,340230082061
Block Group 2,340230082062,934,762,0.13,Middlesex County,Monroe Township,Census Tract 82.06,34023008206,-74.466354,40.338971,340230082062
Block Group 3,340230082063,469,284,0.24,Middlesex County,Monroe Township,Census Tract 82.06,34023008206,-74.454531,40.339385,340230082063
Block Group 4,340090218044,1856,1110,1.59,Cape May County,Lower Township,Census Tract 218.04,34009021804,-74.93263,39.006842,340090218044
Block Group 2,340090211002,1181,800,3.29,Cape May County,Middle Township,Census Tract 211,34009021100,-74.805793,39.079255,340090211002
Block Group 2,340076026012,1443,553,0.3,Camden County,Pennsauken Township,Census Tract 6026.01,34007602601,-75.063613,39.935646,340076026012
Block Group 1,340076026021,1598,568,0.11,Camden County,Pennsauken Township,Census Tract 6026.02,34007602602,-75.066445,39.945709,340076026021
Block Group 2,340076026022,1423,564,0.14,Camden County,Pennsauken Township,Census Tract 6026.02,34007602602,-75.063245,39.941354,340076026022
Block Group 1,340155012121,2665,949,0.4,Gloucester County,Washington Township,Census Tract 5012.12,34015501212,-75.065315,39.727746,340155012121
Block Group 4,340170009024,1553,731,0.02,Hudson County,Jersey City,Census Tract 9.02,34017000902,-74.060554,40.736188,340170009024
Block Group 3,340010135003,766,297,0.74,Atlantic County,Linwood City,Census Tract 135,34001013500,-74.558503,39.35246,340010135003
Block Group 1,340010123021,2191,772,0.64,Atlantic County,Northfield City,Census Tract 123.02,34001012302,-74.570333,39.368625,340010123021
Block Group 1,340010131021,427,744,0.1,Atlantic County,Margate City,Census Tract 131.02,34001013102,-74.513754,39.325987,340010131021
Block Group 3,340010131023,371,1125,0.1,Atlantic County,Margate City,Census Tract 131.02,34001013102,-74.510286,39.317654,340010131023
Block Group 4,340297139004,1483,613,0.5,Ocean County,Brick Township,Census Tract 7139,34029713900,-74.127108,40.057546,340297139004
Block Group 1,340297140001,727,250,0.26,Ocean County,Brick Township,Census Tract 7140,34029714000,-74.149337,40.051983,340297140001
Block Group 2,340270462012,946,282,0.51,Morris County,Washington Township,Census Tract 462.01,34027046201,-74.80254,40.816587,340270462012
Block Group 3,340297134013,964,352,0.4,Ocean County,Brick Township,Census Tract 7134.01,34029713401,-74.130686,40.075725,340297134013
Block Group 6,340030592006,760,302,0.15,Bergen County,Westwood Borough,Census Tract 592,34003059200,-74.044236,40.988901,340030592006
Block Group 1,340057011031,2085,821,0.4,Burlington County,Burlington Township,Census Tract 7011.03,34005701103,-74.828632,40.082741,340057011031
Block Group 1,340258095061,1970,678,1.43,Monmouth County,Marlboro Township,Census Tract 8095.06,34025809506,-74.282614,40.360638,340258095061
Block Group 1,340258110001,904,313,0.16,Monmouth County,Freehold Borough,Census Tract 8110,34025811000,-74.279896,40.263143,340258110001
Block Group 2,340258110002,2664,985,0.3,Monmouth County,Freehold Borough,Census Tract 8110,34025811000,-74.283707,40.260616,340258110002
Block Group 5,340390382025,1002,333,0.35,Union County,Berkeley Heights Township,Census Tract 382.02,34039038202,-74.444712,40.674987,340390382025
Block Group 2,340311754012,1922,624,0.06,Passaic County,Passaic City,Census Tract 1754.01,34031175401,-74.12634,40.870146,340311754012
Block Group 3,340311754023,1135,347,0.05,Passaic County,Passaic City,Census Tract 1754.02,34031175402,-74.124702,40.863747,340311754023
Block Group 1,340350543021,1521,671,0.53,Somerset County,Franklin Township,Census Tract 543.02,34035054302,-74.518664,40.518137,340350543021
Block Group 2,340130149002,1049,359,0.1,Essex County,Bloomfield Township,Census Tract 149,34013014900,-74.172343,40.836132,340130149002
Block Group 3,340130149003,963,342,0.13,Essex County,Bloomfield Township,Census Tract 149,34013014900,-74.175393,40.832751,340130149003
Block Group 1,340130150001,1884,881,0.32,Essex County,Bloomfield Township,Census Tract 150,34013015000,-74.187743,40.820648,340130150001
Block Group 2,340130150002,1022,362,0.13,Essex County,Bloomfield Township,Census Tract 150,34013015000,-74.190726,40.825601,340130150002
Block Group 3,340130150003,757,272,0.09,Essex County,Bloomfield Township,Census Tract 150,34013015000,-74.194655,40.817521,340130150003
Block Group 5,340155002045,1686,659,0.62,Gloucester County,West Deptford Township,Census Tract 5002.04,34015500204,-75.196371,39.823669,340155002045
Block Group 4,340230002004,1123,430,0.39,Middlesex County,Middlesex Borough,Census Tract 2,34023000200,-74.49415,40.581102,340230002004
Block Group 2,340410311012,1586,633,11.06,Warren County,Blairstown Township,Census Tract 311.01,34041031101,-75.022887,40.992928,340410311012
Block Group 3,340130213003,1338,530,0.84,Essex County,Cedar Grove Township,Census Tract 213,34013021300,-74.238036,40.864772,340130213003
Block Group 5,340130213005,1336,506,0.29,Essex County,Cedar Grove Township,Census Tract 213,34013021300,-74.228824,40.870201,340130213005
Block Group 1,340130214001,1021,361,0.61,Essex County,Cedar Grove Township,Census Tract 214,34013021400,-74.212821,40.853732,340130214001
Block Group 1,340210030021,1647,569,1.16,Mercer County,Hamilton Township,Census Tract 30.02,34021003002,-74.641143,40.212308,340210030021
Block Group 2,340210030022,671,243,0.16,Mercer County,Hamilton Township,Census Tract 30.02,34021003002,-74.647186,40.218714,340210030022
Block Group 3,340258007013,1205,399,0.31,Monmouth County,Middletown Township,Census Tract 8007.01,34025800701,-74.114538,40.417031,340258007013
Block Group 1,340258017001,654,359,0.05,Monmouth County,Keansburg Borough,Census Tract 8017,34025801700,-74.131648,40.45263,340258017001
Block Group 4,340258017004,897,332,0.09,Monmouth County,Keansburg Borough,Census Tract 8017,34025801700,-74.137104,40.447695,340258017004
Block Group 5,340258017005,1659,798,0.17,Monmouth County,Keansburg Borough,Census Tract 8017,34025801700,-74.161113,40.46825,340258017005
Block Group 4,340410311014,1310,505,6.31,Warren County,Blairstown Township,Census Tract 311.01,34041031101,-74.971869,40.960727,340410311014
Block Group 2,340410311022,732,311,9.4,Warren County,Frelinghuysen Township,Census Tract 311.02,34041031102,-74.883782,40.991539,340410311022
Block Group 4,340373710004,1499,830,1.9,Sussex County,Montague Township,Census Tract 3710,34037371000,-74.762885,41.301091,340373710004
Block Group 3,340210030023,1266,639,0.62,Mercer County,Hamilton Township,Census Tract 30.02,34021003002,-74.657387,40.20959,340210030023
Block Group 3,340155020023,1228,362,1.29,Gloucester County,Harrison Township,Census Tract 5020.02,34015502002,-75.174564,39.728109,340155020023
Block Group 2,340410321022,1264,475,4.47,Warren County,Greenwich Township,Census Tract 321.02,34041032102,-75.100229,40.68768,340410321022
Block Group 1,340410314011,1625,596,0.29,Warren County,Hackettstown Town,Census Tract 314.01,34041031401,-74.828784,40.855369,340410314011
Block Group 2,340410306002,1212,505,0.13,Warren County,Phillipsburg Town,Census Tract 306,34041030600,-75.185229,40.692315,340410306002
Block Group 6,340210032016,843,326,0.72,Mercer County,Lawrence Township,Census Tract 32.01,34021003201,-74.744387,40.278999,340210032016
Block Group 1,340210043141,18,2,0.17,Mercer County,West Windsor Township,Census Tract 43.14,34021004314,-74.660792,40.314975,340210043141
Block Group 1,340297361071,2975,1500,0.59,Ocean County,Little Egg Harbor Township,Census Tract 7361.07,34029736107,-74.361408,39.586392,340297361071
Block Group 3,340297101013,1053,718,0.31,Ocean County,Point Pleasant Beach Borough,Census Tract 7101.01,34029710101,-74.046531,40.096041,340297101013
Block Group 3,340297101023,630,660,0.23,Ocean County,Point Pleasant Beach Borough,Census Tract 7101.02,34029710102,-74.041719,40.080622,340297101023
Block Group 2,340297153042,741,200,0.15,Ocean County,Lakewood Township,Census Tract 7153.04,34029715304,-74.213555,40.090604,340297153042
Block Group 4,340297152014,2815,510,0.08,Ocean County,Lakewood Township,Census Tract 7152.01,34029715201,-74.202844,40.096505,340297152014
Block Group 2,340230080012,1712,658,0.42,Middlesex County,Old Bridge Township,Census Tract 80.01,34023008001,-74.231529,40.451076,340230080012
Block Group 5,340155024005,33,14,1.58,Gloucester County,Logan Township,Census Tract 5024,34015502400,-75.378811,39.758788,340155024005
Block Group 6,340155024006,1086,482,15.61,Gloucester County,Logan Township,Census Tract 5024,34015502400,-75.322693,39.800889,340155024006
Block Group 3,340155002053,1581,929,2.18,Gloucester County,West Deptford Township,Census Tract 5002.05,34015500205,-75.199525,39.851743,340155002053
Block Group 4,340155005004,1205,524,3.7,Gloucester County,Greenwich Township,Census Tract 5005,34015500500,-75.307803,39.834253,340155005004
Block Group 3,340230080013,1021,395,0.13,Middlesex County,Old Bridge Township,Census Tract 80.01,34023008001,-74.245798,40.451503,340230080013
Block Group 4,340230080014,1790,808,0.71,Middlesex County,Old Bridge Township,Census Tract 80.01,34023008001,-74.244109,40.441987,340230080014
Block Group 4,340155011034,2011,827,1.38,Gloucester County,Deptford Township,Census Tract 5011.03,34015501103,-75.096448,39.816443,340155011034
Block Group 2,340270434012,2494,955,1.44,Morris County,Morris Township,Census Tract 434.01,34027043401,-74.505065,40.820091,340270434012
Block Group 1,340410308001,1426,605,0.73,Warren County,Phillipsburg Town,Census Tract 308,34041030800,-75.166216,40.686987,340410308001
Block Group 3,340230004013,1141,356,0.27,Middlesex County,Piscataway Township,Census Tract 4.01,34023000401,-74.471636,40.572587,340230004013
Block Group 1,340230004031,2440,910,0.22,Middlesex County,Piscataway Township,Census Tract 4.03,34023000403,-74.490318,40.565982,340230004031
Block Group 2,340230004032,2101,657,0.46,Middlesex County,Piscataway Township,Census Tract 4.03,34023000403,-74.480886,40.567845,340230004032
Block Group 2,340230004042,1165,504,0.12,Middlesex County,Piscataway Township,Census Tract 4.04,34023000404,-74.461258,40.5672,340230004042
Block Group 3,340230004043,2573,943,0.46,Middlesex County,Piscataway Township,Census Tract 4.04,34023000404,-74.455299,40.569516,340230004043
Block Group 3,340030321033,1323,686,0.53,Bergen County,Mahwah Township,Census Tract 321.03,34003032103,-74.156338,41.081441,340030321033
Block Group 2,340170142002,1869,747,0.04,Hudson County,North Bergen Township,Census Tract 142,34017014200,-74.001079,40.795581,340170142002
Block Group 1,340170143001,1092,376,0.03,Hudson County,North Bergen Township,Census Tract 143,34017014300,-74.007608,40.803934,340170143001
Block Group 2,340230018042,1668,598,0.32,Middlesex County,Edison Township,Census Tract 18.04,34023001804,-74.386572,40.506935,340230018042
Block Group 3,340297311023,2991,997,1.67,Ocean County,Berkeley Township,Census Tract 7311.02,34029731102,-74.167551,39.888736,340297311023
Block Group 2,340030322012,1210,441,0.59,Bergen County,Mahwah Township,Census Tract 322.01,34003032201,-74.143203,41.083115,340030322012
Block Group 2,340170143002,1767,592,0.05,Hudson County,North Bergen Township,Census Tract 143,34017014300,-74.009439,40.802309,340170143002
Block Group 3,340170143003,1453,500,0.03,Hudson County,North Bergen Township,Census Tract 143,34017014300,-74.010635,40.800345,340170143003
Block Group 4,340170143004,1625,547,0.04,Hudson County,North Bergen Township,Census Tract 143,34017014300,-74.012067,40.798651,340170143004
Block Group 1,340057040081,1004,356,1.29,Burlington County,Evesham Township,Census Tract 7040.08,34005704008,-74.894896,39.88063,340057040081
Block Group 2,340057042012,1618,596,0.55,Burlington County,Bordentown Township,Census Tract 7042.01,34005704201,-74.691129,40.147405,340057042012
Block Group 1,340076092041,1568,634,0.69,Camden County,Winslow Township,Census Tract 6092.04,34007609204,-74.967132,39.709647,340076092041
Block Group 2,340076092042,1337,465,0.17,Camden County,Winslow Township,Census Tract 6092.04,34007609204,-74.949717,39.706492,340076092042
Block Group 4,340312461014,1987,606,0.81,Passaic County,Wayne Township,Census Tract 2461.01,34031246101,-74.20449,40.93482,340312461014
Block Group 2,340130186002,769,206,0.09,Essex County,City of Orange Township,Census Tract 186,34013018600,-74.229147,40.769719,340130186002
Block Group 1,340130193001,1291,802,0.14,Essex County,South Orange Village,Census Tract 193,34013019300,-74.260571,40.746822,340130193001
Block Group 1,340057014021,1097,703,0.65,Burlington County,Mansfield Township,Census Tract 7014.02,34005701402,-74.747033,40.059567,340057014021
Block Group 2,340057022032,2617,1229,3.72,Burlington County,Pemberton Township,Census Tract 7022.03,34005702203,-74.679681,39.948915,340057022032
Block Group 2,340170158022,1922,677,0.03,Hudson County,West New York Town,Census Tract 158.02,34017015802,-74.018835,40.782062,340170158022
Block Group 1,340170187011,2059,343,0.09,Hudson County,Hoboken City,Census Tract 187.01,34017018701,-74.025025,40.745647,340170187011
Block Group 1,340170198001,7080,2952,1.66,Hudson County,Secaucus Town,Census Tract 198,34017019800,-74.047341,40.793719,340170198001
Block Group 3,340170199003,1019,510,0.69,Hudson County,Secaucus Town,Census Tract 199,34017019900,-74.059495,40.774517,340170199003
Block Group 2,340170035002,743,353,0.01,Hudson County,Jersey City,Census Tract 35,34017003500,-74.05009,40.719328,340170035002
Block Group 1,340170048001,0,0,0.19,Hudson County,Jersey City; Kearny Town,Census Tract 48,34017004800,-74.098081,40.719972,340170048001
Block Group 3,340010105033,1737,784,0.33,Atlantic County,Galloway Township,Census Tract 105.03,34001010503,-74.496626,39.496955,340010105033
Block Group 4,340010105034,1682,737,1.74,Atlantic County,Galloway Township,Census Tract 105.03,34001010503,-74.51083,39.491453,340010105034
Block Group 1,340030192021,3959,2166,0.29,Bergen County,Fort Lee Borough,Census Tract 192.02,34003019202,-73.963154,40.850956,340030192021
Block Group 3,340190111003,1931,894,2.06,Hunterdon County,Readington Township,Census Tract 111,34019011100,-74.782328,40.624861,340190111003
Block Group 1,340190112021,1741,620,7.58,Hunterdon County,Readington Township,Census Tract 112.02,34019011202,-74.794117,40.544501,340190112021
Block Group 1,340190117001,1280,506,8.75,Hunterdon County,East Amwell Township,Census Tract 117,34019011700,-74.811103,40.457809,340190117001
Block Group 2,340190101002,1468,680,12.39,Hunterdon County,Tewksbury Township,Census Tract 101,34019010100,-74.752725,40.672732,340190101002
Block Group 5,340030301005,1099,491,0.07,Bergen County,Lodi Borough,Census Tract 301,34003030100,-74.078707,40.878429,340030301005
Block Group 4,340030102004,880,277,0.07,Bergen County,Dumont Borough,Census Tract 102,34003010200,-74.00116,40.938151,340030102004
Block Group 2,340030252002,897,318,0.11,Bergen County,Hasbrouck Heights Borough,Census Tract 252,34003025200,-74.077162,40.865155,340030252002
Block Group 2,340030371002,712,293,0.09,Bergen County,New Milford Borough,Census Tract 371,34003037100,-74.013257,40.943281,340030371002
Block Group 4,340030213004,1461,550,0.11,Bergen County,Garfield City,Census Tract 213,34003021300,-74.110996,40.879922,340030213004
Block Group 2,340373718022,935,421,9,Sussex County,Wantage Township,Census Tract 3718.02,34037371802,-74.618079,41.183337,340373718022
Block Group 3,340190110013,821,299,3.42,Hunterdon County,Clinton Township,Census Tract 110.01,34019011001,-74.842149,40.664342,340190110013
Block Group 3,340190113013,2059,754,7.67,Hunterdon County,Raritan Township,Census Tract 113.01,34019011301,-74.902007,40.528667,340190113013
Block Group 2,340076030022,1060,358,0.11,Camden County,Pennsauken Township,Census Tract 6030.02,34007603002,-75.05986,39.9594,340076030022
Block Group 4,340076030024,1235,423,0.12,Camden County,Pennsauken Township,Census Tract 6030.02,34007603002,-75.06645,39.954189,340076030024
Block Group 5,340076030025,1050,351,0.12,Camden County,Pennsauken Township,Census Tract 6030.02,34007603002,-75.070617,39.950859,340076030025
Block Group 2,340076031002,1039,425,0.16,Camden County,Merchantville Borough,Census Tract 6031,34007603100,-75.041937,39.948723,340076031002
Block Group 2,340190112032,1365,476,2.49,Hunterdon County,Readington Township,Census Tract 112.03,34019011203,-74.757279,40.555574,340190112032
Block Group 1,340190113051,1765,841,1.54,Hunterdon County,Raritan Township,Census Tract 113.05,34019011305,-74.851875,40.487627,340190113051
Block Group 1,340190113041,1770,590,1.77,Hunterdon County,Raritan Township,Census Tract 113.04,34019011304,-74.816204,40.498802,340190113041
Block Group 2,340190110012,2383,495,4.34,Hunterdon County,Clinton Township,Census Tract 110.01,34019011001,-74.865592,40.667883,340190110012
Block Group 1,340190105001,1124,471,5.05,Hunterdon County,Holland Township,Census Tract 105,34019010500,-75.143238,40.608469,340190105001
Block Group 2,340190105002,1417,535,6.15,Hunterdon County,Holland Township,Census Tract 105,34019010500,-75.097903,40.616731,340190105002
Block Group 4,340170125004,826,295,0.11,Hudson County,Kearny Town,Census Tract 125,34017012500,-74.15152,40.771981,340170125004
Block Group 3,340076031003,1027,514,0.15,Camden County,Merchantville Borough,Census Tract 6031,34007603100,-75.052888,39.949975,340076031003
Block Group 4,340076031004,903,372,0.13,Camden County,Merchantville Borough,Census Tract 6031,34007603100,-75.061208,39.948651,340076031004
Block Group 1,340155012011,2381,763,1.2,Gloucester County,Washington Township,Census Tract 5012.01,34015501201,-75.081745,39.775423,340155012011
Block Group 4,340390377004,933,305,0.19,Union County,Summit City,Census Tract 377,34039037700,-74.36688,40.730191,340390377004
Block Group 1,340390321011,1214,385,0.08,Union County,Elizabeth City,Census Tract 321.01,34039032101,-74.234036,40.670839,340390321011
Block Group 3,340390377003,1075,482,0.23,Union County,Summit City,Census Tract 377,34039037700,-74.352025,40.717996,340390377003
Block Group 4,340390327024,1002,317,0.11,Union County,Union Township,Census Tract 327.02,34039032702,-74.270848,40.703634,340390327024
Block Group 2,340130112002,1766,664,0.08,Essex County,East Orange City,Census Tract 112,34013011200,-74.21614,40.758224,340130112002
Block Group 1,340130114001,1020,540,0.05,Essex County,East Orange City,Census Tract 114,34013011400,-74.230237,40.756769,340130114001
Block Group 2,340130114002,1353,489,0.12,Essex County,East Orange City,Census Tract 114,34013011400,-74.232851,40.753576,340130114002
Block Group 2,340130118002,1107,429,0.05,Essex County,East Orange City,Census Tract 118,34013011800,-74.222519,40.747366,340130118002
Block Group 2,340270450002,1309,414,0.09,Morris County,Dover Town,Census Tract 450,34027045000,-74.557806,40.886203,340270450002
Block Group 1,340155002011,1347,523,2.43,Gloucester County,West Deptford Township,Census Tract 5002.01,34015500201,-75.155256,39.871974,340155002011
Block Group 1,340010135001,1046,978,6.6,Atlantic County,Egg Harbor Township; Linwood City; Longport Borough,Census Tract 135,34001013500,-74.536878,39.335363,340010135001
Block Group 3,340010116003,1682,703,34.96,Atlantic County,Estell Manor City; Weymouth Township,Census Tract 116,34001011600,-74.80787,39.366765,340010116003
Block Group 4,340390311004,883,286,0.05,Union County,Elizabeth City,Census Tract 311,34039031100,-74.206985,40.659276,340390311004
Block Group 5,340390311005,1562,531,0.07,Union County,Elizabeth City,Census Tract 311,34039031100,-74.207102,40.661555,340390311005
Block Group 2,340390312002,1191,357,0.06,Union County,Elizabeth City,Census Tract 312,34039031200,-74.197808,40.660319,340390312002
Block Group 4,340390312004,2276,759,0.1,Union County,Elizabeth City,Census Tract 312,34039031200,-74.207779,40.665616,340390312004
Block Group 1,340390314001,1586,579,0.05,Union County,Elizabeth City,Census Tract 314,34039031400,-74.208138,40.669847,340390314001
Block Group 2,340390314002,1891,644,0.07,Union County,Elizabeth City,Census Tract 314,34039031400,-74.210979,40.671283,340390314002
Block Group 1,340258102021,981,357,2.74,Monmouth County,Manalapan Township,Census Tract 8102.02,34025810202,-74.376097,40.288442,340258102021
Block Group 1,340258074021,1104,956,0.09,Monmouth County,Neptune Township,Census Tract 8074.02,34025807402,-74.01106,40.212297,340258074021
Block Group 4,340258100014,1294,404,0.69,Monmouth County,Manalapan Township,Census Tract 8100.01,34025810001,-74.338748,40.329019,340258100014
Block Group 3,340390314003,1237,420,0.04,Union County,Elizabeth City,Census Tract 314,34039031400,-74.208109,40.673954,340390314003
Block Group 1,340130051001,848,339,0.05,Essex County,Newark City,Census Tract 51,34013005100,-74.206154,40.715948,340130051001
Block Group 1,340130052001,851,303,0.05,Essex County,Newark City,Census Tract 52,34013005200,-74.21246,40.720923,340130052001
Block Group 2,340170071002,1388,704,0.07,Hudson County,Jersey City,Census Tract 71,34017007100,-74.055488,40.727245,340170071002
Block Group 2,340297202022,1133,866,0.6,Ocean County,Manchester Township,Census Tract 7202.02,34029720202,-74.285785,40.012713,340297202022
Block Group 3,340297321013,1303,491,0.28,Ocean County,Lacey Township,Census Tract 7321.01,34029732101,-74.164084,39.863022,340297321013
Block Group 3,340297180003,2542,896,11.42,Ocean County,Plumsted Township,Census Tract 7180,34029718000,-74.493146,40.069748,340297180003
Block Group 2,340297233002,1676,659,0.23,Ocean County,Toms River Township,Census Tract 7233,34029723300,-74.13716,39.954569,340297233002
Block Group 2,340130199002,933,298,0.15,Essex County,Maplewood Township,Census Tract 199,34013019900,-74.283363,40.731369,340130199002
Block Group 3,340130199003,874,287,0.19,Essex County,Maplewood Township,Census Tract 199,34013019900,-74.281736,40.735129,340130199003
Block Group 2,340130200002,839,236,0.25,Essex County,Millburn Township,Census Tract 200,34013020000,-74.322009,40.72923,340130200002
Block Group 3,340130200003,706,222,0.27,Essex County,Millburn Township,Census Tract 200,34013020000,-74.334028,40.73009,340130200003
Block Group 5,340130120005,1185,488,0.05,Essex County,Irvington Township,Census Tract 120,34013012000,-74.249831,40.715719,340130120005
Block Group 3,340130122003,1746,594,0.05,Essex County,Irvington Township,Census Tract 122,34013012200,-74.245403,40.724712,340130122003
Block Group 1,340130124001,1713,1004,0.09,Essex County,Irvington Township,Census Tract 124,34013012400,-74.234954,40.72228,340130124001
Block Group 2,340130124002,889,321,0.05,Essex County,Irvington Township,Census Tract 124,34013012400,-74.238824,40.717892,340130124002
Block Group 1,340090218031,1348,1116,0.46,Cape May County,Lower Township,Census Tract 218.03,34009021803,-74.953449,39.009822,340090218031
Block Group 3,340090218033,1036,713,0.22,Cape May County,Lower Township,Census Tract 218.03,34009021803,-74.944694,39.009951,340090218033
Block Group 1,340090218041,902,533,2.76,Cape May County,Lower Township,Census Tract 218.04,34009021804,-74.912929,39.020077,340090218041
Block Group 2,340030070022,1472,481,0.37,Bergen County,Closter Borough,Census Tract 70.02,34003007002,-73.943767,40.967626,340030070022
Block Group 3,340030070023,1450,505,0.87,Bergen County,Closter Borough,Census Tract 70.02,34003007002,-73.953208,40.974293,340030070023
Block Group 3,340230091013,19,1,0.42,Middlesex County,Woodbridge Township,Census Tract 91.01,34023009101,-74.235118,40.564768,340230091013
Block Group 2,340130218032,1870,682,0.33,Essex County,West Caldwell Township,Census Tract 218.03,34013021803,-74.266998,40.846131,340130218032
Block Group 3,340130218033,1557,611,0.24,Essex County,West Caldwell Township,Census Tract 218.03,34013021803,-74.287352,40.847152,340130218033
Block Group 1,340130003001,1986,743,0.07,Essex County,Newark City,Census Tract 3,34013000300,-74.180111,40.774218,340130003001
Block Group 4,340030070024,908,299,0.3,Bergen County,Closter Borough,Census Tract 70.02,34003007002,-73.947707,40.962639,340030070024
Block Group 3,340030382003,1564,648,0.07,Bergen County,North Arlington Borough,Census Tract 382,34003038200,-74.134216,40.781173,340030382003
Block Group 3,340076092023,1533,553,0.5,Camden County,Winslow Township,Census Tract 6092.02,34007609202,-74.964053,39.721047,340076092023
Block Group 3,340076075023,1865,684,0.88,Camden County,Voorhees Township,Census Tract 6075.02,34007607502,-74.991446,39.840823,340076075023
Block Group 4,340076075074,1498,1011,0.11,Camden County,Voorhees Township,Census Tract 6075.07,34007607507,-74.999305,39.845211,340076075074
Block Group 1,340057004021,2103,840,0.43,Burlington County,Maple Shade Township,Census Tract 7004.02,34005700402,-75.0126,39.963343,340057004021
Block Group 5,340030591005,658,354,0.09,Bergen County,Westwood Borough,Census Tract 591,34003059100,-74.034414,40.996491,340030591005
Block Group 3,340030592003,1091,417,0.2,Bergen County,Westwood Borough,Census Tract 592,34003059200,-74.034052,40.987336,340030592003
Block Group 1,340350537051,1926,941,0.2,Somerset County,Hillsborough Township,Census Tract 537.05,34035053705,-74.664157,40.501578,340350537051
Block Group 2,340350538042,1895,789,0.24,Somerset County,Hillsborough Township,Census Tract 538.04,34035053804,-74.636287,40.513401,340350538042
Block Group 2,340350516002,2218,866,0.45,Somerset County,Manville Borough,Census Tract 516,34035051600,-74.596281,40.548747,340350516002
Block Group 1,340390311001,1192,458,0.04,Union County,Elizabeth City,Census Tract 311,34039031100,-74.201418,40.659392,340390311001
Block Group 2,340390311002,1414,513,0.04,Union County,Elizabeth City,Census Tract 311,34039031100,-74.203873,40.65689,340390311002
Block Group 2,340076084042,1588,677,0.61,Camden County,Gloucester Township,Census Tract 6084.04,34007608404,-75.022632,39.767541,340076084042
Block Group 5,340076015005,1848,1034,0.21,Camden County,Camden City,Census Tract 6015,34007601500,-75.096732,39.921988,340076015005
Block Group 1,340076041001,1347,447,0.11,Camden County,Woodlynne Borough,Census Tract 6041,34007604100,-75.093092,39.917301,340076041001
Block Group 3,340076054003,831,366,0.14,Camden County,Mount Ephraim Borough,Census Tract 6054,34007605400,-75.089806,39.876483,340076054003
Block Group 3,340076058003,760,329,0.11,Camden County,Haddon Heights Borough,Census Tract 6058,34007605800,-75.081158,39.878709,340076058003
Block Group 2,340076012002,1341,444,0.1,Camden County,Camden City,Census Tract 6012,34007601200,-75.077259,39.944631,340076012002
Block Group 3,340090214003,540,881,0.29,Cape May County,West Wildwood Borough,Census Tract 214,34009021400,-74.824242,39.001418,340090214003
Block Group 1,340090215001,477,441,0.08,Cape May County,Wildwood City,Census Tract 215,34009021500,-74.826139,38.984768,340090215001
Block Group 4,340210002004,1337,378,0.05,Mercer County,Trenton City,Census Tract 2,34021000200,-74.74901,40.200427,340210002004
Block Group 2,340130216022,1440,492,0.72,Essex County,North Caldwell Borough,Census Tract 216.02,34013021602,-74.251975,40.866419,340130216022
Block Group 2,340258024002,997,343,0.42,Monmouth County,Hazlet Township,Census Tract 8024,34025802400,-74.201761,40.415897,340258024002
Block Group 4,340258024004,1916,613,0.3,Monmouth County,Hazlet Township,Census Tract 8024,34025802400,-74.205936,40.412377,340258024004
Block Group 1,340270417021,743,262,0.11,Morris County,Parsippany-Troy Hills Township,Census Tract 417.02,34027041702,-74.378347,40.887326,340270417021
Block Group 4,340270417024,966,335,0.15,Morris County,Parsippany-Troy Hills Township,Census Tract 417.02,34027041702,-74.373326,40.876381,340270417024
Block Group 1,340312463001,1236,422,0.91,Passaic County,Wayne Township,Census Tract 2463,34031246300,-74.274413,40.933547,340312463001
Block Group 3,340312463003,1985,935,1.42,Passaic County,Wayne Township,Census Tract 2463,34031246300,-74.273837,40.916994,340312463003
Block Group 1,340350531051,2599,1077,0.71,Somerset County,Franklin Township,Census Tract 531.05,34035053105,-74.500941,40.521004,340350531051
Block Group 4,340130209024,1479,704,1.39,Essex County,Roseland Borough,Census Tract 209.02,34013020902,-74.325011,40.824239,340130209024
Block Group 5,340076020005,991,416,0.19,Camden County,Camden City,Census Tract 6020,34007602000,-75.100563,39.90876,340076020005
Block Group 2,340076033032,1301,498,0.2,Camden County,Cherry Hill Township,Census Tract 6033.03,34007603303,-75.011812,39.924386,340076033032
Block Group 2,340130192002,1067,388,0.12,Essex County,South Orange Village,Census Tract 192,34013019200,-74.256327,40.74001,340130192002
Block Group 1,340130121001,1908,660,0.06,Essex County,Irvington Township,Census Tract 121,34013012100,-74.242064,40.723364,340130121001
Block Group 2,340090215002,743,537,0.09,Cape May County,Wildwood City,Census Tract 215,34009021500,-74.8198,38.989412,340090215002
Block Group 3,340090216003,588,706,0.12,Cape May County,Wildwood Crest Borough,Census Tract 216,34009021600,-74.836395,38.976172,340090216003
Block Group 3,340410311013,1208,485,6.04,Warren County,Blairstown Township,Census Tract 311.01,34041031101,-75.008649,40.949551,340410311013
Block Group 1,340030381001,976,354,0.09,Bergen County,North Arlington Borough,Census Tract 381,34003038100,-74.119611,40.795224,340030381001
Block Group 6,340030381006,848,311,1.02,Bergen County,North Arlington Borough,Census Tract 381,34003038100,-74.121017,40.78369,340030381006
Block Group 1,340030382001,921,338,0.05,Bergen County,North Arlington Borough,Census Tract 382,34003038200,-74.136913,40.786829,340030382001
Block Group 2,340410323002,1073,453,3.66,Warren County,Pohatcong Township,Census Tract 323,34041032300,-75.136456,40.656048,340410323002
Block Group 4,340410315004,842,373,5.71,Warren County,Mansfield Township,Census Tract 315,34041031500,-74.936958,40.77812,340410315004
Block Group 3,340297201023,799,629,1.4,Ocean County,Manchester Township,Census Tract 7201.02,34029720102,-74.34217,39.962048,340297201023
Block Group 3,340373723003,791,372,0.59,Sussex County,Branchville Borough,Census Tract 3723,34037372300,-74.751861,41.147479,340373723003
Block Group 2,340373745002,1107,474,2.31,Sussex County,Hopatcong Borough,Census Tract 3745,34037374500,-74.672979,40.948817,340373745002
Block Group 2,340230062082,2016,652,0.42,Middlesex County,North Brunswick Township,Census Tract 62.08,34023006208,-74.491886,40.440168,340230062082
Block Group 3,340230014183,1124,350,0.3,Middlesex County,Edison Township,Census Tract 14.18,34023001418,-74.338138,40.564623,340230014183
Block Group 1,340373710001,1083,494,11.79,Sussex County,Montague Township,Census Tract 3710,34037371000,-74.764431,41.316397,340373710001
Block Group 1,340373730001,1191,491,1.27,Sussex County,Ogdensburg Borough,Census Tract 3730,34037373000,-74.602597,41.078114,340373730001
Block Group 2,340373711002,1897,748,20.64,Sussex County,Wantage Township,Census Tract 3711,34037371100,-74.605172,41.293882,340373711002
Block Group 1,340230073051,1267,503,0.47,Middlesex County,Sayreville Borough,Census Tract 73.05,34023007305,-74.289949,40.46251,340230073051
Block Group 2,340230005032,1762,561,0.36,Middlesex County,Piscataway Township,Census Tract 5.03,34023000503,-74.449008,40.570768,340230005032
Block Group 1,340230010031,1018,372,1.12,Middlesex County,South Plainfield Borough,Census Tract 10.03,34023001003,-74.430186,40.571176,340230010031
Block Group 1,340230085051,1609,626,0.59,Middlesex County,South Brunswick Township,Census Tract 85.05,34023008505,-74.526581,40.39017,340230085051
Block Group 2,340311243212,1232,424,0.17,Passaic County,Clifton City,Census Tract 1243.21,34031124321,-74.165778,40.864046,340311243212
Block Group 1,340130169001,1064,344,0.3,Essex County,Montclair Township,Census Tract 169,34013016900,-74.227338,40.80762,340130169001
Block Group 3,340130169003,968,455,0.34,Essex County,Montclair Township,Census Tract 169,34013016900,-74.230036,40.813826,340130169003
Block Group 1,340130170001,1518,707,0.12,Essex County,Montclair Township,Census Tract 170,34013017000,-74.217946,40.806775,340130170001
Block Group 2,340130170002,800,302,0.19,Essex County,Montclair Township,Census Tract 170,34013017000,-74.220865,40.802428,340130170002
Block Group 2,340130171002,954,375,0.07,Essex County,Montclair Township,Census Tract 171,34013017100,-74.213017,40.803347,340130171002
Block Group 2,340130172002,707,253,0.08,Essex County,Montclair Township,Census Tract 172,34013017200,-74.217378,40.792622,340130172002
Block Group 4,340130168004,1303,773,0.09,Essex County,Montclair Township,Census Tract 168,34013016800,-74.22112,40.818029,340130168004
Block Group 1,340373723001,1502,611,11.06,Sussex County,Frankford Township,Census Tract 3723,34037372300,-74.728509,41.184197,340373723001
Block Group 2,340373712002,1357,700,0.34,Sussex County,Sussex Borough,Census Tract 3712,34037371200,-74.605514,41.208375,340373712002
Block Group 3,340130180003,1299,470,0.7,Essex County,West Orange Township,Census Tract 180,34013018000,-74.273358,40.764149,340130180003
Block Group 4,340130180004,719,235,0.2,Essex County,West Orange Township,Census Tract 180,34013018000,-74.26595,40.77526,340130180004
Block Group 3,340311244023,1849,769,0.53,Passaic County,Clifton City,Census Tract 1244.02,34031124402,-74.137702,40.828841,340311244023
Block Group 4,340311244024,783,306,0.14,Passaic County,Clifton City,Census Tract 1244.02,34031124402,-74.145905,40.832059,340311244024
Block Group 1,340311245001,1260,402,0.09,Passaic County,Clifton City,Census Tract 1245,34031124500,-74.15024,40.870382,340311245001
Block Group 3,340311245003,811,262,0.16,Passaic County,Clifton City,Census Tract 1245,34031124500,-74.146843,40.865008,340311245003
Block Group 2,340030611002,917,327,0.49,Bergen County,Wyckoff Township,Census Tract 611,34003061100,-74.147218,41.007576,340030611002
Block Group 4,340030302014,1207,461,0.12,Bergen County,Lodi Borough,Census Tract 302.01,34003030201,-74.092509,40.871566,340030302014
Block Group 4,340030304024,1225,461,0.07,Bergen County,Lodi Borough,Census Tract 304.02,34003030402,-74.082974,40.871427,340030304024
Block Group 2,340030304012,864,321,0.05,Bergen County,Lodi Borough,Census Tract 304.01,34003030401,-74.084483,40.866732,340030304012
Block Group 3,340030302023,746,297,0.06,Bergen County,Lodi Borough,Census Tract 302.02,34003030202,-74.088181,40.880515,340030302023
Block Group 3,340030304023,964,379,0.06,Bergen County,Lodi Borough,Census Tract 304.02,34003030402,-74.078253,40.872545,340030304023
Block Group 1,340030340021,1428,524,0.31,Bergen County,Midland Park Borough,Census Tract 340.02,34003034002,-74.134992,41.000895,340030340021
Block Group 2,340030461002,855,365,0.09,Bergen County,Ridgefield Park Village,Census Tract 461,34003046100,-74.019919,40.849555,340030461002
Block Group 3,340030461003,1264,462,0.1,Bergen County,Ridgefield Park Village,Census Tract 461,34003046100,-74.020546,40.855226,340030461003
Block Group 3,340311337013,1374,463,0.11,Passaic County,Haledon Borough,Census Tract 1337.01,34031133701,-74.187443,40.929917,340311337013
Block Group 4,340311337014,1299,454,0.08,Passaic County,Haledon Borough,Census Tract 1337.01,34031133701,-74.187764,40.933926,340311337014
Block Group 1,340311337021,1977,736,0.42,Passaic County,Haledon Borough,Census Tract 1337.02,34031133702,-74.18713,40.942071,340311337021
Block Group 2,340311337022,1272,441,0.38,Passaic County,Haledon Borough,Census Tract 1337.02,34031133702,-74.195536,40.931978,340311337022
Block Group 2,340030361002,1496,527,0.13,Bergen County,South Hackensack Township,Census Tract 361,34003036100,-74.042322,40.860253,340030361002
Block Group 1,340030362001,1834,617,0.8,Bergen County,Moonachie Borough; South Hackensack Township,Census Tract 362,34003036200,-74.051549,40.836385,340030362001
Block Group 2,340170011002,1900,890,0.04,Hudson County,Jersey City,Census Tract 11,34017001100,-74.050434,40.741125,340170011002
Block Group 3,340090218053,994,644,0.36,Cape May County,Lower Township,Census Tract 218.05,34009021805,-74.949587,38.988865,340090218053
Block Group 1,340090218061,453,563,0.25,Cape May County,Lower Township,Census Tract 218.06,34009021806,-74.959115,38.989548,340090218061
Block Group 2,340297230002,1151,394,1.29,Ocean County,Toms River Township,Census Tract 7230,34029723000,-74.217914,39.978362,340297230002
Block Group 1,340297231001,2016,738,0.69,Ocean County,Toms River Township,Census Tract 7231,34029723100,-74.181273,39.958406,340297231001
Block Group 1,340076091031,1167,542,3.38,Camden County,Winslow Township,Census Tract 6091.03,34007609103,-74.927045,39.758887,340076091031
Block Group 1,340350534031,2275,1030,0.53,Somerset County,Franklin Township,Census Tract 534.03,34035053403,-74.546678,40.440781,340350534031
Block Group 3,340170011003,1518,617,0.04,Hudson County,Jersey City,Census Tract 11,34017001100,-74.052239,40.738797,340170011003
Block Group 1,340170012021,1268,603,0.09,Hudson County,Jersey City,Census Tract 12.02,34017001202,-74.055152,40.732144,340170012021
Block Group 1,340170013001,1332,627,0.1,Hudson County,Jersey City,Census Tract 13,34017001300,-74.045702,40.738324,340170013001
Block Group 2,340170013002,1292,610,0.03,Hudson County,Jersey City,Census Tract 13,34017001300,-74.04941,40.738104,340170013002
Block Group 1,340170014001,2047,940,0.05,Hudson County,Jersey City,Census Tract 14,34017001400,-74.050293,40.734228,340170014001
Block Group 2,340297340042,3713,1587,2.95,Ocean County,Barnegat Township,Census Tract 7340.04,34029734004,-74.280112,39.754375,340297340042
Block Group 1,340297350031,3327,1282,18.04,Ocean County,Stafford Township,Census Tract 7350.03,34029735003,-74.329036,39.728913,340297350031
Block Group 3,340390397003,1556,533,0.32,Union County,Plainfield City,Census Tract 397,34039039700,-74.410054,40.603578,340390397003
Block Group 1,340170324001,1344,449,0.03,Hudson County,West New York Town,Census Tract 324,34017032400,-74.010692,40.793239,340170324001
Block Group 1,340170165001,1781,719,0.02,Hudson County,Union City,Census Tract 165,34017016500,-74.024764,40.772678,340170165001
Block Group 1,340170007001,1221,530,0.04,Hudson County,Jersey City,Census Tract 7,34017000700,-74.045649,40.747585,340170007001
Block Group 2,340170014002,1820,785,0.04,Hudson County,Jersey City,Census Tract 14,34017001400,-74.053566,40.733893,340170014002
Block Group 3,340170180003,862,475,0.03,Hudson County,Weehawken Township,Census Tract 180,34017018000,-74.017188,40.77553,340170180003
Block Group 3,340170132003,1179,433,0.03,Hudson County,Kearny Town,Census Tract 132,34017013200,-74.158456,40.753784,340170132003
Block Group 1,340170127001,1174,479,0.06,Hudson County,Kearny Town,Census Tract 127,34017012700,-74.134558,40.773545,340170127001
Block Group 2,340170112002,1414,536,0.04,Hudson County,Bayonne City,Census Tract 112,34017011200,-74.127244,40.659121,340170112002
Block Group 3,340170028003,927,458,0.01,Hudson County,Jersey City,Census Tract 28,34017002800,-74.071086,40.724854,340170028003
Block Group 2,340170172002,1405,533,0.02,Hudson County,Union City,Census Tract 172,34017017200,-74.03442,40.763309,340170172002
Block Group 2,340170156002,2124,748,0.03,Hudson County,West New York Town,Census Tract 156,34017015600,-74.013925,40.788635,340170156002
Block Group 3,340170007003,695,317,0.01,Hudson County,Jersey City,Census Tract 7,34017000700,-74.045486,40.74532,340170007003
Block Group 1,340170008001,1692,801,0.04,Hudson County,Jersey City,Census Tract 8,34017000800,-74.046955,40.743068,340170008001
Block Group 1,340170009021,1789,687,0.11,Hudson County,Jersey City,Census Tract 9.02,34017000902,-74.061997,40.742258,340170009021
Block Group 2,340170009022,1978,858,0.04,Hudson County,Jersey City,Census Tract 9.02,34017000902,-74.064391,40.737353,340170009022
Block Group 3,340350523003,2603,876,1.86,Somerset County,Watchung Borough,Census Tract 523,34035052300,-74.45852,40.633093,340350523003
Block Group 1,340350529011,924,418,4.85,Somerset County,Far Hills Borough,Census Tract 529.01,34035052901,-74.630521,40.697703,340350529011
Block Group 3,340230031013,926,295,0.08,Middlesex County,Woodbridge Township,Census Tract 31.01,34023003101,-74.323207,40.553743,340230031013
Block Group 1,340230031021,1961,583,0.29,Middlesex County,Woodbridge Township,Census Tract 31.02,34023003102,-74.322466,40.543703,340230031021
Block Group 1,340230032011,1151,410,0.23,Middlesex County,Woodbridge Township,Census Tract 32.01,34023003201,-74.310027,40.53727,340230032011
Block Group 1,340076059001,1204,489,0.26,Camden County,Haddon Heights Borough,Census Tract 6059,34007605900,-75.059796,39.88046,340076059001
Block Group 1,340297290001,1113,749,0.26,Ocean County,Berkeley Township; Ocean Gate Borough,Census Tract 7290,34029729000,-74.134369,39.92951,340297290001
Block Group 1,340170012011,2153,858,0.05,Hudson County,Jersey City,Census Tract 12.01,34017001201,-74.056021,40.736728,340170012011
Block Group 3,340170188003,1729,955,0.03,Hudson County,Hoboken City,Census Tract 188,34017018800,-74.032334,40.740358,340170188003
Block Group 3,340297340023,2492,944,0.88,Ocean County,Barnegat Township,Census Tract 7340.02,34029734002,-74.228512,39.761553,340297340023
Block Group 1,340350511001,1823,768,0.17,Somerset County,Bound Brook Borough,Census Tract 511,34035051100,-74.528997,40.563045,340350511001
Block Group 2,340350511002,2707,866,0.2,Somerset County,Bound Brook Borough,Census Tract 511,34035051100,-74.536995,40.56402,340350511002
Block Group 3,340350512003,1889,618,0.26,Somerset County,Bound Brook Borough,Census Tract 512,34035051200,-74.537722,40.559809,340350512003
Block Group 1,340350513001,1407,535,0.51,Somerset County,Bound Brook Borough,Census Tract 513,34035051300,-74.533244,40.573754,340350513001
Block Group 3,340155013033,1046,425,0.38,Gloucester County,Pitman Borough,Census Tract 5013.03,34015501303,-75.138888,39.726128,340155013033
Block Group 2,340270441022,1500,559,0.81,Morris County,Long Hill Township,Census Tract 441.02,34027044102,-74.494576,40.670448,340270441022
Block Group 1,340270443001,709,279,0.17,Morris County,Rockaway Borough,Census Tract 443,34027044300,-74.510018,40.908879,340270443001
Block Group 2,340270443002,1294,517,0.41,Morris County,Rockaway Borough,Census Tract 443,34027044300,-74.507089,40.902671,340270443002
Block Group 4,340170040004,1094,400,0.02,Hudson County,Jersey City,Census Tract 40,34017004000,-74.08603,40.718814,340170040004
Block Group 1,340170052001,1574,701,0.08,Hudson County,Jersey City,Census Tract 52,34017005200,-74.088253,40.710186,340170052001
Block Group 2,340230091012,1218,424,0.12,Middlesex County,Woodbridge Township,Census Tract 91.01,34023009101,-74.235695,40.572842,340230091012
Block Group 3,340010133023,629,599,0.09,Atlantic County,Ventnor City,Census Tract 133.02,34001013302,-74.479264,39.339571,340010133023
Block Group 2,340010135002,761,1184,0.29,Atlantic County,Longport Borough,Census Tract 135,34001013500,-74.52152,39.3164,340010135002
Block Group 1,340155002021,1252,483,0.35,Gloucester County,West Deptford Township,Census Tract 5002.02,34015500202,-75.144247,39.856206,340155002021
Block Group 2,340155002022,1717,671,0.3,Gloucester County,West Deptford Township,Census Tract 5002.02,34015500202,-75.152967,39.850507,340155002022
Block Group 3,340230061043,1151,375,0.54,Middlesex County,North Brunswick Township,Census Tract 61.04,34023006104,-74.493059,40.457674,340230061043
Block Group 2,340030561002,1158,394,0.15,Bergen County,Waldwick Borough,Census Tract 561,34003056100,-74.11108,41.015136,340030561002
Block Group 3,340030561003,1153,438,0.21,Bergen County,Waldwick Borough,Census Tract 561,34003056100,-74.112771,41.009958,340030561003
Block Group 4,340030561004,1346,473,0.17,Bergen County,Waldwick Borough,Census Tract 561,34003056100,-74.118049,41.016133,340030561004
Block Group 2,340110305012,825,362,0.56,Cumberland County,Millville City,Census Tract 305.01,34011030501,-75.031937,39.338543,340110305012
Block Group 2,340130210002,1143,428,0.18,Essex County,Verona Township,Census Tract 210,34013021000,-74.246772,40.835484,340130210002
Block Group 3,340130210003,1448,883,0.43,Essex County,Verona Township,Census Tract 210,34013021000,-74.252812,40.840663,340130210003
Block Group 4,340170140004,1305,439,0.03,Hudson County,North Bergen Township,Census Tract 140,34017014000,-74.007096,40.805446,340170140004
Block Group 3,340170142003,1328,503,0.03,Hudson County,North Bergen Township,Census Tract 142,34017014200,-74.003894,40.795282,340170142003
Block Group 1,340170139001,2456,1345,0.49,Hudson County,Harrison Town,Census Tract 139,34017013900,-74.147541,40.74066,340170139001
Block Group 3,340170071003,1117,596,0.03,Hudson County,Jersey City,Census Tract 71,34017007100,-74.061395,40.728836,340170071003
Block Group 2,340030571012,1744,692,0.23,Bergen County,Wallington Borough,Census Tract 571.01,34003057101,-74.101825,40.857238,340030571012
Block Group 4,340030062014,1337,533,0.13,Bergen County,Cliffside Park Borough,Census Tract 62.01,34003006201,-73.985135,40.820276,340030062014
Block Group 1,340030040021,1468,472,0.09,Bergen County,Bogota Borough,Census Tract 40.02,34003004002,-74.025489,40.870223,340030040021
Block Group 1,340130134001,608,252,0.11,Essex County,Nutley Township,Census Tract 134,34013013400,-74.152477,40.830516,340130134001
Block Group 1,340170200001,954,370,0.06,Hudson County,Secaucus Town,Census Tract 200,34017020000,-74.06195,40.793792,340170200001
Block Group 3,340210013003,703,290,0.26,Mercer County,Trenton City,Census Tract 13,34021001300,-74.796981,40.24151,340210013003
Block Group 2,340230021012,1609,569,0.31,Middlesex County,Metuchen Borough,Census Tract 21.01,34023002101,-74.360581,40.54897,340230021012
Block Group 1,340230021021,1090,452,0.3,Middlesex County,Metuchen Borough,Census Tract 21.02,34023002102,-74.350641,40.549743,340230021021
Block Group 1,340373736001,2792,1095,12.41,Sussex County,Andover Township,Census Tract 3736,34037373600,-74.744803,41.030713,340373736001
Block Group 3,340130144003,1321,528,0.18,Essex County,Belleville Township,Census Tract 144,34013014400,-74.150761,40.785405,340130144003
Block Group 1,340130145001,1541,600,0.08,Essex County,Belleville Township,Census Tract 145,34013014500,-74.155462,40.788705,340130145001
Block Group 2,340130145002,703,280,0.03,Essex County,Belleville Township,Census Tract 145,34013014500,-74.15609,40.786049,340130145002
Block Group 4,340130145004,797,314,0.19,Essex County,Belleville Township,Census Tract 145,34013014500,-74.165828,40.788122,340130145004
Block Group 2,340130146002,726,258,0.05,Essex County,Belleville Township,Census Tract 146,34013014600,-74.155714,40.791083,340130146002
Block Group 1,340130147001,2026,849,0.22,Essex County,Belleville Township,Census Tract 147,34013014700,-74.175552,40.789051,340130147001
Block Group 2,340010118082,1869,738,2.29,Atlantic County,Egg Harbor Township,Census Tract 118.08,34001011808,-74.645312,39.405305,340010118082
Block Group 2,340258095052,2280,764,0.8,Monmouth County,Marlboro Township,Census Tract 8095.05,34025809505,-74.263784,40.341653,340258095052
Block Group 4,340258097044,1866,617,0.82,Monmouth County,Marlboro Township,Census Tract 8097.04,34025809704,-74.25925,40.300358,340258097044
Block Group 2,340390381012,2595,1526,0.66,Union County,New Providence Borough,Census Tract 381.01,34039038101,-74.407327,40.687522,340390381012
Block Group 3,340258125013,1854,635,6.19,Monmouth County,Millstone Township,Census Tract 8125.01,34025812501,-74.389674,40.204579,340258125013
Block Group 3,340258111023,1061,412,1.55,Monmouth County,Howell Township,Census Tract 8111.02,34025811102,-74.161363,40.213146,340258111023
Block Group 3,340258084023,623,369,0.08,Monmouth County,Belmar Borough,Census Tract 8084.02,34025808402,-74.026448,40.175395,340258084023
Block Group 2,340258102012,2139,695,3.21,Monmouth County,Manalapan Township,Census Tract 8102.01,34025810201,-74.364624,40.245368,340258102012
Block Group 2,340258041002,595,486,0.2,Monmouth County,Monmouth Beach Borough,Census Tract 8041,34025804100,-73.976687,40.327139,340258041002
Block Group 3,340258048013,3051,1409,3.63,Monmouth County,Tinton Falls Borough,Census Tract 8048.01,34025804801,-74.109909,40.230525,340258048013
Block Group 4,340258111024,1828,940,8.77,Monmouth County,Howell Township,Census Tract 8111.02,34025811102,-74.169201,40.229362,340258111024
Block Group 5,340258059005,1183,356,0.13,Monmouth County,Long Branch City,Census Tract 8059,34025805900,-73.988718,40.296641,340258059005
Block Group 1,340130212001,683,219,0.26,Essex County,Verona Township,Census Tract 212,34013021200,-74.233793,40.819818,340130212001
Block Group 1,340130227001,1179,621,0.07,Essex County,Newark City,Census Tract 227,34013022700,-74.188329,40.725232,340130227001
Block Group 1,340110408001,848,311,3.3,Cumberland County,Vineland City,Census Tract 408,34011040800,-74.951969,39.480892,340110408001
Block Group 2,340350534022,567,213,3.43,Somerset County,Franklin Township,Census Tract 534.02,34035053402,-74.607376,40.395705,340350534022
Block Group 3,340350536023,1847,651,5.78,Somerset County,Branchburg Township,Census Tract 536.02,34035053602,-74.733742,40.521949,340350536023
Block Group 2,340030221002,1323,441,0.34,Bergen County,Glen Rock Borough,Census Tract 221,34003022100,-74.134241,40.967537,340030221002
Block Group 2,340130218022,1487,761,1.18,Essex County,West Caldwell Township,Census Tract 218.02,34013021802,-74.306092,40.847453,340130218022
Block Group 2,340258070052,1570,971,0.17,Monmouth County,Asbury Park City,Census Tract 8070.05,34025807005,-74.006133,40.217305,340258070052
Block Group 4,340030304014,933,432,0.05,Bergen County,Lodi Borough,Census Tract 304.01,34003030401,-74.089039,40.864392,340030304014
Block Group 3,340030304013,706,342,0.03,Bergen County,Lodi Borough,Census Tract 304.01,34003030401,-74.085508,40.864253,340030304013
Block Group 1,340350537071,1485,463,3.5,Somerset County,Hillsborough Township,Census Tract 537.07,34035053707,-74.693276,40.52523,340350537071
Block Group 1,340350522041,2572,820,2.91,Somerset County,Warren Township,Census Tract 522.04,34035052204,-74.560441,40.637517,340350522041
Block Group 3,340030391003,2074,760,3.52,Bergen County,Oakland Borough,Census Tract 391,34003039100,-74.246173,41.039765,340030391003
Block Group 1,340030392001,1244,399,0.73,Bergen County,Oakland Borough,Census Tract 392,34003039200,-74.214251,41.043615,340030392001
Block Group 1,340258126001,1718,847,0.55,Monmouth County,Tinton Falls Borough,Census Tract 8126,34025812600,-74.077114,40.314443,340258126001
Block Group 2,340258105052,2830,851,1.55,Monmouth County,Freehold Township,Census Tract 8105.05,34025810505,-74.311416,40.22612,340258105052
Block Group 1,340350539041,1294,394,1.68,Somerset County,Montgomery Township,Census Tract 539.04,34035053904,-74.644825,40.42687,340350539041
Block Group 2,340350536042,1352,568,3.38,Somerset County,Branchburg Township,Census Tract 536.04,34035053604,-74.688656,40.616223,340350536042
Block Group 1,340350507011,1449,512,0.41,Somerset County,Bridgewater Township,Census Tract 507.01,34035050701,-74.653557,40.56224,340350507011
Block Group 2,340350526032,2117,761,1.83,Somerset County,Bernards Township,Census Tract 526.03,34035052603,-74.5332,40.671685,340350526032
Block Group 2,340076037002,1022,462,0.23,Camden County,Cherry Hill Township,Census Tract 6037,34007603700,-75.020342,39.909345,340076037002
Block Group 1,340170175001,2371,834,0.03,Hudson County,Union City,Census Tract 175,34017017500,-74.03671,40.759096,340170175001
Block Group 2,340170175002,1990,674,0.02,Hudson County,Union City,Census Tract 175,34017017500,-74.038582,40.758102,340170175002
Block Group 1,340170176001,1804,681,0.03,Hudson County,Union City,Census Tract 176,34017017600,-74.04155,40.760184,340170176001
Block Group 2,340170176002,1415,500,0.02,Hudson County,Union City,Census Tract 176,34017017600,-74.040117,40.759556,340170176002
Block Group 1,340170177001,1376,669,0.03,Hudson County,Union City,Census Tract 177,34017017700,-74.042367,40.756826,340170177001
Block Group 2,340170177002,816,297,0.02,Hudson County,Union City,Census Tract 177,34017017700,-74.044208,40.758781,340170177002
Block Group 1,340170178001,1851,980,0.08,Hudson County,Union City,Census Tract 178,34017017800,-74.036333,40.754627,340170178001
Block Group 3,340090217023,655,531,1.3,Cape May County,Lower Township,Census Tract 217.02,34009021702,-74.906983,38.968445,340090217023
Block Group 2,340090202062,128,891,0.19,Cape May County,Ocean City,Census Tract 202.06,34009020206,-74.612055,39.245834,340090202062
Block Group 1,340090210011,2135,1295,23.1,Cape May County,Middle Township; Stone Harbor Borough,Census Tract 210.01,34009021001,-74.772692,39.07406,340090210011
Block Group 1,340090221011,1586,754,2.96,Cape May County,Middle Township,Census Tract 221.01,34009022101,-74.904159,39.036585,340090221011
Block Group 2,340258095032,1244,387,1.53,Monmouth County,Marlboro Township,Census Tract 8095.03,34025809503,-74.267642,40.383678,340258095032
Block Group 1,340090221021,1868,761,5.94,Cape May County,Middle Township,Census Tract 221.02,34009022102,-74.890495,39.049717,340090221021
Block Group 3,340090201023,270,388,0.06,Cape May County,Ocean City,Census Tract 201.02,34009020102,-74.582535,39.280144,340090201023
Block Group 2,340090218062,589,499,0.22,Cape May County,Lower Township,Census Tract 218.06,34009021806,-74.95141,38.977492,340090218062
Block Group 1,340258048021,42,10,0.65,Monmouth County,Tinton Falls Borough,Census Tract 8048.02,34025804802,-74.095762,40.220351,340258048021
Block Group 3,340258115013,2332,837,0.51,Monmouth County,Howell Township,Census Tract 8115.01,34025811501,-74.136652,40.116505,340258115013
Block Group 2,340110103012,2079,791,18.99,Cumberland County,Lawrence Township,Census Tract 103.01,34011010301,-75.146129,39.348742,340110103012
Block Group 1,340110205021,3913,0,0.14,Cumberland County,Bridgeton City,Census Tract 205.02,34011020502,-75.207747,39.414247,340110205021
Block Group 2,340130121002,1528,529,0.04,Essex County,Irvington Township,Census Tract 121,34013012100,-74.244718,40.721386,340130121002
Block Group 1,340130133001,724,312,0.04,Essex County,Irvington Township,Census Tract 133,34013013300,-74.211526,40.740328,340130133001
Block Group 4,340130124004,772,289,0.04,Essex County,Irvington Township,Census Tract 124,34013012400,-74.237235,40.723351,340130124004
Block Group 1,340130159001,1016,361,0.08,Essex County,Bloomfield Township,Census Tract 159,34013015900,-74.187856,40.77774,340130159001
Block Group 3,340130099003,1020,459,0.08,Essex County,East Orange City,Census Tract 99,34013009900,-74.217583,40.780532,340130099003
Block Group 1,340130165001,671,236,0.08,Essex County,Montclair Township,Census Tract 165,34013016500,-74.198252,40.825525,340130165001
Block Group 2,340130082002,675,374,0.02,Essex County,Newark City,Census Tract 82,34013008200,-74.188846,40.736393,340130082002
Block Group 2,340130070002,1386,505,0.08,Essex County,Newark City,Census Tract 70,34013007000,-74.161855,40.719965,340130070002
Block Group 1,340130146001,900,302,0.07,Essex County,Belleville Township,Census Tract 146,34013014600,-74.153239,40.792245,340130146001
Block Group 4,340258084024,859,767,0.14,Monmouth County,Belmar Borough,Census Tract 8084.02,34025808402,-74.016822,40.170826,340258084024
Block Group 3,340258085013,1612,676,0.84,Monmouth County,Wall Township,Census Tract 8085.01,34025808501,-74.057841,40.184371,340258085013
Block Group 3,340258106003,1287,403,2.08,Monmouth County,Freehold Township,Census Tract 8106,34025810600,-74.288711,40.213237,340258106003
Block Group 1,340170159001,1761,601,0.03,Hudson County,West New York Town,Census Tract 159,34017015900,-74.014765,40.784395,340170159001
Block Group 1,340170041021,1897,871,0.05,Hudson County,Jersey City,Census Tract 41.02,34017004102,-74.070006,40.720709,340170041021
Block Group 1,340170166001,1963,719,0.06,Hudson County,Union City,Census Tract 166,34017016600,-74.02847,40.773833,340170166001
Block Group 2,340170182002,1744,865,0.04,Hudson County,Weehawken Township,Census Tract 182,34017018200,-74.027337,40.767755,340170182002
Block Group 2,340170006002,1887,740,0.04,Hudson County,Jersey City,Census Tract 6,34017000600,-74.054982,40.745849,340170006002
Block Group 3,340090201013,888,2087,0.25,Cape May County,Ocean City,Census Tract 201.01,34009020101,-74.560607,39.282064,340090201013
Block Group 2,340373730002,1067,436,0.93,Sussex County,Ogdensburg Borough,Census Tract 3730,34037373000,-74.588585,41.074487,340373730002
Block Group 3,340057040123,1825,971,0.48,Burlington County,Evesham Township,Census Tract 7040.12,34005704012,-74.876198,39.853116,340057040123
Block Group 4,340090201014,788,1239,0.24,Cape May County,Ocean City,Census Tract 201.01,34009020101,-74.57009,39.278463,340090201014
Block Group 2,340090202012,601,895,0.28,Cape May County,Ocean City,Census Tract 202.01,34009020201,-74.552464,39.291586,340090202012
Block Group 2,340090202032,620,1473,0.31,Cape May County,Ocean City,Census Tract 202.03,34009020203,-74.59249,39.26527,340090202032
Block Group 3,340090202033,1076,1131,0.77,Cape May County,Ocean City,Census Tract 202.03,34009020203,-74.597664,39.280747,340090202033
Block Group 0,340099901000,0,0,0,Cape May County,,Census Tract 9901,34009990100,-75.049792,39.042824,340099901000
Block Group 1,340090202051,550,1507,1.09,Cape May County,Ocean City,Census Tract 202.05,34009020205,-74.642638,39.220654,340090202051
Block Group 1,340390338001,828,287,0.1,Union County,Roselle Park Borough,Census Tract 338,34039033800,-74.264366,40.670647,340390338001
Block Group 2,340390342002,1135,369,0.15,Union County,Roselle Borough,Census Tract 342,34039034200,-74.268836,40.653325,340390342002
Block Group 5,340130196005,1101,441,0.1,Essex County,Maplewood Township,Census Tract 196,34013019600,-74.254082,40.735449,340130196005
Block Group 1,340130198001,1004,324,0.12,Essex County,Maplewood Township,Census Tract 198,34013019800,-74.267055,40.723038,340130198001
Block Group 1,340130200001,936,302,0.27,Essex County,Millburn Township,Census Tract 200,34013020000,-74.315461,40.730473,340130200001
Block Group 1,340170147001,2126,763,0.06,Hudson County,North Bergen Township,Census Tract 147,34017014700,-74.028405,40.781542,340170147001
Block Group 2,340170147002,1539,555,0.12,Hudson County,North Bergen Township,Census Tract 147,34017014700,-74.03647,40.780526,340170147002
Block Group 3,340130162003,790,248,0.13,Essex County,Montclair Township,Census Tract 162,34013016200,-74.196211,40.847168,340130162003
Block Group 3,340130163003,933,466,0.14,Essex County,Montclair Township,Census Tract 163,34013016300,-74.205636,40.836882,340130163003
Block Group 3,340130164003,1012,408,0.17,Essex County,Montclair Township,Census Tract 164,34013016400,-74.217068,40.825292,340130164003
Block Group 4,340130177004,1896,885,0.16,Essex County,West Orange Township,Census Tract 177,34013017700,-74.235336,40.783658,340130177004
Block Group 4,340297140004,745,284,0.12,Ocean County,Brick Township,Census Tract 7140,34029714000,-74.153901,40.044934,340297140004
Block Group 5,340297140005,1771,813,0.43,Ocean County,Brick Township,Census Tract 7140,34029714000,-74.154335,40.037835,340297140005
Block Group 1,340076082061,1530,550,0.53,Camden County,Gloucester Township,Census Tract 6082.06,34007608206,-75.045801,39.844189,340076082061
Block Group 2,340076082062,2004,786,0.55,Camden County,Gloucester Township,Census Tract 6082.06,34007608206,-75.062272,39.841458,340076082062
Block Group 3,340130155003,1079,426,0.1,Essex County,Bloomfield Township,Census Tract 155,34013015500,-74.189359,40.790588,340130155003
Block Group 4,340130155004,1083,393,0.09,Essex County,Bloomfield Township,Census Tract 155,34013015500,-74.189174,40.794711,340130155004
Block Group 1,340130156001,1224,616,0.14,Essex County,Bloomfield Township,Census Tract 156,34013015600,-74.201644,40.786849,340130156001
Block Group 5,340390325005,1029,372,0.07,Union County,Hillside Township,Census Tract 325,34039032500,-74.225471,40.690042,340390325005
Block Group 2,340390347002,1368,585,0.11,Union County,Linden City,Census Tract 347,34039034700,-74.255404,40.634895,340390347002
Block Group 6,340390336006,1088,362,0.09,Union County,Kenilworth Borough,Census Tract 336,34039033600,-74.298797,40.681738,340390336006
Block Group 5,340390385005,1541,532,0.19,Union County,Scotch Plains Township,Census Tract 385,34039038500,-74.391496,40.659555,340390385005
Block Group 1,340390333001,1093,350,0.09,Union County,Union Township,Census Tract 333,34039033300,-74.261598,40.685884,340390333001
Block Group 1,340230066081,1471,738,0.27,Middlesex County,East Brunswick Township,Census Tract 66.08,34023006608,-74.403894,40.422282,340230066081
Block Group 2,340230066082,2446,856,0.64,Middlesex County,East Brunswick Township,Census Tract 66.08,34023006608,-74.397818,40.427866,340230066082
Block Group 1,340170149001,1928,713,0.04,Hudson County,North Bergen Township,Census Tract 149,34017014900,-74.046187,40.759644,340170149001
Block Group 1,340057028041,1455,560,0.26,Burlington County,Willingboro Township,Census Tract 7028.04,34005702804,-74.879167,40.022554,340057028041
Block Group 2,340312461032,2093,709,0.56,Passaic County,Wayne Township,Census Tract 2461.03,34031246103,-74.238749,40.955007,340312461032
Block Group 1,340270457011,1311,433,0.52,Morris County,Randolph Township,Census Tract 457.01,34027045701,-74.622087,40.829385,340270457011
Block Group 1,340270401011,1321,449,0.41,Morris County,Lincoln Park Borough,Census Tract 401.01,34027040101,-74.307454,40.936601,340270401011
Block Group 3,340270401013,938,327,0.48,Morris County,Lincoln Park Borough,Census Tract 401.01,34027040101,-74.290358,40.930064,340270401013
Block Group 2,340130019002,1536,580,0.14,Essex County,Newark City,Census Tract 19,34013001900,-74.215992,40.744464,340130019002
Block Group 3,340110303003,1447,598,0.4,Cumberland County,Millville City,Census Tract 303,34011030300,-75.053582,39.394281,340110303003
Block Group 4,340030463004,1179,500,0.15,Bergen County,Ridgefield Park Village,Census Tract 463,34003046300,-74.027203,40.852721,340030463004
Block Group 3,340030490013,1868,609,0.63,Bergen County,River Vale Township,Census Tract 490.01,34003049001,-74.015231,41.030018,340030490013
Block Group 3,340030490023,2332,813,0.81,Bergen County,River Vale Township,Census Tract 490.02,34003049002,-74.010914,40.99204,340030490023
Block Group 1,340030512001,1614,567,0.19,Bergen County,Rutherford Borough,Census Tract 512,34003051200,-74.115619,40.828096,340030512001
Block Group 2,340170151002,1361,455,0.03,Hudson County,Guttenberg Town,Census Tract 151,34017015100,-74.014095,40.796672,340170151002
Block Group 3,340350507043,240,86,0.34,Somerset County,Bridgewater Township,Census Tract 507.04,34035050704,-74.664931,40.573923,340350507043
Block Group 2,340270461092,1429,450,2.15,Morris County,Mount Olive Township,Census Tract 461.09,34027046109,-74.706193,40.87785,340270461092
Block Group 3,340270416053,1264,443,0.45,Morris County,Parsippany-Troy Hills Township,Census Tract 416.05,34027041605,-74.495346,40.858298,340270416053
Block Group 1,340090209021,393,1604,0.6,Cape May County,Avalon Borough,Census Tract 209.02,34009020902,-74.707037,39.106249,340090209021
Block Group 3,340090209023,404,2273,1.11,Cape May County,Avalon Borough,Census Tract 209.02,34009020902,-74.731367,39.0799,340090209023
Block Group 2,340076018002,0,0,0.49,Camden County,Camden City,Census Tract 6018,34007601800,-75.126101,39.91757,340076018002
Block Group 3,340030040023,1397,499,0.1,Bergen County,Bogota Borough,Census Tract 40.02,34003004002,-74.025098,40.87276,340030040023
Block Group 1,340030062021,1166,472,0.05,Bergen County,Cliffside Park Borough,Census Tract 62.02,34003006202,-73.982226,40.827993,340030062021
Block Group 5,340312460035,764,244,0.51,Passaic County,Wayne Township,Census Tract 2460.03,34031246003,-74.270866,40.982699,340312460035
Block Group 3,340410321023,1149,396,2.54,Warren County,Greenwich Township,Census Tract 321.02,34041032102,-75.112402,40.656972,340410321023
Block Group 2,340312568022,888,472,6.2,Passaic County,West Milford Township,Census Tract 2568.02,34031256802,-74.312338,41.16083,340312568022
Block Group 1,340312568041,2701,949,3.66,Passaic County,West Milford Township,Census Tract 2568.04,34031256804,-74.386395,41.101589,340312568041
Block Group 1,340312568051,1327,489,14.1,Passaic County,West Milford Township,Census Tract 2568.05,34031256805,-74.467574,41.092756,340312568051
Block Group 2,340010001002,1240,504,0.36,Atlantic County,Atlantic City,Census Tract 1,34001000100,-74.467223,39.354438,340010001002
Block Group 2,340190112022,763,453,0.25,Hunterdon County,Readington Township,Census Tract 112.02,34019011202,-74.780153,40.528586,340190112022
Block Group 2,340330210002,661,288,0.33,Salem County,Elmer Borough,Census Tract 210,34033021000,-75.169531,39.589868,340330210002
Block Group 1,340330211011,2042,744,9.56,Salem County,Pittsgrove Township,Census Tract 211.01,34033021101,-75.184317,39.554457,340330211011
Block Group 2,340330211012,2525,1048,9.54,Salem County,Pittsgrove Township,Census Tract 211.01,34033021101,-75.130646,39.567094,340330211012
Block Group 3,340270429003,814,295,0.13,Morris County,Madison Borough,Census Tract 429,34027042900,-74.421319,40.766358,340270429003
Block Group 3,340270430003,1109,472,0.23,Morris County,Madison Borough,Census Tract 430,34027043000,-74.407655,40.755773,340270430003
Block Group 1,340270431001,991,378,0.24,Morris County,Madison Borough,Census Tract 431,34027043100,-74.422176,40.754458,340270431001
Block Group 2,340270431002,1254,395,0.43,Morris County,Madison Borough,Census Tract 431,34027043100,-74.414774,40.751341,340270431002
Block Group 2,340130209022,2330,989,0.78,Essex County,Roseland Borough,Census Tract 209.02,34013020902,-74.307096,40.825067,340130209022
Block Group 3,340130209023,1405,542,0.61,Essex County,Roseland Borough,Census Tract 209.02,34013020902,-74.300751,40.819105,340130209023
Block Group 1,340297170011,1085,323,0.22,Ocean County,Jackson Township,Census Tract 7170.01,34029717001,-74.259551,40.138822,340297170011
Block Group 2,340297170022,1641,627,0.56,Ocean County,Jackson Township,Census Tract 7170.02,34029717002,-74.264773,40.133635,340297170022
Block Group 1,340297171011,2977,1007,0.73,Ocean County,Jackson Township,Census Tract 7171.01,34029717101,-74.273599,40.139982,340297171011
Block Group 6,340130180006,1341,422,0.31,Essex County,West Orange Township,Census Tract 180,34013018000,-74.279102,40.776455,340130180006
Block Group 2,340130181002,1186,395,0.09,Essex County,City of Orange Township,Census Tract 181,34013018100,-74.225651,40.78222,340130181002
Block Group 3,340130182003,955,337,0.03,Essex County,City of Orange Township,Census Tract 182,34013018200,-74.227929,40.779653,340130182003
Block Group 2,340030292002,1541,571,0.15,Bergen County,Little Ferry Borough,Census Tract 292,34003029200,-74.038009,40.849078,340030292002
Block Group 3,340258011003,1965,676,2.13,Monmouth County,Middletown Township,Census Tract 8011,34025801100,-74.131561,40.389032,340258011003
Block Group 4,340258011004,956,384,0.51,Monmouth County,Middletown Township,Census Tract 8011,34025801100,-74.131754,40.402814,340258011004
Block Group 2,340270423022,2152,1040,1.31,Morris County,Morris Plains Borough,Census Tract 423.02,34027042302,-74.471257,40.836618,340270423022
Block Group 4,340155016094,1869,548,2.5,Gloucester County,Monroe Township,Census Tract 5016.09,34015501609,-75.029277,39.673277,340155016094
Block Group 3,340155007053,1699,712,0.47,Gloucester County,Mantua Township,Census Tract 5007.05,34015500705,-75.175201,39.77304,340155007053
Block Group 4,340155016044,1888,783,0.74,Gloucester County,Monroe Township,Census Tract 5016.04,34015501604,-74.998421,39.676433,340155016044
Block Group 5,340155016045,727,279,0.23,Gloucester County,Monroe Township,Census Tract 5016.04,34015501604,-75.000663,39.684177,340155016045
Block Group 3,340155016053,1646,870,7.62,Gloucester County,Monroe Township,Census Tract 5016.05,34015501605,-74.934837,39.613706,340155016053
Block Group 1,340170027001,1999,752,0.33,Hudson County,Jersey City,Census Tract 27,34017002700,-74.081345,40.732501,340170027001
Block Group 1,340170028001,1928,594,0.04,Hudson County,Jersey City,Census Tract 28,34017002800,-74.072685,40.728487,340170028001
Block Group 2,340170028002,1150,491,0.03,Hudson County,Jersey City,Census Tract 28,34017002800,-74.074108,40.726743,340170028002
Block Group 4,340170028004,839,439,0.02,Hudson County,Jersey City,Census Tract 28,34017002800,-74.072225,40.724094,340170028004
Block Group 3,340210042043,957,402,0.81,Mercer County,Princeton,Census Tract 42.04,34021004204,-74.688049,40.319203,340210042043
Block Group 1,340297227011,1474,487,0.47,Ocean County,Toms River Township,Census Tract 7227.01,34029722701,-74.160463,39.978271,340297227011
Block Group 2,340311964032,1867,787,0.36,Passaic County,Pompton Lakes Borough,Census Tract 1964.03,34031196403,-74.296311,41.006045,340311964032
Block Group 2,340311802042,1857,508,0.04,Passaic County,Paterson City,Census Tract 1802.04,34031180204,-74.184181,40.916874,340311802042
Block Group 1,340297227021,988,363,0.22,Ocean County,Toms River Township,Census Tract 7227.02,34029722702,-74.147323,39.983564,340297227021
Block Group 2,340297227022,1725,641,0.42,Ocean County,Toms River Township,Census Tract 7227.02,34029722702,-74.142577,39.97681,340297227022
Block Group 3,340297227023,1668,529,0.41,Ocean County,Toms River Township,Census Tract 7227.02,34029722702,-74.154402,39.97453,340297227023
Block Group 2,340311635012,1483,630,0.4,Passaic County,North Haledon Borough,Census Tract 1635.01,34031163501,-74.175791,40.959,340311635012
Block Group 2,340270408032,1215,424,0.69,Morris County,Montville Township,Census Tract 408.03,34027040803,-74.354,40.870695,340270408032
Block Group 2,340297222002,957,722,0.31,Ocean County,Toms River Township,Census Tract 7222,34029722200,-74.168096,40.024617,340297222002
Block Group 2,340390330002,1385,650,0.17,Union County,Union Township,Census Tract 330,34039033000,-74.287365,40.68892,340390330002
Block Group 3,340390330003,1152,413,0.1,Union County,Union Township,Census Tract 330,34039033000,-74.281856,40.696325,340390330003
Block Group 4,340390330004,955,318,0.99,Union County,Union Township,Census Tract 330,34039033000,-74.298319,40.691008,340390330004
Block Group 1,340230079051,1075,370,0.48,Middlesex County,Old Bridge Township,Census Tract 79.05,34023007905,-74.303084,40.448378,340230079051
Block Group 2,340230079052,1245,433,0.19,Middlesex County,Old Bridge Township,Census Tract 79.05,34023007905,-74.309965,40.452062,340230079052
Block Group 1,340230079061,1431,570,0.62,Middlesex County,Old Bridge Township,Census Tract 79.06,34023007906,-74.300468,40.410537,340230079061
Block Group 3,340297222003,633,424,0.34,Ocean County,Toms River Township,Census Tract 7222,34029722200,-74.161759,40.019503,340297222003
Block Group 4,340270418024,1609,566,0.24,Morris County,Parsippany-Troy Hills Township,Census Tract 418.02,34027041802,-74.431794,40.85299,340270418024
Block Group 2,340270418032,1111,393,0.69,Morris County,Parsippany-Troy Hills Township,Census Tract 418.03,34027041803,-74.416416,40.845452,340270418032
Block Group 3,340258087013,1515,684,1.94,Monmouth County,Wall Township,Census Tract 8087.01,34025808701,-74.076598,40.142408,340258087013
Block Group 1,340258087021,1120,343,4.45,Monmouth County,Wall Township,Census Tract 8087.02,34025808702,-74.122311,40.140767,340258087021
Block Group 3,340258100033,2302,723,1.1,Monmouth County,Manalapan Township,Census Tract 8100.03,34025810003,-74.324104,40.31278,340258100033
Block Group 4,340311243114,1576,581,0.25,Passaic County,Clifton City,Census Tract 1243.11,34031124311,-74.181484,40.874324,340311243114
Block Group 2,340155008002,775,288,0.38,Gloucester County,Wenonah Borough,Census Tract 5008,34015500800,-75.144908,39.785955,340155008002
Block Group 3,340130160003,848,265,0.16,Essex County,Glen Ridge Borough,Census Tract 160,34013016000,-74.201803,40.807432,340130160003
Block Group 1,340155012081,2562,1280,1.15,Gloucester County,Washington Township,Census Tract 5012.08,34015501208,-75.109753,39.747006,340155012081
Block Group 2,340155012082,1615,639,1.52,Gloucester County,Washington Township,Census Tract 5012.08,34015501208,-75.093911,39.737674,340155012082
Block Group 3,340076089033,1016,389,1.1,Camden County,Waterford Township,Census Tract 6089.03,34007608903,-74.865123,39.766949,340076089033
Block Group 4,340312641024,1344,546,0.13,Passaic County,Woodland Park Borough,Census Tract 2641.02,34031264102,-74.197689,40.88945,340312641024
Block Group 1,340311337011,965,336,0.07,Passaic County,Haledon Borough,Census Tract 1337.01,34031133701,-74.18467,40.937177,340311337011
Block Group 2,340311337012,1326,414,0.09,Passaic County,Haledon Borough,Census Tract 1337.01,34031133701,-74.183117,40.93155,340311337012
Block Group 2,340258037002,1650,572,0.33,Monmouth County,Fair Haven Borough,Census Tract 8037,34025803700,-74.044763,40.353914,340258037002
Block Group 3,340258037003,1604,495,0.39,Monmouth County,Fair Haven Borough,Census Tract 8037,34025803700,-74.027299,40.362487,340258037003
Block Group 3,340155007023,2405,953,2.44,Gloucester County,Mantua Township,Census Tract 5007.02,34015500702,-75.156617,39.77849,340155007023
Block Group 1,340155013031,648,258,0.2,Gloucester County,Pitman Borough,Census Tract 5013.03,34015501303,-75.134353,39.739625,340155013031
Block Group 3,340155011043,1290,537,0.25,Gloucester County,Deptford Township,Census Tract 5011.04,34015501104,-75.119611,39.823984,340155011043
Block Group 1,340155023001,679,245,0.19,Gloucester County,Swedesboro Borough,Census Tract 5023,34015502300,-75.306801,39.749506,340155023001
Block Group 2,340311757012,1232,382,0.05,Passaic County,Passaic City,Census Tract 1757.01,34031175701,-74.126267,40.84341,340311757012
Block Group 2,340410316022,833,360,2.81,Warren County,Oxford Township,Census Tract 316.02,34041031602,-75.00848,40.804446,340410316022
Block Group 3,340210044083,1757,727,1.74,Mercer County,East Windsor Township,Census Tract 44.08,34021004408,-74.538987,40.246983,340210044083
Block Group 2,340210044082,1878,551,1.05,Mercer County,East Windsor Township,Census Tract 44.08,34021004408,-74.540012,40.255526,340210044082
Block Group 4,340210043094,1364,400,1.57,Mercer County,Robbinsville Township,Census Tract 43.09,34021004309,-74.612418,40.199837,340210043094
Block Group 2,340030551002,1012,306,0.33,Bergen County,Tenafly Borough,Census Tract 551,34003055100,-73.95513,40.922555,340030551002
Block Group 3,340030551003,904,283,0.51,Bergen County,Tenafly Borough,Census Tract 551,34003055100,-73.951368,40.908978,340030551003
Block Group 4,340030551004,1420,501,0.3,Bergen County,Tenafly Borough,Census Tract 551,34003055100,-73.958363,40.913517,340030551004
Block Group 6,340030551006,1716,589,0.31,Bergen County,Tenafly Borough,Census Tract 551,34003055100,-73.960032,40.92925,340030551006
Block Group 2,340130160002,854,271,0.16,Essex County,Glen Ridge Borough,Census Tract 160,34013016000,-74.199982,40.812066,340130160002
Block Group 2,340230067012,2121,828,0.52,Middlesex County,East Brunswick Township,Census Tract 67.01,34023006701,-74.376401,40.409364,340230067012
Block Group 5,340230082065,66,74,0.82,Middlesex County,Monroe Township,Census Tract 82.06,34023008206,-74.458127,40.332025,340230082065
Block Group 2,340130048022,563,315,0.29,Essex County,Newark City,Census Tract 48.02,34013004802,-74.203623,40.695055,340130048022
Block Group 1,340230018061,2576,1216,0.16,Middlesex County,Edison Township,Census Tract 18.06,34023001806,-74.37458,40.504225,340230018061
Block Group 1,340130136001,2518,1008,0.24,Essex County,Nutley Township,Census Tract 136,34013013600,-74.140314,40.818154,340130136001
Block Group 2,340130136002,1137,486,0.13,Essex County,Nutley Township,Census Tract 136,34013013600,-74.142394,40.813904,340130136002
Block Group 3,340130136003,1973,996,0.18,Essex County,Nutley Township,Census Tract 136,34013013600,-74.143396,40.809082,340130136003
Block Group 4,340130136004,1295,531,0.11,Essex County,Nutley Township,Census Tract 136,34013013600,-74.149412,40.811099,340130136004
Block Group 2,340130137002,1532,715,0.1,Essex County,Nutley Township,Census Tract 137,34013013700,-74.154803,40.809797,340130137002
Block Group 4,340130137004,873,448,0.16,Essex County,Nutley Township,Census Tract 137,34013013700,-74.158054,40.814755,340130137004
Block Group 1,340373737001,812,374,0.43,Sussex County,Newton Town,Census Tract 3737,34037373700,-74.755398,41.065422,340373737001
Block Group 2,340373737002,990,470,0.54,Sussex County,Newton Town,Census Tract 3737,34037373700,-74.767164,41.056155,340373737002
Block Group 2,340010105062,1719,624,1.49,Atlantic County,Galloway Township,Census Tract 105.06,34001010506,-74.522335,39.46291,340010105062
Block Group 5,340076014005,788,380,0.28,Camden County,Camden City,Census Tract 6014,34007601400,-75.092089,39.927885,340076014005
Block Group 1,340076015001,573,211,0.04,Camden County,Camden City,Census Tract 6015,34007601500,-75.103248,39.929352,340076015001
Block Group 3,340297321043,973,449,1.16,Ocean County,Lacey Township,Census Tract 7321.04,34029732104,-74.191277,39.817418,340297321043
Block Group 1,340297350011,1280,808,0.5,Ocean County,Stafford Township,Census Tract 7350.01,34029735001,-74.302271,39.748474,340297350011
Block Group 3,340057042013,2590,1085,1.2,Burlington County,Bordentown Township,Census Tract 7042.01,34005704201,-74.697462,40.132252,340057042013
Block Group 3,340373737003,1075,485,0.19,Sussex County,Newton Town,Census Tract 3737,34037373700,-74.759267,41.053601,340373737003
Block Group 1,340230012001,1373,534,0.14,Middlesex County,Highland Park Borough,Census Tract 12,34023001200,-74.41502,40.503607,340230012001
Block Group 3,340230012003,1443,696,0.11,Middlesex County,Highland Park Borough,Census Tract 12,34023001200,-74.42033,40.497466,340230012003
Block Group 2,340230013002,1611,733,0.14,Middlesex County,Highland Park Borough,Census Tract 13,34023001300,-74.4288,40.494759,340230013002
Block Group 3,340230013003,1391,702,0.27,Middlesex County,Highland Park Borough,Census Tract 13,34023001300,-74.433122,40.493091,340230013003
Block Group 1,340230014091,952,303,0.3,Middlesex County,Edison Township,Census Tract 14.09,34023001409,-74.35296,40.581476,340230014091
Block Group 3,340230014093,942,316,0.24,Middlesex County,Edison Township,Census Tract 14.09,34023001409,-74.353706,40.574928,340230014093
Block Group 1,340230061041,1571,685,0.33,Middlesex County,North Brunswick Township,Census Tract 61.04,34023006104,-74.484479,40.467744,340230061041
Block Group 3,340010105063,1508,585,1.29,Atlantic County,Galloway Township,Census Tract 105.06,34001010506,-74.502549,39.457844,340010105063
Block Group 1,340010114031,1920,878,5.86,Atlantic County,Hamilton Township,Census Tract 114.03,34001011403,-74.61947,39.464855,340010114031
Block Group 1,340010133011,964,724,0.56,Atlantic County,Ventnor City,Census Tract 133.01,34001013301,-74.496058,39.34611,340010133011
Block Group 4,340057014014,1518,490,3.2,Burlington County,Mansfield Township,Census Tract 7014.01,34005701401,-74.697047,40.092366,340057014014
Block Group 4,340057006024,1972,886,0.37,Burlington County,Delran Township,Census Tract 7006.02,34005700602,-74.930823,40.012324,340057006024
Block Group 4,340057030004,1396,507,2.19,Burlington County,Hainesport Township,Census Tract 7030,34005703000,-74.852196,39.958758,340057030004
Block Group 2,340130173012,1660,553,0.69,Essex County,West Orange Township,Census Tract 173.01,34013017301,-74.271392,40.806414,340130173012
Block Group 2,340130217012,649,259,0.11,Essex County,Caldwell Borough,Census Tract 217.01,34013021701,-74.266589,40.83788,340130217012
Block Group 3,340410323003,739,341,6.55,Warren County,Pohatcong Township,Census Tract 323,34041032300,-75.168407,40.622442,340410323003
Block Group 2,340410313012,2204,1196,2.42,Warren County,Independence Township,Census Tract 313.01,34041031301,-74.834302,40.872616,340410313012
Block Group 2,340010004002,858,574,0.05,Atlantic County,Atlantic City,Census Tract 4,34001000400,-74.449025,39.346524,340010004002
Block Group 1,340311244021,1618,510,0.27,Passaic County,Clifton City,Census Tract 1244.02,34031124402,-74.140595,40.837887,340311244021
Block Group 2,340311244022,1667,652,0.46,Passaic County,Clifton City,Census Tract 1244.02,34031124402,-74.126078,40.831513,340311244022
Block Group 3,340410313013,1294,504,3.81,Warren County,Independence Township,Census Tract 313.01,34041031301,-74.858604,40.857852,340410313013
Block Group 2,340410307002,1283,527,0.09,Warren County,Phillipsburg Town,Census Tract 307,34041030700,-75.19238,40.693176,340410307002
Block Group 1,340410311011,1611,628,27.19,Warren County,Blairstown Township; Hardwick Township,Census Tract 311.01,34041031101,-75.008279,41.030431,340410311011
Block Group 1,340410316011,1149,556,7.25,Warren County,White Township,Census Tract 316.01,34041031601,-75.058469,40.793553,340410316011
Block Group 1,340010114041,1457,552,2.9,Atlantic County,Hamilton Township,Census Tract 114.04,34001011404,-74.707456,39.426934,340010114041
Block Group 1,340030423021,1460,475,0.61,Bergen County,Paramus Borough,Census Tract 423.02,34003042302,-74.061605,40.968828,340030423021
Block Group 2,340010109002,2057,859,0.91,Atlantic County,Hammonton Town,Census Tract 109,34001010900,-74.787827,39.639614,340010109002
Block Group 3,340010109003,2043,851,2.09,Atlantic County,Hammonton Town,Census Tract 109,34001010900,-74.769939,39.626495,340010109003
Block Group 3,340230072033,1665,572,0.19,Middlesex County,Sayreville Borough,Census Tract 72.03,34023007203,-74.304839,40.472213,340230072033
Block Group 1,340230008021,1647,571,0.28,Middlesex County,South Plainfield Borough,Census Tract 8.02,34023000802,-74.426169,40.588724,340230008021
Block Group 1,340230020001,2520,1087,0.3,Middlesex County,Metuchen Borough,Census Tract 20,34023002000,-74.366843,40.545218,340230020001
Block Group 2,340230020002,1074,531,0.41,Middlesex County,Metuchen Borough,Census Tract 20,34023002000,-74.375359,40.545497,340230020002
Block Group 3,340230020003,1248,415,0.3,Middlesex County,Metuchen Borough,Census Tract 20,34023002000,-74.37303,40.538979,340230020003
Block Group 1,340230021011,807,319,0.17,Middlesex County,Metuchen Borough,Census Tract 21.01,34023002101,-74.356817,40.544633,340230021011
Block Group 3,340010106003,1170,540,0.27,Atlantic County,Egg Harbor City,Census Tract 106,34001010600,-74.649637,39.531247,340010106003
Block Group 1,340010116001,1896,989,9.87,Atlantic County,Estell Manor City; Weymouth Township,Census Tract 116,34001011600,-74.834564,39.414959,340010116001
Block Group 2,340010116002,1175,511,28.07,Atlantic County,Corbin City; Estell Manor City; Weymouth Township,Census Tract 116,34001011600,-74.737775,39.367355,340010116002
Block Group 1,340350520011,1448,523,0.29,Somerset County,North Plainfield Borough,Census Tract 520.01,34035052001,-74.419733,40.636,340350520011
Block Group 4,340170182004,1002,494,0.05,Hudson County,Weehawken Township,Census Tract 182,34017018200,-74.027644,40.760461,340170182004
Block Group 1,340170183021,5227,2589,0.07,Hudson County,Hoboken City,Census Tract 183.02,34017018302,-74.02165,40.75363,340170183021
Block Group 3,340170187023,1368,749,0.02,Hudson County,Hoboken City,Census Tract 187.02,34017018702,-74.027176,40.749094,340170187023
Block Group 4,340170190004,1520,618,0.03,Hudson County,Hoboken City; Jersey City,Census Tract 190,34017019000,-74.041588,40.74313,340170190004
Block Group 4,340190109004,877,334,0.78,Hunterdon County,High Bridge Borough,Census Tract 109,34019010900,-74.903003,40.66568,340190109004
Block Group 4,340155016064,2094,749,0.8,Gloucester County,Monroe Township,Census Tract 5016.06,34015501606,-74.97872,39.654346,340155016064
Block Group 2,340155016062,1395,556,1.93,Gloucester County,Monroe Township,Census Tract 5016.06,34015501606,-74.965799,39.625196,340155016062
Block Group 1,340030193051,3453,2261,0.07,Bergen County,Fort Lee Borough,Census Tract 193.05,34003019305,-73.970428,40.845037,340030193051
Block Group 1,340297370001,1566,709,1,Ocean County,Tuckerton Borough,Census Tract 7370,34029737000,-74.345117,39.602251,340297370001
Block Group 1,340030322011,2044,762,1.2,Bergen County,Mahwah Township,Census Tract 322.01,34003032201,-74.116238,41.083434,340030322011
Block Group 2,340030193042,969,338,0.07,Bergen County,Fort Lee Borough,Census Tract 193.04,34003019304,-73.987138,40.838457,340030193042
Block Group 2,340297370002,2011,1401,2.36,Ocean County,Tuckerton Borough,Census Tract 7370,34029737000,-74.324812,39.595827,340297370002
Block Group 1,340350522011,2844,1042,2.8,Somerset County,Warren Township,Census Tract 522.01,34035052201,-74.486061,40.633719,340350522011
Block Group 1,340350530001,1926,788,0.27,Somerset County,South Bound Brook Borough,Census Tract 530,34035053000,-74.523133,40.552309,340350530001
Block Group 1,340350534061,1604,563,2.92,Somerset County,Franklin Township,Census Tract 534.06,34035053406,-74.522388,40.458231,340350534061
Block Group 1,340350543011,1367,847,0.64,Somerset County,Franklin Township,Census Tract 543.01,34035054301,-74.538805,40.521183,340350543011
Block Group 1,340155011071,2251,844,0.51,Gloucester County,Deptford Township,Census Tract 5011.07,34015501107,-75.164055,39.802217,340155011071
Block Group 5,340155016065,2359,769,0.66,Gloucester County,Monroe Township,Census Tract 5016.06,34015501606,-74.972938,39.662356,340155016065
Block Group 3,340311802013,1328,460,0.09,Passaic County,Paterson City,Census Tract 1802.01,34031180201,-74.195053,40.926125,340311802013
Block Group 1,340311756041,1227,357,0.11,Passaic County,Passaic City,Census Tract 1756.04,34031175604,-74.139615,40.854398,340311756041
Block Group 5,340311432025,699,296,0.1,Passaic County,Hawthorne Borough,Census Tract 1432.02,34031143202,-74.158836,40.949981,340311432025
Block Group 3,340311434023,1372,505,0.15,Passaic County,Hawthorne Borough,Census Tract 1434.02,34031143402,-74.166412,40.945327,340311434023
Block Group 2,340311803022,1703,613,0.07,Passaic County,Paterson City,Census Tract 1803.02,34031180302,-74.181228,40.925919,340311803022
Block Group 2,340311803012,1631,466,0.03,Passaic County,Paterson City,Census Tract 1803.01,34031180301,-74.182518,40.921296,340311803012
Block Group 3,340010114043,3807,1491,1.38,Atlantic County,Hamilton Township,Census Tract 114.04,34001011404,-74.64533,39.434212,340010114043
Block Group 1,340030430011,1068,391,0.31,Bergen County,Park Ridge Borough,Census Tract 430.01,34003043001,-74.048443,41.043633,340030430011
Block Group 2,340030430012,1802,699,0.74,Bergen County,Park Ridge Borough,Census Tract 430.01,34003043001,-74.056164,41.038898,340030430012
Block Group 2,340258048022,1206,647,1.36,Monmouth County,Tinton Falls Borough,Census Tract 8048.02,34025804802,-74.077503,40.25863,340258048022
Block Group 3,340030430013,1288,453,0.33,Bergen County,Park Ridge Borough,Census Tract 430.01,34003043001,-74.043761,41.037047,340030430013
Block Group 1,340030430021,1008,346,0.27,Bergen County,Park Ridge Borough,Census Tract 430.02,34003043002,-74.031322,41.026875,340030430021
Block Group 2,340010101042,716,1125,0.27,Atlantic County,Brigantine City,Census Tract 101.04,34001010104,-74.388531,39.391906,340010101042
Block Group 2,340258056002,1769,619,0.18,Monmouth County,Long Branch City,Census Tract 8056,34025805600,-73.986203,40.309062,340258056002
Block Group 4,340057036004,1664,591,5.21,Burlington County,Tabernacle Township,Census Tract 7036,34005703600,-74.726009,39.829941,340057036004
Block Group 3,340057037003,1210,410,2.77,Burlington County,Shamong Township,Census Tract 7037,34005703700,-74.775865,39.807548,340057037003
Block Group 1,340270450001,1356,515,0.35,Morris County,Dover Town,Census Tract 450,34027045000,-74.566881,40.891588,340270450001
Block Group 3,340270440003,1377,540,0.94,Morris County,Chatham Township,Census Tract 440,34027044000,-74.422312,40.705845,340270440003
Block Group 2,340390327022,834,247,0.06,Union County,Union Township,Census Tract 327.02,34039032702,-74.261837,40.711181,340390327022
Block Group 2,340390324012,1443,538,0.08,Union County,Hillside Township,Census Tract 324.01,34039032401,-74.230671,40.693776,340390324012
Block Group 2,340010123022,1131,471,0.96,Atlantic County,Northfield City,Census Tract 123.02,34001012302,-74.557811,39.381218,340010123022
Block Group 2,340010124012,1202,481,0.68,Atlantic County,Northfield City,Census Tract 124.01,34001012401,-74.543664,39.367812,340010124012
Block Group 1,340010124021,1428,597,0.47,Atlantic County,Northfield City,Census Tract 124.02,34001012402,-74.553859,39.359458,340010124021
Block Group 2,340010125012,959,387,0.27,Atlantic County,Linwood City,Census Tract 125.01,34001012501,-74.572395,39.352391,340010125012
Block Group 3,340030562003,1492,492,0.35,Bergen County,Waldwick Borough,Census Tract 562,34003056200,-74.13648,41.009439,340030562003
Block Group 4,340030562004,1441,604,0.31,Bergen County,Waldwick Borough,Census Tract 562,34003056200,-74.143714,41.01692,340030562004
Block Group 3,340210025003,1607,589,0.29,Mercer County,Hamilton Township,Census Tract 25,34021002500,-74.732657,40.193713,340210025003
Block Group 4,340210033034,1307,495,0.77,Mercer County,Lawrence Township,Census Tract 33.03,34021003303,-74.685904,40.294186,340210033034
Block Group 2,340130154002,1627,720,0.15,Essex County,Bloomfield Township,Census Tract 154,34013015400,-74.195488,40.801187,340130154002
Block Group 3,340090215003,404,451,0.17,Cape May County,Wildwood City,Census Tract 215,34009021500,-74.823245,38.992504,340090215003
Block Group 7,340090214007,335,949,0.25,Cape May County,Wildwood City,Census Tract 214,34009021400,-74.819228,38.97957,340090214007
Block Group 5,340090214005,746,765,0.11,Cape May County,Wildwood City,Census Tract 214,34009021400,-74.817785,38.995131,340090214005
Block Group 5,340090216005,164,546,0.17,Cape May County,Wildwood Crest Borough,Census Tract 216,34009021600,-74.825078,38.975123,340090216005
Block Group 2,340090213002,426,935,0.15,Cape May County,North Wildwood City,Census Tract 213,34009021300,-74.795608,39.003771,340090213002
Block Group 3,340090213003,513,826,0.12,Cape May County,North Wildwood City,Census Tract 213,34009021300,-74.805477,38.997022,340090213003
Block Group 3,340350534033,987,485,0.16,Somerset County,Franklin Township,Census Tract 534.03,34035053403,-74.550742,40.436031,340350534033
Block Group 2,340076013002,2242,762,0.38,Camden County,Camden City,Census Tract 6013,34007601300,-75.096721,39.942261,340076013002
Block Group 5,340258008005,1082,534,0.42,Monmouth County,Middletown Township,Census Tract 8008,34025800800,-74.093188,40.396964,340258008005
Block Group 5,340258016005,1113,469,0.18,Monmouth County,Keansburg Borough; Middletown Township,Census Tract 8016,34025801600,-74.131453,40.438666,340258016005
Block Group 3,340258016003,983,419,0.1,Monmouth County,Keansburg Borough,Census Tract 8016,34025801600,-74.127909,40.444283,340258016003
Block Group 3,340297380013,647,1566,0.52,Ocean County,Long Beach Township,Census Tract 7380.01,34029738001,-74.217346,39.599631,340297380013
Block Group 1,340297380021,635,1172,0.52,Ocean County,Beach Haven Borough,Census Tract 7380.02,34029738002,-74.246086,39.566127,340297380021
Block Group 4,340297380024,78,424,0.15,Ocean County,Beach Haven Borough,Census Tract 7380.02,34029738002,-74.243951,39.551511,340297380024
Block Group 1,340312460011,1787,866,0.71,Passaic County,Wayne Township,Census Tract 2460.01,34031246001,-74.233672,40.965794,340312460011
Block Group 2,340312460012,2846,1209,3.43,Passaic County,Wayne Township,Census Tract 2460.01,34031246001,-74.214947,40.971091,340312460012
Block Group 1,340030173021,982,344,0.1,Bergen County,Fair Lawn Borough,Census Tract 173.02,34003017302,-74.130295,40.934489,340030173021
Block Group 2,340030173022,1327,438,0.21,Bergen County,Fair Lawn Borough,Census Tract 173.02,34003017302,-74.124838,40.930431,340030173022
Block Group 1,340030080011,2249,728,0.83,Bergen County,Cresskill Borough,Census Tract 80.01,34003008001,-73.946959,40.935397,340030080011
Block Group 3,340030010013,921,305,0.38,Bergen County,Allendale Borough,Census Tract 10.01,34003001001,-74.132972,41.041925,340030010013
Block Group 1,340030010011,1352,488,0.69,Bergen County,Allendale Borough,Census Tract 10.01,34003001001,-74.123133,41.038276,340030010011
Block Group 1,340030232021,768,354,0.05,Bergen County,Hackensack City,Census Tract 232.02,34003023202,-74.042891,40.908608,340030232021
Block Group 1,340057013011,2052,881,0.78,Burlington County,Florence Township,Census Tract 7013.01,34005701301,-74.815436,40.118841,340057013011
Block Group 2,340057013022,939,399,0.31,Burlington County,Florence Township,Census Tract 7013.02,34005701302,-74.783565,40.115408,340057013022
Block Group 1,340057013031,929,321,4.83,Burlington County,Florence Township,Census Tract 7013.03,34005701303,-74.785439,40.083708,340057013031
Block Group 2,340076108002,1599,603,0.51,Camden County,Pennsauken Township,Census Tract 6108,34007610800,-75.051839,39.975334,340076108002
Block Group 3,340076035063,2229,750,0.68,Camden County,Cherry Hill Township,Census Tract 6035.06,34007603506,-74.940207,39.881653,340076035063
Block Group 1,340030174001,971,301,0.25,Bergen County,Fair Lawn Borough,Census Tract 174,34003017400,-74.09604,40.936337,340030174001
Block Group 3,340030174003,1258,442,0.22,Bergen County,Fair Lawn Borough,Census Tract 174,34003017400,-74.101344,40.934705,340030174003
Block Group 4,340030174004,1268,413,0.17,Bergen County,Fair Lawn Borough,Census Tract 174,34003017400,-74.111948,40.934705,340030174004
Block Group 2,340258059002,1007,430,0.1,Monmouth County,Long Branch City,Census Tract 8059,34025805900,-73.997351,40.292512,340258059002
Block Group 1,340258061001,868,554,0.12,Monmouth County,Long Branch City,Census Tract 8061,34025806100,-73.989222,40.279371,340258061001
Block Group 1,340170173001,2272,1135,0.06,Hudson County,Union City,Census Tract 173,34017017300,-74.030663,40.761136,340170173001
Block Group 2,340170174002,1323,500,0.02,Hudson County,Union City,Census Tract 174,34017017400,-74.036153,40.760892,340170174002
Block Group 2,340076092062,2405,925,1.19,Camden County,Winslow Township,Census Tract 6092.06,34007609206,-74.978345,39.731721,340076092062
Block Group 3,340076032023,1688,825,0.53,Camden County,Cherry Hill Township,Census Tract 6032.02,34007603202,-75.036573,39.931335,340076032023
Block Group 4,340076103004,13,2,0.22,Camden County,Camden City,Census Tract 6103,34007610300,-75.130939,39.933559,340076103004
Block Group 4,340076092054,1747,605,1.32,Camden County,Winslow Township,Census Tract 6092.05,34007609205,-74.909473,39.706163,340076092054
Block Group 1,340030211011,1319,471,0.08,Bergen County,Garfield City,Census Tract 211.01,34003021101,-74.108108,40.891277,340030211011
Block Group 2,340030211012,823,315,0.04,Bergen County,Garfield City,Census Tract 211.01,34003021101,-74.106946,40.889213,340030211012
Block Group 1,340030541011,1114,356,0.15,Bergen County,Teaneck Township,Census Tract 541.01,34003054101,-73.993841,40.909215,340030541011
Block Group 2,340030541022,1317,493,0.15,Bergen County,Teaneck Township,Census Tract 541.02,34003054102,-74.003097,40.886379,340030541022
Block Group 1,340030340011,780,369,0.18,Bergen County,Midland Park Borough,Census Tract 340.01,34003034001,-74.13366,40.988086,340030340011
Block Group 2,340170116002,1077,493,0.04,Hudson County,Bayonne City,Census Tract 116,34017011600,-74.13362,40.645804,340170116002
Block Group 1,340170063001,1237,553,0.09,Hudson County,Jersey City,Census Tract 63,34017006300,-74.087697,40.694652,340170063001
Block Group 1,340170142001,1131,389,0.03,Hudson County,North Bergen Township,Census Tract 142,34017014200,-74.007143,40.798259,340170142001
Block Group 3,340170130003,1066,340,0.03,Hudson County,Kearny Town,Census Tract 130,34017013000,-74.155397,40.754073,340170130003
Block Group 2,340170136002,1134,408,0.03,Hudson County,Harrison Town,Census Tract 136,34017013600,-74.155615,40.748462,340170136002
Block Group 2,340170052002,1073,425,0.02,Hudson County,Jersey City,Census Tract 52,34017005200,-74.084463,40.707515,340170052002
Block Group 2,340170049002,1132,418,0.03,Hudson County,Jersey City,Census Tract 49,34017004900,-74.085208,40.712835,340170049002
Block Group 2,340170105002,1152,476,0.04,Hudson County,Bayonne City,Census Tract 105,34017010500,-74.109609,40.680591,340170105002
Block Group 1,340170172001,1824,707,0.03,Hudson County,Union City,Census Tract 172,34017017200,-74.033278,40.764409,340170172001
Block Group 3,340258004003,1017,344,1.44,Monmouth County,Middletown Township,Census Tract 8004,34025800400,-74.063202,40.413038,340258004003
Block Group 3,340350522033,1128,382,1.11,Somerset County,Warren Township,Census Tract 522.03,34035052203,-74.551567,40.611552,340350522033
Block Group 3,340030372033,904,285,0.12,Bergen County,New Milford Borough,Census Tract 372.03,34003037203,-74.015772,40.921208,340030372033
Block Group 4,340030582004,1093,409,0.31,Bergen County,Washington Township,Census Tract 582,34003058200,-74.059786,40.98917,340030582004
Block Group 5,340030582005,1096,412,0.54,Bergen County,Washington Township,Census Tract 582,34003058200,-74.061367,40.975286,340030582005
Block Group 1,340030591001,1442,582,0.49,Bergen County,Westwood Borough,Census Tract 591,34003059100,-74.01255,40.986015,340030591001
Block Group 5,340090220005,311,901,0.64,Cape May County,Cape May City,Census Tract 220,34009022000,-74.897677,38.937898,340090220005
Block Group 4,340090220004,731,994,0.37,Cape May County,Cape May City,Census Tract 220,34009022000,-74.91182,38.939801,340090220004
Block Group 1,340258062021,785,311,0.21,Monmouth County,West Long Branch Borough,Census Tract 8062.02,34025806202,-74.01498,40.301758,340258062021
Block Group 3,340030292003,1216,412,0.19,Bergen County,Little Ferry Borough,Census Tract 292,34003029200,-74.048675,40.853069,340030292003
Block Group 3,340030571013,996,544,0.08,Bergen County,Wallington Borough,Census Tract 571.01,34003057101,-74.102412,40.852425,340030571013
Block Group 1,340030031001,924,306,0.08,Bergen County,Bergenfield Borough,Census Tract 31,34003003100,-73.982507,40.934727,340030031001
Block Group 2,340030251002,898,370,0.08,Bergen County,Hasbrouck Heights Borough,Census Tract 251,34003025100,-74.068766,40.870265,340030251002
Block Group 2,340030050002,1288,536,0.09,Bergen County,Carlstadt Borough,Census Tract 50,34003005000,-74.094407,40.841432,340030050002
Block Group 1,340030463001,1140,575,0.06,Bergen County,Ridgefield Park Village,Census Tract 463,34003046300,-74.023794,40.859714,340030463001
Block Group 3,340030522003,1109,574,0.21,Bergen County,Saddle Brook Township,Census Tract 522,34003052200,-74.093272,40.891625,340030522003
Block Group 2,340297381002,116,259,0.09,Ocean County,Harvey Cedars Borough,Census Tract 7381,34029738100,-74.137499,39.708883,340297381002
Block Group 4,340297381004,328,866,0.45,Ocean County,Harvey Cedars Borough; Long Beach Township,Census Tract 7381,34029738100,-74.155559,39.680845,340297381004
Block Group 1,340311818001,1049,557,0.07,Passaic County,Paterson City,Census Tract 1818,34031181800,-74.177027,40.917487,340311818001
Block Group 2,340311818002,1171,415,0.04,Passaic County,Paterson City,Census Tract 1818,34031181800,-74.175178,40.915184,340311818002
Block Group 1,340330221001,1591,756,1,Salem County,Salem City,Census Tract 221,34033022100,-75.477025,39.569598,340330221001
Block Group 2,340170104002,1931,736,0.07,Hudson County,Bayonne City,Census Tract 104,34017010400,-74.108216,40.673355,340170104002
Block Group 4,340170105004,1022,389,0.18,Hudson County,Bayonne City; Newark City,Census Tract 105,34017010500,-74.120167,40.683063,340170105004
Block Group 2,340130062002,821,306,0.05,Essex County,Newark City,Census Tract 62,34013006200,-74.187808,40.730005,340130062002
Block Group 2,340130003002,1547,952,0.06,Essex County,Newark City,Census Tract 3,34013000300,-74.17602,40.781989,340130003002
Block Group 2,340130147002,1221,599,0.05,Essex County,Belleville Township,Census Tract 147,34013014700,-74.179795,40.787137,340130147002
Block Group 3,340130147003,2141,897,0.09,Essex County,Belleville Township,Census Tract 147,34013014700,-74.180164,40.783544,340130147003
Block Group 1,340130148001,678,246,0.2,Essex County,Bloomfield Township,Census Tract 148,34013014800,-74.181801,40.841007,340130148001
Block Group 3,340130148003,611,248,0.2,Essex County,Bloomfield Township,Census Tract 148,34013014800,-74.188724,40.832896,340130148003
Block Group 2,340130212002,1547,766,0.4,Essex County,Verona Township,Census Tract 212,34013021200,-74.241059,40.824888,340130212002
Block Group 2,340297150022,1626,342,0.38,Ocean County,Lakewood Township,Census Tract 7150.02,34029715002,-74.163393,40.101797,340297150022
Block Group 1,340297157011,3717,613,0.26,Ocean County,Lakewood Township,Census Tract 7157.01,34029715701,-74.224379,40.061189,340297157011
Block Group 3,340297156003,4581,1057,0.44,Ocean County,Lakewood Township,Census Tract 7156,34029715600,-74.207487,40.081667,340297156003
Block Group 3,340130212003,969,335,0.14,Essex County,Verona Township,Census Tract 212,34013021200,-74.249487,40.828693,340130212003
Block Group 4,340130212004,658,246,0.08,Essex County,Verona Township,Census Tract 212,34013021200,-74.252162,40.830401,340130212004
Block Group 1,340130213001,616,243,0.48,Essex County,Cedar Grove Township,Census Tract 213,34013021300,-74.225595,40.863044,340130213001
Block Group 2,340130213002,1914,814,0.52,Essex County,Cedar Grove Township,Census Tract 213,34013021300,-74.235931,40.854858,340130213002
Block Group 2,340258093012,1056,399,0.18,Monmouth County,Manasquan Borough,Census Tract 8093.01,34025809301,-74.055929,40.123875,340258093012
Block Group 2,340230081012,878,344,0.36,Middlesex County,Spotswood Borough,Census Tract 81.01,34023008101,-74.383783,40.400423,340230081012
Block Group 3,340230081013,1052,549,0.35,Middlesex County,Spotswood Borough,Census Tract 81.01,34023008101,-74.405815,40.387068,340230081013
Block Group 4,340230081014,1596,591,0.46,Middlesex County,Spotswood Borough,Census Tract 81.01,34023008101,-74.388146,40.385206,340230081014
Block Group 1,340019834001,2494,24,2.8,Atlantic County,Galloway Township,Census Tract 9834,34001983400,-74.533374,39.490024,340019834001
Block Group 3,340059822003,3855,519,4.27,Burlington County,New Hanover Township,Census Tract 9822,34005982200,-74.624251,40.014286,340059822003
Block Group 4,340057011024,706,251,1.01,Burlington County,Burlington Township,Census Tract 7011.02,34005701102,-74.820337,40.064434,340057011024
Block Group 2,340057030002,1213,447,0.85,Burlington County,Hainesport Township,Census Tract 7030,34005703000,-74.828655,39.974303,340057030002
Block Group 2,340057032012,1012,505,0.73,Burlington County,Southampton Township,Census Tract 7032.01,34005703201,-74.725558,39.975461,340057032012
Block Group 4,340230093004,1052,673,0.06,Middlesex County,New Brunswick City,Census Tract 93,34023009300,-74.443212,40.49082,340230093004
Block Group 2,340030181012,1025,348,0.03,Bergen County,Fairview Borough,Census Tract 181.01,34003018101,-73.997609,40.812977,340030181012
Block Group 3,340030546023,911,293,0.12,Bergen County,Teaneck Township,Census Tract 546.02,34003054602,-74.015599,40.877288,340030546023
Block Group 3,340030541023,1064,299,0.21,Bergen County,Teaneck Township,Census Tract 541.02,34003054102,-73.994951,40.8842,340030541023
Block Group 1,340230081011,1082,481,0.32,Middlesex County,Spotswood Borough,Census Tract 81.01,34023008101,-74.37999,40.398383,340230081011
Block Group 1,340270405001,1304,612,0.22,Morris County,Butler Borough,Census Tract 405,34027040500,-74.341517,41.00418,340270405001
Block Group 2,340270405002,1177,465,0.23,Morris County,Butler Borough,Census Tract 405,34027040500,-74.336115,40.999194,340270405002
Block Group 4,340130188004,1467,592,0.07,Essex County,City of Orange Township,Census Tract 188,34013018800,-74.251932,40.758557,340130188004
Block Group 1,340170060001,2393,918,0.08,Hudson County,Jersey City,Census Tract 60,34017006000,-74.087434,40.699288,340170060001
Block Group 2,340350531032,1025,319,0.32,Somerset County,Franklin Township,Census Tract 531.03,34035053103,-74.501527,40.491355,340350531032
Block Group 3,340350531033,1198,424,0.49,Somerset County,Franklin Township,Census Tract 531.03,34035053103,-74.510866,40.494154,340350531033
Block Group 2,340350531052,1429,667,0.38,Somerset County,Franklin Township,Census Tract 531.05,34035053105,-74.517452,40.510557,340350531052
Block Group 1,340350532001,1723,584,0.26,Somerset County,Franklin Township,Census Tract 532,34035053200,-74.46766,40.499811,340350532001
Block Group 4,340170058014,650,243,0.06,Hudson County,Jersey City,Census Tract 58.01,34017005801,-74.080821,40.698495,340170058014
Block Group 2,340170065002,1530,826,0.07,Hudson County,Jersey City,Census Tract 65,34017006500,-74.052619,40.723207,340170065002
Block Group 1,340170068001,1803,645,0.08,Hudson County,Jersey City,Census Tract 68,34017006800,-74.078428,40.711618,340170068001
Block Group 2,340130231002,1499,536,0.13,Essex County,Newark City,Census Tract 231,34013023100,-74.206355,40.734258,340130231002
Block Group 2,340170063002,1127,440,0.1,Hudson County,Jersey City,Census Tract 63,34017006300,-74.097053,40.686404,340170063002
Block Group 3,340170063003,2428,939,0.07,Hudson County,Jersey City,Census Tract 63,34017006300,-74.091879,40.692019,340170063003
Block Group 3,340170102003,913,361,0.03,Hudson County,Bayonne City,Census Tract 102,34017010200,-74.107551,40.678546,340170102003
Block Group 1,340170103001,830,314,0.03,Hudson County,Bayonne City,Census Tract 103,34017010300,-74.105055,40.677078,340170103001
Block Group 2,340170103002,1089,434,0.04,Hudson County,Bayonne City,Census Tract 103,34017010300,-74.103035,40.679477,340170103002
Block Group 3,340170103003,1212,512,0.3,Hudson County,Bayonne City,Census Tract 103,34017010300,-74.081579,40.672061,340170103003
Block Group 4,340170116004,878,328,0.03,Hudson County,Bayonne City,Census Tract 116,34017011600,-74.126937,40.645349,340170116004
Block Group 1,340170145021,1136,592,0.06,Hudson County,North Bergen Township,Census Tract 145.02,34017014502,-74.024542,40.796084,340170145021
Block Group 3,340170152023,1641,625,0.03,Hudson County,West New York Town,Census Tract 152.02,34017015202,-74.012256,40.789472,340170152023
Block Group 2,340170187022,1088,584,0.01,Hudson County,Hoboken City,Census Tract 187.02,34017018702,-74.026155,40.750992,340170187022
Block Group 3,340230092003,1386,600,0.89,Middlesex County,Sayreville Borough,Census Tract 92,34023009200,-74.29791,40.490264,340230092003
Block Group 2,340230093002,859,599,0.08,Middlesex County,New Brunswick City,Census Tract 93,34023009300,-74.445848,40.495406,340230093002
Block Group 4,340076042004,682,338,0.07,Camden County,Collingswood Borough,Census Tract 6042,34007604200,-75.081118,39.9214,340076042004
Block Group 3,340076080013,1341,616,0.32,Camden County,Stratford Borough,Census Tract 6080.01,34007608001,-75.002204,39.829049,340076080013
Block Group 3,340076073003,1891,754,0.37,Camden County,Magnolia Borough,Census Tract 6073,34007607300,-75.033733,39.853349,340076073003
Block Group 4,340076075034,1307,472,0.25,Camden County,Voorhees Township,Census Tract 6075.03,34007607503,-74.926754,39.86485,340076075034
Block Group 1,340297351041,1750,698,13.03,Ocean County,Stafford Township,Census Tract 7351.04,34029735104,-74.197187,39.69829,340297351041
Block Group 0,340297360010,0,0,0,Ocean County,Little Egg Harbor Township,Census Tract 7360.01,34029736001,-74.290629,39.589879,340297360010
Block Group 1,340030412001,1371,480,0.05,Bergen County,Palisades Park Borough,Census Tract 412,34003041200,-73.99091,40.85139,340030412001
Block Group 2,340030412002,1070,394,0.06,Bergen County,Palisades Park Borough,Census Tract 412,34003041200,-73.992047,40.849071,340030412002
Block Group 5,340390345005,725,292,0.04,Union County,Linden City,Census Tract 345,34039034500,-74.243686,40.645634,340390345005
Block Group 2,340390346002,1883,622,0.13,Union County,Linden City,Census Tract 346,34039034600,-74.247439,40.64384,340390346002
Block Group 1,340390347001,875,346,0.05,Union County,Linden City,Census Tract 347,34039034700,-74.252806,40.637743,340390347001
Block Group 3,340390347003,927,352,0.09,Union County,Linden City,Census Tract 347,34039034700,-74.260541,40.63773,340390347003
Block Group 4,340390347004,969,341,0.06,Union County,Linden City,Census Tract 347,34039034700,-74.257636,40.640262,340390347004
Block Group 1,340390348001,867,288,0.09,Union County,Linden City,Census Tract 348,34039034800,-74.278694,40.646373,340390348001
Block Group 2,340390348002,1253,448,0.13,Union County,Linden City,Census Tract 348,34039034800,-74.274046,40.641468,340390348002
Block Group 4,340390348004,1085,354,0.14,Union County,Linden City,Census Tract 348,34039034800,-74.269128,40.637375,340390348004
Block Group 1,340258025001,710,308,0.14,Monmouth County,Aberdeen Township,Census Tract 8025,34025802500,-74.215685,40.461963,340258025001
Block Group 2,340258025002,901,343,0.36,Monmouth County,Aberdeen Township,Census Tract 8025,34025802500,-74.211052,40.439719,340258025002
Block Group 1,340130054001,2112,826,0.06,Essex County,Newark City,Census Tract 54,34013005400,-74.20118,40.721654,340130054001
Block Group 3,340090203013,630,552,2.68,Cape May County,Upper Township,Census Tract 203.01,34009020301,-74.646083,39.24864,340090203013
Block Group 2,340130051002,1232,457,0.03,Essex County,Newark City,Census Tract 51,34013005100,-74.208357,40.713505,340130051002
Block Group 4,340130103004,954,483,0.04,Essex County,East Orange City,Census Tract 103,34013010300,-74.203621,40.768615,340130103004
Block Group 3,340130124003,1181,438,0.05,Essex County,Irvington Township,Census Tract 124,34013012400,-74.241274,40.71988,340130124003
Block Group 2,340130119002,784,333,0.06,Essex County,Irvington Township,Census Tract 119,34013011900,-74.230862,40.726251,340130119002
Block Group 1,340130131001,1052,398,0.06,Essex County,Irvington Township,Census Tract 131,34013013100,-74.218534,40.727283,340130131001
Block Group 2,340130135002,804,269,0.11,Essex County,Nutley Township,Census Tract 135,34013013500,-74.147837,40.821411,340130135002
Block Group 2,340130018002,1194,464,0.05,Essex County,Newark City,Census Tract 18,34013001800,-74.204353,40.740468,340130018002
Block Group 4,340130146004,2092,824,0.11,Essex County,Belleville Township,Census Tract 146,34013014600,-74.161968,40.793365,340130146004
Block Group 2,340297240002,1476,456,0.57,Ocean County,South Toms River Borough,Census Tract 7240,34029724000,-74.205272,39.940735,340297240002
Block Group 3,340030542003,925,332,0.1,Bergen County,Teaneck Township,Census Tract 542,34003054200,-74.003984,40.897814,340030542003
Block Group 4,340030280024,809,375,0.06,Bergen County,Leonia Borough,Census Tract 280.02,34003028002,-73.985329,40.862742,340030280024
Block Group 1,340170201001,4256,1902,1.6,Hudson County,Secaucus Town,Census Tract 201,34017020100,-74.080689,40.768708,340170201001
Block Group 1,340179801001,5,4,1.15,Hudson County,Jersey City,Census Tract 9801,34017980100,-74.046631,40.698059,340179801001
Block Group 2,340373733002,1714,660,2.84,Sussex County,Sparta Township,Census Tract 3733,34037373300,-74.623811,41.015955,340373733002
Block Group 2,340130157002,1318,623,0.12,Essex County,Bloomfield Township,Census Tract 157,34013015700,-74.199958,40.783686,340130157002
Block Group 1,340130158001,1014,365,0.06,Essex County,Bloomfield Township,Census Tract 158,34013015800,-74.184668,40.786163,340130158001
Block Group 2,340130158002,1046,362,0.11,Essex County,Bloomfield Township,Census Tract 158,34013015800,-74.18643,40.783534,340130158002
Block Group 2,340130159002,1509,523,0.06,Essex County,Bloomfield Township,Census Tract 159,34013015900,-74.189482,40.771455,340130159002
Block Group 2,340270464002,1428,493,3.39,Morris County,Mendham Borough,Census Tract 464,34027046400,-74.592449,40.763611,340270464002
Block Group 2,340230060022,2838,419,0.43,Middlesex County,New Brunswick City,Census Tract 60.02,34023006002,-74.43247,40.483148,340230060022
Block Group 3,340076109003,1310,619,0.31,Camden County,Audubon Borough,Census Tract 6109,34007610900,-75.083031,39.88907,340076109003
Block Group 1,340076110001,1190,473,0.09,Camden County,Gloucester City,Census Tract 6110,34007611000,-75.121935,39.895503,340076110001
Block Group 2,340076111002,1554,674,0.31,Camden County,Bellmawr Borough,Census Tract 6111,34007611100,-75.089676,39.867912,340076111002
Block Group 3,340076111003,1429,685,0.33,Camden County,Bellmawr Borough,Census Tract 6111,34007611100,-75.096582,39.87124,340076111003
Block Group 3,340076087003,1145,446,0.59,Camden County,Berlin Borough,Census Tract 6087,34007608700,-74.952152,39.803265,340076087003
Block Group 2,340297360012,1023,437,2.24,Ocean County,Little Egg Harbor Township,Census Tract 7360.01,34029736001,-74.305709,39.613097,340297360012
Block Group 2,340155007052,1599,642,1.38,Gloucester County,Mantua Township,Census Tract 5007.05,34015500705,-75.196171,39.779298,340155007052
Block Group 1,340297360021,1722,797,16.1,Ocean County,Eagleswood Township,Census Tract 7360.02,34029736002,-74.288984,39.652679,340297360021
Block Group 1,340297361011,2462,1166,3.43,Ocean County,Little Egg Harbor Township,Census Tract 7361.01,34029736101,-74.393472,39.571464,340297361011
Block Group 2,340155007022,2632,911,1.17,Gloucester County,Mantua Township,Census Tract 5007.02,34015500702,-75.142219,39.757507,340155007022
Block Group 2,340155022012,1401,439,1.34,Gloucester County,Woolwich Township,Census Tract 5022.01,34015502201,-75.324412,39.748434,340155022012
Block Group 2,340057011042,670,273,0.61,Burlington County,Burlington Township,Census Tract 7011.04,34005701104,-74.886816,40.072547,340057011042
Block Group 3,340057011043,3008,1179,0.88,Burlington County,Burlington Township,Census Tract 7011.04,34005701104,-74.87717,40.056285,340057011043
Block Group 1,340030391001,973,434,0.59,Bergen County,Oakland Borough,Census Tract 391,34003039100,-74.254824,41.020089,340030391001
Block Group 3,340155024003,2747,928,0.94,Gloucester County,Logan Township,Census Tract 5024,34015502400,-75.362834,39.753926,340155024003
Block Group 2,340076092072,2820,900,0.64,Camden County,Winslow Township,Census Tract 6092.07,34007609207,-74.975111,39.749165,340076092072
Block Group 3,340390341003,1403,437,0.12,Union County,Roselle Borough,Census Tract 341,34039034100,-74.24939,40.656465,340390341003
Block Group 4,340311243124,905,334,0.28,Passaic County,Clifton City,Census Tract 1243.12,34031124312,-74.183013,40.852289,340311243124
Block Group 2,340311828002,2246,714,0.2,Passaic County,Paterson City,Census Tract 1828,34031182800,-74.161751,40.904218,340311828002
Block Group 3,340312036003,1230,391,0.05,Passaic County,Prospect Park Borough,Census Tract 2036,34031203600,-74.173031,40.932282,340312036003
Block Group 3,340390365003,1410,465,0.22,Union County,Westfield Town,Census Tract 365,34039036500,-74.362534,40.652463,340390365003
Block Group 1,340390310001,2484,771,0.05,Union County,Elizabeth City,Census Tract 310,34039031000,-74.197411,40.655883,340390310001
Block Group 3,340390346003,1438,514,0.09,Union County,Linden City,Census Tract 346,34039034600,-74.25445,40.642371,340390346003
Block Group 3,340390322003,1164,407,0.07,Union County,Hillside Township,Census Tract 322,34039032200,-74.222533,40.704148,340390322003
Block Group 1,340390352001,1772,610,0.17,Union County,Linden City,Census Tract 352,34039035200,-74.225337,40.647284,340390352001
Block Group 1,340390331001,788,260,0.07,Union County,Union Township,Census Tract 331,34039033100,-74.260508,40.703435,340390331001
Block Group 2,340297111002,1756,806,0.27,Ocean County,Point Pleasant Borough,Census Tract 7111,34029711100,-74.05945,40.077807,340297111002
Block Group 3,340297111003,1594,765,0.29,Ocean County,Point Pleasant Borough,Census Tract 7111,34029711100,-74.054423,40.08358,340297111003
Block Group 1,340297112001,1772,733,0.31,Ocean County,Point Pleasant Borough,Census Tract 7112,34029711200,-74.081594,40.089595,340297112001
Block Group 3,340297112003,1354,623,0.26,Ocean County,Point Pleasant Borough,Census Tract 7112,34029711200,-74.072963,40.086194,340297112003
Block Group 3,340030212003,931,361,0.04,Bergen County,Garfield City,Census Tract 212,34003021200,-74.118318,40.883884,340030212003
Block Group 4,340210037084,1377,845,0.44,Mercer County,Ewing Township,Census Tract 37.08,34021003708,-74.808394,40.256384,340210037084
Block Group 4,340210037034,586,632,0.21,Mercer County,Ewing Township,Census Tract 37.03,34021003703,-74.770264,40.269465,340210037034
Block Group 3,340258114013,2256,732,0.73,Monmouth County,Howell Township,Census Tract 8114.01,34025811401,-74.205925,40.145895,340258114013
Block Group 1,340258114021,1053,317,0.37,Monmouth County,Howell Township,Census Tract 8114.02,34025811402,-74.223884,40.154847,340258114021
Block Group 3,340311251003,1420,522,0.04,Passaic County,Clifton City,Census Tract 1251,34031125100,-74.125254,40.874772,340311251003
Block Group 4,340390383004,825,295,0.34,Union County,Mountainside Borough,Census Tract 383,34039038300,-74.346755,40.688266,340390383004
Block Group 4,340110305014,1825,814,6.51,Cumberland County,Millville City,Census Tract 305.01,34011030501,-75.099236,39.388744,340110305014
Block Group 2,340390315002,1540,540,0.05,Union County,Elizabeth City,Census Tract 315,34039031500,-74.200633,40.681261,340390315002
Block Group 2,340390388002,1790,545,0.14,Union County,Plainfield City,Census Tract 388,34039038800,-74.406472,40.638314,340390388002
Block Group 2,340390337002,1466,489,0.14,Union County,Roselle Park Borough,Census Tract 337,34039033700,-74.258216,40.668918,340390337002
Block Group 1,340390363011,2651,1117,0.84,Union County,Clark Township,Census Tract 363.01,34039036301,-74.309702,40.630963,340390363011
Block Group 4,340210025004,1708,646,0.64,Mercer County,Hamilton Township,Census Tract 25,34021002500,-74.717632,40.18841,340210025004
Block Group 3,340155002033,999,363,0.68,Gloucester County,West Deptford Township,Census Tract 5002.03,34015500203,-75.185666,39.803261,340155002033
Block Group 1,340110103011,1008,415,17.93,Cumberland County,Lawrence Township,Census Tract 103.01,34011010301,-75.231552,39.319755,340110103011
Block Group 2,340170070012,1563,749,0.03,Hudson County,Jersey City,Census Tract 70.01,34017007001,-74.043076,40.724235,340170070012
Block Group 1,340170070021,1190,692,0.03,Hudson County,Jersey City,Census Tract 70.02,34017007002,-74.044592,40.721084,340170070021
Block Group 1,340297139001,1374,514,0.19,Ocean County,Brick Township,Census Tract 7139,34029713900,-74.134881,40.049793,340297139001
Block Group 3,340297139003,956,413,0.12,Ocean County,Brick Township,Census Tract 7139,34029713900,-74.120031,40.051471,340297139003
Block Group 2,340297140002,789,323,0.18,Ocean County,Brick Township,Census Tract 7140,34029714000,-74.143318,40.049945,340297140002
Block Group 1,340170070011,578,288,0.02,Hudson County,Jersey City,Census Tract 70.01,34017007001,-74.041511,40.723695,340170070011
Block Group 5,340170075005,1525,718,0.03,Hudson County,Jersey City,Census Tract 75,34017007500,-74.037914,40.714227,340170075005
Block Group 1,340258114011,1789,568,0.44,Monmouth County,Howell Township,Census Tract 8114.01,34025811401,-74.200466,40.159141,340258114011
Block Group 2,340258114012,1594,490,0.43,Monmouth County,Howell Township,Census Tract 8114.01,34025811401,-74.210042,40.160658,340258114012
Block Group 2,340258088002,1025,500,0.42,Monmouth County,Wall Township,Census Tract 8088,34025808800,-74.049875,40.137573,340258088002
Block Group 4,340258088004,1482,654,0.38,Monmouth County,Wall Township,Census Tract 8088,34025808800,-74.066123,40.121092,340258088004
Block Group 3,340030383003,1168,472,0.06,Bergen County,North Arlington Borough,Census Tract 383,34003038300,-74.136674,40.794348,340030383003
Block Group 1,340170020021,1250,673,0.03,Hudson County,Jersey City,Census Tract 20.02,34017002002,-74.067085,40.729909,340170020021
Block Group 1,340311540061,1150,428,0.13,Passaic County,Little Falls Township,Census Tract 1540.06,34031154006,-74.248825,40.884329,340311540061
Block Group 4,340297114004,1249,486,0.2,Ocean County,Point Pleasant Borough,Census Tract 7114,34029711400,-74.08745,40.07307,340297114004
Block Group 2,340312463002,1326,545,1.57,Passaic County,Wayne Township,Census Tract 2463,34031246300,-74.253744,40.89552,340312463002
Block Group 3,340311434013,1074,471,0.28,Passaic County,Hawthorne Borough,Census Tract 1434.01,34031143401,-74.158961,40.942785,340311434013
Block Group 1,340270446021,1621,637,15.02,Morris County,Jefferson Township,Census Tract 446.02,34027044602,-74.544227,41.035052,340270446021
Block Group 2,340270461082,1823,1176,0.22,Morris County,Mount Olive Township,Census Tract 461.08,34027046108,-74.726637,40.889492,340270461082
Block Group 3,340312460033,1007,275,0.46,Passaic County,Wayne Township,Census Tract 2460.03,34031246003,-74.267834,40.972085,340312460033
Block Group 1,340270461091,1883,630,1.37,Morris County,Mount Olive Township,Census Tract 461.09,34027046109,-74.724823,40.86709,340270461091
Block Group 2,340270403012,1889,1550,0.76,Morris County,Pequannock Township,Census Tract 403.01,34027040301,-74.324086,40.977541,340270403012
Block Group 1,340258106001,1987,808,4.66,Monmouth County,Freehold Township,Census Tract 8106,34025810600,-74.286822,40.188371,340258106001
Block Group 1,340155007051,1321,476,0.66,Gloucester County,Mantua Township,Census Tract 5007.05,34015500705,-75.185558,39.771744,340155007051
Block Group 1,340155015011,1550,599,1.18,Gloucester County,Clayton Borough,Census Tract 5015.01,34015501501,-75.099033,39.669434,340155015011
Block Group 2,340057022072,2306,949,0.88,Burlington County,Pemberton Township,Census Tract 7022.07,34005702207,-74.583788,39.964563,340057022072
Block Group 1,340057038011,2163,818,5.82,Burlington County,Medford Township,Census Tract 7038.01,34005703801,-74.798514,39.878671,340057038011
Block Group 3,340057038033,2454,888,1.46,Burlington County,Medford Township,Census Tract 7038.03,34005703803,-74.849258,39.880491,340057038033
Block Group 4,340057039004,1403,495,0.31,Burlington County,Medford Lakes Borough,Census Tract 7039,34005703900,-74.813133,39.859123,340057039004
Block Group 1,340057022061,1745,764,6.17,Burlington County,Pemberton Township,Census Tract 7022.06,34005702206,-74.533478,39.964552,340057022061
Block Group 1,340057022031,625,252,10.59,Burlington County,Pemberton Township,Census Tract 7022.03,34005702203,-74.637238,39.934881,340057022031
Block Group 1,340312462011,1349,441,0.38,Passaic County,Wayne Township,Census Tract 2462.01,34031246201,-74.263378,40.958792,340312462011
Block Group 5,340230067035,1748,581,0.43,Middlesex County,East Brunswick Township,Census Tract 67.03,34023006703,-74.371553,40.426553,340230067035
Block Group 2,340210001002,1933,623,0.13,Mercer County,Trenton City,Census Tract 1,34021000100,-74.758783,40.201593,340210001002
Block Group 1,340210033031,2071,828,0.31,Mercer County,Lawrence Township,Census Tract 33.03,34021003303,-74.673545,40.273057,340210033031
Block Group 3,340210033033,1057,327,0.77,Mercer County,Lawrence Township,Census Tract 33.03,34021003303,-74.684716,40.278356,340210033033
Block Group 3,340190101003,869,342,4.51,Hunterdon County,Tewksbury Township,Census Tract 101,34019010100,-74.819021,40.69894,340190101003
Block Group 4,340190104004,1348,513,9.11,Hunterdon County,Bethlehem Township,Census Tract 104,34019010400,-75.022318,40.670761,340190104004
Block Group 1,340057032031,770,538,0.4,Burlington County,Southampton Township,Census Tract 7032.03,34005703203,-74.705286,39.904152,340057032031
Block Group 2,340312462012,2300,671,0.7,Passaic County,Wayne Township,Census Tract 2462.01,34031246201,-74.274894,40.95826,340312462012
Block Group 2,340190110032,2003,764,2.13,Hunterdon County,Clinton Township,Census Tract 110.03,34019011003,-74.896584,40.615705,340190110032
Block Group 3,340190106003,2098,781,11.24,Hunterdon County,Alexandria Township,Census Tract 106,34019010600,-75.000231,40.588558,340190106003
Block Group 1,340190112041,2343,846,9.49,Hunterdon County,Readington Township,Census Tract 112.04,34019011204,-74.819232,40.582644,340190112041
Block Group 2,340210032022,1585,587,0.79,Mercer County,Lawrence Township,Census Tract 32.02,34021003202,-74.725466,40.277859,340210032022
Block Group 1,340210033011,2264,919,0.77,Mercer County,Lawrence Township,Census Tract 33.01,34021003301,-74.747654,40.294774,340210033011
Block Group 2,340190111002,2589,1257,3.54,Hunterdon County,Readington Township,Census Tract 111,34019011100,-74.740734,40.605502,340190111002
Block Group 1,340190112031,1368,507,4.19,Hunterdon County,Readington Township,Census Tract 112.03,34019011203,-74.743339,40.589014,340190112031
Block Group 1,340297143001,911,380,0.73,Ocean County,Brick Township,Census Tract 7143,34029714300,-74.095166,40.032672,340297143001
Block Group 2,340297143002,2381,1380,0.85,Ocean County,Brick Township,Census Tract 7143,34029714300,-74.0881,40.019949,340297143002
Block Group 2,340210043072,2250,725,1.21,Mercer County,West Windsor Township,Census Tract 43.07,34021004307,-74.616813,40.297772,340210043072
Block Group 2,340155020022,1111,389,1.56,Gloucester County,Harrison Township,Census Tract 5020.02,34015502002,-75.196885,39.741272,340155020022
Block Group 2,340311801012,936,304,0.12,Passaic County,Paterson City,Census Tract 1801.01,34031180101,-74.188868,40.912815,340311801012
Block Group 3,340311635013,1304,450,0.45,Passaic County,North Haledon Borough,Census Tract 1635.01,34031163501,-74.174953,40.950892,340311635013
Block Group 1,340311635021,1344,517,0.46,Passaic County,North Haledon Borough,Census Tract 1635.02,34031163502,-74.185435,40.954817,340311635021
Block Group 2,340258039002,1063,399,0.82,Monmouth County,Rumson Borough,Census Tract 8039,34025803900,-73.986748,40.374183,340258039002
Block Group 1,340258041001,927,738,0.32,Monmouth County,Monmouth Beach Borough,Census Tract 8041,34025804100,-73.977294,40.338229,340258041001
Block Group 2,340010112022,1176,615,4.13,Atlantic County,Buena Vista Township,Census Tract 112.02,34001011202,-74.936556,39.492501,340010112022
Block Group 1,340010118041,2612,948,1.88,Atlantic County,Egg Harbor Township,Census Tract 118.04,34001011804,-74.640961,39.349004,340010118041
Block Group 3,340010118043,3299,1209,3.25,Atlantic County,Egg Harbor Township,Census Tract 118.04,34001011804,-74.640115,39.366751,340010118043
Block Group 3,340010133013,781,840,0.11,Atlantic County,Ventnor City,Census Tract 133.01,34001013301,-74.489378,39.336456,340010133013
Block Group 2,340130163002,800,293,0.1,Essex County,Montclair Township,Census Tract 163,34013016300,-74.202701,40.831892,340130163002
Block Group 2,340130169002,847,312,0.22,Essex County,Montclair Township,Census Tract 169,34013016900,-74.227766,40.802472,340130169002
Block Group 3,340130170003,864,373,0.1,Essex County,Montclair Township,Census Tract 170,34013017000,-74.220887,40.809995,340130170003
Block Group 1,340130171001,1288,529,0.1,Essex County,Montclair Township,Census Tract 171,34013017100,-74.212078,40.80634,340130171001
Block Group 1,340030034011,1270,373,0.13,Bergen County,Bergenfield Borough,Census Tract 34.01,34003003401,-74.011667,40.919237,340030034011
Block Group 1,340390315001,1650,636,0.16,Union County,Elizabeth City,Census Tract 315,34039031500,-74.194957,40.683477,340390315001
Block Group 1,340010118081,2266,665,0.65,Atlantic County,Egg Harbor Township,Census Tract 118.08,34001011808,-74.624329,39.416092,340010118081
Block Group 1,340010119011,2186,707,0.24,Atlantic County,Pleasantville City,Census Tract 119.01,34001011901,-74.522686,39.396835,340010119011
Block Group 1,340010025001,906,413,0.1,Atlantic County,Atlantic City,Census Tract 25,34001002500,-74.420658,39.366782,340010025001
Block Group 3,340010101013,875,529,0.27,Atlantic County,Brigantine City,Census Tract 101.01,34001010101,-74.374717,39.415944,340010101013
Block Group 4,340230082064,1005,769,0.16,Middlesex County,Monroe Township,Census Tract 82.06,34023008206,-74.468205,40.330256,340230082064
Block Group 1,340057029151,2287,910,0.59,Burlington County,Mount Laurel Township,Census Tract 7029.15,34005702915,-74.872563,39.957137,340057029151
Block Group 3,340010101023,388,751,0.26,Atlantic County,Brigantine City,Census Tract 101.02,34001010102,-74.372633,39.402683,340010101023
Block Group 2,340057004052,1012,458,0.25,Burlington County,Maple Shade Township,Census Tract 7004.05,34005700405,-74.995048,39.945087,340057004052
Block Group 1,340270421001,2288,1019,0.72,Morris County,Hanover Township,Census Tract 421,34027042100,-74.434837,40.815442,340270421001
Block Group 1,340258002001,1162,488,0.33,Monmouth County,Atlantic Highlands Borough,Census Tract 8002,34025800200,-74.043483,40.415856,340258002001
Block Group 2,340057003042,1699,587,0.5,Burlington County,Cinnaminson Township,Census Tract 7003.04,34005700304,-75.0091,39.993692,340057003042
Block Group 1,340057008001,2347,951,0.41,Burlington County,Delanco Township,Census Tract 7008,34005700800,-74.953634,40.050718,340057008001
Block Group 2,340057005032,1138,419,0.52,Burlington County,Moorestown Township,Census Tract 7005.03,34005700503,-74.942905,39.976521,340057005032
Block Group 4,340030392004,890,301,0.27,Bergen County,Oakland Borough,Census Tract 392,34003039200,-74.229132,41.027286,340030392004
Block Group 1,340057003041,842,324,0.24,Burlington County,Cinnaminson Township,Census Tract 7003.04,34005700304,-75.020426,39.990841,340057003041
Block Group 1,340030111001,983,339,0.08,Bergen County,Elmwood Park Borough,Census Tract 111,34003011100,-74.116262,40.918855,340030111001
Block Group 2,340030111002,1354,486,0.19,Bergen County,Elmwood Park Borough,Census Tract 111,34003011100,-74.117124,40.914313,340030111002
Block Group 1,340030120021,1156,520,0.13,Bergen County,East Rutherford Borough,Census Tract 120.02,34003012002,-74.118306,40.847637,340030120021
Block Group 2,340030120022,967,398,0.14,Bergen County,East Rutherford Borough,Census Tract 120.02,34003012002,-74.106208,40.840038,340030120022
Block Group 2,340030130022,1033,520,0.05,Bergen County,Edgewater Borough,Census Tract 130.02,34003013002,-73.973003,40.831194,340030130022
Block Group 3,340030111003,1089,501,0.1,Bergen County,Elmwood Park Borough,Census Tract 111,34003011100,-74.124273,40.918052,340030111003
Block Group 4,340030111004,1406,459,0.13,Bergen County,Elmwood Park Borough,Census Tract 111,34003011100,-74.126435,40.92159,340030111004
Block Group 2,340030112002,1300,456,0.14,Bergen County,Elmwood Park Borough,Census Tract 112,34003011200,-74.13202,40.910246,340030112002
Block Group 4,340030112004,1663,588,0.12,Bergen County,Elmwood Park Borough,Census Tract 112,34003011200,-74.125453,40.906749,340030112004
Block Group 1,340076035031,1951,667,0.89,Camden County,Cherry Hill Township,Census Tract 6035.03,34007603503,-74.99071,39.881911,340076035031
Block Group 1,340311803021,1748,600,0.11,Passaic County,Paterson City,Census Tract 1803.02,34031180302,-74.188926,40.927443,340311803021
Block Group 2,340230026052,1994,818,0.35,Middlesex County,Woodbridge Township,Census Tract 26.05,34023002605,-74.297181,40.58589,340230026052
Block Group 1,340230027011,2759,1024,0.29,Middlesex County,Woodbridge Township,Census Tract 27.01,34023002701,-74.283457,40.589792,340230027011
Block Group 3,340410318003,669,305,6.17,Warren County,Harmony Township,Census Tract 318,34041031800,-75.172578,40.749644,340410318003
Block Group 1,340297113001,1758,730,0.34,Ocean County,Point Pleasant Borough,Census Tract 7113,34029711300,-74.082886,40.077558,340297113001
Block Group 3,340030032003,926,361,0.08,Bergen County,Bergenfield Borough,Census Tract 32,34003003200,-73.996099,40.925716,340030032003
Block Group 2,340030542002,894,455,0.05,Bergen County,Teaneck Township,Census Tract 542,34003054200,-74.00046,40.9019,340030542002
Block Group 2,340270433022,2030,983,0.72,Morris County,Morris Township,Census Tract 433.02,34027043302,-74.454451,40.779107,340270433022
Block Group 3,340076071003,1110,448,0.24,Camden County,Runnemede Borough,Census Tract 6071,34007607100,-75.080534,39.849985,340076071003
Block Group 4,340076071004,1338,518,0.42,Camden County,Runnemede Borough,Census Tract 6071,34007607100,-75.088051,39.849486,340076071004
Block Group 1,340076072001,1825,881,0.43,Camden County,Runnemede Borough,Census Tract 6072,34007607200,-75.056987,39.852471,340076072001
Block Group 1,340297361061,1659,770,0.69,Ocean County,Little Egg Harbor Township,Census Tract 7361.06,34029736106,-74.349353,39.584592,340297361061
Block Group 1,340297201041,1062,891,0.38,Ocean County,Manchester Township,Census Tract 7201.04,34029720104,-74.373779,39.959368,340297201041
Block Group 1,340297201071,1124,829,0.43,Ocean County,Manchester Township,Census Tract 7201.07,34029720107,-74.354182,39.939286,340297201071
Block Group 2,340155012092,2149,945,0.72,Gloucester County,Washington Township,Census Tract 5012.09,34015501209,-75.093615,39.783493,340155012092
Block Group 2,340155012102,1457,537,0.5,Gloucester County,Washington Township,Census Tract 5012.10,34015501210,-75.088074,39.725592,340155012102
Block Group 4,340230061034,1493,802,0.23,Middlesex County,North Brunswick Township,Census Tract 61.03,34023006103,-74.456684,40.464289,340230061034
Block Group 1,340170022001,867,491,0.02,Hudson County,Jersey City,Census Tract 22,34017002200,-74.050009,40.723407,340170022001
Block Group 1,340170064001,1403,834,0.03,Hudson County,Jersey City,Census Tract 64,34017006400,-74.045407,40.71904,340170064001
Block Group 2,340170068002,2340,893,0.06,Hudson County,Jersey City,Census Tract 68,34017006800,-74.079777,40.709055,340170068002
Block Group 3,340030351003,1141,388,0.25,Bergen County,Montvale Borough,Census Tract 351,34003035100,-74.014371,41.041748,340030351003
Block Group 6,340030371006,887,302,0.15,Bergen County,New Milford Borough,Census Tract 371,34003037100,-74.013238,40.947866,340030371006
Block Group 6,340090216006,250,796,0.4,Cape May County,Wildwood Crest Borough,Census Tract 216,34009021600,-74.835134,38.965685,340090216006
Block Group 6,340090214006,244,620,0.39,Cape May County,Wildwood City,Census Tract 214,34009021400,-74.807057,38.985465,340090214006
Block Group 4,340010107004,1255,487,3.79,Atlantic County,Mullica Township,Census Tract 107,34001010700,-74.704991,39.571686,340010107004
Block Group 3,340210027023,2221,999,0.36,Mercer County,Hamilton Township,Census Tract 27.02,34021002702,-74.705076,40.199709,340210027023
Block Group 3,340390382013,1418,425,1.11,Union County,Berkeley Heights Township,Census Tract 382.01,34039038201,-74.416168,40.670071,340390382013
Block Group 4,340350534024,1543,670,3.1,Somerset County,Franklin Township,Census Tract 534.02,34035053402,-74.583732,40.442364,340350534024
Block Group 3,340297240003,661,216,0.36,Ocean County,South Toms River Borough,Census Tract 7240,34029724000,-74.199527,39.945592,340297240003
Block Group 1,340270454021,1087,411,0.23,Morris County,Roxbury Township,Census Tract 454.02,34027045402,-74.650114,40.916026,340270454021
Block Group 1,340297250011,1419,509,1.23,Ocean County,Beachwood Borough,Census Tract 7250.01,34029725001,-74.215805,39.928397,340297250011
Block Group 2,340297250022,1825,617,0.24,Ocean County,Beachwood Borough,Census Tract 7250.02,34029725002,-74.197844,39.925336,340297250022
Block Group 2,340270454022,2448,966,0.89,Morris County,Roxbury Township,Census Tract 454.02,34027045402,-74.650671,40.907757,340270454022
Block Group 2,340270455012,1044,384,0.84,Morris County,Roxbury Township,Census Tract 455.01,34027045501,-74.641136,40.857406,340270455012
Block Group 4,340258071004,641,331,0.1,Monmouth County,Asbury Park City,Census Tract 8071,34025807100,-74.021847,40.225891,340258071004
Block Group 1,340258072001,2389,907,0.14,Monmouth County,Asbury Park City,Census Tract 8072,34025807200,-74.01724,40.217348,340258072001
Block Group 1,340258073001,762,242,0.04,Monmouth County,Asbury Park City,Census Tract 8073,34025807300,-74.018464,40.220413,340258073001
Block Group 2,340258073002,1198,414,0.08,Monmouth County,Asbury Park City,Census Tract 8073,34025807300,-74.022829,40.220504,340258073002
Block Group 2,340258022002,1066,381,0.27,Monmouth County,Hazlet Township,Census Tract 8022,34025802200,-74.140941,40.430442,340258022002
Block Group 3,340390339003,968,348,0.11,Union County,Roselle Park Borough,Census Tract 339,34039033900,-74.27191,40.662118,340390339003
Block Group 4,340030270004,957,312,0.21,Bergen County,Ho-Ho-Kus Borough,Census Tract 270,34003027000,-74.103165,40.997482,340030270004
Block Group 2,340390340002,1847,665,0.16,Union County,Roselle Borough,Census Tract 340,34039034000,-74.256432,40.660161,340390340002
Block Group 3,340390340003,2162,935,0.18,Union County,Roselle Borough,Census Tract 340,34039034000,-74.270126,40.658558,340390340003
Block Group 4,340390340004,885,306,0.15,Union County,Roselle Borough,Census Tract 340,34039034000,-74.280747,40.65465,340390340004
Block Group 1,340390341001,1383,647,0.39,Union County,Roselle Borough,Census Tract 341,34039034100,-74.240882,40.655254,340390341001
Block Group 2,340230085042,2435,896,2.26,Middlesex County,South Brunswick Township,Census Tract 85.04,34023008504,-74.574237,40.371931,340230085042
Block Group 3,340230085043,1664,783,0.67,Middlesex County,South Brunswick Township,Census Tract 85.04,34023008504,-74.559929,40.389992,340230085043
Block Group 1,340057012041,1229,658,0.13,Burlington County,Burlington City,Census Tract 7012.04,34005701204,-74.854545,40.081315,340057012041
Block Group 1,340057005021,1038,314,0.91,Burlington County,Moorestown Township,Census Tract 7005.02,34005700502,-74.974842,39.977958,340057005021
Block Group 2,340057008002,1576,675,0.7,Burlington County,Delanco Township,Census Tract 7008,34005700800,-74.940598,40.055201,340057008002
Block Group 2,340057004032,1353,476,0.25,Burlington County,Maple Shade Township,Census Tract 7004.03,34005700403,-74.999663,39.947948,340057004032
Block Group 1,340057032011,814,336,9.96,Burlington County,Southampton Township,Census Tract 7032.01,34005703201,-74.718953,39.937859,340057032011
Block Group 1,340057032021,755,300,4.25,Burlington County,Southampton Township,Census Tract 7032.02,34005703202,-74.760975,39.951054,340057032021
Block Group 3,340057003053,1909,685,1.01,Burlington County,Cinnaminson Township,Census Tract 7003.05,34005700305,-75.003658,39.977706,340057003053
Block Group 1,340297202061,1475,1061,1.46,Ocean County,Manchester Township,Census Tract 7202.06,34029720206,-74.286769,40.043347,340297202061
Block Group 2,340297155012,2520,613,0.39,Ocean County,Lakewood Township,Census Tract 7155.01,34029715501,-74.234555,40.092527,340297155012
Block Group 2,340230082102,2354,870,1.04,Middlesex County,Monroe Township,Census Tract 82.10,34023008210,-74.463322,40.348057,340230082102
Block Group 4,340230038014,1257,417,0.08,Middlesex County,Carteret Borough,Census Tract 38.01,34023003801,-74.229812,40.574241,340230038014
Block Group 2,340230073052,2189,1069,0.17,Middlesex County,Sayreville Borough,Census Tract 73.05,34023007305,-74.289466,40.453034,340230073052
Block Group 2,340010110002,1789,672,6.33,Atlantic County,Hammonton Town,Census Tract 110,34001011000,-74.804064,39.60748,340010110002
Block Group 3,340350503003,800,335,0.15,Somerset County,Somerville Borough,Census Tract 503,34035050300,-74.605635,40.574682,340350503003
Block Group 1,340350502001,740,317,0.11,Somerset County,Somerville Borough,Census Tract 502,34035050200,-74.608249,40.573638,340350502001
Block Group 1,340010111001,1169,475,0.68,Atlantic County,Hammonton Town,Census Tract 111,34001011100,-74.819404,39.646018,340010111001
Block Group 2,340010111002,1006,354,0.23,Atlantic County,Hammonton Town,Census Tract 111,34001011100,-74.810518,39.63388,340010111002
Block Group 3,340010111003,932,349,3.65,Atlantic County,Hammonton Town,Census Tract 111,34001011100,-74.832991,39.629044,340010111003
Block Group 3,340390344003,1266,402,0.11,Union County,Roselle Borough,Census Tract 344,34039034400,-74.256493,40.651635,340390344003
Block Group 1,340030481001,894,332,0.14,Bergen County,River Edge Borough,Census Tract 481,34003048100,-74.029895,40.938283,340030481001
Block Group 3,340030481003,1068,432,0.06,Bergen County,River Edge Borough,Census Tract 481,34003048100,-74.037613,40.914202,340030481003
Block Group 4,340030481004,786,252,0.12,Bergen County,River Edge Borough,Census Tract 481,34003048100,-74.035384,40.926673,340030481004
Block Group 4,340390344004,1754,646,0.13,Union County,Roselle Borough,Census Tract 344,34039034400,-74.247872,40.650677,340390344004
Block Group 1,340390345001,1239,392,0.1,Union County,Linden City,Census Tract 345,34039034500,-74.231551,40.651497,340390345001
Block Group 3,340390345003,925,274,0.12,Union County,Linden City,Census Tract 345,34039034500,-74.238343,40.646247,340390345003
Block Group 4,340030061014,1138,468,0.05,Bergen County,Cliffside Park Borough,Census Tract 61.01,34003006101,-73.987493,40.832019,340030061014
Block Group 2,340030211022,966,381,0.08,Bergen County,Garfield City,Census Tract 211.02,34003021102,-74.111747,40.883631,340030211022
Block Group 2,340057011052,2069,657,0.86,Burlington County,Burlington Township,Census Tract 7011.05,34005701105,-74.859243,40.04355,340057011052
Block Group 1,340030061021,945,381,0.06,Bergen County,Cliffside Park Borough,Census Tract 61.02,34003006102,-73.993108,40.825439,340030061021
Block Group 4,340258115014,796,235,1.21,Monmouth County,Howell Township,Census Tract 8115.01,34025811501,-74.161731,40.116596,340258115014
Block Group 2,340258070062,409,412,0.09,Monmouth County,Asbury Park City,Census Tract 8070.06,34025807006,-74.0007,40.223135,340258070062
Block Group 4,340258125014,2138,680,6.39,Monmouth County,Millstone Township,Census Tract 8125.01,34025812501,-74.413695,40.246525,340258125014
Block Group 4,340057029104,1275,825,2,Burlington County,Mount Laurel Township,Census Tract 7029.10,34005702910,-74.894774,39.961306,340057029104
Block Group 1,340350539011,743,298,0.61,Somerset County,Rocky Hill Borough,Census Tract 539.01,34035053901,-74.639846,40.40043,340350539011
Block Group 3,340230077023,2317,970,3.13,Middlesex County,Old Bridge Township,Census Tract 77.02,34023007702,-74.342815,40.344368,340230077023
Block Group 1,340230006091,1700,550,0.46,Middlesex County,Piscataway Township,Census Tract 6.09,34023000609,-74.437464,40.534528,340230006091
Block Group 4,340210044044,810,291,0.37,Mercer County,East Windsor Township,Census Tract 44.04,34021004404,-74.496385,40.260763,340210044044
Block Group 3,340210044033,1527,675,0.31,Mercer County,Hightstown Borough,Census Tract 44.03,34021004403,-74.518415,40.271088,340210044033
Block Group 5,340030474005,1253,432,0.23,Bergen County,Ridgewood Village,Census Tract 474,34003047400,-74.127825,40.976107,340030474005
Block Group 1,340030475001,757,241,0.17,Bergen County,Ridgewood Village,Census Tract 475,34003047500,-74.09578,40.977009,340030475001
Block Group 1,340239801001,84,32,1.82,Middlesex County,Woodbridge Township,Census Tract 9801,34023980100,-74.319054,40.507025,340239801001
Block Group 4,340030475004,1507,468,0.29,Bergen County,Ridgewood Village,Census Tract 475,34003047500,-74.108934,40.969405,340030475004
Block Group 6,340030475006,1123,322,0.22,Bergen County,Ridgewood Village,Census Tract 475,34003047500,-74.102844,40.979395,340030475006
Block Group 2,340110206002,2245,880,0.54,Cumberland County,Bridgeton City,Census Tract 206,34011020600,-75.248967,39.425195,340110206002
Block Group 2,340010105052,2184,777,3.1,Atlantic County,Galloway Township,Census Tract 105.05,34001010505,-74.48112,39.454357,340010105052
Block Group 1,340010105061,2026,752,1.5,Atlantic County,Galloway Township,Census Tract 105.06,34001010506,-74.523933,39.44817,340010105061
Block Group 1,340010112021,1936,798,14.31,Atlantic County,Buena Vista Township,Census Tract 112.02,34001011202,-74.884159,39.466826,340010112021
Block Group 5,340057043025,1965,578,0.49,Burlington County,Chesterfield Township,Census Tract 7043.02,34005704302,-74.65955,40.139781,340057043025
Block Group 1,340210026011,819,305,0.19,Mercer County,Hamilton Township,Census Tract 26.01,34021002601,-74.728728,40.206722,340210026011
Block Group 1,340210044061,1092,381,0.47,Mercer County,East Windsor Township,Census Tract 44.06,34021004406,-74.531788,40.288362,340210044061
Block Group 1,340311540031,1771,868,0.4,Passaic County,Little Falls Township,Census Tract 1540.03,34031154003,-74.212719,40.880123,340311540031
Block Group 1,340390386021,1452,460,0.8,Union County,Scotch Plains Township,Census Tract 386.02,34039038602,-74.380303,40.620616,340390386021
Block Group 1,340155011031,1610,573,0.48,Gloucester County,Deptford Township,Census Tract 5011.03,34015501103,-75.084106,39.801783,340155011031
Block Group 2,340311434022,1241,444,0.31,Passaic County,Hawthorne Borough,Census Tract 1434.02,34031143402,-74.165376,40.955355,340311434022
Block Group 2,340311434012,734,333,0.1,Passaic County,Hawthorne Borough,Census Tract 1434.01,34031143401,-74.158136,40.94695,340311434012
Block Group 3,340311244043,914,364,0.07,Passaic County,Clifton City,Census Tract 1244.04,34031124404,-74.148026,40.853174,340311244043
Block Group 2,340311802032,1484,398,0.03,Passaic County,Paterson City,Census Tract 1802.03,34031180203,-74.186074,40.918755,340311802032
Block Group 2,340390386022,1943,605,1.75,Union County,Scotch Plains Township,Census Tract 386.02,34039038602,-74.376462,40.610548,340390386022
Block Group 3,340155004003,920,426,0.25,Gloucester County,Paulsboro Borough,Census Tract 5004,34015500400,-75.250872,39.829285,340155004003
Block Group 2,340297220012,1918,676,0.46,Ocean County,Toms River Township,Census Tract 7220.01,34029722001,-74.246544,40.050926,340297220012
Block Group 1,340297101021,922,479,0.23,Ocean County,Point Pleasant Beach Borough,Census Tract 7101.02,34029710102,-74.047738,40.088068,340297101021
Block Group 3,340297228003,794,346,0.1,Ocean County,Toms River Township,Census Tract 7228,34029722800,-74.188023,39.965723,340297228003
Block Group 2,340297280032,321,380,0.09,Ocean County,Seaside Heights Borough,Census Tract 7280.03,34029728003,-74.072845,39.942227,340297280032
Block Group 1,340297155031,2332,402,0.87,Ocean County,Lakewood Township,Census Tract 7155.03,34029715503,-74.240767,40.081001,340297155031
Block Group 2,340350512002,1327,429,0.17,Somerset County,Bound Brook Borough,Census Tract 512,34035051200,-74.546999,40.564438,340350512002
Block Group 1,340350514001,1167,403,0.47,Somerset County,Manville Borough,Census Tract 514,34035051400,-74.581572,40.540277,340350514001
Block Group 2,340350514002,878,350,0.16,Somerset County,Manville Borough,Census Tract 514,34035051400,-74.585013,40.541645,340350514002
Block Group 2,340270406002,979,388,0.38,Morris County,Butler Borough,Census Tract 406,34027040600,-74.35527,41.005404,340270406002
Block Group 2,340010114042,2600,1055,7.71,Atlantic County,Hamilton Township,Census Tract 114.04,34001011404,-74.68684,39.434587,340010114042
Block Group 1,340010012001,784,434,0.06,Atlantic County,Atlantic City,Census Tract 12,34001001200,-74.436881,39.368832,340010012001
Block Group 1,340010023001,837,429,0.13,Atlantic County,Atlantic City,Census Tract 23,34001002300,-74.436758,39.35362,340010023001
Block Group 1,340010101021,604,731,0.37,Atlantic County,Brigantine City,Census Tract 101.02,34001010102,-74.375864,39.396127,340010101021
Block Group 4,340090215004,546,762,0.17,Cape May County,Wildwood City,Census Tract 215,34009021500,-74.829003,38.988976,340090215004
Block Group 1,340170146001,2453,890,0.66,Hudson County,North Bergen Township,Census Tract 146,34017014600,-74.024113,40.800454,340170146001
Block Group 3,340170147003,1215,477,0.05,Hudson County,North Bergen Township,Census Tract 147,34017014700,-74.035223,40.78256,340170147003
Block Group 1,340170151001,1883,676,0.04,Hudson County,Guttenberg Town,Census Tract 151,34017015100,-74.011402,40.795985,340170151001
Block Group 3,340170153003,1926,738,0.02,Hudson County,West New York Town,Census Tract 153,34017015300,-74.008537,40.790837,340170153003
Block Group 2,340170157002,2025,730,0.03,Hudson County,West New York Town,Census Tract 157,34017015700,-74.015149,40.787029,340170157002
Block Group 3,340170163003,1565,561,0.02,Hudson County,Union City,Census Tract 163,34017016300,-74.022023,40.776112,340170163003
Block Group 2,340170169002,1818,774,0.03,Hudson County,Union City,Census Tract 169,34017016900,-74.033007,40.766306,340170169002
Block Group 2,340170171002,1632,608,0.03,Hudson County,Union City,Census Tract 171,34017017100,-74.040239,40.765023,340170171002
Block Group 4,340230014154,1088,378,0.54,Middlesex County,Edison Township,Census Tract 14.15,34023001415,-74.364862,40.558904,340230014154
Block Group 1,340230014171,1102,403,0.3,Middlesex County,Edison Township,Census Tract 14.17,34023001417,-74.352719,40.567968,340230014171
Block Group 4,340170178004,1937,710,0.03,Hudson County,Union City,Census Tract 178,34017017800,-74.038027,40.756408,340170178004
Block Group 2,340170188002,839,471,0.02,Hudson County,Hoboken City,Census Tract 188,34017018800,-74.031657,40.742596,340170188002
Block Group 1,340170190001,1232,707,0.02,Hudson County,Hoboken City,Census Tract 190,34017019000,-74.035981,40.742109,340170190001
Block Group 2,340170324002,1562,510,0.03,Hudson County,West New York Town,Census Tract 324,34017032400,-74.011316,40.792117,340170324002
Block Group 1,340170002001,2131,878,0.04,Hudson County,Jersey City,Census Tract 2,34017000200,-74.044674,40.75527,340170002001
Block Group 2,340390381042,1297,497,0.34,Union County,New Providence Borough,Census Tract 381.04,34039038104,-74.392326,40.713293,340390381042
Block Group 4,340076110004,1749,644,0.41,Camden County,Gloucester City,Census Tract 6110,34007611000,-75.117406,39.901271,340076110004
Block Group 1,340297202051,1341,671,1.69,Ocean County,Manchester Township,Census Tract 7202.05,34029720205,-74.298442,40.027139,340297202051
Block Group 3,340297350013,1961,671,0.44,Ocean County,Stafford Township,Census Tract 7350.01,34029735001,-74.283442,39.741991,340297350013
Block Group 3,340297351043,1551,745,1.56,Ocean County,Stafford Township,Census Tract 7351.04,34029735104,-74.24518,39.689892,340297351043
Block Group 1,340059821111,1142,172,4.44,Burlington County,New Hanover Township,Census Tract 9821.11,34005982111,-74.591676,40.021447,340059821111
Block Group 2,340057045002,1446,690,3.19,Burlington County,North Hanover Township,Census Tract 7045,34005704500,-74.562412,40.06405,340057045002
Block Group 1,340059818021,3124,20,0.95,Burlington County,Chesterfield Township,Census Tract 9818.02,34005981802,-74.669529,40.160479,340059818021
Block Group 5,340057005055,1775,647,1.3,Burlington County,Moorestown Township,Census Tract 7005.05,34005700505,-74.892342,39.997111,340057005055
Block Group 1,340130111001,2511,1231,0.06,Essex County,East Orange City,Census Tract 111,34013011100,-74.211697,40.757143,340130111001
Block Group 3,340057005053,1416,478,1.05,Burlington County,Moorestown Township,Census Tract 7005.05,34005700505,-74.926445,39.980681,340057005053
Block Group 4,340057037004,1503,540,3.4,Burlington County,Shamong Township,Census Tract 7037,34005703700,-74.752896,39.812096,340057037004
Block Group 3,340057032023,1167,427,5.94,Burlington County,Southampton Township,Census Tract 7032.02,34005703202,-74.765795,39.914808,340057032023
Block Group 3,340057032013,1724,600,14.64,Burlington County,Southampton Township,Census Tract 7032.01,34005703201,-74.645699,39.898596,340057032013
Block Group 4,340297153014,1076,525,0.1,Ocean County,Lakewood Township,Census Tract 7153.01,34029715301,-74.216101,40.107982,340297153014
Block Group 1,340297156001,4017,598,0.22,Ocean County,Lakewood Township,Census Tract 7156,34029715600,-74.211766,40.074904,340297156001
Block Group 2,340297142002,995,521,0.23,Ocean County,Brick Township,Census Tract 7142,34029714200,-74.106868,40.022745,340297142002
Block Group 3,340297142003,1499,655,0.29,Ocean County,Brick Township,Census Tract 7142,34029714200,-74.104656,40.034811,340297142003
Block Group 4,340057040124,1286,494,2.18,Burlington County,Evesham Township,Census Tract 7040.12,34005704012,-74.889279,39.844773,340057040124
Block Group 4,340057048014,588,0,4.41,Burlington County,New Hanover Township,Census Tract 7048.01,34005704801,-74.572835,40.006248,340057048014
Block Group 4,340030312004,1381,580,0.11,Bergen County,Lyndhurst Township,Census Tract 312,34003031200,-74.128754,40.815033,340030312004
Block Group 1,340030215001,814,294,0.03,Bergen County,Garfield City,Census Tract 215,34003021500,-74.100125,40.872733,340030215001
Block Group 3,340390357003,821,295,0.11,Union County,Rahway City,Census Tract 357,34039035700,-74.28939,40.607815,340390357003
Block Group 5,340390357005,1325,505,0.17,Union County,Rahway City,Census Tract 357,34039035700,-74.293261,40.598106,340390357005
Block Group 1,340390358001,1111,505,0.29,Union County,Rahway City,Census Tract 358,34039035800,-74.267144,40.598341,340390358001
Block Group 2,340390358002,933,312,0.35,Union County,Rahway City,Census Tract 358,34039035800,-74.282699,40.597209,340390358002
Block Group 3,340390358003,1295,469,0.14,Union County,Rahway City,Census Tract 358,34039035800,-74.286843,40.600512,340390358003
Block Group 1,340390357001,1232,482,0.1,Union County,Rahway City,Census Tract 357,34039035700,-74.28076,40.613414,340390357001
Block Group 2,340390357002,1530,624,0.2,Union County,Rahway City,Census Tract 357,34039035700,-74.28688,40.612467,340390357002
Block Group 3,340230087003,76,28,4.35,Middlesex County,Cranbury Township,Census Tract 87,34023008700,-74.495171,40.313947,340230087003
Block Group 3,340390369003,649,268,0.11,Union County,Garwood Borough,Census Tract 369,34039036900,-74.321437,40.645711,340390369003
Block Group 1,340390359001,1294,591,0.1,Union County,Rahway City,Census Tract 359,34039035900,-74.280317,40.608556,340390359001
Block Group 2,340390359002,1493,786,0.1,Union County,Rahway City,Census Tract 359,34039035900,-74.278613,40.606041,340390359002
Block Group 1,340230066011,1296,473,0.98,Middlesex County,East Brunswick Township,Census Tract 66.01,34023006601,-74.450729,40.43988,340230066011
Block Group 2,340076082092,3565,1526,0.82,Camden County,Gloucester Township,Census Tract 6082.09,34007608209,-75.043085,39.815786,340076082092
Block Group 2,340390351002,860,387,0.08,Union County,Linden City,Census Tract 351,34039035100,-74.25488,40.628545,340390351002
Block Group 1,340390360001,1987,1081,0.12,Union County,Rahway City,Census Tract 360,34039036000,-74.269525,40.607901,340390360001
Block Group 1,340297138001,2010,916,2.39,Ocean County,Brick Township,Census Tract 7138,34029713800,-74.081587,40.043187,340297138001
Block Group 2,340311243232,712,377,0.06,Passaic County,Clifton City,Census Tract 1243.23,34031124323,-74.166637,40.853888,340311243232
Block Group 2,340390373002,722,248,0.09,Union County,Cranford Township,Census Tract 373,34039037300,-74.301484,40.636984,340390373002
Block Group 3,340390359003,1401,502,0.11,Union County,Rahway City,Census Tract 359,34039035900,-74.279819,40.603635,340390359003
Block Group 2,340390360002,1483,578,0.41,Union County,Rahway City,Census Tract 360,34039036000,-74.263494,40.609648,340390360002
Block Group 3,340390360003,1974,1058,0.24,Union County,Rahway City,Census Tract 360,34039036000,-74.269472,40.603173,340390360003
Block Group 1,340390362001,1239,481,0.26,Union County,Clark Township,Census Tract 362,34039036200,-74.287813,40.623333,340390362001
Block Group 3,340390362003,926,332,0.15,Union County,Clark Township,Census Tract 362,34039036200,-74.301435,40.620027,340390362003
Block Group 4,340390362004,1155,446,0.22,Union County,Clark Township,Census Tract 362,34039036200,-74.296008,40.623245,340390362004
Block Group 2,340130201002,1740,545,0.52,Essex County,Millburn Township,Census Tract 201,34013020100,-74.312649,40.751515,340130201002
Block Group 4,340130217014,918,337,0.11,Essex County,Caldwell Borough,Census Tract 217.01,34013021701,-74.275575,40.843938,340130217014
Block Group 1,340130217021,1533,655,0.23,Essex County,Caldwell Borough,Census Tract 217.02,34013021702,-74.282267,40.837491,340130217021
Block Group 3,340130217023,2040,577,0.26,Essex County,Caldwell Borough,Census Tract 217.02,34013021702,-74.273419,40.834088,340130217023
Block Group 3,340258057003,801,312,0.1,Monmouth County,Long Branch City,Census Tract 8057,34025805700,-74.006617,40.301731,340258057003
Block Group 2,340258058002,629,178,0.08,Monmouth County,Long Branch City,Census Tract 8058,34025805800,-73.98794,40.303256,340258058002
Block Group 4,340258059004,1548,538,0.12,Monmouth County,Long Branch City,Census Tract 8059,34025805900,-73.9952,40.297403,340258059004
Block Group 1,340258066001,1170,473,0.37,Monmouth County,Ocean Township,Census Tract 8066,34025806600,-74.032957,40.230033,340258066001
Block Group 2,340258081002,835,431,0.15,Monmouth County,Neptune City Borough,Census Tract 8081,34025808100,-74.0423,40.201589,340258081002
Block Group 1,340258065031,1601,556,0.58,Monmouth County,Ocean Township,Census Tract 8065.03,34025806503,-74.071151,40.242236,340258065031
Block Group 3,340030221003,1536,567,0.25,Bergen County,Glen Rock Borough,Census Tract 221,34003022100,-74.124835,40.967603,340030221003
Block Group 3,340311242023,1060,483,0.26,Passaic County,Clifton City,Census Tract 1242.02,34031124202,-74.179479,40.885162,340311242023
Block Group 3,340311432023,684,249,0.16,Passaic County,Hawthorne Borough,Census Tract 1432.02,34031143202,-74.159775,40.964255,340311432023
Block Group 2,340311433012,1067,434,0.15,Passaic County,Hawthorne Borough,Census Tract 1433.01,34031143301,-74.152546,40.963988,340311433012
Block Group 1,340076104001,567,0,0.01,Camden County,Camden City,Census Tract 6104,34007610400,-75.123723,39.943458,340076104001
Block Group 1,340030222001,947,317,0.34,Bergen County,Glen Rock Borough,Census Tract 222,34003022200,-74.109712,40.959149,340030222001
Block Group 2,340030222002,1303,406,0.23,Bergen County,Glen Rock Borough,Census Tract 222,34003022200,-74.112916,40.955608,340030222002
Block Group 3,340030222003,891,290,0.16,Bergen County,Glen Rock Borough,Census Tract 222,34003022200,-74.120781,40.959743,340030222003
Block Group 3,340030303003,977,388,0.16,Bergen County,Lodi Borough,Census Tract 303,34003030300,-74.086865,40.877226,340030303003
Block Group 2,340130183002,1532,478,0.07,Essex County,City of Orange Township,Census Tract 183,34013018300,-74.228262,40.77331,340130183002
Block Group 2,340258062022,2044,807,0.49,Monmouth County,West Long Branch Borough,Census Tract 8062.02,34025806202,-74.011028,40.292515,340258062022
Block Group 1,340258063001,1333,641,0.74,Monmouth County,Ocean Township,Census Tract 8063,34025806300,-74.008222,40.267894,340258063001
Block Group 3,340270431003,1495,493,0.49,Morris County,Madison Borough,Census Tract 431,34027043100,-74.413814,40.74537,340270431003
Block Group 2,340258033002,1573,494,1.54,Monmouth County,Holmdel Township,Census Tract 8033,34025803300,-74.198181,40.39325,340258033002
Block Group 1,340258034001,1494,502,0.28,Monmouth County,Red Bank Borough,Census Tract 8034,34025803400,-74.071049,40.342885,340258034001
Block Group 2,340030301002,1556,641,0.24,Bergen County,Lodi Borough,Census Tract 301,34003030100,-74.07019,40.879962,340030301002
Block Group 3,340030301003,939,371,0.07,Bergen County,Lodi Borough,Census Tract 301,34003030100,-74.072339,40.874531,340030301003
Block Group 1,340390380001,1036,438,0.22,Union County,Summit City,Census Tract 380,34039038000,-74.336777,40.717595,340390380001
Block Group 3,340390380003,1323,473,0.32,Union County,Summit City,Census Tract 380,34039038000,-74.348172,40.70752,340390380003
Block Group 3,340312366043,1619,653,0.57,Passaic County,Wanaque Borough,Census Tract 2366.04,34031236604,-74.282185,41.063272,340312366043
Block Group 4,340311244044,1020,391,0.08,Passaic County,Clifton City,Census Tract 1244.04,34031124404,-74.149185,40.850589,340311244044
Block Group 4,340311432024,1152,440,0.19,Passaic County,Hawthorne Borough,Census Tract 1432.02,34031143202,-74.16003,40.956477,340311432024
Block Group 1,340270445041,2240,837,0.85,Morris County,Rockaway Township,Census Tract 445.04,34027044504,-74.532997,40.905852,340270445041
Block Group 4,340030301004,629,286,0.12,Bergen County,Lodi Borough,Census Tract 301,34003030100,-74.077823,40.881886,340030301004
Block Group 2,340030303002,795,302,0.05,Bergen County,Lodi Borough,Census Tract 303,34003030300,-74.081551,40.883346,340030303002
Block Group 2,340297136002,2149,803,0.44,Ocean County,Brick Township,Census Tract 7136,34029713600,-74.096475,40.069674,340297136002
Block Group 0,340297310020,0,0,0,Ocean County,Berkeley Township,Census Tract 7310.02,34029731002,-74.114073,39.888151,340297310020
Block Group 3,340350536033,2242,1014,2.01,Somerset County,Branchburg Township,Census Tract 536.03,34035053603,-74.69357,40.570783,340350536033
Block Group 1,340030181021,1388,469,0.07,Bergen County,Fairview Borough,Census Tract 181.02,34003018102,-73.993763,40.820318,340030181021
Block Group 2,340030372042,1379,717,0.06,Bergen County,New Milford Borough,Census Tract 372.04,34003037204,-74.022107,40.924785,340030372042
Block Group 2,340030233042,1118,530,0.12,Bergen County,Hackensack City,Census Tract 233.04,34003023304,-74.05666,40.895129,340030233042
Block Group 3,340030552013,1381,442,0.28,Bergen County,Tenafly Borough,Census Tract 552.01,34003055201,-73.980431,40.918554,340030552013
Block Group 4,340390379004,2106,661,0.49,Union County,Summit City,Census Tract 379,34039037900,-74.377873,40.706458,340390379004
Block Group 4,340030592004,794,288,0.14,Bergen County,Westwood Borough,Census Tract 592,34003059200,-74.041687,40.978729,340030592004
Block Group 1,340373725001,2335,1039,1.63,Sussex County,Hardyston Township,Census Tract 3725,34037372500,-74.604394,41.148181,340373725001
Block Group 1,340010003001,1497,558,0.05,Atlantic County,Atlantic City,Census Tract 3,34001000300,-74.452554,39.355692,340010003001
Block Group 1,340130094001,1286,591,0.1,Essex County,Newark City,Census Tract 94,34013009400,-74.171291,40.770122,340130094001
Block Group 1,340130183001,652,230,0.04,Essex County,City of Orange Township,Census Tract 183,34013018300,-74.225645,40.774391,340130183001
Block Group 3,340130187003,1967,813,0.11,Essex County,City of Orange Township,Census Tract 187,34013018700,-74.234624,40.764396,340130187003
Block Group 3,340130079003,1777,855,0.05,Essex County,Newark City,Census Tract 79,34013007900,-74.166955,40.730034,340130079003
Block Group 3,340130067003,912,356,0.03,Essex County,Newark City,Census Tract 67,34013006700,-74.180965,40.722494,340130067003
Block Group 3,340170017013,753,214,0.18,Hudson County,Jersey City,Census Tract 17.01,34017001701,-74.082163,40.736867,340170017013
Block Group 1,340170077021,1289,846,0.08,Hudson County,Jersey City,Census Tract 77.02,34017007702,-74.03674,40.731844,340170077021
Block Group 4,340170074004,1841,984,0.05,Hudson County,Jersey City,Census Tract 74,34017007400,-74.030358,40.713371,340170074004
Block Group 1,340170184021,2046,954,0.12,Hudson County,Hoboken City,Census Tract 184.02,34017018402,-74.031401,40.755686,340170184021
Block Group 1,340030032001,1041,397,0.12,Bergen County,Bergenfield Borough,Census Tract 32,34003003200,-73.994487,40.932692,340030032001
Block Group 1,340311964011,2112,719,0.49,Passaic County,Pompton Lakes Borough,Census Tract 1964.01,34031196401,-74.290175,40.992139,340311964011
Block Group 2,340390331002,945,305,0.1,Union County,Union Township,Census Tract 331,34039033100,-74.259794,40.697697,340390331002
Block Group 3,340390331003,896,319,0.09,Union County,Union Township,Census Tract 331,34039033100,-74.263907,40.699037,340390331003
Block Group 5,340390331005,683,239,0.06,Union County,Union Township,Census Tract 331,34039033100,-74.267926,40.700838,340390331005
Block Group 6,340390331006,914,397,0.09,Union County,Union Township,Census Tract 331,34039033100,-74.271397,40.697807,340390331006
Block Group 7,340390331007,845,360,0.15,Union County,Union Township,Census Tract 331,34039033100,-74.268617,40.692894,340390331007
Block Group 2,340170041032,1152,428,0.03,Hudson County,Jersey City,Census Tract 41.03,34017004103,-74.075627,40.719829,340170041032
Block Group 2,340170044002,1620,671,0.04,Hudson County,Jersey City,Census Tract 44,34017004400,-74.077614,40.714896,340170044002
Block Group 2,340170041042,1425,580,0.02,Hudson County,Jersey City,Census Tract 41.04,34017004104,-74.074084,40.721568,340170041042
Block Group 2,340170138002,3650,2191,0.24,Hudson County,Harrison Town,Census Tract 138,34017013800,-74.15986,40.739824,340170138002
Block Group 3,340170030003,1023,530,0.03,Hudson County,Jersey City,Census Tract 30,34017003000,-74.067465,40.721953,340170030003
Block Group 2,340170031022,1257,616,0.03,Hudson County,Jersey City,Census Tract 31.02,34017003102,-74.066228,40.720101,340170031022
Block Group 2,340155014052,2062,780,0.48,Gloucester County,Glassboro Borough,Census Tract 5014.05,34015501405,-75.1009,39.716946,340155014052
Block Group 2,340076114002,21,9,0.95,Camden County,Pine Hill Borough,Census Tract 6114,34007611400,-74.975703,39.788061,340076114002
Block Group 2,340390333002,1167,405,0.11,Union County,Union Township,Census Tract 333,34039033300,-74.266335,40.684015,340390333002
Block Group 4,340390388004,941,369,0.19,Union County,Plainfield City,Census Tract 388,34039038800,-74.398161,40.633005,340390388004
Block Group 4,340390373004,696,266,0.07,Union County,Cranford Township,Census Tract 373,34039037300,-74.298605,40.648834,340390373004
Block Group 1,340170054001,2671,998,0.18,Hudson County,Jersey City,Census Tract 54,34017005400,-74.092061,40.709607,340170054001
Block Group 3,340170042003,1063,428,0.02,Hudson County,Jersey City,Census Tract 42,34017004200,-74.082333,40.717492,340170042003
Block Group 2,340170054002,1241,463,0.03,Hudson County,Jersey City,Census Tract 54,34017005400,-74.087009,40.706307,340170054002
Block Group 1,340130116001,1111,448,0.05,Essex County,East Orange City,Census Tract 116,34013011600,-74.217357,40.754757,340130116001
Block Group 1,340297201021,829,595,0.2,Ocean County,Manchester Township,Census Tract 7201.02,34029720102,-74.34699,39.956757,340297201021
Block Group 3,340297210003,791,304,0.13,Ocean County,Lakehurst Borough,Census Tract 7210,34029721000,-74.322887,40.014784,340297210003
Block Group 2,340090201012,964,952,0.15,Cape May County,Ocean City,Census Tract 201.01,34009020101,-74.568285,39.287575,340090201012
Block Group 1,340090201021,369,1114,0.19,Cape May County,Ocean City,Census Tract 201.02,34009020102,-74.57638,39.273956,340090201021
Block Group 1,340170145011,1640,574,0.05,Hudson County,North Bergen Township,Census Tract 145.01,34017014501,-74.018428,40.797832,340170145011
Block Group 3,340170145023,1576,915,0.04,Hudson County,North Bergen Township,Census Tract 145.02,34017014502,-74.02116,40.79474,340170145023
Block Group 2,340170149002,1222,434,0.04,Hudson County,North Bergen Township,Census Tract 149,34017014900,-74.049122,40.76058,340170149002
Block Group 2,340170150012,325,130,0.01,Hudson County,Guttenberg Town,Census Tract 150.01,34017015001,-73.995587,40.78871,340170150012
Block Group 1,340170152011,1533,1006,0.04,Hudson County,West New York Town,Census Tract 152.01,34017015201,-74.003157,40.787132,340170152011
Block Group 1,340170152021,1465,793,0.02,Hudson County,West New York Town,Census Tract 152.02,34017015202,-74.004758,40.787049,340170152021
Block Group 5,340390349005,1419,486,0.17,Union County,Linden City,Census Tract 349,34039034900,-74.280366,40.632949,340390349005
Block Group 1,340390365001,1497,466,0.35,Union County,Westfield Town,Census Tract 365,34039036500,-74.356382,40.66347,340390365001
Block Group 2,340390338002,714,251,0.07,Union County,Roselle Park Borough,Census Tract 338,34039033800,-74.269814,40.668509,340390338002
Block Group 4,340390384004,986,413,0.13,Union County,Scotch Plains Township,Census Tract 384,34039038400,-74.404016,40.645621,340390384004
Block Group 2,340390328002,995,349,0.05,Union County,Union Township,Census Tract 328,34039032800,-74.277166,40.716642,340390328002
Block Group 1,340076092011,951,391,0.54,Camden County,Winslow Township,Census Tract 6092.01,34007609201,-74.991381,39.714925,340076092011
Block Group 4,340076105004,2525,832,0.25,Camden County,Pennsauken Township,Census Tract 6105,34007610500,-75.075175,39.960518,340076105004
Block Group 6,340390349006,906,314,0.11,Union County,Linden City,Census Tract 349,34039034900,-74.276964,40.635421,340390349006
Block Group 1,340390350001,1159,441,0.08,Union County,Linden City,Census Tract 350,34039035000,-74.258897,40.63051,340390350001
Block Group 1,340076111001,19,1,0.55,Camden County,Bellmawr Borough,Census Tract 6111,34007611100,-75.091641,39.859884,340076111001
Block Group 2,340010125022,635,283,0.48,Atlantic County,Linwood City,Census Tract 125.02,34001012502,-74.581503,39.343736,340010125022
Block Group 1,340010126021,1474,570,1.11,Atlantic County,Linwood City,Census Tract 126.02,34001012602,-74.573924,39.332057,340010126021
Block Group 2,340373746002,1773,822,0.92,Sussex County,Stanhope Borough,Census Tract 3746,34037374600,-74.7062,40.916766,340373746002
Block Group 3,340373746003,998,381,0.61,Sussex County,Stanhope Borough,Census Tract 3746,34037374600,-74.690812,40.913502,340373746003
Block Group 3,340076117003,1038,433,0.21,Camden County,Mount Ephraim Borough,Census Tract 6117,34007611700,-75.089918,39.885949,340076117003
Block Group 2,340297361012,911,315,6.19,Ocean County,Little Egg Harbor Township,Census Tract 7361.01,34029736101,-74.366334,39.624054,340297361012
Block Group 2,340297202032,2436,846,0.73,Ocean County,Manchester Township,Census Tract 7202.03,34029720203,-74.258265,40.005736,340297202032
Block Group 4,340155020014,1118,311,1.72,Gloucester County,Harrison Township,Census Tract 5020.01,34015502001,-75.249247,39.746374,340155020014
Block Group 7,340210038007,917,360,4.95,Mercer County,Hopewell Township,Census Tract 38,34021003800,-74.812455,40.356514,340210038007
Block Group 2,340312460032,1324,483,0.41,Passaic County,Wayne Township,Census Tract 2460.03,34031246003,-74.255762,40.968194,340312460032
Block Group 3,340155016083,1400,501,0.7,Gloucester County,Monroe Township,Census Tract 5016.08,34015501608,-75.018486,39.700552,340155016083
Block Group 2,340155016032,2388,1094,0.51,Gloucester County,Monroe Township,Census Tract 5016.03,34015501603,-74.999746,39.692311,340155016032
Block Group 2,340311243122,1121,608,0.22,Passaic County,Clifton City,Census Tract 1243.12,34031124312,-74.184217,40.859527,340311243122
Block Group 3,340258022003,765,326,0.13,Monmouth County,Hazlet Township,Census Tract 8022,34025802200,-74.145485,40.439839,340258022003
Block Group 3,340258030003,1915,845,0.39,Monmouth County,Matawan Borough,Census Tract 8030,34025803000,-74.245432,40.419354,340258030003
Block Group 3,340258101013,1460,493,0.57,Monmouth County,Manalapan Township,Census Tract 8101.01,34025810101,-74.294893,40.295909,340258101013
Block Group 2,340155007032,576,220,2.94,Gloucester County,Mantua Township,Census Tract 5007.03,34015500703,-75.153229,39.7385,340155007032
Block Group 1,340030154011,1339,524,0.11,Bergen County,Englewood City,Census Tract 154.01,34003015401,-73.973024,40.900206,340030154011
Block Group 3,340030600013,1198,567,0.14,Bergen County,Wood-Ridge Borough,Census Tract 600.01,34003060001,-74.080034,40.846433,340030600013
Block Group 3,340210015003,784,306,0.07,Mercer County,Trenton City,Census Tract 15,34021001500,-74.772247,40.228835,340210015003
Block Group 3,340210030043,1707,785,0.39,Mercer County,Hamilton Township,Census Tract 30.04,34021003004,-74.693297,40.191948,340210030043
Block Group 2,340210030092,1955,1192,0.21,Mercer County,Hamilton Township,Census Tract 30.09,34021003009,-74.68034,40.216291,340210030092
Block Group 2,340030541012,994,298,0.1,Bergen County,Teaneck Township,Census Tract 541.01,34003054101,-73.994239,40.906144,340030541012
Block Group 1,340030546021,1632,514,0.19,Bergen County,Teaneck Township,Census Tract 546.02,34003054602,-74.005886,40.879972,340030546021
Block Group 1,340258016001,718,347,0.09,Monmouth County,Keansburg Borough,Census Tract 8016,34025801600,-74.102308,40.478306,340258016001
Block Group 5,340030171015,1414,548,0.19,Bergen County,Fair Lawn Borough,Census Tract 171.01,34003017101,-74.120181,40.944752,340030171015
Block Group 1,340030175021,1546,602,0.15,Bergen County,Fair Lawn Borough,Census Tract 175.02,34003017502,-74.102135,40.92754,340030175021
Block Group 4,340030175014,1382,487,0.2,Bergen County,Fair Lawn Borough,Census Tract 175.01,34003017501,-74.112672,40.929723,340030175014
Block Group 2,340030511002,1752,443,0.15,Bergen County,Rutherford Borough,Census Tract 511,34003051100,-74.113018,40.832696,340030511002
Block Group 1,340030171021,1149,374,0.13,Bergen County,Fair Lawn Borough,Census Tract 171.02,34003017102,-74.104211,40.941621,340030171021
Block Group 3,340030521003,1460,499,0.15,Bergen County,Saddle Brook Township,Census Tract 521,34003052100,-74.105682,40.917482,340030521003
Block Group 2,340030130042,1620,753,0.09,Bergen County,Edgewater Borough,Census Tract 130.04,34003013004,-73.979725,40.820076,340030130042
Block Group 1,340030421021,1074,375,0.23,Bergen County,Paramus Borough,Census Tract 421.02,34003042102,-74.047682,40.949365,340030421021
Block Group 1,340010113001,1054,404,3.56,Atlantic County,Buena Borough,Census Tract 113,34001011300,-74.935465,39.535131,340010113001
Block Group 3,340010113003,1727,828,2.78,Atlantic County,Buena Borough,Census Tract 113,34001011300,-74.962007,39.52304,340010113003
Block Group 6,340130160006,1322,379,0.21,Essex County,Glen Ridge Borough,Census Tract 160,34013016000,-74.208849,40.795051,340130160006
Block Group 1,340130163001,766,261,0.17,Essex County,Montclair Township,Census Tract 163,34013016300,-74.19437,40.833107,340130163001
Block Group 1,340130164001,819,321,0.14,Essex County,Montclair Township,Census Tract 164,34013016400,-74.210588,40.836174,340130164001
Block Group 4,340130164004,1289,515,0.41,Essex County,Montclair Township,Census Tract 164,34013016400,-74.217451,40.833307,340130164004
Block Group 4,340130165004,1089,359,0.17,Essex County,Montclair Township,Census Tract 165,34013016500,-74.203441,40.82397,340130165004
Block Group 5,340130165005,848,305,0.18,Essex County,Montclair Township,Census Tract 165,34013016500,-74.207856,40.826606,340130165005
Block Group 1,340130166001,1267,605,0.11,Essex County,Montclair Township,Census Tract 166,34013016600,-74.210718,40.820108,340130166001
Block Group 2,340130166002,778,376,0.09,Essex County,Montclair Township,Census Tract 166,34013016600,-74.21548,40.819849,340130166002
Block Group 1,340373727001,654,287,0.49,Sussex County,Hamburg Borough,Census Tract 3727,34037372700,-74.577633,41.149184,340373727001
Block Group 2,340373727002,1259,610,0.31,Sussex County,Hamburg Borough,Census Tract 3727,34037372700,-74.567975,41.142992,340373727002
Block Group 7,340130200007,761,226,0.36,Essex County,Millburn Township,Census Tract 200,34013020000,-74.328165,40.736064,340130200007
Block Group 2,340030154022,1266,589,0.32,Bergen County,Englewood City,Census Tract 154.02,34003015402,-73.983303,40.884371,340030154022
Block Group 2,340030193052,1851,626,0.18,Bergen County,Fort Lee Borough,Census Tract 193.05,34003019305,-73.975862,40.842909,340030193052
Block Group 2,340030340012,708,287,0.15,Bergen County,Midland Park Borough,Census Tract 340.01,34003034001,-74.139597,40.989067,340030340012
Block Group 1,340030532011,1623,521,0.87,Bergen County,Upper Saddle River Borough,Census Tract 532.01,34003053201,-74.081654,41.066118,340030532011
Block Group 3,340030154013,1175,383,0.11,Bergen County,Englewood City,Census Tract 154.01,34003015401,-73.975803,40.8976,340030154013
Block Group 2,340030475002,977,316,0.21,Bergen County,Ridgewood Village,Census Tract 475,34003047500,-74.100033,40.968712,340030475002
Block Group 2,340030430022,1856,865,0.47,Bergen County,Park Ridge Borough,Census Tract 430.02,34003043002,-74.038477,41.033444,340030430022
Block Group 2,340297321012,1791,694,0.39,Ocean County,Lacey Township,Census Tract 7321.01,34029732101,-74.17798,39.847532,340297321012
Block Group 3,340076014003,752,331,0.15,Camden County,Camden City,Census Tract 6014,34007601400,-75.095585,39.934785,340076014003
Block Group 3,340155001003,1317,572,0.29,Gloucester County,Westville Borough,Census Tract 5001,34015500100,-75.129296,39.862385,340155001003
Block Group 4,340076014004,976,401,0.06,Camden County,Camden City,Census Tract 6014,34007601400,-75.097885,39.932006,340076014004
Block Group 2,340030032002,1109,404,0.08,Bergen County,Bergenfield Borough,Census Tract 32,34003003200,-73.994517,40.929588,340030032002
Block Group 5,340030032005,888,289,0.09,Bergen County,Bergenfield Borough,Census Tract 32,34003003200,-73.995617,40.918965,340030032005
Block Group 5,340030475005,901,320,0.17,Bergen County,Ridgewood Village,Census Tract 475,34003047500,-74.106813,40.975215,340030475005
Block Group 2,340030331002,847,329,0.08,Bergen County,Maywood Borough,Census Tract 331,34003033100,-74.057731,40.905366,340030331002
Block Group 4,340030101004,861,293,0.08,Bergen County,Dumont Borough,Census Tract 101,34003010100,-73.979568,40.945791,340030101004
Block Group 5,340030551005,968,334,0.22,Bergen County,Tenafly Borough,Census Tract 551,34003055100,-73.964104,40.916446,340030551005
Block Group 1,340270417061,1202,390,1.32,Morris County,Parsippany-Troy Hills Township,Census Tract 417.06,34027041706,-74.401123,40.885207,340270417061
Block Group 1,340030352001,895,349,0.39,Bergen County,Woodcliff Lake Borough,Census Tract 352,34003035200,-74.033627,41.019307,340030352001
Block Group 2,340130011002,1228,496,0.1,Essex County,Newark City,Census Tract 11,34013001100,-74.184875,40.743971,340130011002
Block Group 1,340130013001,2025,817,0.09,Essex County,Newark City,Census Tract 13,34013001300,-74.193565,40.742752,340130013001
Block Group 1,340130014001,1786,656,0.06,Essex County,Newark City,Census Tract 14,34013001400,-74.198507,40.744776,340130014001
Block Group 1,340130015001,2084,728,0.09,Essex County,Newark City,Census Tract 15,34013001500,-74.192057,40.745996,340130015001
Block Group 2,340130016002,798,331,0.05,Essex County,Newark City,Census Tract 16,34013001600,-74.194206,40.751314,340130016002
Block Group 1,340130017001,872,318,0.05,Essex County,Newark City,Census Tract 17,34013001700,-74.197643,40.752212,340130017001
Block Group 2,340130017002,1782,680,0.06,Essex County,Newark City,Census Tract 17,34013001700,-74.19728,40.749256,340130017002
Block Group 1,340130018001,1296,515,0.22,Essex County,Newark City,Census Tract 18,34013001800,-74.204144,40.745541,340130018001
Block Group 1,340130019001,759,262,0.14,Essex County,Newark City,Census Tract 19,34013001900,-74.210853,40.745507,340130019001
Block Group 3,340030242003,861,313,0.36,Bergen County,Harrington Park Borough,Census Tract 242,34003024200,-73.988071,40.981376,340030242003
Block Group 4,340030591004,1103,590,0.17,Bergen County,Westwood Borough,Census Tract 591,34003059100,-74.026859,40.985604,340030591004
Block Group 1,340076082091,705,397,0.25,Camden County,Gloucester Township,Census Tract 6082.09,34007608209,-75.037959,39.807163,340076082091
Block Group 2,340190113032,1491,663,1.13,Hunterdon County,Raritan Township,Census Tract 113.03,34019011303,-74.828231,40.483421,340190113032
Block Group 2,340270403022,2562,930,0.76,Morris County,Pequannock Township,Census Tract 403.02,34027040302,-74.305856,40.948699,340270403022
Block Group 3,340030463003,1459,528,0.1,Bergen County,Ridgefield Park Village,Census Tract 463,34003046300,-74.024554,40.846679,340030463003
Block Group 2,340270454042,1447,686,0.66,Morris County,Mount Arlington Borough,Census Tract 454.04,34027045404,-74.634475,40.931669,340270454042
Block Group 1,340270454041,1027,509,0.33,Morris County,Mount Arlington Borough,Census Tract 454.04,34027045404,-74.638111,40.923314,340270454041
Block Group 4,340030474004,748,334,0.1,Bergen County,Ridgewood Village,Census Tract 474,34003047400,-74.124464,40.980403,340030474004
Block Group 3,340258111013,535,225,0.15,Monmouth County,Howell Township,Census Tract 8111.01,34025811101,-74.258316,40.212423,340258111013
Block Group 1,340258122001,1477,604,0.62,Monmouth County,Eatontown Borough,Census Tract 8122,34025812200,-74.042728,40.297816,340258122001
Block Group 1,340076011021,1539,582,0.12,Camden County,Camden City,Census Tract 6011.02,34007601102,-75.08444,39.952917,340076011021
Block Group 3,340076011023,1176,377,0.08,Camden County,Camden City,Census Tract 6011.02,34007601102,-75.07547,39.951377,340076011023
Block Group 4,340076011024,909,272,0.09,Camden County,Camden City,Census Tract 6011.02,34007601102,-75.080944,39.956029,340076011024
Block Group 3,340076012003,1617,542,0.07,Camden County,Camden City,Census Tract 6012,34007601200,-75.083053,39.94534,340076012003
Block Group 3,340311826003,1378,471,0.43,Passaic County,Paterson City,Census Tract 1826,34031182600,-74.137416,40.900224,340311826003
Block Group 4,340311826004,2083,674,0.09,Passaic County,Paterson City,Census Tract 1826,34031182600,-74.14243,40.908618,340311826004
Block Group 1,340311824001,1840,546,0.06,Passaic County,Paterson City,Census Tract 1824,34031182400,-74.148768,40.914772,340311824001
Block Group 2,340311824002,1321,372,0.1,Passaic County,Paterson City,Census Tract 1824,34031182400,-74.147077,40.909176,340311824002
Block Group 5,340410315005,3739,1759,1.1,Warren County,Mansfield Township,Census Tract 315,34041031500,-74.840602,40.826163,340410315005
Block Group 1,340390381011,1387,454,0.4,Union County,New Providence Borough,Census Tract 381.01,34039038101,-74.394144,40.694321,340390381011
Block Group 1,340390382021,1547,522,0.44,Union County,Berkeley Heights Township,Census Tract 382.02,34039038202,-74.451957,40.674527,340390382021
Block Group 1,340390383001,1859,687,0.44,Union County,Mountainside Borough,Census Tract 383,34039038300,-74.355448,40.677135,340390383001
Block Group 1,340270439001,2824,829,1.23,Morris County,Chatham Township,Census Tract 439,34027043900,-74.408345,40.736689,340270439001
Block Group 1,340270438011,1004,385,0.21,Morris County,Morristown Town,Census Tract 438.01,34027043801,-74.491547,40.80166,340270438011
Block Group 3,340110206003,1534,439,0.42,Cumberland County,Bridgeton City,Census Tract 206,34011020600,-75.238468,39.416462,340110206003
Block Group 1,340110302001,829,339,0.3,Cumberland County,Millville City,Census Tract 302,34011030200,-75.023457,39.399,340110302001
Block Group 1,340270433021,1516,638,1.03,Morris County,Morris Township,Census Tract 433.02,34027043302,-74.445224,40.785661,340270433021
Block Group 1,340390382011,1862,632,0.73,Union County,Berkeley Heights Township,Census Tract 382.01,34039038201,-74.434482,40.672421,340390382011
Block Group 1,340373715031,1501,594,7.31,Sussex County,Vernon Township,Census Tract 3715.03,34037371503,-74.400269,41.202762,340373715031
Block Group 1,340373715021,1009,453,8.07,Sussex County,Vernon Township,Census Tract 3715.02,34037371502,-74.454531,41.146846,340373715021
Block Group 4,340390334004,752,274,0.1,Union County,Union Township,Census Tract 334,34039033400,-74.265476,40.680265,340390334004
Block Group 3,340170058013,1299,471,0.03,Hudson County,Jersey City,Census Tract 58.01,34017005801,-74.080161,40.701514,340170058013
Block Group 1,340170065001,740,363,0.07,Hudson County,Jersey City,Census Tract 65,34017006500,-74.053682,40.718491,340170065001
Block Group 1,340170066001,1329,447,0.13,Hudson County,Jersey City,Census Tract 66,34017006600,-74.058462,40.725106,340170066001
Block Group 3,340170067003,1502,613,0.05,Hudson County,Jersey City,Census Tract 67,34017006700,-74.058926,40.715832,340170067003
Block Group 2,340373715022,1801,1002,4.72,Sussex County,Vernon Township,Census Tract 3715.02,34037371502,-74.485446,41.142422,340373715022
Block Group 5,340110302005,1342,628,0.38,Cumberland County,Millville City,Census Tract 302,34011030200,-75.032894,39.390826,340110302005
Block Group 2,340010003002,1535,569,0.04,Atlantic County,Atlantic City,Census Tract 3,34001000300,-74.452671,39.353141,340010003002
Block Group 3,340010003003,995,538,0.04,Atlantic County,Atlantic City,Census Tract 3,34001000300,-74.458044,39.351668,340010003003
Block Group 1,340170071001,1005,431,0.04,Hudson County,Jersey City,Census Tract 71,34017007100,-74.058458,40.731019,340170071001
Block Group 1,340170074001,1419,697,0.01,Hudson County,Jersey City,Census Tract 74,34017007400,-74.039185,40.712185,340170074001
Block Group 2,340170075002,1499,707,0.03,Hudson County,Jersey City,Census Tract 75,34017007500,-74.039213,40.716087,340170075002
Block Group 3,340170075003,1677,993,0.01,Hudson County,Jersey City,Census Tract 75,34017007500,-74.041294,40.716856,340170075003
Block Group 1,340010005001,946,318,0.05,Atlantic County,Atlantic City,Census Tract 5,34001000500,-74.445881,39.357686,340010005001
Block Group 2,340010005002,2066,750,0.06,Atlantic County,Atlantic City,Census Tract 5,34001000500,-74.449286,39.357278,340010005002
Block Group 2,340010011002,969,481,0.06,Atlantic County,Atlantic City,Census Tract 11,34001001100,-74.435426,39.364794,340010011002
Block Group 2,340010012002,1195,518,0.24,Atlantic County,Atlantic City,Census Tract 12,34001001200,-74.441485,39.374228,340010012002
Block Group 3,340010012003,855,402,0.16,Atlantic County,Atlantic City,Census Tract 12,34001001200,-74.441816,39.365277,340010012003
Block Group 2,340230014102,2428,940,0.41,Middlesex County,Edison Township,Census Tract 14.10,34023001410,-74.355847,40.590384,340230014102
Block Group 1,340230014111,923,292,0.39,Middlesex County,Edison Township,Census Tract 14.11,34023001411,-74.353575,40.60104,340230014111
Block Group 1,340170078001,4343,2222,0.22,Hudson County,Jersey City,Census Tract 78,34017007800,-74.042558,40.730632,340170078001
Block Group 3,340170135003,1389,640,0.08,Hudson County,Harrison Town,Census Tract 135,34017013500,-74.148771,40.750417,340170135003
Block Group 1,340170141011,2192,1378,0.05,Hudson County,North Bergen Township,Census Tract 141.01,34017014101,-73.994896,40.802709,340170141011
Block Group 2,340170141012,2306,1220,0.15,Hudson County,North Bergen Township,Census Tract 141.01,34017014101,-73.99257,40.795174,340170141012
Block Group 2,340210042052,2745,944,1.92,Mercer County,Princeton,Census Tract 42.05,34021004205,-74.633981,40.371461,340210042052
Block Group 2,340130138002,631,292,0.05,Essex County,Nutley Township,Census Tract 138,34013013800,-74.164928,40.819796,340130138002
Block Group 1,340130144001,1960,896,0.32,Essex County,Belleville Township,Census Tract 144,34013014400,-74.144369,40.796423,340130144001
Block Group 2,340130144002,685,299,0.1,Essex County,Belleville Township,Census Tract 144,34013014400,-74.14811,40.790789,340130144002
Block Group 2,340230014112,1207,402,0.23,Middlesex County,Edison Township,Census Tract 14.11,34023001411,-74.342377,40.601575,340230014112
Block Group 3,340230014113,1489,457,0.3,Middlesex County,Edison Township,Census Tract 14.11,34023001411,-74.340833,40.591592,340230014113
Block Group 1,340312462031,1670,582,0.43,Passaic County,Wayne Township,Census Tract 2462.03,34031246203,-74.251698,40.926365,340312462031
Block Group 1,340076089031,834,307,1.46,Camden County,Waterford Township,Census Tract 6089.03,34007608903,-74.853069,39.777643,340076089031
Block Group 2,340076089032,1362,483,2.66,Camden County,Waterford Township,Census Tract 6089.03,34007608903,-74.832352,39.767327,340076089032
Block Group 3,340130152003,1704,763,0.14,Essex County,Bloomfield Township,Census Tract 152,34013015200,-74.189055,40.80243,340130152003
Block Group 4,340130152004,1463,756,0.09,Essex County,Bloomfield Township,Census Tract 152,34013015200,-74.189216,40.809562,340130152004
Block Group 1,340230062071,2289,817,0.21,Middlesex County,North Brunswick Township,Census Tract 62.07,34023006207,-74.480172,40.453616,340230062071
Block Group 3,340373715023,750,355,0.25,Sussex County,Vernon Township,Census Tract 3715.02,34037371502,-74.467977,41.182096,340373715023
Block Group 2,340110302002,891,375,0.1,Cumberland County,Millville City,Census Tract 302,34011030200,-75.032835,39.396816,340110302002
Block Group 1,340110303001,1039,399,0.1,Cumberland County,Millville City,Census Tract 303,34011030300,-75.042945,39.402294,340110303001
Block Group 2,340110303002,1224,554,0.42,Cumberland County,Millville City,Census Tract 303,34011030300,-75.044367,39.396359,340110303002
Block Group 3,340010025003,628,257,0.06,Atlantic County,Atlantic City; Brigantine City,Census Tract 25,34001002500,-74.412921,39.369909,340010025003
Block Group 1,340010101011,818,612,0.32,Atlantic County,Brigantine City,Census Tract 101.01,34001010101,-74.3648,39.416318,340010101011
Block Group 1,340110206001,885,354,0.93,Cumberland County,Bridgeton City,Census Tract 206,34011020600,-75.243039,39.438483,340110206001
Block Group 2,340270433012,1314,519,1,Morris County,Morris Township,Census Tract 433.01,34027043301,-74.46814,40.807436,340270433012
Block Group 1,340155012101,953,309,0.37,Gloucester County,Washington Township,Census Tract 5012.10,34015501210,-75.093507,39.72145,340155012101
Block Group 2,340030080012,1164,417,0.27,Bergen County,Cresskill Borough,Census Tract 80.01,34003008001,-73.95929,40.944918,340030080012
Block Group 1,340030552021,1407,537,0.31,Bergen County,Tenafly Borough,Census Tract 552.02,34003055202,-73.967316,40.930021,340030552021
Block Group 1,340030546011,956,397,0.41,Bergen County,Teaneck Township,Census Tract 546.01,34003054601,-74.008226,40.866071,340030546011
Block Group 1,340030302021,1366,548,0.12,Bergen County,Lodi Borough,Census Tract 302.02,34003030202,-74.085948,40.885661,340030302021
Block Group 3,340030091003,888,298,0.18,Bergen County,Demarest Borough,Census Tract 91,34003009100,-73.969441,40.955872,340030091003
Block Group 2,340350532002,1696,481,0.19,Somerset County,Franklin Township,Census Tract 532,34035053200,-74.471198,40.495816,340350532002
Block Group 3,340057003033,2116,962,1.45,Burlington County,Cinnaminson Township,Census Tract 7003.03,34005700303,-74.995733,40.022029,340057003033
Block Group 2,340390397002,1478,469,0.22,Union County,Plainfield City,Census Tract 397,34039039700,-74.399737,40.604429,340390397002
Block Group 2,340170048002,1563,570,0.03,Hudson County,Jersey City,Census Tract 48,34017004800,-74.087362,40.717403,340170048002
Block Group 2,340090204002,836,339,20.22,Cape May County,Upper Township,Census Tract 204,34009020400,-74.7976,39.275953,340090204002
Block Group 7,340090213007,180,844,0.19,Cape May County,North Wildwood City,Census Tract 213,34009021300,-74.799252,38.991208,340090213007
Block Group 6,340090213006,314,1290,0.19,Cape May County,North Wildwood City,Census Tract 213,34009021300,-74.785739,38.999819,340090213006
Block Group 2,340350526052,1929,652,1.25,Somerset County,Bernards Township,Census Tract 526.05,34035052605,-74.608181,40.659805,340350526052
Block Group 1,340410319001,1437,575,3.29,Warren County,Washington Township,Census Tract 319,34041031900,-74.977632,40.780827,340410319001
Block Group 3,340410319003,980,379,4.7,Warren County,Washington Township,Census Tract 319,34041031900,-74.990351,40.729705,340410319003
Block Group 2,340190104002,792,371,0.93,Hunterdon County,Bloomsbury Borough,Census Tract 104,34019010400,-75.084502,40.652501,340190104002
Block Group 3,340190102023,1005,429,0.96,Hunterdon County,Califon Borough,Census Tract 102.02,34019010202,-74.835553,40.720487,340190102023
Block Group 1,340030154021,2016,1154,0.22,Bergen County,Englewood City,Census Tract 154.02,34003015402,-73.987382,40.879347,340030154021
Block Group 2,340030171022,1041,492,0.11,Bergen County,Fair Lawn Borough,Census Tract 171.02,34003017102,-74.107815,40.939399,340030171022
Block Group 2,340030063022,1370,593,0.04,Bergen County,Cliffside Park Borough,Census Tract 63.02,34003006302,-73.990067,40.815658,340030063022
Block Group 2,340030080022,1456,496,0.22,Bergen County,Cresskill Borough,Census Tract 80.02,34003008002,-73.974844,40.937796,340030080022
Block Group 2,340030600012,979,395,0.1,Bergen County,Wood-Ridge Borough,Census Tract 600.01,34003060001,-74.082416,40.850125,340030600012
Block Group 1,340030600011,796,292,0.09,Bergen County,Wood-Ridge Borough,Census Tract 600.01,34003060001,-74.087747,40.845162,340030600011
Block Group 4,340155012024,1886,622,0.61,Gloucester County,Washington Township,Census Tract 5012.02,34015501202,-75.093319,39.756284,340155012024
Block Group 1,340057040071,2152,830,0.55,Burlington County,Evesham Township,Census Tract 7040.07,34005704007,-74.906003,39.889253,340057040071
Block Group 1,340057029101,1996,692,1.86,Burlington County,Mount Laurel Township,Census Tract 7029.10,34005702910,-74.90401,39.950898,340057029101
Block Group 2,340076070002,2833,1174,0.4,Camden County,Bellmawr Borough,Census Tract 6070,34007607000,-75.117075,39.870518,340076070002
Block Group 1,340312460021,1260,480,0.34,Passaic County,Wayne Township,Census Tract 2460.02,34031246002,-74.262094,40.994318,340312460021
Block Group 2,340057006032,2591,871,1.25,Burlington County,Delran Township,Census Tract 7006.03,34005700603,-74.949436,40.024321,340057006032
Block Group 2,340057011032,18,2,1.39,Burlington County,Burlington Township,Census Tract 7011.03,34005701103,-74.825091,40.102821,340057011032
Block Group 1,340057003051,1714,574,0.46,Burlington County,Cinnaminson Township,Census Tract 7003.05,34005700305,-74.988289,39.983469,340057003051
Block Group 2,340057006022,1150,399,0.78,Burlington County,Delran Township,Census Tract 7006.02,34005700602,-74.945339,40.009772,340057006022
Block Group 2,340057038022,1723,718,1.37,Burlington County,Medford Township,Census Tract 7038.02,34005703802,-74.832004,39.894546,340057038022
Block Group 2,340373726002,1120,447,11.89,Sussex County,Hardyston Township,Census Tract 3726,34037372600,-74.537755,41.121371,340373726002
Block Group 3,340373726003,1565,912,7.47,Sussex County,Hardyston Township,Census Tract 3726,34037372600,-74.550158,41.085272,340373726003
Block Group 1,340010014001,1281,473,0.58,Atlantic County,Atlantic City,Census Tract 14,34001001400,-74.428298,39.379038,340010014001
Block Group 2,340010014002,1160,558,0.1,Atlantic County,Atlantic City,Census Tract 14,34001001400,-74.423602,39.373421,340010014002
Block Group 1,340057036001,2235,881,2.79,Burlington County,Tabernacle Township,Census Tract 7036,34005703600,-74.742288,39.855859,340057036001
Block Group 1,340057040061,2342,1003,0.97,Burlington County,Evesham Township,Census Tract 7040.06,34005704006,-74.924871,39.875893,340057040061
Block Group 1,340010015001,1294,655,0.06,Atlantic County,Atlantic City,Census Tract 15,34001001500,-74.428277,39.367232,340010015001
Block Group 2,340010023002,1921,661,0.14,Atlantic County,Atlantic City,Census Tract 23,34001002300,-74.44211,39.360031,340010023002
Block Group 1,340010024001,745,316,0.09,Atlantic County,Atlantic City,Census Tract 24,34001002400,-74.431612,39.363462,340010024001
Block Group 3,340010024003,417,180,0.13,Atlantic County,Atlantic City,Census Tract 24,34001002400,-74.432452,39.360341,340010024003
Block Group 3,340130134003,971,337,0.13,Essex County,Nutley Township,Census Tract 134,34013013400,-74.16423,40.828191,340130134003
Block Group 4,340130134004,986,331,0.1,Essex County,Nutley Township,Census Tract 134,34013013400,-74.163987,40.832552,340130134004
Block Group 1,340130135001,895,337,0.12,Essex County,Nutley Township,Census Tract 135,34013013500,-74.144263,40.824724,340130135001
Block Group 3,340130135003,777,260,0.12,Essex County,Nutley Township,Census Tract 135,34013013500,-74.149449,40.81748,340130135003
Block Group 4,340130135004,1223,584,0.14,Essex County,Nutley Township,Census Tract 135,34013013500,-74.154758,40.820705,340130135004
Block Group 5,340130135005,904,378,0.1,Essex County,Nutley Township,Census Tract 135,34013013500,-74.150498,40.825372,340130135005
Block Group 1,340155016031,1712,945,0.91,Gloucester County,Monroe Township,Census Tract 5016.03,34015501603,-74.992368,39.701436,340155016031
Block Group 2,340057003072,1615,544,0.47,Burlington County,Cinnaminson Township,Census Tract 7003.07,34005700307,-74.973691,39.992554,340057003072
Block Group 3,340010130003,826,591,0.2,Atlantic County,Margate City,Census Tract 130,34001013000,-74.501664,39.33942,340010130003
Block Group 1,340010001001,1094,446,0.3,Atlantic County,Atlantic City,Census Tract 1,34001000100,-74.458238,39.358673,340010001001
Block Group 1,340010002001,1171,685,0.08,Atlantic County,Atlantic City,Census Tract 2,34001000200,-74.459173,39.343652,340010002001
Block Group 2,340155012052,1958,700,1.42,Gloucester County,Washington Township,Census Tract 5012.05,34015501205,-75.02916,39.731528,340155012052
Block Group 3,340258095033,2209,795,2.1,Monmouth County,Marlboro Township,Census Tract 8095.03,34025809503,-74.257049,40.375603,340258095033
Block Group 2,340030232012,1303,624,0.07,Bergen County,Hackensack City,Census Tract 232.01,34003023201,-74.04909,40.896215,340030232012
Block Group 2,340030235022,1339,490,0.09,Bergen County,Hackensack City,Census Tract 235.02,34003023502,-74.047306,40.883472,340030235022
Block Group 2,340030233032,625,402,0.02,Bergen County,Hackensack City,Census Tract 233.03,34003023303,-74.052374,40.892406,340030233032
Block Group 3,340030173013,897,319,0.09,Bergen County,Fair Lawn Borough,Census Tract 173.01,34003017301,-74.134794,40.932506,340030173013
Block Group 3,340030302013,920,368,0.05,Bergen County,Lodi Borough,Census Tract 302.01,34003030201,-74.093271,40.878043,340030302013
Block Group 4,340030234024,785,268,0.09,Bergen County,Hackensack City,Census Tract 234.02,34003023402,-74.063258,40.882816,340030234024
Block Group 1,340258089011,1590,999,0.66,Monmouth County,Spring Lake Heights Borough,Census Tract 8089.01,34025808901,-74.045905,40.149712,340258089011
Block Group 4,340030521004,1982,704,0.59,Bergen County,Saddle Brook Township,Census Tract 521,34003052100,-74.094249,40.906516,340030521004
Block Group 6,340030521006,1010,349,0.19,Bergen County,Saddle Brook Township,Census Tract 521,34003052100,-74.093778,40.914659,340030521006
Block Group 3,340030211023,833,298,0.05,Bergen County,Garfield City,Census Tract 211.02,34003021102,-74.105995,40.884615,340030211023
Block Group 1,340030061011,927,502,0.03,Bergen County,Cliffside Park Borough,Census Tract 61.01,34003006101,-73.984316,40.830106,340030061011
Block Group 1,340030233041,1089,673,0.04,Bergen County,Hackensack City,Census Tract 233.04,34003023304,-74.053828,40.893928,340030233041
Block Group 2,340030232022,1109,400,0.09,Bergen County,Hackensack City,Census Tract 232.02,34003023202,-74.044898,40.903704,340030232022
Block Group 3,340010118073,1092,476,0.77,Atlantic County,Egg Harbor Township,Census Tract 118.07,34001011807,-74.619827,39.388702,340010118073
Block Group 1,340010118071,1598,543,1.38,Atlantic County,Egg Harbor Township,Census Tract 118.07,34001011807,-74.589645,39.388181,340010118071
Block Group 3,340010118063,2744,1050,1.05,Atlantic County,Egg Harbor Township,Census Tract 118.06,34001011806,-74.596618,39.376121,340010118063
Block Group 3,340311824003,1501,401,0.05,Passaic County,Paterson City,Census Tract 1824,34031182400,-74.152297,40.910384,340311824003
Block Group 1,340311826001,1024,287,0.12,Passaic County,Paterson City,Census Tract 1826,34031182600,-74.134632,40.907743,340311826001
Block Group 2,340311826002,1290,397,0.07,Passaic County,Paterson City,Census Tract 1826,34031182600,-74.141769,40.911847,340311826002
Block Group 1,340390353001,1018,493,0.06,Union County,Linden City,Census Tract 353,34039035300,-74.245784,40.628479,340390353001
Block Group 2,340390350002,1698,607,0.44,Union County,Linden City,Census Tract 350,34039035000,-74.265582,40.623086,340390350002
Block Group 1,340390351001,1235,402,0.14,Union County,Linden City,Census Tract 351,34039035100,-74.24259,40.6408,340390351001
Block Group 2,340155017042,1972,799,5.94,Gloucester County,Franklin Township,Census Tract 5017.04,34015501704,-75.107023,39.619455,340155017042
Block Group 2,340258122002,1472,776,0.41,Monmouth County,Eatontown Borough,Census Tract 8122,34025812200,-74.05183,40.300994,340258122002
Block Group 3,340010132013,815,1163,0.44,Atlantic County,Ventnor City,Census Tract 132.01,34001013201,-74.473782,39.345631,340010132013
Block Group 2,340258123002,1102,338,0.73,Monmouth County,Shrewsbury Borough,Census Tract 8123,34025812300,-74.052822,40.318813,340258123002
Block Group 3,340258123003,2545,1151,1.02,Monmouth County,Shrewsbury Borough; Shrewsbury Township,Census Tract 8123,34025812300,-74.067203,40.32354,340258123003
Block Group 2,340076039012,2111,1033,0.32,Camden County,Haddon Township,Census Tract 6039.01,34007603901,-75.050451,39.898139,340076039012
Block Group 4,340030461004,764,451,0.55,Bergen County,Ridgefield Park Village,Census Tract 461,34003046100,-74.013014,40.851007,340030461004
Block Group 2,340030462002,743,260,0.15,Bergen County,Ridgefield Park Village,Census Tract 462,34003046200,-74.03173,40.863341,340030462002
Block Group 3,340030462003,894,304,0.05,Bergen County,Ridgefield Park Village,Census Tract 462,34003046200,-74.023643,40.863407,340030462003
Block Group 3,340410313023,2122,954,1.85,Warren County,Allamuchy Township,Census Tract 313.02,34041031302,-74.840539,40.8963,340410313023
Block Group 1,340030452001,707,247,0.08,Bergen County,Ridgefield Borough,Census Tract 452,34003045200,-74.002043,40.838159,340030452001
Block Group 3,340030452003,767,314,0.3,Bergen County,Ridgefield Borough,Census Tract 452,34003045200,-74.007844,40.84006,340030452003
Block Group 1,340258064001,1677,693,0.71,Monmouth County,Ocean Township,Census Tract 8064,34025806400,-74.029001,40.269878,340258064001
Block Group 1,340258065021,2483,1207,1.03,Monmouth County,Ocean Township,Census Tract 8065.02,34025806502,-74.05704,40.254105,340258065021
Block Group 2,340258065022,1314,826,0.31,Monmouth County,Ocean Township,Census Tract 8065.02,34025806502,-74.046566,40.259548,340258065022
Block Group 2,340030545002,1426,490,0.21,Bergen County,Teaneck Township,Census Tract 545,34003054500,-74.009307,40.888707,340030545002
Block Group 3,340030545003,1327,412,0.19,Bergen County,Teaneck Township,Census Tract 545,34003054500,-74.020499,40.883081,340030545003
Block Group 2,340030362002,1299,532,1.04,Bergen County,Moonachie Borough,Census Tract 362,34003036200,-74.065774,40.843331,340030362002
Block Group 1,340030371001,1148,409,0.16,Bergen County,New Milford Borough,Census Tract 371,34003037100,-74.006567,40.948503,340030371001
Block Group 1,340390374001,983,374,0.1,Union County,Cranford Township,Census Tract 374,34039037400,-74.31272,40.650605,340390374001
Block Group 3,340130166003,864,361,0.06,Essex County,Montclair Township,Census Tract 166,34013016600,-74.218558,40.821929,340130166003
Block Group 1,340130167001,1376,843,0.08,Essex County,Montclair Township,Census Tract 167,34013016700,-74.208925,40.808842,340130167001
Block Group 2,340130167002,1219,540,0.12,Essex County,Montclair Township,Census Tract 167,34013016700,-74.208327,40.81286,340130167002
Block Group 1,340230076001,1286,484,0.14,Middlesex County,South Amboy City,Census Tract 76,34023007600,-74.28773,40.476813,340230076001
Block Group 2,340230078062,2276,928,0.35,Middlesex County,Old Bridge Township,Census Tract 78.06,34023007806,-74.315614,40.400377,340230078062
Block Group 2,340076061002,1651,545,0.29,Camden County,Haddonfield Borough,Census Tract 6061,34007606100,-75.045614,39.896933,340076061002
Block Group 2,340076090002,788,314,0.9,Camden County,Chesilhurst Borough,Census Tract 6090,34007609000,-74.878373,39.726985,340076090002
Block Group 1,340130168001,886,439,0.07,Essex County,Montclair Township,Census Tract 168,34013016800,-74.214204,40.812396,340130168001
Block Group 1,340170047001,1763,989,0.12,Hudson County,Jersey City,Census Tract 47,34017004700,-74.05767,40.711957,340170047001
Block Group 2,340170047002,1541,682,0.22,Hudson County,Jersey City,Census Tract 47,34017004700,-74.064713,40.707077,340170047002
Block Group 4,340270449004,1289,445,0.41,Morris County,Dover Town,Census Tract 449,34027044900,-74.57319,40.880424,340270449004
Block Group 4,340076008004,965,350,0.1,Camden County,Camden City,Census Tract 6008,34007600800,-75.116681,39.956083,340076008004
Block Group 1,340170043001,1378,632,0.05,Hudson County,Jersey City,Census Tract 43,34017004300,-74.069053,40.717292,340170043001
Block Group 2,340170043002,1125,526,0.04,Hudson County,Jersey City,Census Tract 43,34017004300,-74.073214,40.716306,340170043002
Block Group 1,340170044001,1077,505,0.02,Hudson County,Jersey City,Census Tract 44,34017004400,-74.07498,40.713663,340170044001
Block Group 1,340170045001,1155,464,0.04,Hudson County,Jersey City,Census Tract 45,34017004500,-74.069896,40.713738,340170045001
Block Group 1,340210030031,936,393,1.41,Mercer County,Hamilton Township,Census Tract 30.03,34021003003,-74.65821,40.190171,340210030031
Block Group 2,340170045002,1070,441,0.05,Hudson County,Jersey City,Census Tract 45,34017004500,-74.072023,40.712316,340170045002
Block Group 3,340170045003,2170,840,0.06,Hudson County,Jersey City,Census Tract 45,34017004500,-74.074358,40.70905,340170045003
Block Group 2,340170046002,1459,595,0.16,Hudson County,Jersey City,Census Tract 46,34017004600,-74.068086,40.70989,340170046002
Block Group 3,340210030033,1573,663,0.81,Mercer County,Hamilton Township,Census Tract 30.03,34021003003,-74.684385,40.180512,340210030033
Block Group 3,340130201003,1744,526,1.16,Essex County,Millburn Township,Census Tract 201,34013020100,-74.328431,40.749766,340130201003
Block Group 4,340130201004,1029,331,0.41,Essex County,Millburn Township,Census Tract 201,34013020100,-74.312822,40.735468,340130201004
Block Group 3,340270441023,2528,978,6.67,Morris County,Long Hill Township,Census Tract 441.02,34027044102,-74.487245,40.691905,340270441023
Block Group 4,340270401024,1761,645,1.37,Morris County,Lincoln Park Borough,Census Tract 401.02,34027040102,-74.293874,40.906917,340270401024
Block Group 3,340373727003,1353,642,0.34,Sussex County,Hamburg Borough,Census Tract 3727,34037372700,-74.571815,41.154444,340373727003
Block Group 1,340373728001,1630,709,1.81,Sussex County,Franklin Borough,Census Tract 3728,34037372800,-74.577331,41.111329,340373728001
Block Group 2,340258100012,2192,760,1.13,Monmouth County,Manalapan Township,Census Tract 8100.01,34025810001,-74.359478,40.312906,340258100012
Block Group 2,340258074022,775,705,0.09,Monmouth County,Neptune Township,Census Tract 8074.02,34025807402,-74.011522,40.209065,340258074022
Block Group 1,340230004011,1587,529,0.34,Middlesex County,Piscataway Township,Census Tract 4.01,34023000401,-74.472633,40.581321,340230004011
Block Group 7,340030544007,1633,546,0.19,Bergen County,Teaneck Township,Census Tract 544,34003054400,-74.023911,40.895394,340030544007
Block Group 1,340030545001,838,268,0.1,Bergen County,Teaneck Township,Census Tract 545,34003054500,-74.01545,40.890119,340030545001
Block Group 2,340297132022,1272,458,0.43,Ocean County,Brick Township,Census Tract 7132.02,34029713202,-74.118193,40.112042,340297132022
Block Group 4,340230004044,1490,640,0.24,Middlesex County,Piscataway Township,Census Tract 4.04,34023000404,-74.468893,40.5672,340230004044
Block Group 3,340230005013,2120,626,0.46,Middlesex County,Piscataway Township,Census Tract 5.01,34023000501,-74.44744,40.582648,340230005013
Block Group 4,340230009024,735,261,0.18,Middlesex County,South Plainfield Borough,Census Tract 9.02,34023000902,-74.401124,40.588854,340230009024
Block Group 5,340057006025,1451,436,0.33,Burlington County,Delran Township,Census Tract 7006.02,34005700602,-74.925423,40.015045,340057006025
Block Group 3,340030033003,1251,417,0.1,Bergen County,Bergenfield Borough,Census Tract 33,34003003300,-74.001876,40.926988,340030033003
Block Group 4,340030033004,1271,379,0.09,Bergen County,Bergenfield Borough,Census Tract 33,34003003300,-74.001866,40.922841,340030033004
Block Group 2,340210012002,1610,714,0.15,Mercer County,Trenton City,Census Tract 12,34021001200,-74.793887,40.234411,340210012002
Block Group 1,340390386011,2345,1164,0.63,Union County,Scotch Plains Township,Census Tract 386.01,34039038601,-74.339895,40.622175,340390386011
Block Group 1,340230087001,2188,782,2.6,Middlesex County,Cranbury Township,Census Tract 87,34023008700,-74.516134,40.302107,340230087001
Block Group 1,340297321031,1029,412,1.91,Ocean County,Lacey Township,Census Tract 7321.03,34029732103,-74.168765,39.835728,340297321031
Block Group 2,340057040132,1759,615,0.44,Burlington County,Evesham Township,Census Tract 7040.13,34005704013,-74.893665,39.898724,340057040132
Block Group 3,340057040133,1395,452,0.37,Burlington County,Evesham Township,Census Tract 7040.13,34005704013,-74.91192,39.897758,340057040133
Block Group 1,340190110011,2288,906,2.34,Hunterdon County,Clinton Township,Census Tract 110.01,34019011001,-74.905662,40.653897,340190110011
Block Group 4,340190110014,983,345,2.07,Hunterdon County,Clinton Township,Census Tract 110.01,34019011001,-74.812683,40.657514,340190110014
Block Group 1,340030193031,1834,730,0.16,Bergen County,Fort Lee Borough,Census Tract 193.03,34003019303,-73.982893,40.850853,340030193031
Block Group 1,340030193041,731,265,0.05,Bergen County,Fort Lee Borough,Census Tract 193.04,34003019304,-73.984398,40.833201,340030193041
Block Group 2,340230090002,1684,677,0.21,Middlesex County,Woodbridge Township,Census Tract 90,34023009000,-74.26739,40.578682,340230090002
Block Group 1,340230092001,1881,813,2.2,Middlesex County,Sayreville Borough,Census Tract 92,34023009200,-74.31328,40.490416,340230092001
Block Group 1,340230093001,1362,423,0.05,Middlesex County,New Brunswick City,Census Tract 93,34023009300,-74.440985,40.488185,340230093001
Block Group 2,340030154012,2305,979,0.23,Bergen County,Englewood City,Census Tract 154.01,34003015401,-73.976838,40.892311,340030154012
Block Group 3,340030232023,1380,738,0.14,Bergen County,Hackensack City,Census Tract 232.02,34003023202,-74.039989,40.905065,340030232023
Block Group 1,340030541021,1652,513,0.21,Bergen County,Teaneck Township,Census Tract 541.02,34003054102,-73.997694,40.889796,340030541021
Block Group 1,340030173011,1015,373,0.17,Bergen County,Fair Lawn Borough,Census Tract 173.01,34003017301,-74.133621,40.929937,340030173011
Block Group 1,340258010001,608,288,0.5,Monmouth County,Middletown Township,Census Tract 8010,34025801000,-74.090614,40.387709,340258010001
Block Group 2,340155012012,1708,600,0.94,Gloucester County,Washington Township,Census Tract 5012.01,34015501201,-75.055656,39.767831,340155012012
Block Group 1,340258011001,957,321,0.64,Monmouth County,Middletown Township,Census Tract 8011,34025801100,-74.113349,40.395004,340258011001
Block Group 2,340258011002,767,261,0.45,Monmouth County,Middletown Township,Census Tract 8011,34025801100,-74.112398,40.382089,340258011002
Block Group 3,340297320013,3153,1349,68.22,Ocean County,Lacey Township,Census Tract 7320.01,34029732001,-74.306482,39.869309,340297320013
Block Group 2,340297175022,1454,391,1.95,Ocean County,Jackson Township,Census Tract 7175.02,34029717502,-74.262661,40.074842,340297175022
Block Group 2,340297112002,1156,436,0.21,Ocean County,Point Pleasant Borough,Census Tract 7112,34029711200,-74.087365,40.084914,340297112002
Block Group 2,340230062062,1142,394,0.53,Middlesex County,North Brunswick Township,Census Tract 62.06,34023006206,-74.458988,40.447978,340230062062
Block Group 2,340230062072,1587,530,0.46,Middlesex County,North Brunswick Township,Census Tract 62.07,34023006207,-74.482753,40.449141,340230062072
Block Group 4,340230062074,1728,664,0.62,Middlesex County,North Brunswick Township,Census Tract 62.07,34023006207,-74.466169,40.45492,340230062074
Block Group 3,340155012013,1920,637,0.65,Gloucester County,Washington Township,Census Tract 5012.01,34015501201,-75.067202,39.769616,340155012013
Block Group 3,340230082093,907,320,0.26,Middlesex County,Monroe Township,Census Tract 82.09,34023008209,-74.377197,40.376886,340230082093
Block Group 2,340155012022,764,252,0.29,Gloucester County,Washington Township,Census Tract 5012.02,34015501202,-75.067577,39.7556,340155012022
Block Group 2,340297310022,1113,786,0.81,Ocean County,Berkeley Township,Census Tract 7310.02,34029731002,-74.137583,39.883728,340297310022
Block Group 3,340297312013,1337,942,0.45,Ocean County,Berkeley Township,Census Tract 7312.01,34029731201,-74.281282,39.975423,340297312013
Block Group 4,340297312014,1106,753,0.4,Ocean County,Berkeley Township,Census Tract 7312.01,34029731201,-74.269419,39.980617,340297312014
Block Group 4,340297321014,917,420,0.31,Ocean County,Lacey Township,Census Tract 7321.01,34029732101,-74.156453,39.867232,340297321014
Block Group 3,340130232003,540,249,0.02,Essex County,Newark City,Census Tract 232,34013023200,-74.190822,40.722922,340130232003
Block Group 2,340130232002,1659,613,0.08,Essex County,Newark City,Census Tract 232,34013023200,-74.196365,40.722823,340130232002
Block Group 1,340230056011,1779,535,0.08,Middlesex County,New Brunswick City,Census Tract 56.01,34023005601,-74.458095,40.480038,340230056011
Block Group 1,340230056021,2230,526,0.09,Middlesex County,New Brunswick City,Census Tract 56.02,34023005602,-74.453484,40.48862,340230056021
Block Group 2,340030234012,785,534,0.02,Bergen County,Hackensack City,Census Tract 234.01,34003023401,-74.056397,40.888871,340030234012
Block Group 1,340030461001,1332,523,0.2,Bergen County,Ridgefield Park Village,Census Tract 461,34003046100,-74.015145,40.858285,340030461001
Block Group 4,340030140004,1442,472,0.23,Bergen County,Emerson Borough,Census Tract 140,34003014000,-74.032466,40.980597,340030140004
Block Group 2,340076082022,1379,515,0.59,Camden County,Gloucester Township,Census Tract 6082.02,34007608202,-75.048891,39.828049,340076082022
Block Group 1,340076032011,1701,878,0.54,Camden County,Cherry Hill Township,Census Tract 6032.01,34007603201,-75.021596,39.946839,340076032011
Block Group 2,340030490022,1807,742,0.62,Bergen County,River Vale Township,Census Tract 490.02,34003049002,-73.996829,40.994946,340030490022
Block Group 3,340030252003,657,283,0.06,Bergen County,Hasbrouck Heights Borough,Census Tract 252,34003025200,-74.078942,40.86336,340030252003
Block Group 1,340030112001,1079,471,0.05,Bergen County,Elmwood Park Borough,Census Tract 112,34003011200,-74.125395,40.91555,340030112001
Block Group 2,340030312002,744,345,0.06,Bergen County,Lyndhurst Township,Census Tract 312,34003031200,-74.121111,40.815529,340030312002
Block Group 1,340030513001,798,315,0.07,Bergen County,Rutherford Borough,Census Tract 513,34003051300,-74.104675,40.833658,340030513001
Block Group 2,340057002002,1905,753,0.4,Burlington County,Riverton Borough,Census Tract 7002,34005700200,-75.018939,40.010176,340057002002
Block Group 1,340130115001,1100,364,0.05,Essex County,East Orange City,Census Tract 115,34013011500,-74.224707,40.758186,340130115001
Block Group 2,340130115002,1435,560,0.08,Essex County,East Orange City,Census Tract 115,34013011500,-74.226692,40.754164,340130115002
Block Group 2,340130117002,723,310,0.04,Essex County,East Orange City,Census Tract 117,34013011700,-74.217686,40.750802,340130117002
Block Group 4,340130117004,1130,449,0.07,Essex County,East Orange City,Census Tract 117,34013011700,-74.223338,40.752423,340130117004
Block Group 2,340130120002,1096,397,0.06,Essex County,Irvington Township,Census Tract 120,34013012000,-74.244212,40.715706,340130120002
Block Group 3,340130120003,819,351,0.03,Essex County,Irvington Township,Census Tract 120,34013012000,-74.248221,40.714935,340130120003
Block Group 4,340130120004,901,394,0.03,Essex County,Irvington Township,Census Tract 120,34013012000,-74.248791,40.712939,340130120004
Block Group 6,340130120006,1584,552,0.09,Essex County,Irvington Township,Census Tract 120,34013012000,-74.248659,40.718508,340130120006
Block Group 1,340350510001,1478,674,0.51,Somerset County,Bridgewater Township,Census Tract 510,34035051000,-74.585692,40.574776,340350510001
Block Group 3,340350520013,1122,348,0.12,Somerset County,North Plainfield Borough,Census Tract 520.01,34035052001,-74.426645,40.627835,340350520013
Block Group 1,340350524001,2049,902,3.26,Somerset County,Bernards Township,Census Tract 524,34035052400,-74.540465,40.712861,340350524001
Block Group 3,340130121003,993,314,0.03,Essex County,Irvington Township,Census Tract 121,34013012100,-74.24816,40.722477,340130121003
Block Group 2,340130122002,1464,526,0.05,Essex County,Irvington Township,Census Tract 122,34013012200,-74.239836,40.726736,340130122002
Block Group 2,340057038012,2170,985,4.42,Burlington County,Medford Township,Census Tract 7038.01,34005703801,-74.807111,39.91711,340057038012
Block Group 1,340057038041,2138,635,8.42,Burlington County,Medford Township,Census Tract 7038.04,34005703804,-74.821455,39.821359,340057038041
Block Group 1,340210030061,2979,1073,1.12,Mercer County,Hamilton Township,Census Tract 30.06,34021003006,-74.65852,40.239367,340210030061
Block Group 1,340210030071,1466,554,0.33,Mercer County,Hamilton Township,Census Tract 30.07,34021003007,-74.646823,40.231379,340210030071
Block Group 3,340155012023,1002,401,0.33,Gloucester County,Washington Township,Census Tract 5012.02,34015501202,-75.080857,39.752834,340155012023
Block Group 1,340057002001,859,356,0.26,Burlington County,Riverton Borough,Census Tract 7002,34005700200,-75.0126,40.013387,340057002001
Block Group 1,340297340051,2057,1087,0.66,Ocean County,Barnegat Township,Census Tract 7340.05,34029734005,-74.255768,39.767778,340297340051
Block Group 2,340297350042,2616,928,0.47,Ocean County,Stafford Township,Census Tract 7350.04,34029735004,-74.280422,39.735575,340297350042
Block Group 2,340270404002,813,559,0.19,Morris County,Riverdale Borough,Census Tract 404,34027040400,-74.323695,40.991533,340270404002
Block Group 3,340270408033,1876,620,1.04,Morris County,Montville Township,Census Tract 408.03,34027040803,-74.363477,40.88102,340270408033
Block Group 2,340270413002,1261,547,1.38,Morris County,Denville Township,Census Tract 413,34027041300,-74.454106,40.904475,340270413002
Block Group 4,340030542004,1218,352,0.13,Bergen County,Teaneck Township,Census Tract 542,34003054200,-74.006081,40.893947,340030542004
Block Group 2,340030592002,834,337,0.1,Bergen County,Westwood Borough,Census Tract 592,34003059200,-74.039406,40.990658,340030592002
Block Group 2,340190108012,1832,772,0.87,Hunterdon County,Clinton Town,Census Tract 108.01,34019010801,-74.906086,40.63538,340190108012
Block Group 2,340130175002,735,270,0.53,Essex County,West Orange Township,Census Tract 175,34013017500,-74.242826,40.788213,340130175002
Block Group 4,340130175004,1174,644,0.39,Essex County,West Orange Township,Census Tract 175,34013017500,-74.255775,40.781322,340130175004
Block Group 5,340130180005,1208,438,0.22,Essex County,West Orange Township,Census Tract 180,34013018000,-74.274385,40.773947,340130180005
Block Group 4,340057011034,2379,761,1.21,Burlington County,Burlington Township,Census Tract 7011.03,34005701103,-74.821863,40.08936,340057011034
Block Group 2,340057022102,2328,992,0.9,Burlington County,Pemberton Township,Census Tract 7022.10,34005702210,-74.582291,39.979137,340057022102
Block Group 3,340057029083,836,441,0.32,Burlington County,Mount Laurel Township,Census Tract 7029.08,34005702908,-74.906446,39.931299,340057029083
Block Group 1,340230011001,1800,863,0.2,Middlesex County,Highland Park Borough,Census Tract 11,34023001100,-74.428409,40.502461,340230011001
Block Group 2,340230079082,3172,1239,0.26,Middlesex County,Old Bridge Township,Census Tract 79.08,34023007908,-74.292344,40.449428,340230079082
Block Group 5,340230009025,707,266,0.12,Middlesex County,South Plainfield Borough,Census Tract 9.02,34023000902,-74.396026,40.592395,340230009025
Block Group 1,340076007001,1540,581,0.25,Camden County,Camden City,Census Tract 6007,34007600700,-75.125787,39.956647,340076007001
Block Group 1,340076008001,989,525,0.12,Camden County,Camden City,Census Tract 6008,34007600800,-75.113618,39.947127,340076008001
Block Group 3,340258002003,1205,532,0.21,Monmouth County,Atlantic Highlands Borough,Census Tract 8002,34025800200,-74.034957,40.410571,340258002003
Block Group 3,340258021003,1192,406,0.2,Monmouth County,Hazlet Township,Census Tract 8021,34025802100,-74.166775,40.429015,340258021003
Block Group 3,340258064003,1739,652,0.48,Monmouth County,Ocean Township,Census Tract 8064,34025806400,-74.017362,40.259441,340258064003
Block Group 2,340258014002,1050,360,0.35,Monmouth County,Middletown Township,Census Tract 8014,34025801400,-74.088865,40.36732,340258014002
Block Group 3,340258070043,704,494,0.08,Monmouth County,Asbury Park City; Interlaken Borough,Census Tract 8070.04,34025807004,-74.007026,40.228712,340258070043
Block Group 2,340258071002,809,458,0.1,Monmouth County,Asbury Park City,Census Tract 8071,34025807100,-74.014968,40.223317,340258071002
Block Group 3,340390386023,846,280,0.46,Union County,Scotch Plains Township,Census Tract 386.02,34039038602,-74.374208,40.626794,340390386023
Block Group 1,340076060001,1034,483,0.24,Camden County,Haddon Heights Borough,Census Tract 6060,34007606000,-75.054828,39.885391,340076060001
Block Group 1,340311248001,1185,362,0.08,Passaic County,Clifton City,Census Tract 1248,34031124800,-74.146762,40.876714,340311248001
Block Group 1,340076077011,807,341,0.62,Camden County,Lindenwold Borough,Census Tract 6077.01,34007607701,-74.966209,39.818313,340076077011
Block Group 1,340076089041,0,0,4.83,Camden County,Waterford Township,Census Tract 6089.04,34007608904,-74.804349,39.764379,340076089041
Block Group 1,340130050001,2352,840,0.13,Essex County,Newark City,Census Tract 50,34013005000,-74.198053,40.718701,340130050001
Block Group 3,340130051003,679,281,0.04,Essex County,Newark City,Census Tract 51,34013005100,-74.204786,40.713556,340130051003
Block Group 2,340130052002,756,276,0.05,Essex County,Newark City,Census Tract 52,34013005200,-74.214213,40.717843,340130052002
Block Group 2,340130053002,1976,743,0.08,Essex County,Newark City,Census Tract 53,34013005300,-74.20804,40.720498,340130053002
Block Group 1,340010109001,1768,661,19.24,Atlantic County,Hammonton Town,Census Tract 109,34001010900,-74.727582,39.68007,340010109001
Block Group 2,340130049002,965,454,0.04,Essex County,Newark City,Census Tract 49,34013004900,-74.20583,40.707574,340130049002
Block Group 3,340130049003,2171,873,0.07,Essex County,Newark City,Census Tract 49,34013004900,-74.209025,40.710331,340130049003
Block Group 1,340090203021,2121,876,3.94,Cape May County,Upper Township,Census Tract 203.02,34009020302,-74.695978,39.23467,340090203021
Block Group 3,340410309003,980,371,0.34,Warren County,Phillipsburg Town,Census Tract 309,34041030900,-75.173126,40.674765,340410309003
Block Group 1,340410311021,1587,606,16.81,Warren County,Hardwick Township,Census Tract 311.02,34041031102,-74.930681,41.024792,340410311021
Block Group 3,340090203023,1360,655,4.21,Cape May County,Upper Township,Census Tract 203.02,34009020302,-74.720447,39.221305,340090203023
Block Group 1,340090208001,168,609,0.14,Cape May County,Sea Isle City,Census Tract 208,34009020800,-74.710341,39.122665,340090208001
Block Group 3,340410311023,1467,522,14.23,Warren County,Frelinghuysen Township,Census Tract 311.02,34041031102,-74.907428,40.940267,340410311023
Block Group 1,340312366031,1962,692,0.97,Passaic County,Wanaque Borough,Census Tract 2366.03,34031236603,-74.270093,41.054265,340312366031
Block Group 2,340311964042,1531,628,0.4,Passaic County,Pompton Lakes Borough,Census Tract 1964.04,34031196404,-74.283233,40.999748,340311964042
Block Group 4,340030216004,1517,538,0.08,Bergen County,Garfield City,Census Tract 216,34003021600,-74.10886,40.867498,340030216004
Block Group 2,340258106002,1398,566,12.01,Monmouth County,Freehold Township,Census Tract 8106,34025810600,-74.337592,40.193338,340258106002
Block Group 4,340170324004,1414,526,0.03,Hudson County,West New York Town,Census Tract 324,34017032400,-74.016135,40.794476,340170324004
Block Group 2,340170002002,2004,778,0.04,Hudson County,Jersey City,Census Tract 2,34017000200,-74.048379,40.75257,340170002002
Block Group 3,340170002003,1256,576,0.02,Hudson County,Jersey City,Census Tract 2,34017000200,-74.048184,40.751065,340170002003
Block Group 2,340258107002,1246,432,0.25,Monmouth County,Freehold Borough,Census Tract 8107,34025810700,-74.275682,40.266699,340258107002
Block Group 1,340130211001,1354,859,0.21,Essex County,Verona Township,Census Tract 211,34013021100,-74.225709,40.830132,340130211001
Block Group 2,340057028082,1924,693,0.35,Burlington County,Willingboro Township,Census Tract 7028.08,34005702808,-74.903557,40.032606,340057028082
Block Group 2,340057032032,1835,979,1.97,Burlington County,Southampton Township,Census Tract 7032.03,34005703203,-74.720756,39.902828,340057032032
Block Group 1,340057040111,1523,485,4.66,Burlington County,Evesham Township,Census Tract 7040.11,34005704011,-74.874608,39.811688,340057040111
Block Group 1,340258065011,1876,755,0.18,Monmouth County,Ocean Township,Census Tract 8065.01,34025806501,-74.044675,40.267624,340258065011
Block Group 3,340258113013,1873,741,0.77,Monmouth County,Howell Township,Census Tract 8113.01,34025811301,-74.256286,40.192129,340258113013
Block Group 2,340258113042,2366,839,0.53,Monmouth County,Howell Township,Census Tract 8113.04,34025811304,-74.230867,40.140056,340258113042
Block Group 3,340297202063,2724,1214,1.01,Ocean County,Manchester Township,Census Tract 7202.06,34029720206,-74.260682,40.037843,340297202063
Block Group 4,340297175024,1535,925,0.59,Ocean County,Jackson Township,Census Tract 7175.02,34029717502,-74.286472,40.101017,340297175024
Block Group 2,340297101022,460,362,0.15,Ocean County,Point Pleasant Beach Borough,Census Tract 7101.02,34029710102,-74.038367,40.088826,340297101022
Block Group 2,340297173002,1667,624,1.91,Ocean County,Jackson Township,Census Tract 7173,34029717300,-74.376613,40.119499,340297173002
Block Group 1,340297220041,2464,961,1.06,Ocean County,Toms River Township,Census Tract 7220.04,34029722004,-74.236762,40.018913,340297220041
Block Group 2,340297152022,3398,675,0.1,Ocean County,Lakewood Township,Census Tract 7152.02,34029715202,-74.207883,40.092936,340297152022
Block Group 2,340350527022,2574,933,0.97,Somerset County,Bernardsville Borough,Census Tract 527.02,34035052702,-74.562221,40.721192,340350527022
Block Group 1,340350527021,1043,377,2.66,Somerset County,Bernardsville Borough,Census Tract 527.02,34035052702,-74.566036,40.740432,340350527021
Block Group 3,340350521003,1434,464,0.69,Somerset County,Green Brook Township,Census Tract 521,34035052100,-74.490401,40.590874,340350521003
Block Group 2,340297150012,4420,1265,1.95,Ocean County,Lakewood Township,Census Tract 7150.01,34029715001,-74.166089,40.081724,340297150012
Block Group 2,340297220042,1785,826,0.89,Ocean County,Toms River Township,Census Tract 7220.04,34029722004,-74.221939,39.994997,340297220042
Block Group 2,340297153032,1193,307,0.03,Ocean County,Lakewood Township,Census Tract 7153.03,34029715303,-74.212017,40.099116,340297153032
Block Group 2,340297154042,1570,426,0.03,Ocean County,Lakewood Township,Census Tract 7154.04,34029715404,-74.217593,40.091422,340297154042
Block Group 2,340297159012,1688,698,0.17,Ocean County,Lakewood Township,Census Tract 7159.01,34029715901,-74.204888,40.048104,340297159012
Block Group 3,340350534023,2645,888,5.6,Somerset County,Franklin Township,Census Tract 534.02,34035053402,-74.603003,40.420894,340350534023
Block Group 3,340350543023,903,328,0.64,Somerset County,Franklin Township,Census Tract 543.02,34035054302,-74.535207,40.502064,340350543023
Block Group 3,340155011023,2857,1191,0.63,Gloucester County,Deptford Township,Census Tract 5011.02,34015501102,-75.116495,39.839177,340155011023
Block Group 2,340258108002,2682,993,0.3,Monmouth County,Freehold Borough,Census Tract 8108,34025810800,-74.268148,40.259339,340258108002
Block Group 3,340258119003,2404,859,17.96,Monmouth County,Upper Freehold Township,Census Tract 8119,34025811900,-74.497078,40.132336,340258119003
Block Group 1,340030130041,1102,652,0.04,Bergen County,Edgewater Borough,Census Tract 130.04,34003013004,-73.989936,40.809324,340030130041
Block Group 2,340030451012,1337,449,0.1,Bergen County,Ridgefield Borough,Census Tract 451.01,34003045101,-73.999368,40.826459,340030451012
Block Group 4,340030451014,1300,494,0.1,Bergen County,Ridgefield Borough,Census Tract 451.01,34003045101,-74.007945,40.828172,340030451014
Block Group 3,340030451013,910,334,0.07,Bergen County,Ridgefield Borough,Census Tract 451.01,34003045101,-74.0029,40.828717,340030451013
Block Group 4,340076064004,1208,391,0.41,Camden County,Haddonfield Borough,Census Tract 6064,34007606400,-75.031165,39.880993,340076064004
Block Group 1,340155004001,1688,696,0.44,Gloucester County,Paulsboro Borough,Census Tract 5004,34015500400,-75.23751,39.827155,340155004001
Block Group 2,340076064002,9,4,0.27,Camden County,Tavistock Borough,Census Tract 6064,34007606400,-75.027178,39.876611,340076064002
Block Group 4,340076032014,1066,394,0.49,Camden County,Cherry Hill Township,Census Tract 6032.01,34007603201,-75.04601,39.941552,340076032014
Block Group 3,340076029013,771,360,0.32,Camden County,Pennsauken Township,Census Tract 6029.01,34007602901,-75.020554,39.957905,340076029013
Block Group 2,340076032012,7,4,0.26,Camden County,Cherry Hill Township,Census Tract 6032.01,34007603201,-75.023023,39.942152,340076032012
Block Group 2,340030372032,1362,517,0.32,Bergen County,New Milford Borough,Census Tract 372.03,34003037203,-74.030036,40.922788,340030372032
Block Group 2,340390363012,1399,605,0.38,Union County,Clark Township,Census Tract 363.01,34039036301,-74.316215,40.621369,340390363012
Block Group 1,340390363021,2296,812,0.66,Union County,Clark Township,Census Tract 363.02,34039036302,-74.32074,40.614568,340390363021
Block Group 2,340390363022,1583,565,0.71,Union County,Clark Township,Census Tract 363.02,34039036302,-74.341481,40.610583,340390363022
